{"type":"FeatureCollection","features":[{"type":"Feature","geometry":{"type":"LineString","coordinates":[[0.0,0.0],[0.0,0.0]]},"properties":{}},{"type":"Feature","geometry":{"type":"LineString","coordinates":[[-93.3892222,37.2356389],[-93.3802778,37.2535]]},"properties":{}},{"type":"Feature","geometry":{"type":"LineString","coordinates":[[-93.4005,37.2552222],[-93.3835,37.2379722]]},"properties":{}},{"type":"Feature","geometry":{"type":"LineString","coordinates":[[-93.4131667,37.2683997],[-93.4260064,37.28149]]},"properties":{}},{"type":"Feature","geometry":{"type":"LineString","coordinates":[[-93.3664169,37.2848844],[-93.3735242,37.2692272]]},"properties":{}},{"type":"Feature","geometry":{"type":"LineString","coordinates":[[-93.3705528,37.2249081],[-93.3576178,37.2118117]]},"properties":{}},{"type":"Feature","geometry":{"type":"LineString","coordinates":[[-93.3971178,37.2202381],[-93.4048994,37.2047617]]},"properties":{}},{"type":"Feature","geometry":{"type":"LineString","coordinates":[[-93.4388506,37.2946706],[-93.4516992,37.3077578]]},"properties":{}},{"type":"Feature","geometry":{"type":"LineString","coordinates":[[-93.3379589,37.3475089],[-93.3450781,37.3318533]]},"properties":{}},{"type":"Feature","geometry":{"type":"LineString","coordinates":[[-93.3521939,37.3161975],[-93.3593069,37.3005414]]},"properties":{}},{"type":"Feature","geometry":{"type":"LineString","coordinates":[[-93.3448019,37.1987139],[-93.3318758,37.1856147]]},"properties":{}},{"type":"Feature","geometry":{"type":"LineString","coordinates":[[-93.4127922,37.189285],[-93.4205675,37.1738075]]},"properties":{}},{"type":"Feature","geometry":{"type":"LineString","coordinates":[[-93.4645522,37.3209353],[-93.4774094,37.33402]]},"properties":{}},{"type":"Feature","geometry":{"type":"LineString","coordinates":[[-93.4283397,37.1583297],[-93.4361086,37.1428511]]},"properties":{}},{"type":"Feature","geometry":{"type":"LineString","coordinates":[[-93.4902714,37.3471031],[-93.5031381,37.3602764]]},"properties":{}},{"type":"Feature","geometry":{"type":"LineString","coordinates":[[-93.3308372,37.3631636],[-93.3237122,37.3788181]]},"properties":{}},{"type":"Feature","geometry":{"type":"LineString","coordinates":[[-93.2933533,37.1464],[-93.2804453,37.133295]]},"properties":{}},{"type":"Feature","geometry":{"type":"LineString","coordinates":[[-93.2676561,37.1200969],[-93.2547567,37.1069892]]},"properties":{}},{"type":"Feature","geometry":{"type":"LineString","coordinates":[[-93.4438742,37.1273722],[-93.4516369,37.1118928]]},"properties":{}},{"type":"Feature","geometry":{"type":"LineString","coordinates":[[-93.3164697,37.3944719],[-93.3093389,37.4101253]]},"properties":{}},{"type":"Feature","geometry":{"type":"LineString","coordinates":[[-93.5161236,37.3733564],[-93.5289989,37.3864353]]},"properties":{}},{"type":"Feature","geometry":{"type":"LineString","coordinates":[[-93.5418786,37.3996042],[-93.5547631,37.4127717]]},"properties":{}},{"type":"Feature","geometry":{"type":"LineString","coordinates":[[-93.3022053,37.4257783],[-93.2950686,37.4414308]]},"properties":{}},{"type":"Feature","geometry":{"type":"LineString","coordinates":[[-93.5676519,37.4258461],[-93.580545,37.4389192]]},"properties":{}},{"type":"Feature","geometry":{"type":"LineString","coordinates":[[-93.2879289,37.4570828],[-93.2807864,37.4727342]]},"properties":{}},{"type":"Feature","geometry":{"type":"LineString","coordinates":[[-93.4593964,37.0964128],[-93.4671525,37.0809322]]},"properties":{}},{"type":"Feature","geometry":{"type":"LineString","coordinates":[[-93.4750197,37.0654508],[-93.4827697,37.0499692]]},"properties":{}},{"type":"Feature","geometry":{"type":"LineString","coordinates":[[-93.4905164,37.0344869],[-93.49826,37.0190042]]},"properties":{}},{"type":"Feature","geometry":{"type":"LineString","coordinates":[[-93.3190689,37.1725139],[-93.3062661,37.1594119]]},"properties":{}},{"type":"Feature","geometry":{"type":"LineString","coordinates":[[-93.2419764,37.0937886],[-93.2290861,37.0806778]]},"properties":{}},{"type":"Feature","geometry":{"type":"LineString","coordinates":[[-93.2162003,37.0675658],[-93.2033189,37.0544522]]},"properties":{}},{"type":"Feature","geometry":{"type":"LineString","coordinates":[[-94.314035,37.1785647],[-94.3042789,37.1784658],[-94.29635,37.1885997],[-94.2924889,37.1908947],[-94.2769189,37.1979147],[-94.2735981,37.1983556],[-94.2313519,37.1978697],[-94.1448169,37.1958086],[-93.9469789,37.1908767],[-93.6981831,37.1872228],[-93.6830358,37.1905528],[-93.6706969,37.1933336],[-93.6680331,37.1934058],[-93.6641719,37.1926136],[-93.641825,37.1870967]]},"properties":{}},{"type":"Feature","geometry":{"type":"LineString","coordinates":[[-92.3011361,37.1338533],[-92.2975669,37.1350136],[-92.29313,37.1374886],[-92.280035,37.1469747],[-92.27639,37.1479286],[-92.2628089,37.1473256],[-92.2259,37.1452736],[-92.17757,37.1446978],[-92.1731239,37.1442747],[-92.1707931,37.1430958],[-92.1631161,37.1358867],[-92.1610369,37.1346986],[-92.1545569,37.1317917],[-92.1520281,37.1313597],[-92.1473389,37.1313236],[-92.145575,37.1310086],[-92.1433339,37.1301358],[-92.1415161,37.1289567],[-92.1392389,37.1270128],[-92.1380744,37.1261092]]},"properties":{}},{"type":"Feature","geometry":{"type":"LineString","coordinates":[[-92.6004828,37.1170783],[-92.5980231,37.1169867],[-92.57636,37.1156006],[-92.5480011,37.1138097],[-92.5419981,37.1130267],[-92.535455,37.1112356],[-92.5278139,37.1090758],[-92.5192797,37.1070681],[-92.5096886,37.1096972],[-92.5036308,37.110725],[-92.4921589,37.11121],[-92.4815719,37.1119197],[-92.4627292,37.1120872],[-92.4556186,37.1108761],[-92.4463522,37.1106172],[-92.4345831,37.1109297],[-92.4287792,37.1122539],[-92.4174831,37.1150158],[-92.4104989,37.1163297],[-92.3920308,37.1174636],[-92.38826,37.1178236],[-92.3844619,37.1187867],[-92.372465,37.1250506],[-92.3701611,37.1261486],[-92.3650761,37.1274628],[-92.3442231,37.1283806],[-92.3299669,37.1296767],[-92.3260622,37.1302408]]},"properties":{}},{"type":"Feature","geometry":{"type":"LineString","coordinates":[[-93.23397,36.6058375],[-93.2362761,36.5986678],[-93.235565,36.5967956],[-93.23147,36.5929078],[-93.2306058,36.5909186],[-93.2309211,36.5890736],[-93.2328831,36.5863917],[-93.236375,36.5829717],[-93.2536369,36.5661147],[-93.2545819,36.5643236],[-93.254465,36.5622356],[-93.2518911,36.5569797],[-93.2493531,36.5516336],[-93.2487139,36.5478897],[-93.2479308,36.5431017],[-93.2458158,36.5315636],[-93.2447269,36.5274956],[-93.2406858,36.5235536],[-93.2390119,36.5226356],[-93.232055,36.5194586],[-93.23066,36.5183067],[-93.2291031,36.5161286],[-93.223325,36.5077228],[-93.2213989,36.5039967],[-93.2210119,36.5020078],[-93.2211561,36.5000636],[-93.2215969,36.4976336],[-93.2219119,36.4935658],[-93.2215969,36.4916667],[-93.2181769,36.4873917],[-93.2168358,36.4861136],[-93.2139919,36.4845928],[-93.2098519,36.4839717],[-93.2071611,36.4827836],[-93.2062161,36.4828556],[-93.203165,36.4840167],[-93.2000958,36.4841067],[-93.1990519,36.4839178],[-93.1985208,36.4835308],[-93.1975581,36.4822347],[-93.1969031,36.4805928],[-93.1968831,36.4794267],[-93.1974231,36.4782297],[-93.1987731,36.4769158],[-93.1995019,36.4750886],[-93.1995289,36.4736936],[-93.1992861,36.4722536],[-93.1978731,36.4703456],[-93.1970269,36.4696167],[-93.19556,36.4687167],[-93.1951911,36.4686447],[-93.19403,36.4684286],[-93.1930939,36.4678078],[-93.1924369,36.4669797],[-93.1910689,36.4635328],[-93.191015,36.4614178],[-93.1916989,36.4596986],[-93.1916989,36.4586908],[-93.1912219,36.4576917],[-93.1886389,36.4557028],[-93.18791,36.4549197],[-93.18782,36.4542808],[-93.1879281,36.4536328],[-93.1915731,36.4478906],[-93.1968019,36.4371536],[-93.2045961,36.4303136],[-93.2053611,36.4276136],[-93.20672,36.4247067],[-93.2077731,36.4239058],[-93.212255,36.4219167],[-93.2137761,36.4209806],[-93.2161881,36.4205667],[-93.219275,36.4204586],[-93.2202111,36.4200356],[-93.2212011,36.4180917],[-93.2231539,36.4157067],[-93.2238172,36.4146053],[-93.2243331,36.4133756],[-93.224855,36.4121967],[-93.227105,36.4095686],[-93.2284731,36.4083628],[-93.2293189,36.4071928],[-93.2295531,36.4066797],[-93.2294269,36.4057436],[-93.22886,36.4051047],[-93.22733,36.4043128],[-93.2264839,36.4023597],[-93.2249631,36.4000736],[-93.2230011,36.3983997],[-93.221975,36.3970136],[-93.2216331,36.3958256],[-93.221435,36.3917847],[-93.22184,36.3907947],[-93.2240989,36.3889947],[-93.2248369,36.3860967],[-93.2284281,36.3791397],[-93.2279958,36.3743608],[-93.2240358,36.3711117],[-93.22256,36.3706078],[-93.2204361,36.3680336],[-93.2203369,36.3654597],[-93.22049,36.3607617],[-93.2163589,36.3569186],[-93.2117061,36.3498178],[-93.2096539,36.3421678],[-93.208655,36.3410697],[-93.2040919,36.3395667],[-93.2036061,36.3392336],[-93.2020311,36.3367406],[-93.20177,36.3355436],[-93.2021119,36.3325467],[-93.2040019,36.3295047],[-93.20474,36.3273267],[-93.2052531,36.3186958],[-93.2050819,36.3173728],[-93.1999608,36.3119367],[-93.1994711,36.3104814],[-93.1987369,36.3083008],[-93.1975219,36.3069778],[-93.1958031,36.3056908],[-93.1924908,36.3009297],[-93.1900789,36.2988686],[-93.1888819,36.2981306],[-93.1880719,36.2976267],[-93.1847781,36.2963578],[-93.1836889,36.2956197],[-93.1825281,36.2943778],[-93.18188,36.2930097],[-93.18143,36.2909936],[-93.1810881,36.2901928],[-93.1804131,36.2894097],[-93.1789731,36.2885186],[-93.1732581,36.2863406],[-93.16658,36.2831997],[-93.1609008,36.2796356],[-93.1454569,36.2699967],[-93.1337569,36.2629047],[-93.1271689,36.2595117],[-93.12338,36.2557678],[-93.1192219,36.2515736],[-93.11879,36.2495397]]},"properties":{}},{"type":"Feature","geometry":{"type":"LineString","coordinates":[[-93.7765819,37.6912519],[-93.7816647,37.6929969],[-93.7726325,37.6942589],[-93.7604972,37.6916178],[-93.7577011,37.6919011],[-93.7532614,37.69077],[-93.7513956,37.6874036],[-93.7520531,37.6833219],[-93.7553403,37.6805569],[-93.7559044,37.6785564],[-93.7560558,37.6756378],[-93.7526794,37.6729269],[-93.7552608,37.6714942],[-93.7594344,37.6708153],[-93.7603681,37.6672978],[-93.7580383,37.6631544],[-93.7563214,37.6598931],[-93.7634161,37.6580906],[-93.75879,37.6509267],[-93.7487089,37.6488636],[-93.7482128,37.6487475],[-93.740745,37.6462297],[-93.7398906,37.6453478],[-93.7342872,37.6400811],[-93.7292567,37.6322583],[-93.7258175,37.6271181],[-93.7126714,37.6265769],[-93.7024711,37.6269728],[-93.7082547,37.6251678],[-93.7092219,37.625015],[-93.7214964,37.6242994],[-93.7306597,37.6264867],[-93.7353875,37.6311989],[-93.7353769,37.6309436],[-93.7361086,37.625065],[-93.7357628,37.6245611],[-93.7354117,37.6239283],[-93.7282456,37.6186661],[-93.7275844,37.6183022],[-93.7269339,37.6181925],[-93.7220244,37.6121269],[-93.7153219,37.6045181],[-93.6964436,37.59667],[-93.6749589,37.5888719],[-93.6746294,37.5886242],[-93.6612436,37.5843622],[-93.6514525,37.5856653],[-93.6466881,37.5793706],[-93.6469944,37.5789775],[-93.6516961,37.5732292],[-93.6506881,37.5699442],[-93.6503653,37.5699522],[-93.6405444,37.5711019],[-93.6402275,37.5712378],[-93.63961,37.5717625],[-93.6320656,37.5765597],[-93.6264467,37.5741425],[-93.6264278,37.5737603],[-93.6258906,37.5727547],[-93.6253864,37.5723856],[-93.6199669,37.5678431],[-93.6197831,37.5673383],[-93.6194433,37.566965],[-93.6169731,37.5658836],[-93.6163222,37.5657733],[-93.6148728,37.5658061],[-93.606475,37.5695661],[-93.6061408,37.5693206],[-93.5997778,37.5639103],[-93.5929478,37.5710681],[-93.5877161,37.5694267],[-93.5877061,37.5691719],[-93.5870328,37.5681856],[-93.5861064,37.5651489],[-93.586415,37.5647603],[-93.5867283,37.5644983],[-93.5881275,37.5585247],[-93.5881183,37.5582731],[-93.5818925,37.5551539],[-93.5742433,37.5574872],[-93.5646739,37.5547131],[-93.5603025,37.5530756],[-93.5601158,37.5524436],[-93.5652658,37.5464472],[-93.5621358,37.5400936],[-93.5613256,37.5397331],[-93.54818,37.5404431],[-93.5386281,37.5414522],[-93.5383039,37.5414603],[-93.5308031,37.5387067],[-93.5308017,37.5385792],[-93.5317267,37.5346031],[-93.5407794,37.5337408],[-93.5515022,37.5351317],[-93.5521547,37.5352436],[-93.5544286,37.5355689],[-93.5627678,37.5369067],[-93.5630958,37.5370264],[-93.5699214,37.5457939],[-93.5699478,37.5528778],[-93.5732597,37.5542142],[-93.57324,37.5534392],[-93.5765344,37.549485],[-93.5770042,37.5488292],[-93.5771669,37.548825],[-93.5797142,37.5470867],[-93.5886367,37.55111],[-93.588805,37.5512347],[-93.5900303,37.5536581],[-93.5900436,37.5540456],[-93.5912789,37.5611461],[-93.5940714,37.5570503],[-93.5962972,37.5554383],[-93.6032844,37.5586297],[-93.6115297,37.5602364],[-93.6168786,37.5555564],[-93.6191808,37.5523911],[-93.6119311,37.5472925],[-93.6119203,37.5470353],[-93.6064122,37.5397289],[-93.6054181,37.5392422],[-93.6047539,37.538875],[-93.6020014,37.5349928],[-93.6018294,37.5347433],[-93.6021336,37.5302756],[-93.6143564,37.5395239],[-93.6189753,37.5447956],[-93.6198097,37.5452883],[-93.6204703,37.5455286],[-93.6280856,37.5481608],[-93.6280986,37.5484181],[-93.6296611,37.5563917],[-93.6298689,37.5572936],[-93.6320358,37.5646475],[-93.6320425,37.5647778],[-93.6341228,37.5669431],[-93.6344361,37.5666733],[-93.64322,37.5622744],[-93.6521353,37.5611242],[-93.652845,37.5618889],[-93.6594,37.5720536],[-93.6681383,37.5747192],[-93.6770631,37.5780275],[-93.6772469,37.5782869],[-93.6863681,37.5809597],[-93.6867492,37.5814839],[-93.6959914,37.5821594],[-93.7023406,37.5839767],[-93.7070722,37.5749967],[-93.7058903,37.5705358],[-93.6966539,37.5652864],[-93.6964681,37.5647731],[-93.6961197,37.5642619],[-93.6914428,37.5534764],[-93.6935103,37.5434872],[-93.6964225,37.5391694],[-93.6980983,37.5443939],[-93.6981253,37.5450369],[-93.6969578,37.5525533],[-93.6969733,37.5529411],[-93.6998356,37.5629883],[-93.7001789,37.5633689],[-93.7083258,37.5661578],[-93.7086536,37.5661494],[-93.7114975,37.5673828],[-93.7116733,37.56764],[-93.7121444,37.5778964],[-93.7116742,37.5784367],[-93.7113625,37.5788414],[-93.7095283,37.5821761],[-93.7181483,37.5932644],[-93.7274881,37.5976772],[-93.7276811,37.5982075],[-93.7389703,37.6132497],[-93.7398356,37.6137703],[-93.7474736,37.6250017],[-93.7482697,37.6351358],[-93.7537017,37.6373733],[-93.7580758,37.6385775],[-93.7585022,37.6376325],[-93.7586003,37.6365708],[-93.7575453,37.6302642],[-93.7581619,37.6295886],[-93.7621219,37.6248706],[-93.7702181,37.6249217],[-93.7703644,37.624655],[-93.7720253,37.6201511],[-93.7720067,37.6198897],[-93.7664119,37.6175542],[-93.7659131,37.6174375],[-93.7612581,37.6141703],[-93.7615669,37.6139011],[-93.7548719,37.6066756],[-93.7547003,37.6065508],[-93.7497656,37.5985464],[-93.7514314,37.5988869],[-93.7514464,37.5991444],[-93.7611553,37.6101394],[-93.7647772,37.6106886],[-93.7649028,37.6100364],[-93.7648731,37.6095183],[-93.7625286,37.5940856],[-93.7624817,37.5934453],[-93.7624722,37.5933172],[-93.7645047,37.5823947],[-93.764455,37.5816317],[-93.7667278,37.5745867],[-93.7667106,37.5743339],[-93.7666406,37.5733233],[-93.7648947,37.5644197],[-93.7646906,37.5641883],[-93.7596217,37.5588394],[-93.7602594,37.5589547],[-93.7704189,37.5605022],[-93.7707219,37.5602433],[-93.7721392,37.5598292],[-93.7788636,37.5550147],[-93.7838525,37.5497294],[-93.7899967,37.5411286],[-93.7900864,37.5400764],[-93.7901669,37.5388939],[-93.7875219,37.5295561],[-93.7870167,37.52931],[-93.7742233,37.52523],[-93.7733861,37.5251217],[-93.7677353,37.5233339],[-93.7669114,37.5230978],[-93.7638631,37.5209828],[-93.7664356,37.5102244],[-93.7690467,37.5074572],[-93.7660561,37.4992478],[-93.7657197,37.4991317],[-93.7653603,37.4986339],[-93.7598483,37.4980106],[-93.7524669,37.4968289],[-93.7522911,37.4947056],[-93.7645167,37.4956103],[-93.7685808,37.5003167],[-93.7687592,37.5005667],[-93.7723442,37.5082653],[-93.7797278,37.5092175],[-93.7802064,37.5092056],[-93.7898511,37.5053542],[-93.7904703,37.5049536],[-93.7950153,37.4968036],[-93.7946881,37.4966844],[-93.7872619,37.4944708],[-93.7866103,37.4943608],[-93.7856192,37.4940061],[-93.77761,37.4906867],[-93.7775675,37.490185],[-93.7775264,37.4895533],[-93.7787975,37.4818156],[-93.785385,37.4797619],[-93.7865308,37.4779803],[-93.7873775,37.4764572],[-93.7945894,37.4758681],[-93.7967306,37.4702692],[-93.7941536,37.4640708],[-93.7854672,37.4665222],[-93.7789075,37.4664394],[-93.7787269,37.466055],[-93.7764908,37.4616903],[-93.7764231,37.4606522],[-93.7759597,37.4535361],[-93.7653225,37.4504686],[-93.7564603,37.4491622],[-93.7479269,37.4537778],[-93.7482492,37.45998],[-93.7452353,37.4617461],[-93.7421983,37.4594981],[-93.7418358,37.4587308],[-93.7416439,37.4582169],[-93.7399586,37.4572256],[-93.7294894,37.4568544],[-93.7289872,37.4566089],[-93.7258606,37.4523067],[-93.7255275,37.4520575],[-93.7257756,37.4503769],[-93.7350992,37.4546397],[-93.7416517,37.4553681],[-93.7444906,37.4576081],[-93.7458731,37.4586972],[-93.7459439,37.4582128],[-93.7458992,37.4574911],[-93.74557,37.4554964],[-93.7455494,37.4551772],[-93.7453097,37.4546242],[-93.7457578,37.4505611],[-93.7571461,37.4423347],[-93.7576253,37.4420883],[-93.7587822,37.4416692],[-93.7639956,37.4379022],[-93.7603856,37.4335567],[-93.7601631,37.4332586],[-93.7601453,37.4330303],[-93.7612436,37.4286922],[-93.7614219,37.4284603],[-93.7635594,37.4272],[-93.7638592,37.4272661],[-93.7699411,37.42642],[-93.7716569,37.4270506],[-93.7715672,37.4271275],[-93.7660147,37.4304397],[-93.7680269,37.4341836],[-93.7694617,37.4381361],[-93.7691842,37.4382964],[-93.7630497,37.4428756],[-93.7597694,37.4464797],[-93.7604922,37.4467742],[-93.7661419,37.4474069],[-93.7761058,37.4502939],[-93.780385,37.4567194],[-93.7815036,37.4644744],[-93.7820081,37.4644597],[-93.7844328,37.4641508],[-93.7843172,37.4625508],[-93.7843014,37.4622269],[-93.78536,37.4571189],[-93.7857492,37.4568669],[-93.7904403,37.4560214],[-93.7907481,37.4560936],[-93.7946739,37.4562231],[-93.7892303,37.4578169],[-93.7864089,37.4598258],[-93.7868964,37.4615039],[-93.7873044,37.4615731],[-93.7945825,37.4612947],[-93.800215,37.4635803],[-93.8010014,37.4716311],[-93.8010253,37.4719536],[-93.7999461,37.4745303],[-93.7967747,37.4792886],[-93.7905994,37.4823761],[-93.7852333,37.4838175],[-93.7820778,37.4872139],[-93.7820167,37.4874453],[-93.7820339,37.4902206],[-93.7821753,37.4903331],[-93.7859097,37.4906972],[-93.7866697,37.490735],[-93.7954147,37.4917847],[-93.7960431,37.4918408],[-93.8006719,37.4936272],[-93.7981717,37.5017472],[-93.7941142,37.5080542],[-93.7939881,37.5081669],[-93.7866078,37.5129331],[-93.7863419,37.5130017],[-93.7779367,37.5135678],[-93.7712708,37.514085],[-93.7701419,37.515515],[-93.771875,37.5180631],[-93.7722197,37.5183375],[-93.77862,37.5205639],[-93.7880544,37.5216244],[-93.7885406,37.5217281],[-93.79343,37.5241525],[-93.7977483,37.5304056],[-93.8025922,37.531635],[-93.8050781,37.5332094],[-93.8053261,37.5330342],[-93.8094472,37.5300275],[-93.8095514,37.5297528],[-93.8174878,37.5245042],[-93.8248683,37.5215286],[-93.8261367,37.5196439],[-93.8253244,37.5105867],[-93.8253083,37.5103347],[-93.8253447,37.5098797],[-93.8214956,37.5001747],[-93.8214881,37.5000297],[-93.8214753,37.4997894],[-93.8219078,37.4951167],[-93.8219619,37.4949733],[-93.8220136,37.4947836],[-93.8237175,37.4921108],[-93.8242647,37.4920044],[-93.8246306,37.4919492],[-93.831285,37.4906969],[-93.8393592,37.4935369],[-93.8394928,37.4935864],[-93.8436456,37.4937364],[-93.8439033,37.4936233],[-93.8484786,37.4898106],[-93.8531942,37.4854875],[-93.8533906,37.4854825],[-93.8590089,37.4838947],[-93.8631242,37.4850064],[-93.8635347,37.4852006],[-93.867275,37.4869486],[-93.8687744,37.4864408],[-93.8689914,37.4865906],[-93.8700244,37.4883739],[-93.8683369,37.4886103],[-93.8638547,37.4872506],[-93.8589903,37.4866625],[-93.8526628,37.4899011],[-93.8474214,37.4952811],[-93.8470408,37.4955597],[-93.8422239,37.4971894],[-93.8364875,37.4961192],[-93.8312892,37.4942364],[-93.8264983,37.4952203],[-93.8258883,37.5001436],[-93.8285922,37.5063525],[-93.8306639,37.5114711],[-93.8329192,37.5120122],[-93.8389742,37.5111522],[-93.8416983,37.5109783],[-93.8420317,37.5107975],[-93.8452644,37.5085956],[-93.8498056,37.5084033],[-93.85077,37.5107658],[-93.8505731,37.5130722],[-93.8494731,37.5132286],[-93.849035,37.5103008],[-93.8458997,37.5103386],[-93.8457697,37.5104581],[-93.8417569,37.5138986],[-93.8351786,37.5143614],[-93.8310075,37.5151022],[-93.8308103,37.5203383],[-93.8300378,37.5239444],[-93.8300425,37.5242111],[-93.8309592,37.5268069],[-93.8311628,37.5270167],[-93.8317661,37.527325],[-93.8360542,37.5285622],[-93.8363886,37.5286072],[-93.8415867,37.5316178],[-93.8436956,37.53356],[-93.839195,37.5321392],[-93.8334825,37.5293344],[-93.8331506,37.5293414],[-93.8326858,37.5293511],[-93.8294142,37.5286742],[-93.8279175,37.5261208],[-93.8277183,37.5259642],[-93.8244547,37.5258097],[-93.8202922,37.5288886],[-93.8169,37.5315311],[-93.8166994,37.5315911],[-93.8131597,37.5350117],[-93.8082353,37.5377272],[-93.8044864,37.5377456],[-93.8008264,37.5362189],[-93.7984497,37.5361544],[-93.7982469,37.5362744],[-93.7979775,37.5364519],[-93.7965722,37.5397231],[-93.7976461,37.5434386],[-93.7950292,37.5460831],[-93.7943947,37.5520611],[-93.7904697,37.5552539],[-93.7868536,37.5576694],[-93.7918819,37.5589608],[-93.7920133,37.5591169],[-93.7969189,37.56144],[-93.797055,37.5615411],[-93.800765,37.5615489],[-93.8008961,37.5615472],[-93.8054792,37.5618558],[-93.8056792,37.5618483],[-93.8059456,37.5618381],[-93.8091253,37.5617053],[-93.8111503,37.5625133],[-93.8132472,37.5663292],[-93.8147481,37.5711808],[-93.8177708,37.5731933],[-93.8180103,37.5739061],[-93.81477,37.5731083],[-93.8146289,37.5729975],[-93.8109497,37.5675939],[-93.8109342,37.5672153],[-93.8097589,37.5645108],[-93.8093528,37.5643578],[-93.8048817,37.5643069],[-93.8045514,37.5644244],[-93.8004939,37.5655847],[-93.7972025,37.5640903],[-93.7938683,37.5629861],[-93.7937344,37.5627736],[-93.7908811,37.5616114],[-93.7902117,37.5627089],[-93.7902108,37.5628714],[-93.7840958,37.5632531],[-93.7816653,37.5650564],[-93.7796978,37.5706931],[-93.7797608,37.5708592],[-93.782005,37.5730469],[-93.7812267,37.5771117],[-93.7854931,37.5808983],[-93.7865369,37.5832331],[-93.7861981,37.5834639],[-93.7783122,37.5868542],[-93.7783767,37.5869647],[-93.7775406,37.5924325],[-93.7748494,37.6013267],[-93.7786528,37.6109697],[-93.7788608,37.6111375],[-93.7840017,37.6134408],[-93.7843472,37.6134311],[-93.7900592,37.612575],[-93.7900531,37.6124003],[-93.7889622,37.6084192],[-93.7888222,37.6083058],[-93.7867014,37.6033244],[-93.7866969,37.6031556],[-93.7867583,37.60293],[-93.7884428,37.5985069],[-93.7888997,37.5981686],[-93.7926472,37.5965469],[-93.7960883,37.5972772],[-93.7982231,37.5971633],[-93.7982258,37.5972181],[-93.7975544,37.5984914],[-93.7929261,37.6000492],[-93.78985,37.6005861],[-93.7897844,37.6006433],[-93.7893319,37.6051742],[-93.7926069,37.6071981],[-93.7963108,37.61182],[-93.7900144,37.6165181],[-93.7855739,37.6189606],[-93.7833958,37.6268958],[-93.7831983,37.6270111],[-93.7778508,37.6316281],[-93.7757928,37.634525],[-93.7759322,37.6346922],[-93.7813222,37.6343072],[-93.7813256,37.6344208],[-93.7834431,37.6364781],[-93.7861167,37.6381892],[-93.7922008,37.6386131],[-93.7975225,37.6412197],[-93.8007144,37.6443431],[-93.7989628,37.6457856],[-93.7952683,37.6434442],[-93.7950706,37.6433983],[-93.7885292,37.6428064],[-93.7884669,37.6428597],[-93.7829481,37.6460822],[-93.7844283,37.6482508],[-93.7849036,37.6485536],[-93.7847478,37.6534933],[-93.7844306,37.6538272],[-93.7809211,37.6560953],[-93.7771672,37.6581278],[-93.7770522,37.6630933],[-93.7785689,37.6637317],[-93.7860297,37.6617825],[-93.7914225,37.6634797],[-93.7921389,37.666195],[-93.7870247,37.6653053],[-93.7867556,37.6653733],[-93.7829433,37.6672917],[-93.78378,37.6706847],[-93.7836503,37.6708706],[-93.7833106,37.6710075],[-93.7830394,37.6711358],[-93.7791967,37.6719989],[-93.7744056,37.6685081],[-93.7712525,37.6727492],[-93.7722956,37.6792133],[-93.7723647,37.6793233],[-93.7744297,37.6805894],[-93.7747036,37.6805747],[-93.7801364,37.6790617],[-93.7802094,37.6792269],[-93.7842067,37.6809092],[-93.7845486,37.6809572],[-93.7869056,37.6819169],[-93.7845906,37.6835653],[-93.7794658,37.6835942],[-93.77563,37.6861025],[-93.7755628,37.6861619],[-93.7765819,37.6912519]]},"properties":{}},{"type":"Feature","geometry":{"type":"LineString","coordinates":[[-93.2282644,37.3174653],[-93.2258556,37.3167431],[-93.2237208,37.3164156],[-93.2149117,37.3163608],[-93.2089781,37.3165769],[-93.2053386,37.3154575],[-93.1998633,37.3144836],[-93.1996306,37.3144861],[-93.1958792,37.3146017],[-93.1916539,37.314505],[-93.1870803,37.3140825],[-93.1869256,37.3140239],[-93.1849253,37.3133139],[-93.1831267,37.3119656],[-93.1829739,37.3117831],[-93.1791136,37.3110361],[-93.1744069,37.3110183],[-93.17469,37.3104028],[-93.1748039,37.3103097],[-93.1764989,37.3094864],[-93.1797939,37.3092356],[-93.1844839,37.3103711],[-93.1883919,37.3111867],[-93.1928353,37.31175],[-93.1983622,37.3115194],[-93.1987056,37.31151],[-93.2045272,37.3120636],[-93.2106483,37.3128767],[-93.2139539,37.3123292],[-93.2133953,37.3115392],[-93.2109392,37.30945],[-93.2108997,37.30942],[-93.2085911,37.3074847],[-93.2085119,37.3073678],[-93.2053439,37.3056139],[-93.1954039,37.3007106],[-93.1927042,37.2986647],[-93.1925725,37.2985058],[-93.1923306,37.2971494],[-93.1943475,37.2972128],[-93.19557,37.2980111],[-93.1976978,37.2993669],[-93.1996639,37.3004769],[-93.2024764,37.3014728],[-93.2059069,37.3024978],[-93.2060167,37.3025522],[-93.2086331,37.3036178],[-93.2089783,37.3019331],[-93.2089658,37.3016097],[-93.2081767,37.2988383],[-93.2086467,37.2986669],[-93.209705,37.2996636],[-93.2100286,37.3025033],[-93.2113986,37.3057342],[-93.2138747,37.3071033],[-93.2168589,37.3093931],[-93.2195983,37.3105703],[-93.2202925,37.3097708],[-93.2208289,37.3094461],[-93.2216953,37.3093736],[-93.2224492,37.3094478],[-93.22319,37.3087661],[-93.2218186,37.3072269],[-93.2216828,37.3056131],[-93.2208278,37.3047072],[-93.2206997,37.3039092],[-93.2218756,37.3033522],[-93.2224558,37.3046228],[-93.2228706,37.3070228],[-93.2244225,37.3082492],[-93.2242519,37.3098289],[-93.2224792,37.3112067],[-93.2261886,37.3122094],[-93.2270722,37.3104558],[-93.2307444,37.3107083],[-93.2318869,37.3133722],[-93.2282644,37.3174653]]},"properties":{}},{"type":"Feature","geometry":{"type":"LineString","coordinates":[[-93.3205294,37.8931889],[-93.3229231,37.8971267],[-93.3167317,37.9031942],[-93.3147753,37.9016417],[-93.312435,37.8998811],[-93.3076925,37.8997511],[-93.3075222,37.8998],[-93.3072361,37.8998069],[-93.3022783,37.8987739],[-93.3008369,37.8963614],[-93.3007833,37.8962278],[-93.3008828,37.8938206],[-93.3010536,37.8935961],[-93.3014261,37.8912256],[-93.3024014,37.8892647],[-93.3003742,37.8884136],[-93.2989433,37.8885733],[-93.2988378,37.8884053],[-93.2999742,37.8866894],[-93.3018369,37.8863547],[-93.3019983,37.8865192],[-93.3038592,37.8871111],[-93.3038581,37.8872375],[-93.303855,37.8876175],[-93.3046081,37.8895153],[-93.3068,37.88827],[-93.3076069,37.8853886],[-93.3070061,37.8837464],[-93.3068964,37.8836656],[-93.3052336,37.8806919],[-93.3053386,37.8805267],[-93.3064689,37.8776125],[-93.3079842,37.8749842],[-93.3090578,37.8729614],[-93.3094467,37.8717119],[-93.3106022,37.8708319],[-93.3105306,37.8707275],[-93.3094494,37.8698578],[-93.3078147,37.870815],[-93.3078153,37.8709211],[-93.3054994,37.8744867],[-93.3054631,37.8745717],[-93.3038483,37.8786125],[-93.3007169,37.8820792],[-93.2952628,37.8836517],[-93.2909211,37.8830619],[-93.2880583,37.8820178],[-93.2848067,37.8813578],[-93.2806478,37.8811133],[-93.2777539,37.8785067],[-93.2784719,37.8739789],[-93.2800944,37.8722861],[-93.2801058,37.872125],[-93.2801881,37.8719361],[-93.2802303,37.8718286],[-93.2786783,37.8702314],[-93.2777361,37.868635],[-93.2747042,37.8676617],[-93.2718286,37.8688631],[-93.2724294,37.8678022],[-93.2731189,37.8671061],[-93.2758267,37.866695],[-93.2780878,37.8669972],[-93.2781272,37.8669083],[-93.2765511,37.8627344],[-93.2755219,37.8594108],[-93.2715492,37.8587567],[-93.2714208,37.8588272],[-93.2663333,37.8602686],[-93.2605892,37.8596736],[-93.2579725,37.8577142],[-93.2571917,37.8559186],[-93.2540264,37.8555961],[-93.2495942,37.8572433],[-93.2469517,37.8581392],[-93.2458583,37.8571592],[-93.2458594,37.857115],[-93.2514808,37.8548119],[-93.2582269,37.8535244],[-93.2621747,37.8514633],[-93.2688022,37.8490119],[-93.2689075,37.8490097],[-93.2732842,37.8451808],[-93.2755603,37.8427403],[-93.2767894,37.8379025],[-93.2773683,37.8353342],[-93.2734933,37.8341556],[-93.2686008,37.8345472],[-93.2666853,37.8397422],[-93.2650744,37.8432803],[-93.2606344,37.8437378],[-93.2564067,37.8416836],[-93.2561356,37.8414239],[-93.2548647,37.8376794],[-93.2548622,37.8374725],[-93.2549658,37.8373464],[-93.2566606,37.8316756],[-93.2568586,37.8314764],[-93.2571072,37.8312375],[-93.2608253,37.8266011],[-93.2647067,37.8252611],[-93.2683394,37.8239919],[-93.2699903,37.8220261],[-93.2729517,37.8196472],[-93.2731014,37.8163386],[-93.2716011,37.81575],[-93.2665928,37.8168911],[-93.2619942,37.8168653],[-93.2617283,37.8167908],[-93.2593278,37.8153203],[-93.2592208,37.8152817],[-93.2590456,37.8149581],[-93.2589844,37.8147961],[-93.2576444,37.8130097],[-93.2609019,37.8107686],[-93.2611969,37.8106064],[-93.2629825,37.8087594],[-93.2630778,37.8086811],[-93.2632631,37.8084872],[-93.2635019,37.80833],[-93.2651525,37.8076511],[-93.2653528,37.8076467],[-93.2666569,37.80864],[-93.266575,37.8088325],[-93.2665083,37.8091781],[-93.2643214,37.8103839],[-93.2615833,37.8118503],[-93.2597314,37.8133633],[-93.2598525,37.8136422],[-93.2634806,37.8155156],[-93.26876,37.8148256],[-93.2717911,37.8135411],[-93.2746614,37.8152],[-93.2747406,37.8153228],[-93.2758117,37.8188183],[-93.2758078,37.8190792],[-93.2735381,37.8221211],[-93.2699322,37.825695],[-93.2639297,37.8287183],[-93.2636067,37.8289156],[-93.2595606,37.8323717],[-93.2606192,37.8357617],[-93.2598411,37.8398525],[-93.2610008,37.8412997],[-93.2631233,37.8398314],[-93.2628958,37.8357228],[-93.2663514,37.8326972],[-93.2665217,37.8326489],[-93.2715433,37.8310761],[-93.2760003,37.8303583],[-93.2760547,37.830355],[-93.2787983,37.8288642],[-93.2808156,37.8278122],[-93.2818536,37.8283486],[-93.2796539,37.8298228],[-93.2784719,37.830835],[-93.2808367,37.8366631],[-93.2821486,37.8416753],[-93.2821056,37.8417842],[-93.2787822,37.8455178],[-93.2764847,37.8501431],[-93.2762219,37.8502928],[-93.2711772,37.8518106],[-93.2710686,37.8518617],[-93.2651189,37.8539097],[-93.2648964,37.8540139],[-93.2617803,37.8558881],[-93.262445,37.8571961],[-93.2648678,37.8566825],[-93.2650933,37.8565756],[-93.2688419,37.854825],[-93.2741539,37.8546939],[-93.2742767,37.8547428],[-93.2782442,37.8574317],[-93.2784881,37.8575664],[-93.2813244,37.86429],[-93.2813581,37.8645103],[-93.2826961,37.8683728],[-93.2868872,37.8694356],[-93.2873003,37.8692056],[-93.2876092,37.8690233],[-93.2898047,37.8683178],[-93.2920417,37.8690547],[-93.2922572,37.8690497],[-93.2956208,37.8678075],[-93.2967906,37.8676558],[-93.2968175,37.86787],[-93.2950267,37.8694781],[-93.2947172,37.8696164],[-93.2896317,37.8710497],[-93.2893156,37.8711892],[-93.2891044,37.8712825],[-93.2855025,37.8745872],[-93.2853403,37.8746403],[-93.2834017,37.8767475],[-93.2835167,37.8767925],[-93.2839242,37.8770208],[-93.2879983,37.8772556],[-93.2881825,37.8774014],[-93.2884725,37.8774903],[-93.2888128,37.8775264],[-93.2928892,37.8777],[-93.2958617,37.8792014],[-93.2959764,37.8791997],[-93.2962006,37.8791486],[-93.2990642,37.8747522],[-93.3018706,37.8711883],[-93.3018425,37.87101],[-93.3018283,37.8709211],[-93.3033039,37.8677639],[-93.3035319,37.8675017],[-93.3049683,37.8658531],[-93.3051744,37.8658064],[-93.3072303,37.8656361],[-93.3125697,37.8674981],[-93.3153075,37.8694611],[-93.31502,37.8744086],[-93.3131664,37.8773461],[-93.3127497,37.8819842],[-93.3127703,37.8822281],[-93.3139844,37.8849244],[-93.3119528,37.8885808],[-93.3119208,37.8896856],[-93.3171608,37.8863753],[-93.3192336,37.8835572],[-93.3229967,37.8837867],[-93.3252989,37.8824614],[-93.3268983,37.8783014],[-93.3277394,37.8738333],[-93.3280578,37.8736978],[-93.32911,37.8711144],[-93.3291483,37.8710258],[-93.32782,37.8674944],[-93.3237364,37.8640742],[-93.3208578,37.8613564],[-93.3177892,37.8584214],[-93.3153342,37.8572761],[-93.3153681,37.8571258],[-93.3131394,37.8535128],[-93.3131256,37.8533531],[-93.313245,37.8519997],[-93.313395,37.8519569],[-93.3171625,37.8504256],[-93.318175,37.8503642],[-93.3154825,37.8531006],[-93.3153369,37.8545933],[-93.3187636,37.8567406],[-93.31888,37.8568214],[-93.3219678,37.8590753],[-93.3222106,37.8593233],[-93.32407,37.8611919],[-93.3244256,37.8614014],[-93.3268814,37.8632775],[-93.3306786,37.8668419],[-93.3324067,37.8691853],[-93.3372217,37.8680506],[-93.3443206,37.8667033],[-93.348535,37.8678822],[-93.3520781,37.8711356],[-93.3522092,37.871275],[-93.3555653,37.8729303],[-93.3558492,37.8729231],[-93.35852,37.8716256],[-93.3585042,37.8715297],[-93.3566131,37.8649194],[-93.3567019,37.8647431],[-93.3569553,37.8644817],[-93.3597194,37.8583053],[-93.3598175,37.8582614],[-93.3616675,37.856325],[-93.3616256,37.8561222],[-93.3563256,37.8532058],[-93.3561836,37.8529736],[-93.3515242,37.8463742],[-93.3515192,37.8463381],[-93.3508578,37.8420675],[-93.3492706,37.8397472],[-93.3486989,37.8390281],[-93.3487967,37.8389853],[-93.3504692,37.8375047],[-93.3533875,37.8379967],[-93.3560164,37.8385781],[-93.3570875,37.8377531],[-93.3570744,37.8373944],[-93.3559594,37.8326189],[-93.35264,37.8274758],[-93.3511839,37.8251136],[-93.3489558,37.8228225],[-93.3454919,37.8193961],[-93.3449414,37.8180861],[-93.3493033,37.8214372],[-93.3513625,37.8233161],[-93.3520825,37.8227925],[-93.3520697,37.8227083],[-93.3508069,37.8208669],[-93.3504239,37.8178017],[-93.3520292,37.8160744],[-93.35225,37.8160689],[-93.3560625,37.8154394],[-93.3589164,37.8151403],[-93.3601406,37.81423],[-93.3601772,37.8141528],[-93.3585206,37.8103097],[-93.3592808,37.8100703],[-93.359345,37.8101417],[-93.3613083,37.8126478],[-93.3613314,37.81276],[-93.3615617,37.8150797],[-93.361465,37.8153528],[-93.3602753,37.8165897],[-93.3623522,37.8181686],[-93.3677214,37.8182522],[-93.3706928,37.8181903],[-93.3725033,37.8156231],[-93.3720575,37.8087769],[-93.3716181,37.8044081],[-93.3677928,37.8024925],[-93.3625308,37.8029103],[-93.3586639,37.8028003],[-93.3562014,37.8014728],[-93.3555808,37.7987158],[-93.3527611,37.7965428],[-93.3514094,37.7954678],[-93.3532117,37.7947553],[-93.3569858,37.7947272],[-93.3585686,37.7997853],[-93.3596647,37.8012225],[-93.3633389,37.7989814],[-93.3659403,37.7970472],[-93.3698478,37.7972664],[-93.3725286,37.7978917],[-93.368235,37.7924192],[-93.3641997,37.7873936],[-93.3593386,37.7864156],[-93.3584653,37.7854108],[-93.3586844,37.7851786],[-93.3604511,37.7821653],[-93.3609858,37.7823747],[-93.36625,37.7848361],[-93.3666669,37.7853931],[-93.3669903,37.7856694],[-93.3712572,37.7921103],[-93.3753553,37.7982039],[-93.3832003,37.7963417],[-93.3833344,37.7961525],[-93.3874492,37.7938494],[-93.3875975,37.793785],[-93.3904297,37.7926906],[-93.3907819,37.7924414],[-93.3921233,37.7897875],[-93.3847644,37.7880822],[-93.3783189,37.7849603],[-93.3779783,37.7845694],[-93.3776458,37.7842944],[-93.3741592,37.7799014],[-93.3728239,37.7752217],[-93.3727744,37.7747592],[-93.3735172,37.7701758],[-93.3820564,37.7706194],[-93.3917522,37.7710728],[-93.3920025,37.7711303],[-93.3955044,37.7749114],[-93.3958203,37.7753589],[-93.3960256,37.775615],[-93.4026842,37.7793642],[-93.4054353,37.7762381],[-93.4053553,37.7758461],[-93.4058414,37.7721386],[-93.4079481,37.7731392],[-93.4079869,37.7733308],[-93.4080392,37.7735869],[-93.4086528,37.7790281],[-93.4083972,37.7793697],[-93.4054753,37.7826911],[-93.4052064,37.7826894],[-93.4048539,37.7826892],[-93.3984389,37.7814033],[-93.3980919,37.7813417],[-93.3976347,37.7811447],[-93.3928664,37.7752942],[-93.3925808,37.7750397],[-93.3830058,37.7739031],[-93.3767811,37.7730875],[-93.3765017,37.7735422],[-93.3777819,37.7775436],[-93.3779069,37.7780017],[-93.3780947,37.7782603],[-93.3813458,37.7846417],[-93.3816178,37.7848414],[-93.3870289,37.7862619],[-93.3879764,37.7863808],[-93.3918469,37.7869092],[-93.3920594,37.7871258],[-93.3927992,37.7874703],[-93.3950114,37.7904067],[-93.3871831,37.7976811],[-93.3782497,37.8004294],[-93.3746644,37.8010486],[-93.3784658,37.8064842],[-93.3785036,37.8069339],[-93.377395,37.8133814],[-93.3773303,37.8143117],[-93.3772467,37.8150125],[-93.3727911,37.8211064],[-93.3722556,37.8215786],[-93.3638975,37.8231344],[-93.3593194,37.8214617],[-93.3567178,37.8192567],[-93.3549006,37.8192939],[-93.3549142,37.8197675],[-93.3550778,37.8205953],[-93.3593047,37.8248194],[-93.3593231,37.8253111],[-93.3602319,37.8267758],[-93.3639808,37.8369853],[-93.3640044,37.8374958],[-93.3669381,37.8435144],[-93.3599606,37.8462489],[-93.3598222,37.8465192],[-93.3632714,37.8507142],[-93.3658314,37.8571494],[-93.3623531,37.8649258],[-93.3670322,37.8659497],[-93.3711667,37.8658758],[-93.3739219,37.8630656],[-93.3764253,37.8638989],[-93.3824767,37.8642653],[-93.3849261,37.8648553],[-93.3781875,37.8662394],[-93.3757389,37.8696981],[-93.3756792,37.8699025],[-93.3756125,37.8700383],[-93.3742972,37.8741797],[-93.3692922,37.8801611],[-93.3692178,37.8803089],[-93.3616144,37.8822908],[-93.3528733,37.8806711],[-93.3527108,37.8805994],[-93.3466886,37.87834],[-93.3464594,37.8780556],[-93.3463853,37.8779133],[-93.3460767,37.8776308],[-93.3457786,37.8771361],[-93.3440256,37.8741422],[-93.3438194,37.8736567],[-93.3437539,37.8734486],[-93.3434558,37.8731769],[-93.339015,37.874255],[-93.3350308,37.8766169],[-93.3348464,37.8768367],[-93.3321122,37.8782011],[-93.3361994,37.8801672],[-93.3395222,37.8824192],[-93.3372731,37.8889614],[-93.3370589,37.8923769],[-93.3339089,37.8938219],[-93.3335597,37.8938322],[-93.3288481,37.8910219],[-93.3223389,37.8910064],[-93.3205294,37.8931889]]},"properties":{}},{"type":"Feature","geometry":{"type":"LineString","coordinates":[[-93.3107158,37.9810086],[-93.3152172,37.9803975],[-93.3170111,37.9789728],[-93.3235244,37.9823533],[-93.3280114,37.9832036],[-93.3318833,37.9816228],[-93.3364422,37.9789764],[-93.3386992,37.9769761],[-93.3405661,37.9761733],[-93.3391483,37.9739611],[-93.3318878,37.9715625],[-93.3316486,37.9715053],[-93.3231492,37.9691894],[-93.3212461,37.9639767],[-93.3207386,37.9573111],[-93.3207364,37.9571914],[-93.3200583,37.9517633],[-93.3150342,37.9484544],[-93.31461,37.9482433],[-93.3092672,37.9450508],[-93.3091308,37.9449472],[-93.3060003,37.9406775],[-93.3065806,37.9358761],[-93.3066658,37.9355856],[-93.3083322,37.9320792],[-93.3087642,37.9319581],[-93.3116761,37.9325647],[-93.31189,37.9325606],[-93.31545,37.9342458],[-93.3154483,37.9345319],[-93.3154469,37.9347614],[-93.3171289,37.9385558],[-93.3210025,37.9415633],[-93.3211542,37.9416817],[-93.3248456,37.9425378],[-93.3251458,37.9425333],[-93.3282269,37.9410528],[-93.3284322,37.9406839],[-93.3285594,37.9402578],[-93.3296108,37.9353139],[-93.3298061,37.9349072],[-93.3316017,37.9294044],[-93.3317275,37.9291825],[-93.3351192,37.9266725],[-93.3353194,37.9265611],[-93.3357194,37.9263386],[-93.3378272,37.9236061],[-93.3377964,37.9232953],[-93.3381167,37.9206844],[-93.3380272,37.920485],[-93.3379567,37.9204356],[-93.3348133,37.9191967],[-93.3344239,37.9193539],[-93.3296247,37.9203633],[-93.3292153,37.9203219],[-93.3246681,37.9183336],[-93.3210342,37.9150081],[-93.3210303,37.9148594],[-93.3211386,37.9144111],[-93.3205431,37.9119097],[-93.3204781,37.9116261],[-93.3207989,37.9106294],[-93.3212061,37.9105275],[-93.3243181,37.9106928],[-93.3295861,37.9119511],[-93.3319183,37.9116489],[-93.3320819,37.9115033],[-93.332195,37.9114531],[-93.3348197,37.9101675],[-93.3351631,37.9101119],[-93.3386744,37.9100806],[-93.3410408,37.9094261],[-93.3439772,37.9060397],[-93.3441442,37.9040139],[-93.3439919,37.9036664],[-93.3418764,37.9022331],[-93.3417453,37.9021097],[-93.3387511,37.9015053],[-93.3364289,37.9030322],[-93.3361731,37.9032081],[-93.3360228,37.9033397],[-93.3334353,37.9056969],[-93.3281458,37.9055919],[-93.3278567,37.9055106],[-93.3276269,37.9054714],[-93.3228419,37.9046142],[-93.3175797,37.9024244]]},"properties":{}},{"type":"Feature","geometry":{"type":"LineString","coordinates":[[-92.6297964,36.5232861],[-92.6290164,36.5284644],[-92.6269314,36.5325911],[-92.6229644,36.5362397],[-92.6229303,36.5363261],[-92.6232706,36.5383186],[-92.6368833,36.5411942],[-92.6369439,36.5413575],[-92.6385672,36.5453853],[-92.6386425,36.5455036],[-92.6400828,36.5480928],[-92.6478842,36.5463894],[-92.6546422,36.5449603],[-92.6560469,36.5468164],[-92.6564706,36.5516514],[-92.6563644,36.5519425],[-92.6544239,36.5552114],[-92.6534886,36.55751],[-92.6570897,36.5612942],[-92.6620794,36.5622411],[-92.6654567,36.5627989],[-92.6666161,36.5640703],[-92.6585117,36.5633981],[-92.6540806,36.5612931],[-92.6513597,36.5587],[-92.6502439,36.5589142],[-92.6510461,36.5631189],[-92.6543183,36.5696053],[-92.6522114,36.5731064],[-92.6498314,36.5758431],[-92.6499453,36.5822006],[-92.6499828,36.5823464],[-92.6540572,36.586595],[-92.6587314,36.5897944],[-92.6590139,36.5900006],[-92.6606208,36.5941008],[-92.6604406,36.5988533],[-92.6603136,36.6057144],[-92.6638381,36.6099539],[-92.6677556,36.6141681],[-92.6724489,36.6185428],[-92.6761306,36.62278],[-92.6763267,36.6229586],[-92.6780736,36.6259589],[-92.6783592,36.6281253],[-92.6764681,36.6281289],[-92.6763064,36.6280925],[-92.6754422,36.6262403],[-92.6720089,36.6204433],[-92.6672019,36.6155583],[-92.6668767,36.6150119],[-92.6620669,36.6114353],[-92.6593356,36.6090519],[-92.6591533,36.6086117],[-92.6582378,36.6057456],[-92.6573758,36.6019192],[-92.6574672,36.6013883],[-92.6575586,36.6008575],[-92.6581256,36.5965728],[-92.658195,36.5961058],[-92.6564358,36.5918006],[-92.6538464,36.5893217],[-92.6508728,36.5874453],[-92.6460686,36.5915769],[-92.6434144,36.5925792],[-92.6397506,36.5902144],[-92.6362564,36.589125],[-92.6338503,36.5901872],[-92.6347719,36.5916042],[-92.6382383,36.5947181],[-92.6394639,36.5985894],[-92.6381847,36.6006256],[-92.6380003,36.6008975],[-92.63396,36.6027242],[-92.6338089,36.60289],[-92.6316153,36.6070031],[-92.6304917,36.6100483],[-92.6304439,36.6101908],[-92.6306942,36.6136833],[-92.6303617,36.6155139],[-92.6302325,36.6156739],[-92.6263231,36.6171008],[-92.62588,36.6175078],[-92.6228303,36.6217653],[-92.6227694,36.6219442],[-92.6208978,36.6256536],[-92.6187133,36.6290858],[-92.6214436,36.6306969],[-92.6248119,36.6338297],[-92.6272119,36.6370983],[-92.6279433,36.6391633],[-92.6275264,36.6393728],[-92.62577,36.6396611],[-92.6253611,36.6395731],[-92.6234819,36.6386328],[-92.6229281,36.6379303],[-92.6205508,36.6356392],[-92.6201558,36.6352586],[-92.6198639,36.6348322],[-92.6170306,36.6329131],[-92.6149836,36.6304186],[-92.6158178,36.6267572],[-92.6178664,36.6239683],[-92.6166983,36.6230958],[-92.6165386,36.6230608],[-92.6129614,36.6229308],[-92.6124358,36.6232253],[-92.611755,36.6248219],[-92.6116278,36.625205],[-92.6110986,36.6282247],[-92.6111008,36.6289497],[-92.6116936,36.6308081],[-92.6115756,36.6311442],[-92.611605,36.6315703],[-92.6110336,36.6331914],[-92.6110006,36.6335408],[-92.6108825,36.6351547],[-92.6106692,36.6357642],[-92.6102783,36.6371019],[-92.6102019,36.6373131],[-92.6097178,36.6376392],[-92.6065408,36.6378414],[-92.6064581,36.6378247],[-92.6057192,36.6363831],[-92.6055131,36.6359717],[-92.6051936,36.6351556],[-92.6055739,36.6316372],[-92.6058594,36.6308778],[-92.6059617,36.6306039],[-92.6065197,36.6281156],[-92.6066781,36.6276567],[-92.6067683,36.6273947],[-92.6076236,36.6240633],[-92.6075522,36.6235461],[-92.6075725,36.6232603],[-92.6082931,36.6215],[-92.6085153,36.6211231],[-92.6088736,36.6208467],[-92.6102167,36.6200494],[-92.6108981,36.6198869],[-92.6132133,36.6202903],[-92.6172167,36.6213667],[-92.6206272,36.6216819],[-92.6211281,36.6212247],[-92.62264,36.6188142],[-92.6228756,36.6183758],[-92.6247444,36.6144064],[-92.6248067,36.6137297],[-92.6267578,36.6082761],[-92.6268008,36.60815],[-92.6269947,36.6075833],[-92.6289594,36.6040414],[-92.6321989,36.6013486],[-92.63593,36.5988558],[-92.6370847,36.5961231],[-92.6362117,36.5939903],[-92.6340714,36.5924897],[-92.6317375,36.5916656],[-92.6317211,36.5904928],[-92.633255,36.5886111],[-92.6334011,36.5885744],[-92.6356339,36.5878067],[-92.63753,36.5875483],[-92.6429394,36.5884928],[-92.6452528,36.5886214],[-92.6469236,36.5881581],[-92.6477856,36.5857506],[-92.6474708,36.5848311],[-92.6465894,36.5831939],[-92.6454256,36.5823842],[-92.6441381,36.5813436],[-92.6431425,36.5806869],[-92.6403219,36.5814603],[-92.6402303,36.5814836],[-92.6387178,36.5821983],[-92.6375103,36.5818325],[-92.6374767,36.5812372],[-92.6381403,36.5815758],[-92.6392358,36.581335],[-92.6409033,36.5803542],[-92.6425992,36.579865],[-92.6432778,36.5796214],[-92.6442061,36.5784814],[-92.6445897,36.5773017],[-92.6444733,36.5768889],[-92.6451722,36.5752017],[-92.6467706,36.5733306],[-92.6485569,36.5712497],[-92.6497758,36.5692217],[-92.6498425,36.5689953],[-92.6499111,36.5688444],[-92.6501164,36.5674983],[-92.6498933,36.5669786],[-92.6494525,36.5661772],[-92.6486494,36.5662056],[-92.6484564,36.5662447],[-92.6470369,36.566835],[-92.6469083,36.5668283],[-92.6452767,36.5669131],[-92.6451194,36.5676158],[-92.6458917,36.5693347],[-92.6445867,36.5710861],[-92.6444117,36.5711872],[-92.6430333,36.5716064],[-92.6429019,36.5715806],[-92.6416947,36.5705828],[-92.6416375,36.5704525],[-92.6407956,36.5694694],[-92.6403739,36.5686239],[-92.6413444,36.5690889],[-92.6414292,36.5693206],[-92.6426564,36.5704692],[-92.6427347,36.5704844],[-92.6442656,36.570355],[-92.6442736,36.5703336],[-92.6443569,36.5702592],[-92.6450917,36.5694503],[-92.6451067,36.5694089],[-92.6451367,36.5693269],[-92.6446878,36.5680564],[-92.6446531,36.5680061],[-92.6439136,36.5670172],[-92.6445056,36.5661072],[-92.6456486,36.5659236],[-92.6468972,36.5656894],[-92.6470331,36.5655986],[-92.6471136,36.5655164],[-92.6477453,36.5648836],[-92.6478603,36.5647719],[-92.647665,36.5636728],[-92.6463958,36.5614078],[-92.6464006,36.5592756],[-92.6464206,36.5592242],[-92.6478497,36.5567869],[-92.6480486,36.5566511],[-92.6506378,36.5543908],[-92.6526528,36.5527347],[-92.6532717,36.5517119],[-92.6532903,36.5516522],[-92.6541761,36.5493686],[-92.6541542,36.5493211],[-92.6535194,36.5484125],[-92.6519675,36.5479142],[-92.6518678,36.5479881],[-92.6498425,36.5489644],[-92.6496772,36.5490347],[-92.6496192,36.5490814],[-92.6482472,36.5503569],[-92.6480822,36.5504528],[-92.6480011,36.5504997],[-92.6468006,36.5509253],[-92.6465917,36.5509433],[-92.6421228,36.5516858],[-92.6395853,36.5519853],[-92.6380583,36.5516167],[-92.6364372,36.5501319],[-92.6340819,36.5473803],[-92.6319392,36.5453461],[-92.6310258,36.5508086],[-92.6304439,36.5514081],[-92.6305133,36.5476772],[-92.6291953,36.5452217],[-92.6282592,36.5448967],[-92.6267394,36.5444272],[-92.6252378,36.5432964],[-92.6250842,36.5432619],[-92.6215561,36.5431164],[-92.6212633,36.5432236],[-92.6200647,36.5436053],[-92.6198878,36.5438422],[-92.6192808,36.5449444],[-92.6178042,36.5447575],[-92.6176419,36.5447258],[-92.6150875,36.5476428],[-92.61582,36.5450128],[-92.6158683,36.5448044],[-92.6161172,36.5439325],[-92.6177406,36.5428347],[-92.6188264,36.5419556],[-92.6177042,36.5412461],[-92.6165469,36.54071],[-92.6163586,36.5397822],[-92.6161728,36.5376161],[-92.6182197,36.5344083],[-92.6183172,36.5342344],[-92.6183969,36.5340856],[-92.6194878,36.5329844],[-92.621235,36.5302728],[-92.6212483,36.5301747],[-92.6224661,36.5282211],[-92.6229583,36.5273503],[-92.6230092,36.5271828],[-92.6233231,36.5249639],[-92.6238872,36.5228053],[-92.6250217,36.5208667],[-92.6256706,36.5195147],[-92.625645,36.518615],[-92.6245222,36.5188436],[-92.6238214,36.5203461],[-92.6237533,36.5203972],[-92.6221147,36.5227642],[-92.6199717,36.5261867],[-92.6189617,36.5271869],[-92.6171964,36.5295511],[-92.6165297,36.5310417],[-92.6165331,36.5311256],[-92.6170394,36.5326078],[-92.6162944,36.5333769],[-92.6163742,36.5321814],[-92.6149594,36.5318475],[-92.6148281,36.5319086],[-92.6112847,36.5342647],[-92.6133775,36.5319258],[-92.6137183,36.5312572],[-92.6135125,36.5314475],[-92.6102967,36.5320369],[-92.6073069,36.5323156],[-92.6050317,36.5320619],[-92.6049289,36.5319694],[-92.6027825,36.5312667],[-92.6011967,36.5320308],[-92.6002283,36.5348808],[-92.6004236,36.5368608],[-92.6002258,36.5395636],[-92.6002889,36.5397278],[-92.6008911,36.5413858],[-92.601805,36.5420878],[-92.6034069,36.5423619],[-92.6045442,36.5426339],[-92.6051267,36.5427383],[-92.6043697,36.5433053],[-92.6043833,36.5440536],[-92.6036117,36.5431131],[-92.6019094,36.5428189],[-92.6013794,36.5430272],[-92.6015308,36.5435206],[-92.60236,36.5442211],[-92.6023694,36.5442361],[-92.6026497,36.5450547],[-92.6026347,36.5451256],[-92.6023111,36.5456906],[-92.6022911,36.5458458],[-92.6023836,36.5468781],[-92.6024344,36.5478553],[-92.6013508,36.5494514],[-92.6012761,36.5490742],[-92.6018914,36.5476342],[-92.6015792,36.5465708],[-92.6012611,36.5461608],[-92.6011836,36.5462003],[-92.5994875,36.5477003],[-92.5992569,36.5478328],[-92.5960158,36.5484467],[-92.5931258,36.549235],[-92.5930422,36.549335],[-92.5920936,36.5499028],[-92.5920539,36.5500144],[-92.5934008,36.5519883],[-92.5945517,36.5538592],[-92.594225,36.5555106],[-92.5927272,36.5566411],[-92.5925622,36.5566897],[-92.5894894,36.5568578],[-92.5866517,36.5566111],[-92.5850036,36.5588206],[-92.5849806,36.5588894],[-92.5832969,36.562695],[-92.5838236,36.5665417],[-92.5830617,36.5664056],[-92.5828608,36.5660158],[-92.5822844,36.5636819],[-92.5820008,36.563805],[-92.5809275,36.5651567],[-92.5808769,36.5654517],[-92.5808419,36.5655594],[-92.580485,36.5673175],[-92.5802131,36.5678281],[-92.5799536,36.5680414],[-92.576555,36.5710481],[-92.5745211,36.5744942],[-92.5742631,36.5746997],[-92.5740311,36.5748167],[-92.5715361,36.5761361],[-92.5711728,36.5760586],[-92.571095,36.5760017],[-92.5704575,36.5748939],[-92.5705231,36.5741539],[-92.5706267,36.5738589],[-92.5731064,36.5707772],[-92.5734556,36.5704669],[-92.5735394,36.5703628],[-92.5751658,36.5685756],[-92.5753422,36.5683369],[-92.5754683,36.5682486],[-92.5782783,36.5658553],[-92.5784517,36.5656281],[-92.5791739,36.5631897],[-92.5814011,36.5602392],[-92.5815594,36.5600508],[-92.5817233,36.5596792],[-92.5839325,36.5568806],[-92.5856031,36.5554061],[-92.5883156,36.555515],[-92.5900928,36.5553247],[-92.5913267,36.5545947],[-92.5909794,36.5530839],[-92.5889711,36.5522681],[-92.5857308,36.55394],[-92.5855025,36.5540706],[-92.5809022,36.5555714],[-92.5768147,36.5597242],[-92.5737789,36.5609964],[-92.5733989,36.5611372],[-92.570675,36.5610886],[-92.5705019,36.5610486],[-92.5667775,36.5595978],[-92.5665281,36.5595036],[-92.5636911,36.5582911],[-92.5614814,36.558735],[-92.5613381,36.5588897],[-92.5591136,36.5599911],[-92.5590267,36.5599714],[-92.5588661,36.5589419],[-92.5589633,36.5585833],[-92.5607258,36.5573567],[-92.5611819,36.5571589],[-92.5613814,36.5571289],[-92.5636578,36.5567436],[-92.5665911,36.5578581],[-92.5667139,36.5579992],[-92.5702172,36.5592789],[-92.5745828,36.5591436],[-92.5748853,36.5589511],[-92.5767192,36.5575814],[-92.577025,36.5572411],[-92.578815,36.5551744],[-92.5790189,36.5548542],[-92.5802869,36.5539633],[-92.5807544,36.5538119],[-92.5840158,36.5523111],[-92.5842319,36.5521914],[-92.5862539,36.5509272],[-92.5887647,36.5479969],[-92.5897517,36.5477308],[-92.5926358,36.5465642],[-92.596795,36.5462425],[-92.5980444,36.5449314],[-92.5970844,36.5423614],[-92.5971489,36.5422492],[-92.5968572,36.5391961],[-92.5960008,36.5383203],[-92.5919753,36.5386064],[-92.5918667,36.5386558],[-92.5901742,36.5395894],[-92.5906278,36.5383558],[-92.5890967,36.5371036],[-92.5859781,36.5350419],[-92.5860525,36.5345317],[-92.5861672,36.5345586],[-92.5894483,36.5362808],[-92.5894989,36.5363169],[-92.5916431,36.5374797],[-92.5919472,36.5375006],[-92.5921286,36.5375172],[-92.5953439,36.5370419],[-92.5954369,36.5370392],[-92.5964756,36.5364297],[-92.59621,36.5345411],[-92.5963547,36.5329494],[-92.5969828,36.5313956],[-92.5964492,36.5295828],[-92.5943333,36.5275919],[-92.5946703,36.5274203],[-92.5947689,36.5274925],[-92.5976231,36.5297661],[-92.5993506,36.5292058],[-92.5994025,36.5291433],[-92.6006186,36.5279522],[-92.6036306,36.52751],[-92.6073842,36.5282389],[-92.6093003,36.5285031],[-92.6117539,36.5274522],[-92.6135844,36.5257311],[-92.6127028,36.5248669],[-92.6125817,36.5248183],[-92.6102381,36.5243308],[-92.6051258,36.5228142],[-92.6053986,36.5226008],[-92.6090928,36.5231414],[-92.609175,36.5231392],[-92.6138553,36.5235508],[-92.6159011,36.5234383],[-92.6174747,36.5233006],[-92.6175242,36.5232106],[-92.6187364,36.5213203],[-92.6175072,36.5171219],[-92.6127597,36.5149025],[-92.6106314,36.5132731],[-92.6087406,36.5138675],[-92.6084831,36.5113272],[-92.6102794,36.5116675],[-92.6103172,36.5115553],[-92.6119264,36.5075947],[-92.6087261,36.5082956],[-92.6083186,36.5063061],[-92.607475,36.5049467],[-92.6111222,36.5053989],[-92.6111664,36.5052719],[-92.6110222,36.503975],[-92.6102119,36.5025567],[-92.6102708,36.5023903],[-92.6116286,36.5008122],[-92.6117286,36.4986028],[-92.6117903,36.49852],[-92.6138297,36.4958925],[-92.6133047,36.4951364],[-92.61039,36.4960881],[-92.6122442,36.4942719],[-92.614915,36.4940436],[-92.6160469,36.4933939],[-92.6149264,36.491975],[-92.6128983,36.4912183],[-92.6145672,36.4908306],[-92.6156825,36.4911378],[-92.6174811,36.4921797],[-92.6185683,36.4924008],[-92.6212736,36.4923214],[-92.6237194,36.4941544],[-92.6247342,36.4958858],[-92.6253906,36.496945],[-92.6266964,36.4966597],[-92.6263956,36.4956228],[-92.6275978,36.4958428],[-92.6277031,36.4959772],[-92.6285769,36.4967783],[-92.6292178,36.4969286],[-92.6292942,36.4960094],[-92.6286483,36.4959717],[-92.6280972,36.4949297],[-92.6273333,36.4937972],[-92.6260047,36.4932106],[-92.6248142,36.4930731],[-92.6243264,36.492935],[-92.6242672,36.4923708],[-92.6259092,36.4919714],[-92.6264564,36.4911736],[-92.6255325,36.4909058],[-92.62458,36.4908217],[-92.6245089,36.4896794],[-92.6234625,36.4894556],[-92.6215986,36.4906097],[-92.6206114,36.4911161],[-92.6203686,36.4896983],[-92.6216044,36.4889956],[-92.6216336,36.4888836],[-92.6220428,36.4876269],[-92.6203614,36.4873542],[-92.6192144,36.4875422],[-92.6193358,36.4873722],[-92.6206272,36.4853619],[-92.6221047,36.4856425],[-92.62264,36.4839197],[-92.6222356,36.4815839],[-92.6221897,36.4815231],[-92.6215339,36.4809217],[-92.6224358,36.4803025],[-92.6224961,36.4801939],[-92.6225642,36.4800625],[-92.6245969,36.4771678],[-92.6257775,36.4761861],[-92.6282233,36.4747772],[-92.6273622,36.4739706],[-92.6260275,36.4733944],[-92.6244311,36.4735839],[-92.6224317,36.4736564],[-92.6201672,36.4759117],[-92.6196469,36.4773269],[-92.6196297,36.4771625],[-92.6194339,36.4751972],[-92.6195153,36.4750672],[-92.6203828,36.4729889],[-92.6212033,36.4719447],[-92.6220425,36.4711258],[-92.6244175,36.4709656],[-92.6263753,36.4706311],[-92.6284772,36.470385],[-92.6290997,36.4694875],[-92.6280344,36.4685583],[-92.6279769,36.4681897],[-92.6290444,36.4679736],[-92.6294714,36.4671511],[-92.6307842,36.4676372],[-92.6318622,36.4679089],[-92.6314506,36.4668561],[-92.6302925,36.4648256],[-92.6281281,36.4653689],[-92.6265617,36.4652467],[-92.6286408,36.4636633],[-92.6302867,36.4626142],[-92.6301661,36.4613942],[-92.6306328,36.4598119],[-92.6310131,36.4581953],[-92.6331375,36.4557089],[-92.6333572,36.4552589],[-92.6332383,36.4552319],[-92.6306447,36.4548692],[-92.6289761,36.454515],[-92.6288542,36.4553633],[-92.6265508,36.4542903],[-92.6262206,36.4527856],[-92.6254836,36.4526167],[-92.6253539,36.4527092],[-92.6241811,36.4540536],[-92.62482,36.4557744],[-92.6252383,36.4574636],[-92.6245044,36.4605094],[-92.6218322,36.4620997],[-92.6203919,36.4628589],[-92.6210522,36.4638339],[-92.6224794,36.4644828],[-92.6218308,36.4653058],[-92.6191828,36.4643667],[-92.6179531,36.4640311],[-92.6165539,36.4662778],[-92.6156492,36.4652631],[-92.6145742,36.4659056],[-92.61464,36.4673533],[-92.6154469,36.4683831],[-92.6166411,36.4702],[-92.6174792,36.4723608],[-92.6172411,36.4739331],[-92.6151144,36.4762678],[-92.61239,36.4776792],[-92.6101908,36.4774961],[-92.6097589,36.4779542],[-92.6100119,36.4804547],[-92.6093128,36.4804131],[-92.6084494,36.47806],[-92.6080589,36.4763122],[-92.6072142,36.4756661],[-92.6068114,36.4756094],[-92.6068092,36.4756944],[-92.6068136,36.4768172],[-92.6069194,36.4770708],[-92.6069847,36.4796769],[-92.6052544,36.4818422],[-92.6049592,36.4840614],[-92.6040558,36.4817222],[-92.602205,36.4814842],[-92.6020669,36.4814558],[-92.6006389,36.4812272],[-92.5990569,36.4816447],[-92.5982692,36.4825717],[-92.6004719,36.4899489],[-92.6011658,36.4956919],[-92.6018131,36.4983517],[-92.6019303,36.4985419],[-92.6020036,36.5001333],[-92.6003167,36.5025756],[-92.5995308,36.5036806],[-92.5993025,36.5038136],[-92.5955569,36.5069817],[-92.5954836,36.5071736],[-92.5930042,36.5096989],[-92.5928083,36.5098303],[-92.5919397,36.5121347],[-92.5918561,36.5123594],[-92.5909331,36.5143878],[-92.5905944,36.5146125],[-92.5902267,36.5147689],[-92.5889858,36.5152086],[-92.5886667,36.5150083],[-92.5885467,36.5149364],[-92.58926,36.5140161],[-92.5894158,36.5132647],[-92.5891361,36.5117111],[-92.5897736,36.5101511],[-92.5912719,36.5078997],[-92.5930136,36.50569],[-92.5942311,36.5038342],[-92.5962861,36.503055],[-92.5984569,36.5022753],[-92.6000458,36.5002661],[-92.6008072,36.4988994],[-92.5998964,36.4968594],[-92.5984875,36.4947533],[-92.5983856,36.4925086],[-92.5981417,36.49069],[-92.5974569,36.48827],[-92.5974569,36.4881747],[-92.5968678,36.4858467],[-92.5965033,36.4845994],[-92.5946019,36.4849708],[-92.5923989,36.4855258],[-92.5921653,36.485515],[-92.588775,36.4855311],[-92.5904819,36.4848125],[-92.5905414,36.4847983],[-92.5927678,36.4845281],[-92.5928333,36.4844892],[-92.5929333,36.4844578],[-92.5929875,36.4844564],[-92.5947022,36.4837803],[-92.5958961,36.4830142],[-92.5964747,36.4813206],[-92.5975264,36.4804561],[-92.6007244,36.4797361],[-92.6043275,36.479355],[-92.6050867,36.4790067],[-92.6051597,36.4787978],[-92.6043506,36.4767989],[-92.6042647,36.4765281],[-92.6040842,36.4749186],[-92.6035083,36.4746044],[-92.6033586,36.4747167],[-92.6032267,36.4747772],[-92.5996081,36.4762864],[-92.5968703,36.47648],[-92.5926067,36.476415],[-92.5893722,36.4763139],[-92.5867069,36.4764589],[-92.5817258,36.4751272],[-92.5789069,36.4747425],[-92.5754006,36.4753469],[-92.5753736,36.4754078],[-92.5745086,36.4772025],[-92.5744392,36.4771844],[-92.5728919,36.4762717],[-92.5727731,36.4761806],[-92.5696811,36.4754233],[-92.5696958,36.4753928],[-92.5698253,36.4748808],[-92.5736997,36.4749867],[-92.5740067,36.4748236],[-92.5755203,36.4734689],[-92.5813744,36.4731889],[-92.5853431,36.4744747],[-92.5887519,36.4746408],[-92.5959619,36.4740803],[-92.6019056,36.4725631],[-92.6053544,36.4706747],[-92.5967878,36.4670103],[-92.5949103,36.4653492],[-92.5991767,36.467305],[-92.6032139,36.4681369],[-92.6076822,36.4683519],[-92.6102908,36.4687781],[-92.6098561,36.4653583],[-92.6106822,36.4631536],[-92.6100219,36.4630328],[-92.6099289,36.4630358],[-92.6076572,36.4637325],[-92.60749,36.4637703],[-92.6041242,36.4638836],[-92.6030483,36.4630522],[-92.6055658,36.4632583],[-92.6069156,36.4624775],[-92.6052425,36.4596392],[-92.6039131,36.4579853],[-92.6019897,36.4560792],[-92.6006067,36.4552789],[-92.6006542,36.4549033],[-92.6029486,36.4559978],[-92.6051719,36.4577983],[-92.6080089,36.4594547],[-92.6082967,36.4595247],[-92.6103569,36.4603442],[-92.6129567,36.4602589],[-92.6149286,36.4596686],[-92.6177986,36.4589122],[-92.6194167,36.4589544],[-92.6198786,36.4585386],[-92.6189714,36.4579083],[-92.6160339,36.4574222],[-92.6158911,36.4574197],[-92.6124744,36.4564983],[-92.6104525,36.4555533],[-92.6120211,36.4557019],[-92.6123786,36.4558122],[-92.6153325,36.4561861],[-92.6178878,36.455875],[-92.6187642,36.4552028],[-92.6186644,36.4534706],[-92.6185969,36.4533442],[-92.6185117,36.4531594],[-92.6176456,36.4516856],[-92.6175306,36.4509406],[-92.6171392,36.4500119],[-92.6154814,36.4493517],[-92.6141272,36.449305],[-92.6133386,36.4495431],[-92.6145433,36.4488492],[-92.6167281,36.44871],[-92.6169664,36.4479156],[-92.6165497,36.4470794],[-92.6143275,36.4464033],[-92.6120383,36.44606],[-92.6102317,36.4458972],[-92.6096386,36.4455228],[-92.6098778,36.4454828],[-92.6106822,36.4457458],[-92.6107944,36.4457572],[-92.6128331,36.4453625],[-92.6136542,36.4452767],[-92.6146967,36.4455261],[-92.6160978,36.445825],[-92.6171422,36.4458833],[-92.6176592,36.4451425],[-92.6184164,36.4436381],[-92.6183483,36.4449478],[-92.6183333,36.4450003],[-92.6185014,36.4463889],[-92.6185256,36.44644],[-92.6188619,36.4475342],[-92.6198564,36.4486853],[-92.6198828,36.4487411],[-92.6204956,36.4503417],[-92.6207511,36.4504972],[-92.62281,36.44911],[-92.6228917,36.4490631],[-92.623335,36.4482592],[-92.6234553,36.4476428],[-92.6234989,36.4475928],[-92.6244031,36.44691],[-92.6251444,36.4473325],[-92.6258328,36.4477781],[-92.6288942,36.4488236],[-92.6297592,36.4492222],[-92.6292792,36.4486397],[-92.6286189,36.4477625],[-92.6294214,36.4476211],[-92.6301592,36.4471078],[-92.6301522,36.4470567],[-92.6294569,36.4459114],[-92.6294067,36.4458058],[-92.6290411,36.4446208],[-92.6303172,36.44457],[-92.6313486,36.4440875],[-92.6318086,36.442255],[-92.6293406,36.4417897],[-92.6280333,36.4418397],[-92.6289194,36.4414033],[-92.6290778,36.4413933],[-92.6318892,36.4409594],[-92.6327139,36.4404764],[-92.6327667,36.4404272],[-92.6328283,36.4403908],[-92.6328367,36.4398567],[-92.6355328,36.4401264],[-92.6356014,36.4401417],[-92.6370056,36.4400078],[-92.6398675,36.4388958],[-92.6425386,36.4388444],[-92.6434711,36.4402628],[-92.6434794,36.4403719],[-92.6436081,36.4406156],[-92.6438125,36.4418975],[-92.6436525,36.4421122],[-92.6414633,36.4425014],[-92.6393717,36.4436906],[-92.6391528,36.4438192],[-92.638305,36.4444311],[-92.6364497,36.4443497],[-92.6362756,36.4444011],[-92.635795,36.4449692],[-92.6357294,36.4452028],[-92.6356356,36.4463747],[-92.6357028,36.4464894],[-92.6386039,36.4474206],[-92.638785,36.4476278],[-92.6406211,36.4491531],[-92.6434289,36.448885],[-92.64381,36.4486375],[-92.6454722,36.4465317],[-92.6456292,36.44632],[-92.6470842,36.4440831],[-92.6491008,36.4428317],[-92.6509392,36.4412944],[-92.6504325,36.4407497],[-92.6516658,36.4398186],[-92.6531225,36.4394283],[-92.6534583,36.4388225],[-92.6523572,36.4383725],[-92.65125,36.4379347],[-92.6512125,36.43763],[-92.6512461,36.4376144],[-92.6519456,36.4371242],[-92.6511236,36.4356639],[-92.6505147,36.4348333],[-92.64999,36.4347094],[-92.6500472,36.4343122],[-92.6503256,36.4332064],[-92.6509406,36.4328161],[-92.6514581,36.4325878],[-92.6517619,36.4315331],[-92.6519875,36.4314581],[-92.6521367,36.4315144],[-92.652725,36.4321089],[-92.6527572,36.4323072],[-92.6530903,36.4338117],[-92.6530478,36.4338922],[-92.6535408,36.4348969],[-92.6536792,36.4349944],[-92.6537253,36.4350269],[-92.6546403,36.4352486],[-92.6547825,36.4352122],[-92.6553703,36.4346814],[-92.6549128,36.4333236],[-92.6549119,36.4331942],[-92.6556036,36.4321947],[-92.6557317,36.4312219],[-92.654705,36.43041],[-92.6532878,36.4298331],[-92.6526892,36.4294822],[-92.6507331,36.4289039],[-92.6509844,36.4267819],[-92.6504747,36.4258808],[-92.6505797,36.42457],[-92.6509756,36.4237314],[-92.6508683,36.4232217],[-92.6504503,36.4233592],[-92.6484492,36.425455],[-92.64692,36.4272567],[-92.647485,36.4283847],[-92.6474772,36.4284078],[-92.6468981,36.4289906],[-92.6468436,36.4289775],[-92.6466808,36.4289389],[-92.645675,36.42903],[-92.6455861,36.4291125],[-92.6455522,36.4297833],[-92.6455922,36.4299228],[-92.6471489,36.4318058],[-92.6478389,36.4328797],[-92.6470611,36.4331981],[-92.6458278,36.4321928],[-92.6442806,36.4310378],[-92.6424514,36.4306875],[-92.6422911,36.4307831],[-92.6407772,36.4309283],[-92.6396736,36.4299633],[-92.6394261,36.4282478],[-92.6387314,36.4271247],[-92.6384811,36.4269461],[-92.6375792,36.4268161],[-92.6369672,36.4273142],[-92.6368325,36.4292272],[-92.6367853,36.4293828],[-92.6378272,36.4307881],[-92.6379317,36.4308378],[-92.6395122,36.4319175],[-92.6413533,36.4321953],[-92.6423283,36.4335706],[-92.6425014,36.4337839],[-92.6434369,36.4349681],[-92.6434569,36.4351797],[-92.6437683,36.4364883],[-92.6436372,36.4365831],[-92.6425739,36.4376286],[-92.6411425,36.437635],[-92.6402106,36.4365053],[-92.6383269,36.4369417],[-92.6381439,36.4368978],[-92.6370567,36.4364511],[-92.6370314,36.4363522],[-92.6371258,36.4356072],[-92.6371278,36.4354514],[-92.6370711,36.4339414],[-92.6363689,36.4340314],[-92.6353019,36.4356339],[-92.6350097,36.4357558],[-92.6324303,36.4360264],[-92.6338842,36.4346986],[-92.63378,36.4334494],[-92.6329892,36.4317822],[-92.6325278,36.4312344],[-92.6323192,36.4313272],[-92.6306458,36.4317392],[-92.6306036,36.4318175],[-92.6297933,36.4323731],[-92.6291303,36.4318083],[-92.6302208,36.4309417],[-92.6303669,36.4308],[-92.6304417,36.4307283],[-92.6312111,36.4298967]]},"properties":{}},{"type":"Feature","geometry":{"type":"LineString","coordinates":[[-93.6959356,36.5326514],[-93.6990119,36.5366372],[-93.7026072,36.5362994],[-93.7067164,36.5332206],[-93.7088708,36.5281175],[-93.7081767,36.5219328],[-93.7092961,36.5220061],[-93.70931,36.5222269],[-93.7093269,36.5224931],[-93.7101775,36.5316469],[-93.7080106,36.5341367],[-93.7173889,36.5316633],[-93.7218511,36.5273119],[-93.7218664,36.526935],[-93.7243514,36.5217786],[-93.7306981,36.5221706],[-93.7347181,36.5252506],[-93.7349692,36.5256156],[-93.7370089,36.5308122],[-93.7374886,36.5312919],[-93.7412294,36.5348997],[-93.7438608,36.5352928],[-93.7451433,36.5335047],[-93.7424561,36.5292858],[-93.7399131,36.5252711],[-93.7375914,36.5204525],[-93.7375064,36.5201736],[-93.73565,36.5162444],[-93.7356425,36.5160861],[-93.7364689,36.514515],[-93.7366411,36.5142686],[-93.7371606,36.5140478],[-93.7427547,36.5123628],[-93.7430875,36.5123592],[-93.7483567,36.5130336],[-93.7486886,36.5130769],[-93.7537614,36.5140333],[-93.7575817,36.5127506],[-93.7577614,36.5126356],[-93.7588275,36.5107964],[-93.7568669,36.5060358],[-93.7522783,36.5023167],[-93.7522433,36.5020183],[-93.7519886,36.5011739],[-93.7525247,36.4972386],[-93.7531183,36.4969397],[-93.7555414,36.4941833],[-93.7588189,36.4927972],[-93.7716772,36.4929397],[-93.7799703,36.4918358],[-93.7823569,36.4886786],[-93.7833611,36.4865797],[-93.7854683,36.4879536],[-93.7842622,36.4906772],[-93.7841711,36.4908189],[-93.7839956,36.4911489],[-93.7775444,36.4950381],[-93.767795,36.495705],[-93.7619883,36.4952747],[-93.7581153,36.4949456],[-93.7550539,36.4972081],[-93.7552475,36.5012753],[-93.7598189,36.5049269],[-93.7598253,36.5052736],[-93.7617606,36.50842],[-93.7603311,36.5126258],[-93.7602183,36.5130794],[-93.7559675,36.51574],[-93.7510972,36.5159114],[-93.746505,36.5151017],[-93.7417561,36.5153361],[-93.7397461,36.5162833],[-93.7400175,36.5194814],[-93.7447725,36.5264503],[-93.7471481,36.5295883],[-93.7472106,36.5299011],[-93.7478147,36.534655],[-93.7449028,36.5372897],[-93.7411189,36.5374361],[-93.7350211,36.5332061],[-93.7319167,36.5289922],[-93.7319219,36.5286403],[-93.7296744,36.5258806],[-93.7266614,36.5253744],[-93.7248478,36.5285072],[-93.7223539,36.5327558],[-93.7191903,36.5361447],[-93.7178342,36.5373558],[-93.7180142,36.5375147],[-93.7202694,36.5381739],[-93.7233925,36.5372317],[-93.723575,36.5371192],[-93.7270608,36.5370125],[-93.7289608,36.5371364],[-93.7293669,36.5398053],[-93.7278328,36.5403517],[-93.7260994,36.5407456],[-93.7254381,36.5419297],[-93.7264461,36.5421819],[-93.7266967,36.5421772],[-93.7291217,36.5416225],[-93.7328875,36.5418675],[-93.7355928,36.5438425],[-93.7357717,36.5465344],[-93.7399844,36.5471083],[-93.7402408,36.5471003],[-93.7431242,36.5470586],[-93.7432658,36.5471778],[-93.7450667,36.5481978],[-93.748195,36.5474206],[-93.7531725,36.5475631],[-93.7548761,36.5490639],[-93.7541925,36.5493175],[-93.7518197,36.5482219],[-93.7464753,36.5501622],[-93.7421133,36.5498931],[-93.7349764,36.5483294],[-93.7328828,36.5453225],[-93.7318892,36.543185],[-93.7285567,36.5434533],[-93.7251589,36.5435403],[-93.7240139,36.5422369],[-93.7240111,36.5420122],[-93.7240081,36.5417881],[-93.7238556,36.5402861],[-93.7219342,36.5410553],[-93.7218725,36.5410544],[-93.7198803,36.5422561],[-93.7161439,36.5412014],[-93.7160194,36.5410469],[-93.7157717,36.5409453],[-93.7149392,36.5397439],[-93.7148856,36.5395225],[-93.7139022,36.5379467],[-93.7135417,36.5377919],[-93.7095353,36.5373003],[-93.7090369,36.537475],[-93.70306,36.5387767],[-93.6996747,36.5393553],[-93.6964286,36.5386453],[-93.6946553,36.5357983],[-93.6922931,36.5331294],[-93.6896314,36.5332042],[-93.6873667,36.5344311],[-93.6854836,36.5381153],[-93.6855517,36.5418231],[-93.6856417,36.5422264],[-93.6872267,36.5445772],[-93.6879608,36.5466078],[-93.6903053,36.5480531],[-93.6902983,36.5482686],[-93.6907206,36.5510136],[-93.6911347,36.5523444],[-93.6890108,36.5523122],[-93.6881442,36.5531478],[-93.6887367,36.5538164],[-93.6914392,36.55352],[-93.6935114,36.5541992],[-93.6944622,36.5579619],[-93.6978081,36.5591367],[-93.7002314,36.5610853],[-93.7036592,36.5646219],[-93.7068575,36.5664161],[-93.7090856,36.5691939],[-93.7081792,36.5711069],[-93.7045417,36.5736619],[-93.7043122,36.5727492],[-93.7067558,36.5699622],[-93.7073511,36.5686253],[-93.7024572,36.5659939],[-93.6995122,36.5630042],[-93.6992139,36.5628619],[-93.6982039,36.5624892],[-93.6973172,36.5618483],[-93.696795,36.5615394],[-93.6966775,36.5613917],[-93.6941575,36.5600106],[-93.6918767,36.5581689],[-93.691565,36.5557789],[-93.6884603,36.5554339],[-93.6867406,36.5545542],[-93.68631,36.5529217],[-93.6869819,36.5516011],[-93.6834714,36.5541189],[-93.6784561,36.5564883],[-93.6760325,36.5581511],[-93.6761019,36.5591578],[-93.6761972,36.5593492],[-93.6780947,36.5615856],[-93.6808247,36.5639786],[-93.6808817,36.5683169],[-93.6790383,36.5717583],[-93.6789286,36.5731897],[-93.6791011,36.5733519],[-93.6799289,36.5738358],[-93.6818544,36.5747414],[-93.6833425,36.5737014],[-93.6845531,36.5766783],[-93.6840508,36.5815103],[-93.6816572,36.5834914]]},"properties":{}},{"type":"Feature","geometry":{"type":"LineString","coordinates":[[-93.6786378,36.5809447],[-93.6803514,36.5800894],[-93.6816633,36.5789767],[-93.6813014,36.5787619],[-93.6762422,36.5734853],[-93.67465,36.5679983],[-93.6745578,36.5677464],[-93.6743311,36.5674461],[-93.6740181,36.5669464],[-93.6723967,36.5635117],[-93.6706072,36.5606125],[-93.6702758,36.5603833],[-93.6688461,36.5575172],[-93.6682053,36.5563836],[-93.6698758,36.5581861],[-93.6710219,36.5598436],[-93.6713406,36.5600247],[-93.6742569,36.5636567],[-93.6743972,36.5638478],[-93.6762772,36.5672975],[-93.6778514,36.5672575],[-93.6778814,36.5670036],[-93.6779178,36.5668006],[-93.6770564,36.5644283],[-93.67677,36.5641394],[-93.6762681,36.5637072],[-93.6760528,36.5635158],[-93.6729328,36.5600319],[-93.67296,36.5597475],[-93.6742192,36.5562847],[-93.6755244,36.5543819],[-93.6756142,36.5541553],[-93.6749961,36.5527561],[-93.6765381,36.5531081],[-93.6787322,36.5530947],[-93.6789481,36.5529564],[-93.6790592,36.5529094],[-93.6822625,36.5509022],[-93.6825322,36.5507653],[-93.6838892,36.5489781],[-93.6832992,36.5449331],[-93.6831881,36.5446939],[-93.6822056,36.5401439]]},"properties":{}},{"type":"Feature","geometry":{"type":"LineString","coordinates":[[-93.6585306,36.5795025],[-93.6545886,36.5742586],[-93.6484647,36.5715844],[-93.6447811,36.5693858],[-93.6381517,36.56865],[-93.6357872,36.5725536],[-93.6358761,36.5727864],[-93.6362606,36.5755289],[-93.6365136,36.5758636],[-93.6386628,36.5783806],[-93.638815,36.5785347],[-93.6390036,36.5788475],[-93.6400328,36.5803622],[-93.6400133,36.5809039],[-93.6376731,36.5852311],[-93.6319281,36.5923067],[-93.6275492,36.5946019],[-93.6271572,36.5947508],[-93.6223439,36.5964292],[-93.6178217,36.5997578],[-93.6179203,36.6004939],[-93.6182672,36.6006333],[-93.6260225,36.6030439],[-93.6284642,36.6070922],[-93.6234447,36.6138653],[-93.6173211,36.6170208],[-93.6100256,36.61608],[-93.6095925,36.6159247],[-93.5999036,36.6129556],[-93.5932647,36.6077889],[-93.5894847,36.6004808],[-93.5864256,36.5938522],[-93.5823097,36.5907486],[-93.5742933,36.5896706],[-93.5634572,36.5910064],[-93.5546744,36.5921],[-93.54605,36.5916139],[-93.5411067,36.5915317],[-93.5418492,36.5941744],[-93.5425642,36.5944564],[-93.5443742,36.5960108],[-93.5470989,36.5943272],[-93.5529578,36.594385],[-93.5477894,36.5964903],[-93.5478628,36.5968081],[-93.5511217,36.6001836],[-93.55132,36.6002917],[-93.5560606,36.6034683],[-93.5563303,36.6035756],[-93.5569456,36.6039069],[-93.5571519,36.6040197],[-93.5598619,36.6062208],[-93.5599608,36.6065761],[-93.5600553,36.6068736],[-93.5592533,36.6108792],[-93.5591925,36.610995],[-93.5555214,36.6141067],[-93.5554208,36.6142125],[-93.5539089,36.6156203],[-93.5589908,36.6163581],[-93.5619956,36.6174136],[-93.5621633,36.6176586],[-93.5663803,36.6206447],[-93.5693561,36.6236769],[-93.5715528,36.6266092],[-93.5722306,36.6265856],[-93.5768225,36.6262114],[-93.5772972,36.6263911],[-93.5848122,36.6295408],[-93.5929236,36.6316736],[-93.5990603,36.6320189],[-93.6015669,36.63474],[-93.5984961,36.6332706],[-93.5912972,36.6335628],[-93.5879319,36.6325978],[-93.5811014,36.6302611],[-93.5763961,36.6282158],[-93.5697422,36.6287833],[-93.5683042,36.6266753],[-93.5636031,36.6229981],[-93.5630506,36.6224975],[-93.5612789,36.6206236],[-93.5501789,36.6182561],[-93.5495192,36.6184061],[-93.5462461,36.620055],[-93.5479742,36.6280725],[-93.5447653,36.6238767],[-93.5433147,36.6233036],[-93.5436497,36.6199056],[-93.5436367,36.6194078],[-93.5407967,36.6186544],[-93.5405481,36.6187333],[-93.5340586,36.6186972],[-93.5338269,36.618525],[-93.5293125,36.6151686],[-93.5289892,36.6149681],[-93.5286714,36.6145597],[-93.5280747,36.6141019],[-93.5257478,36.6091972],[-93.5226758,36.6061675],[-93.5222656,36.5986083],[-93.5203481,36.5981617],[-93.5226475,36.5940328],[-93.5213464,36.5913953],[-93.5190453,36.5868825],[-93.5179633,36.5812175],[-93.517965,36.5811439],[-93.5180208,36.5773536],[-93.5181961,36.5771083],[-93.5203517,36.5748125],[-93.5217142,36.5735769],[-93.5204906,36.5731106],[-93.5162758,36.5742722],[-93.5161436,36.5744092],[-93.5136661,36.5763311],[-93.513385,36.5767506],[-93.5122647,36.57959],[-93.5122539,36.5797694],[-93.5123203,36.5801281],[-93.5128667,36.5822006],[-93.5128975,36.5824597],[-93.5129631,36.5829058],[-93.5130372,36.5832039],[-93.5145517,36.5868186],[-93.5168344,36.5928881],[-93.5159717,36.59786],[-93.5159692,36.5979492],[-93.5168528,36.6034975],[-93.5124028,36.6064372],[-93.5122036,36.6066092],[-93.5074481,36.6086625],[-93.5056028,36.6069261],[-93.5027142,36.6068022],[-93.5022436,36.6073111],[-93.4993558,36.6094611],[-93.4977922,36.6135675],[-93.5005103,36.6162333],[-93.5005208,36.6165025],[-93.4993697,36.6183994],[-93.5036197,36.6242194],[-93.5015572,36.6245414],[-93.4958636,36.6209578],[-93.4886828,36.6215653],[-93.488375,36.6216614],[-93.4802256,36.6230375],[-93.4753889,36.6270047],[-93.4728319,36.6251047],[-93.4727375,36.6246661],[-93.47253,36.6220583],[-93.4691261,36.6223186],[-93.4693661,36.6265242],[-93.4695408,36.6269956],[-93.471645,36.6306308],[-93.4713825,36.6342508],[-93.4755125,36.6325456],[-93.4825889,36.6332397],[-93.4774331,36.6353158],[-93.4838058,36.6375231],[-93.4905744,36.6379758],[-93.4907911,36.6382764],[-93.4937692,36.6418289],[-93.4912197,36.6481672],[-93.4894511,36.6504875],[-93.4855358,36.6495922],[-93.4846383,36.6512419],[-93.4847306,36.6515722],[-93.4864828,36.6538603],[-93.4862775,36.654455],[-93.4844564,36.6571947],[-93.4844531,36.6574506],[-93.4841653,36.6637131],[-93.4841928,36.6693706],[-93.4920003,36.6721325],[-93.4982869,36.6762814],[-93.5018211,36.6773594],[-93.5021328,36.6771614],[-93.5036589,36.6755108],[-93.4977708,36.6723822],[-93.4927111,36.669115],[-93.4888739,36.6646275],[-93.4891861,36.6641581],[-93.4920025,36.6599097],[-93.4924017,36.6596494],[-93.4969792,36.6568872],[-93.50136,36.6588594],[-93.5047872,36.6587789],[-93.5011742,36.6537511],[-93.5011681,36.6535831],[-93.5009978,36.6489111],[-93.5015667,36.6484117],[-93.5056511,36.6459822],[-93.5064183,36.6458028],[-93.5116675,36.6444803],[-93.5117642,36.6444783],[-93.5136708,36.6440422],[-93.5161614,36.6461278],[-93.5164697,36.6463569],[-93.5169639,36.6464997],[-93.5253631,36.650125],[-93.5295181,36.6509417],[-93.53008,36.6506808],[-93.5304542,36.6505072],[-93.5355561,36.6481692],[-93.5360456,36.6481575],[-93.5415075,36.6447339],[-93.5465394,36.6467808],[-93.5465956,36.6471031],[-93.5486794,36.6516475],[-93.5487533,36.6520619],[-93.5483639,36.6550086],[-93.5481661,36.6550147],[-93.5449081,36.6565442],[-93.5510881,36.6600283],[-93.5505806,36.6654233],[-93.5474614,36.6708253],[-93.5421667,36.6699972],[-93.5388906,36.678175],[-93.5408136,36.6833422],[-93.5490644,36.6865708],[-93.5604697,36.6815775],[-93.5661111,36.6798239],[-93.5656297,36.6820886],[-93.5651797,36.6823264],[-93.5573914,36.6868844],[-93.55719,36.6869892],[-93.5489092,36.6892614],[-93.5403697,36.6864444],[-93.5396544,36.68597],[-93.5345961,36.6808442],[-93.5284119,36.6814558],[-93.5228261,36.6835633],[-93.5216222,36.6858086],[-93.5237381,36.6873864],[-93.5287836,36.6875547],[-93.5358356,36.6899181],[-93.5388767,36.6952058],[-93.5383628,36.7038789],[-93.5396561,36.7079119],[-93.5436544,36.7163764],[-93.5426386,36.7230433],[-93.5373483,36.7238944],[-93.5339547,36.7213236],[-93.5312861,36.7161508],[-93.5236072,36.7173314],[-93.5177975,36.7185108],[-93.5174683,36.7184331],[-93.5113369,36.7161242],[-93.5086264,36.7131103],[-93.5057717,36.7173428],[-93.4983053,36.7200272],[-93.4948989,36.7227461],[-93.5002106,36.7290703],[-93.5024592,36.7341106],[-93.5013136,36.7366778],[-93.4984089,36.7378647],[-93.4981044,36.7403497],[-93.5010156,36.7411456],[-93.5071183,36.7413217],[-93.5129833,36.7438811],[-93.514695,36.7470981],[-93.5133989,36.7498781],[-93.5113272,36.7525394],[-93.5114997,36.7556628],[-93.5149725,36.7562458],[-93.5194656,36.7531189],[-93.5242267,36.7527775],[-93.5269625,36.7546389],[-93.5274283,36.7549086],[-93.5285147,36.7577261],[-93.5265825,36.7633775],[-93.5262483,36.76734],[-93.5279936,36.7692567],[-93.5304678,36.7695097],[-93.5306933,36.7688864],[-93.5311383,36.7682603],[-93.5313092,36.7673358],[-93.5309675,36.7634203],[-93.5325036,36.7628056],[-93.5327681,36.7630925],[-93.5340519,36.7644078],[-93.5341714,36.7651],[-93.5342531,36.7694231],[-93.5321697,36.7718464],[-93.5274378,36.77166],[-93.5241769,36.7683658],[-93.5239292,36.7680086],[-93.5237986,36.7677408],[-93.5241475,36.7627469],[-93.5254453,36.7580614],[-93.5268156,36.7563544],[-93.5256261,36.7550258],[-93.5226303,36.7558081],[-93.5223361,36.7559994],[-93.5178481,36.7579675],[-93.5137361,36.7588344],[-93.5126486,36.7585142],[-93.5102161,36.7570056],[-93.5100894,36.7568194],[-93.5091619,36.7520256],[-93.5106775,36.7463083],[-93.5097881,36.7447433],[-93.5081456,36.7447808],[-93.5081972,36.7453042],[-93.5074608,36.7507094],[-93.5039569,36.7557894],[-93.5033542,36.7560222],[-93.4988506,36.7569278],[-93.4946761,36.75776],[-93.4922889,36.7604183],[-93.4923031,36.76069],[-93.4941406,36.7655883],[-93.4945044,36.7661669],[-93.4943228,36.7682931],[-93.4949906,36.7700839],[-93.4981786,36.7712942],[-93.4990781,36.7714786],[-93.5059803,36.770945],[-93.5099533,36.7710969],[-93.5106428,36.7712978],[-93.5144592,36.7728997],[-93.5146211,36.7763389],[-93.5144411,36.7765128],[-93.5129017,36.7806661],[-93.5140533,36.7853125],[-93.5158361,36.7909494],[-93.5157753,36.7974572],[-93.5131408,36.8013189],[-93.5099892,36.8020678],[-93.5060244,36.8003578],[-93.5061436,36.7970144],[-93.5074511,36.7950883],[-93.5073975,36.7945239],[-93.5068286,36.7907228],[-93.5076164,36.7870517],[-93.5060333,36.7844947],[-93.5040856,36.7832361],[-93.503815,36.7836783],[-93.5007783,36.7869956],[-93.5008192,36.787605],[-93.4956364,36.7907772],[-93.4917219,36.7914717],[-93.4889656,36.7904008],[-93.4872711,36.7869822],[-93.4861144,36.7834467],[-93.4834083,36.7815],[-93.4815861,36.7816344],[-93.4814981,36.7822506],[-93.4834683,36.7871897],[-93.4817231,36.7912425],[-93.4814308,36.7919475],[-93.47948,36.7935828],[-93.4790614,36.7936031],[-93.4732661,36.7936675],[-93.4694303,36.7899131],[-93.4697031,36.7879847],[-93.4697411,36.7877133],[-93.4711692,36.7873517],[-93.4716708,36.7874589],[-93.4723786,36.7877406],[-93.4769975,36.7893656],[-93.4795858,36.7894119],[-93.4774314,36.7819089],[-93.4799008,36.7774914],[-93.4852003,36.7773272],[-93.48522,36.7778914],[-93.4889481,36.7809847],[-93.4917342,36.7837753],[-93.4911275,36.7878611],[-93.4922144,36.7888456],[-93.4949519,36.7861561],[-93.4951522,36.7860628],[-93.4990964,36.7815953],[-93.5032383,36.7805089],[-93.5076372,36.7832694],[-93.5096825,36.790315],[-93.509775,36.7951122],[-93.5098303,36.7956742],[-93.5089769,36.7977858],[-93.5087828,36.7979819],[-93.5078144,36.7989764],[-93.5093178,36.8001056],[-93.51241,36.7999314],[-93.5142297,36.7960617],[-93.5101367,36.7842606],[-93.5108394,36.7787014],[-93.5125369,36.7749361],[-93.5100006,36.7727414],[-93.5023842,36.7740925],[-93.4966664,36.7738219],[-93.4925228,36.7706958],[-93.4881044,36.7615647],[-93.4920789,36.7559983],[-93.4984422,36.7540117],[-93.5040039,36.7514603],[-93.5054797,36.7494728],[-93.5052575,36.7491189],[-93.5025378,36.7447289],[-93.5021625,36.7445983],[-93.4969172,36.7438217],[-93.4949861,36.7433114],[-93.4947033,36.7418069],[-93.4946728,36.7414717],[-93.4966492,36.7343625],[-93.4972281,36.7310481],[-93.4957856,36.7285911],[-93.4925836,36.7279258],[-93.4924642,36.7275178],[-93.4920619,36.7254022],[-93.4922458,36.7251547],[-93.4924517,36.7197892],[-93.4883336,36.7179461],[-93.477985,36.7170303],[-93.4850286,36.7163236],[-93.4924264,36.7173869],[-93.4943397,36.7174133],[-93.5036519,36.7154261],[-93.5052553,36.7121308],[-93.5033675,36.7089064],[-93.5013964,36.7065439],[-93.5025686,36.7042861],[-93.5060522,36.7024314],[-93.5101453,36.7036794],[-93.5104247,36.704315],[-93.5137425,36.7088822],[-93.5157664,36.7130883],[-93.5160094,36.7158261],[-93.5188447,36.7156039],[-93.5243953,36.7131086],[-93.5296056,36.7126744],[-93.5350178,36.7156047],[-93.5374469,36.7202411],[-93.53879,36.7222006],[-93.5405556,36.7212756],[-93.5409497,36.7189619],[-93.5408097,36.7187306],[-93.5388669,36.7145961],[-93.5342978,36.7090581],[-93.5344025,36.7005611],[-93.5350114,36.6951747],[-93.5336281,36.6921231],[-93.5284511,36.6915894],[-93.5255053,36.6912536],[-93.5226714,36.6912556],[-93.5189414,36.6924025],[-93.5144189,36.6925136],[-93.5102306,36.6915539],[-93.5161611,36.6915428],[-93.5184119,36.6899819],[-93.5176411,36.6870947],[-93.5172967,36.6836453],[-93.5213436,36.6794747],[-93.5267156,36.6775842],[-93.53261,36.6754819],[-93.5327975,36.6753583],[-93.5352431,36.6739672],[-93.5354231,36.6737897],[-93.5373536,36.6693067],[-93.5416867,36.6662169],[-93.5451131,36.6646989],[-93.5475708,36.6641633],[-93.5471592,36.66333],[-93.5443017,36.6633983],[-93.5427492,36.6632781],[-93.5414497,36.6612836],[-93.541255,36.6608264],[-93.5406664,36.6574133],[-93.5404569,36.6571686],[-93.5368733,36.6545169],[-93.5320136,36.6556514],[-93.5254597,36.6548978],[-93.5251306,36.6547617],[-93.5192364,36.6524194],[-93.5190403,36.6522311],[-93.5139075,36.6504389],[-93.5137811,36.6503497],[-93.5099844,36.6491181],[-93.5095528,36.6490389],[-93.5064628,36.6490647],[-93.5058686,36.6509067],[-93.5071647,36.6526064],[-93.5085367,36.6544225],[-93.51133,36.6545483],[-93.5143853,36.6574933],[-93.5143914,36.6577403],[-93.5145286,36.6580839],[-93.51581,36.6598556],[-93.5169847,36.6617628],[-93.5163478,36.6623953],[-93.5151417,36.6617039],[-93.5125886,36.6577353],[-93.5108422,36.6565006],[-93.5091675,36.6574686],[-93.5081164,36.661205],[-93.5044239,36.6633475],[-93.5000692,36.6630381],[-93.4972556,36.6627425],[-93.4947308,36.6629583],[-93.4937689,36.6643864],[-93.4959317,36.6659692],[-93.5001225,36.6662444],[-93.5045264,36.6667294],[-93.5054386,36.6682739],[-93.5084761,36.6723397],[-93.5083714,36.6779053],[-93.5061797,36.6805922],[-93.4989683,36.6810194],[-93.4935183,36.6800911],[-93.4899444,36.6786847],[-93.4878614,36.6836525],[-93.4867581,36.6871775],[-93.4850769,36.6870992],[-93.4866617,36.6813964],[-93.4866956,36.6809197],[-93.4876381,36.6776231],[-93.4876572,36.6773892],[-93.4869011,36.6758317],[-93.4808478,36.6735706],[-93.4772725,36.6708472],[-93.4749833,36.6677525],[-93.4760686,36.6632858],[-93.4781308,36.6602194],[-93.4794667,36.6559678],[-93.4791406,36.6532925],[-93.4781683,36.652615],[-93.4752397,36.6537083],[-93.4706783,36.6581281],[-93.4706097,36.6581858],[-93.4688861,36.6617753],[-93.4688158,36.6618933],[-93.4683842,36.66575],[-93.4683833,36.6660514],[-93.4683825,36.6662928],[-93.4683783,36.6681164],[-93.4653722,36.6720569],[-93.4633117,36.6766481],[-93.4632328,36.6768469],[-93.4615514,36.6779714],[-93.457545,36.67931],[-93.4505436,36.6815894],[-93.4455708,36.6836558],[-93.4427767,36.6848169],[-93.4365089,36.6847064],[-93.4331219,36.6841878],[-93.4358978,36.6829706],[-93.43867,36.6836369],[-93.4422922,36.6831358],[-93.4464756,36.6811769],[-93.4534533,36.6787286],[-93.4590264,36.6766386],[-93.4618847,36.6737225],[-93.4625739,36.6707408],[-93.4633172,36.6690947],[-93.4649661,36.6684589],[-93.4657453,36.6642822],[-93.4650414,36.6630592],[-93.4609619,36.6636253],[-93.4602806,36.6628144],[-93.4640008,36.6615625],[-93.4656667,36.6608994],[-93.4657981,36.6582808],[-93.4616958,36.6574722],[-93.4622419,36.6574056],[-93.4673661,36.6561142],[-93.4679664,36.6550553],[-93.4667339,36.6537339],[-93.4697669,36.6537094],[-93.4714683,36.6521272],[-93.4705536,36.6503531],[-93.4645933,36.6499642],[-93.4580844,36.650485],[-93.45782,36.6505431],[-93.4517261,36.6515789],[-93.449095,36.6531783],[-93.4502231,36.6516078],[-93.4506397,36.6513347],[-93.4566903,36.6488042],[-93.4600381,36.6489847],[-93.4621,36.6481122],[-93.4624936,36.6480519],[-93.4627564,36.6479944],[-93.4665536,36.6475489],[-93.4668156,36.6474408],[-93.4684486,36.6470969],[-93.4725025,36.6490567],[-93.4764356,36.6484478],[-93.4766933,36.6483386],[-93.4794214,36.6467394],[-93.4828658,36.6443333],[-93.4852175,36.6423533],[-93.4807753,36.6420772],[-93.4770375,36.6422247],[-93.4743092,36.6426017],[-93.4723392,36.64164],[-93.4720517,36.6415808],[-93.4672556,36.63965],[-93.4665469,36.6393767],[-93.4627056,36.6353675],[-93.4627017,36.6351442],[-93.4621194,36.6329475],[-93.4632528,36.6287308],[-93.4630472,36.6284197],[-93.4625661,36.6274361],[-93.4624269,36.6271286],[-93.4610833,36.6251544],[-93.4609486,36.6249542],[-93.4607483,36.6246033],[-93.4603469,36.6231019],[-93.4603461,36.6228525],[-93.4615911,36.6195308],[-93.4617786,36.6192847],[-93.4635781,36.6144067],[-93.4650939,36.6124889],[-93.4637275,36.6115072],[-93.4658242,36.6098653],[-93.4638164,36.6090194],[-93.4595822,36.6098003],[-93.4604978,36.6083217],[-93.460695,36.6082136],[-93.4669881,36.6070344],[-93.4693053,36.6088972],[-93.471115,36.6092733],[-93.4712364,36.6090611],[-93.4729672,36.6070506],[-93.4722758,36.6042783],[-93.4715644,36.6020658],[-93.4688036,36.6020819],[-93.4681978,36.5999233],[-93.4653606,36.5982753],[-93.4624678,36.5982947],[-93.4624694,36.5983894],[-93.46128,36.5998822],[-93.4614731,36.6001658],[-93.4622497,36.6012103],[-93.4588069,36.6005656]]},"properties":{}},{"type":"Feature","geometry":{"type":"LineString","coordinates":[[-93.5265792,36.5727661],[-93.5272836,36.5736822],[-93.5307947,36.5788956],[-93.5292128,36.5823842],[-93.5263236,36.5796467],[-93.5237531,36.5808572],[-93.5267169,36.5864133],[-93.5287156,36.5990975],[-93.5298103,36.6066478],[-93.5335203,36.6115003],[-93.5416117,36.6150169],[-93.5490889,36.6112872],[-93.5553856,36.6089],[-93.5548817,36.6072503],[-93.5477614,36.6031658],[-93.5377164,36.5970889],[-93.5370633,36.5906714],[-93.5414886,36.5871361],[-93.5436708,36.5836414],[-93.5435767,36.5829956],[-93.5400856,36.5792375],[-93.5413075,36.5783378],[-93.5460903,36.5807625],[-93.550305,36.5806606],[-93.5500856,36.5822725],[-93.5500114,36.5825158],[-93.5458219,36.5854656],[-93.5452397,36.5882919],[-93.5516397,36.5887236],[-93.5589192,36.5871314],[-93.5637033,36.58553],[-93.5662456,36.5810778],[-93.5662311,36.5808375],[-93.5627389,36.5731644],[-93.5663664,36.5701914],[-93.5685389,36.5684083],[-93.569985,36.5691169],[-93.5699958,36.5693469],[-93.5659153,36.5740828],[-93.5673081,36.5785017],[-93.5694419,36.5811606],[-93.5694689,36.5815619],[-93.5679775,36.5839503],[-93.5684028,36.5856628],[-93.5753792,36.5854919],[-93.5827772,36.5853925],[-93.5884078,36.58867],[-93.5935558,36.595655],[-93.5983281,36.6050317],[-93.6017247,36.6094819],[-93.6088075,36.6123508],[-93.6151117,36.6130442],[-93.6200456,36.6116833],[-93.6225114,36.60944],[-93.6195044,36.6058947],[-93.6118436,36.6031969],[-93.6060911,36.6015336],[-93.6033794,36.5970442],[-93.6035564,36.5967775],[-93.604835,36.5928306],[-93.6050681,36.5928308],[-93.6102181,36.5927158],[-93.6131603,36.5917881],[-93.6123822,36.5903606],[-93.6026133,36.587045],[-93.6010836,36.5832936],[-93.6050347,36.5794042],[-93.6104031,36.576415],[-93.6138086,36.5735986],[-93.6129528,36.5717683],[-93.6087047,36.5725722],[-93.6086164,36.5726514],[-93.6007031,36.5764183],[-93.5952328,36.5771075],[-93.5948189,36.5771181],[-93.5914167,36.5753219],[-93.5893522,36.5693906],[-93.5891692,36.5688736],[-93.5907886,36.5659975],[-93.5912447,36.5656117],[-93.5948253,36.5642647],[-93.5980625,36.5627906],[-93.5971264,36.5610167],[-93.5912769,36.5565067],[-93.5901797,36.5528258],[-93.5931508,36.5488383],[-93.5993156,36.5480092],[-93.6034233,36.5523464],[-93.6046936,36.5564881],[-93.6056856,36.5563592],[-93.6057431,36.5559667],[-93.6067133,36.548195],[-93.6052478,36.5406075],[-93.6032489,36.5374225],[-93.5984328,36.5373739],[-93.5987194,36.5371039],[-93.5996144,36.5365589],[-93.5999392,36.5365533],[-93.6005739,36.5364536],[-93.6075922,36.5356608],[-93.6139894,36.538905],[-93.6189869,36.5413264],[-93.6244864,36.5402344],[-93.6256456,36.5381875],[-93.6199783,36.5371581],[-93.6128786,36.5351939],[-93.6090781,36.5327164],[-93.6095061,36.5295256],[-93.6125575,36.5276256],[-93.6183592,36.5251939],[-93.6216519,36.5222847],[-93.6222283,36.5193322],[-93.6226397,36.5153475],[-93.6213706,36.5153742],[-93.6175364,36.5192908],[-93.6104264,36.5216847],[-93.6100486,36.5219331],[-93.6052844,36.5272264],[-93.6048936,36.5274008],[-93.5996664,36.5290142],[-93.5992219,36.5287772],[-93.5922611,36.5262336],[-93.5921172,36.5255911],[-93.5904986,36.520595],[-93.5906689,36.5201175],[-93.5907544,36.5199586],[-93.5931914,36.5192622],[-93.5967144,36.5202019],[-93.5970258,36.5201939],[-93.5988519,36.5190464],[-93.5986614,36.5183481],[-93.59672,36.5126308],[-93.5968061,36.5124764],[-93.5985108,36.5061522],[-93.6003744,36.5065931],[-93.6000525,36.5104444],[-93.5994756,36.5156117],[-93.5996936,36.5157606],[-93.6014797,36.5200058],[-93.6013878,36.5201664],[-93.598735,36.5214192],[-93.5984322,36.5214264],[-93.5949517,36.5209564],[-93.5923358,36.5209389],[-93.5920953,36.5226961],[-93.5959489,36.5260744],[-93.5998686,36.5267942],[-93.6003503,36.5265356],[-93.6043403,36.5252147],[-93.6046842,36.5247189],[-93.6084011,36.5193644],[-93.6086806,36.5192008],[-93.6146236,36.5178769],[-93.614895,36.517715],[-93.6183128,36.5165356],[-93.6187314,36.5159822],[-93.6203033,36.5129553],[-93.6206975,36.5128681],[-93.6233628,36.5131989],[-93.6251944,36.5182497],[-93.6252406,36.5184828],[-93.6251944,36.5236397],[-93.6250283,36.5238053],[-93.6205364,36.5273436],[-93.6155267,36.52963],[-93.6117656,36.5306378],[-93.6118903,36.5326658],[-93.6121147,36.5327453],[-93.6161494,36.5334936],[-93.6166506,36.5333922],[-93.6214183,36.5326803],[-93.6220164,36.5328439],[-93.6224483,36.5329986],[-93.6261358,36.5352133],[-93.6283089,36.5391892],[-93.623385,36.5427011],[-93.617135,36.5432025],[-93.6168108,36.5432111],[-93.6123964,36.5413242],[-93.6087678,36.5400911],[-93.6076286,36.5403892],[-93.6102106,36.5456408],[-93.6108658,36.5495647],[-93.6101397,36.5529703],[-93.6101681,36.5531603],[-93.6093889,36.5554872],[-93.6094406,36.5558697],[-93.6085572,36.5585939],[-93.6032958,36.5592025],[-93.6029425,36.5591108],[-93.6004508,36.5559931],[-93.5994875,36.5522317],[-93.5973981,36.5512714],[-93.5954856,36.5532939],[-93.5961128,36.5551697],[-93.60089,36.5608594],[-93.6010244,36.5610514],[-93.5998789,36.5650906],[-93.5963069,36.5674494],[-93.5929761,36.5704936],[-93.593085,36.5732392],[-93.595115,36.5746414],[-93.5982592,36.5743619],[-93.6035722,36.5727478],[-93.6060756,36.5716186],[-93.6061894,36.5714308],[-93.610275,36.5691069],[-93.6104122,36.5691028],[-93.6140611,36.5697986],[-93.6142744,36.5698506],[-93.6161578,36.5732214],[-93.6136261,36.5790467],[-93.6090261,36.5815678],[-93.6061339,36.5827372],[-93.6061581,36.5851247],[-93.6063406,36.5853939],[-93.6121011,36.5866658],[-93.6172906,36.5894228],[-93.6218017,36.5924872],[-93.6288647,36.5899792],[-93.6289892,36.5897986],[-93.6292411,36.5894972],[-93.6333058,36.5845519],[-93.6326889,36.575385],[-93.6326508,36.5749694],[-93.6326272,36.5747106],[-93.6325472,36.5738356],[-93.633975,36.5681681],[-93.6342044,36.5679686],[-93.63471,36.5674242],[-93.6391494,36.5650217],[-93.6396467,36.5650092],[-93.6399581,36.5650011],[-93.6497019,36.56676],[-93.6579308,36.5706211],[-93.6580664,36.5708253],[-93.664955,36.5770403]]},"properties":{}},{"type":"Feature","geometry":{"type":"LineString","coordinates":[[-93.4866603,36.5659731],[-93.4806767,36.5658586],[-93.4751581,36.5648003],[-93.4691969,36.5613783],[-93.4648931,36.5599186],[-93.4620253,36.5569694],[-93.4619764,36.5566178],[-93.4602275,36.5534336],[-93.4606506,36.5472967],[-93.4610578,36.5443508],[-93.4650506,36.5450297],[-93.4625764,36.5510336],[-93.4632725,36.5543225],[-93.4708644,36.5592531],[-93.4711697,36.5594142],[-93.4766644,36.5628303],[-93.4850317,36.5633175],[-93.4852458,36.5633103],[-93.4926469,36.5622078],[-93.4938547,36.5597203],[-93.4939536,36.559465],[-93.4940419,36.5588786],[-93.4932853,36.5536911],[-93.4929661,36.5532919],[-93.4928558,36.5529697],[-93.4897733,36.5472278],[-93.4898736,36.5471469],[-93.4899697,36.5467539],[-93.4897967,36.5425814],[-93.4922106,36.5429061],[-93.4923172,36.5432092],[-93.4925247,36.5435108],[-93.4950819,36.5482],[-93.4988819,36.5488217],[-93.4990797,36.5486586],[-93.4990697,36.5484214],[-93.4994675,36.548175],[-93.5037858,36.5450967],[-93.5041908,36.5450864],[-93.5107992,36.544155],[-93.5150186,36.5416767],[-93.5211475,36.5358239],[-93.5251786,36.5302006],[-93.5269483,36.5254142],[-93.5266872,36.5249525],[-93.5248292,36.5222964],[-93.5267558,36.5215597],[-93.5303375,36.5263489],[-93.5303908,36.5267406],[-93.5298906,36.5298475],[-93.5295431,36.5303367],[-93.5223986,36.5393044],[-93.5153089,36.5463175],[-93.5150022,36.5464986],[-93.5056392,36.5476867],[-93.5012739,36.5505436],[-93.49745,36.5523544]]},"properties":{}},{"type":"Feature","geometry":{"type":"LineString","coordinates":[[-93.2423736,36.6232944],[-93.2419747,36.6192244],[-93.2442233,36.6106853],[-93.2516097,36.6083117],[-93.2602258,36.6109567],[-93.2652206,36.6155153],[-93.27033,36.6146078],[-93.2707456,36.6142572],[-93.2719886,36.6092339],[-93.270905,36.6026689],[-93.2731792,36.5952333],[-93.2777622,36.5928622],[-93.2851778,36.5926864],[-93.293465,36.5945622],[-93.3016586,36.5940519],[-93.3104861,36.5934572],[-93.3157306,36.5939114],[-93.3182447,36.5875606],[-93.3182342,36.5873361],[-93.3133378,36.5829856],[-93.3108642,36.5813639],[-93.3075408,36.5791847],[-93.3078892,36.5762733],[-93.3123217,36.5757619],[-93.3107728,36.5713683],[-93.3077078,36.5691661],[-93.3054361,36.5661],[-93.3001494,36.5702014],[-93.2974228,36.5719883],[-93.2932292,36.5719408],[-93.2886786,36.5749492],[-93.2830956,36.5755108],[-93.2825097,36.5738183],[-93.2889656,36.5713094],[-93.2928514,36.5682117],[-93.2928881,36.5629439],[-93.2904203,36.559135],[-93.2846178,36.5569175],[-93.2805686,36.5545578],[-93.2779961,36.5531225],[-93.2743467,36.5513944],[-93.2709356,36.548705],[-93.2734339,36.5481186],[-93.2810642,36.5502908],[-93.2831756,36.5508497],[-93.2874075,36.5510933],[-93.2940397,36.5491411],[-93.2972511,36.5451169],[-93.2991211,36.5435458],[-93.2991444,36.543305],[-93.2992289,36.5431431],[-93.2985419,36.5405169],[-93.2983317,36.5404833],[-93.2927875,36.5389606],[-93.2871333,36.5378842],[-93.2818789,36.5373817],[-93.2852775,36.5365353],[-93.2894622,36.5355614],[-93.2923525,36.5361589],[-93.2956686,36.5321433],[-93.2994922,36.5303839],[-93.2994861,36.5303303],[-93.3006758,36.5273164],[-93.3006639,36.5272108],[-93.2988431,36.52405],[-93.2993289,36.5231567],[-93.3057283,36.5218758],[-93.3088183,36.5209467],[-93.3088031,36.5207939],[-93.3073847,36.5188942],[-93.3009247,36.5173781],[-93.2948014,36.5164247],[-93.2927544,36.5153236],[-93.2953442,36.5109519],[-93.2997592,36.5099833],[-93.3025272,36.5100275],[-93.3018744,36.5082331],[-93.3016556,36.5080208],[-93.3014314,36.5078594],[-93.2979822,36.5036283],[-93.2949675,36.5022644],[-93.2913569,36.5047878],[-93.2910417,36.5038389],[-93.2929089,36.5016722],[-93.2938222,36.5006028],[-93.2917222,36.4975825],[-93.2922619,36.4954217],[-93.2970567,36.4948969],[-93.3014147,36.4959275],[-93.3048358,36.4950328],[-93.3055275,36.4934908],[-93.3052408,36.4932964],[-93.3038711,36.4933308],[-93.3010958,36.4947631],[-93.2988964,36.4945011],[-93.2959353,36.4930964],[-93.2943725,36.4928775],[-93.2941833,36.4929319],[-93.2938733,36.49309],[-93.2880953,36.4959175],[-93.2857961,36.4965825],[-93.2859583,36.4959111],[-93.2902231,36.4935769],[-93.2940075,36.4916864],[-93.2940119,36.4876239],[-93.2939928,36.4873794],[-93.2958842,36.4851628],[-93.2994964,36.4837186],[-93.3008683,36.4827664],[-93.3000497,36.4821692],[-93.2999319,36.4822683],[-93.2964892,36.4832653],[-93.2939767,36.4822008],[-93.2933644,36.4808478],[-93.2880542,36.4789894],[-93.2806642,36.4771422],[-93.2804639,36.4771458],[-93.2748225,36.4756056],[-93.2746853,36.4754483],[-93.2730369,36.4730933],[-93.2728378,36.4729917],[-93.2696425,36.4713822],[-93.2721433,36.4709592],[-93.2722744,36.4710606],[-93.2752981,36.4737858],[-93.2753669,36.4738908],[-93.2767331,36.4751889],[-93.2837381,36.475945],[-93.2867294,36.4770103],[-93.2903358,36.4769339],[-93.2932031,36.4776439],[-93.2966211,36.48043],[-93.2999319,36.4801539],[-93.3001678,36.4801444],[-93.302605,36.4807],[-93.3026753,36.4808225],[-93.30337,36.4829647],[-93.2996481,36.4864258],[-93.2972611,36.4885153],[-93.2967222,36.4903564],[-93.2991344,36.4925808],[-93.3012089,36.4918103],[-93.3014478,36.4916692],[-93.3019414,36.4914422],[-93.3038206,36.4902331],[-93.3039236,36.4902317],[-93.3077678,36.4919703],[-93.3078725,36.4920486],[-93.3074706,36.4954444],[-93.3028333,36.4979906],[-93.2988481,36.4984242],[-93.296205,36.497745],[-93.2946561,36.4972647],[-93.2944489,36.4980817],[-93.2998894,36.5018356],[-93.3018222,36.5032625],[-93.3042928,36.5011933],[-93.3093122,36.4983694],[-93.3097561,36.4987817],[-93.3052322,36.5028917],[-93.3042031,36.50541],[-93.3063147,36.5093603],[-93.3064272,36.5095244],[-93.3044606,36.5130331],[-93.3018772,36.5133328],[-93.2998803,36.5134403],[-93.2984975,36.5143911],[-93.2992322,36.5149192],[-93.3072611,36.5147317],[-93.3105606,36.5164842],[-93.3140625,36.5191267],[-93.3143103,36.5191206],[-93.3177592,36.5181017],[-93.3207664,36.517915],[-93.3244944,36.5180356],[-93.3269333,36.510735],[-93.3284086,36.5083092],[-93.3292992,36.5084775],[-93.3282011,36.5127217],[-93.3272769,36.5159511],[-93.3269286,36.5189242],[-93.3291053,36.5197053],[-93.3293442,36.5197642],[-93.3368056,36.5198486],[-93.3398608,36.5206772],[-93.3419197,36.521495],[-93.3417644,36.5221656],[-93.3363883,36.5206892],[-93.3300922,36.5214128],[-93.3271175,36.52121],[-93.3223956,36.5208169],[-93.3220886,36.5208242],[-93.3162147,36.5232658],[-93.3124369,36.5246311],[-93.3067639,36.5256231],[-93.3053639,36.5270333],[-93.3055272,36.5271622],[-93.3081719,36.5283444],[-93.3055617,36.5291597],[-93.3049075,36.5316519],[-93.3045228,36.5318064],[-93.3022892,36.5330825],[-93.3041322,36.5350228],[-93.3066956,36.536565],[-93.3083544,36.5387683],[-93.3109392,36.5384172],[-93.3136633,36.5372078],[-93.3173578,36.5368878],[-93.3186136,36.5374044],[-93.3204164,36.5382672],[-93.319795,36.5387656],[-93.3165267,36.5384072],[-93.3130244,36.5394522],[-93.3092719,36.5414889],[-93.3066644,36.5445139],[-93.3075106,36.5445597],[-93.3091494,36.5434053],[-93.309835,36.543115],[-93.3098947,36.5438239],[-93.3097781,36.5446703],[-93.3109858,36.5442692],[-93.3111583,36.5441653],[-93.3120586,36.5434303],[-93.3125372,36.5437286],[-93.3125456,36.5438206],[-93.3123389,36.5451092],[-93.3123531,36.5452367],[-93.31331,36.5468114],[-93.3113736,36.5468958],[-93.3105942,36.5490717],[-93.3093617,36.5490872],[-93.3088303,36.5515314],[-93.3070581,36.5529431],[-93.3061272,36.5534592],[-93.3085825,36.5542008],[-93.3115189,36.5564978],[-93.3136833,36.5568856],[-93.3157733,36.5558594],[-93.3158014,36.5557489],[-93.3164747,36.55354],[-93.3165067,36.5534689],[-93.3169617,36.5529583],[-93.3178358,36.5537972],[-93.3194636,36.5542689],[-93.3194408,36.5543803],[-93.3185989,36.5551117],[-93.3184994,36.5560056],[-93.3187239,36.5561492],[-93.3209242,36.5567914],[-93.3230147,36.5564519],[-93.3222914,36.5578889],[-93.3223075,36.5579694],[-93.3226581,36.5587019],[-93.3184631,36.5587053],[-93.3182575,36.5587436],[-93.3143903,36.5613933],[-93.3144703,36.5617508],[-93.3174881,36.5613858],[-93.3194658,36.56089],[-93.3206828,36.5606031],[-93.3206886,36.560635],[-93.3211419,36.5619764],[-93.3211469,36.5620083],[-93.3217281,36.5628319],[-93.3192339,36.5633867],[-93.3192492,36.5635156],[-93.3197869,36.5647711],[-93.3219,36.5661319],[-93.3232158,36.5676856],[-93.3237672,36.5653697],[-93.3259403,36.5656619],[-93.3257103,36.5682008],[-93.3271031,36.57071],[-93.3296489,36.570105],[-93.3327981,36.5673075],[-93.3353969,36.5651686],[-93.3354481,36.5650706],[-93.3384103,36.5623833],[-93.3405867,36.5594978],[-93.3410058,36.5577061],[-93.3436069,36.5568825],[-93.3441097,36.5573194],[-93.3441311,36.5574547],[-93.3428531,36.5596283],[-93.3409644,36.5625231],[-93.3408075,36.5627158],[-93.3406492,36.5629083],[-93.3379286,36.5663242],[-93.3377697,36.5665708],[-93.3356572,36.5701961],[-93.3381972,36.5707983],[-93.3418297,36.5688983],[-93.3398344,36.5718556],[-93.3400372,36.5720567],[-93.3423994,36.5724575],[-93.3451206,36.5747906],[-93.3449997,36.5747961],[-93.3413053,36.5737817],[-93.3411783,36.5737342],[-93.3363053,36.5729122],[-93.3327847,36.5725811],[-93.3324856,36.5726925],[-93.32922,36.5749664],[-93.3285783,36.5773153],[-93.3287686,36.5773694],[-93.3301572,36.5776064],[-93.3325614,36.5780281],[-93.3333072,36.5788397],[-93.3312697,36.5796006],[-93.3319594,36.5805833],[-93.3352242,36.5809494],[-93.3362931,36.5824872],[-93.3327683,36.5833939],[-93.3330892,36.5844181],[-93.3334231,36.5845839],[-93.3363767,36.5851958],[-93.3390275,36.5851267],[-93.3362783,36.5874489],[-93.3358614,36.5880867],[-93.3336961,36.5869303],[-93.3333697,36.5869356],[-93.3315381,36.5880839],[-93.330415,36.5905667],[-93.3318736,36.59297],[-93.3343928,36.5954378],[-93.3359303,36.5958931],[-93.3334381,36.5964539],[-93.3317572,36.5966],[-93.3315314,36.5968572],[-93.3316886,36.5984211],[-93.3313939,36.5985822],[-93.3287011,36.6008708],[-93.3285969,36.6025878],[-93.3281217,36.6042894],[-93.3279364,36.6043467],[-93.3276908,36.6044586],[-93.3256094,36.6058058],[-93.3276583,36.6065042],[-93.3299139,36.6050494],[-93.3311967,36.6054639],[-93.3320814,36.6075278],[-93.3320928,36.6077414],[-93.33086,36.6095911],[-93.3308867,36.6110964],[-93.3293686,36.6128894],[-93.3316983,36.6127611],[-93.3330661,36.6147844],[-93.3346669,36.6142731],[-93.3357953,36.6127878],[-93.3358369,36.6124953],[-93.336055,36.6105883],[-93.3378697,36.6119364],[-93.3378878,36.6121156],[-93.3386506,36.6140417],[-93.3385903,36.6141019],[-93.3368619,36.616215],[-93.3366964,36.6174283],[-93.3386756,36.6172681],[-93.3406075,36.6140386],[-93.3406672,36.6139792],[-93.33987,36.6103203],[-93.3402883,36.6074761],[-93.3416117,36.6054719],[-93.3405794,36.6033847],[-93.3383653,36.6006475],[-93.3378806,36.5994092],[-93.3412847,36.6006564],[-93.3437536,36.6022339],[-93.3454983,36.6022467],[-93.3455472,36.6021394],[-93.3453556,36.6000456],[-93.3459325,36.5968931],[-93.3445783,36.5915733],[-93.3445597,36.5914289],[-93.3446403,36.5911381],[-93.3453156,36.5849572],[-93.3454153,36.5848194],[-93.3490158,36.5788511],[-93.34941,36.5787542],[-93.352595,36.575945],[-93.3526317,36.5758189],[-93.3522653,36.5744019],[-93.3539314,36.5741544],[-93.3539561,36.5742328],[-93.3560469,36.5749114],[-93.3576431,36.5729864],[-93.3600536,36.57071],[-93.3590461,36.5688761],[-93.3584297,36.5675283],[-93.3585494,36.5675728],[-93.3615406,36.5686744],[-93.3632197,36.5711653],[-93.3670886,36.5687306],[-93.3680811,36.5681911],[-93.3664389,36.5650531],[-93.3642547,36.5638822],[-93.3637864,36.5621572],[-93.3645658,36.5620067],[-93.366695,36.5633814],[-93.3707294,36.5661911],[-93.3723136,36.5651],[-93.3747308,36.5627053],[-93.3700411,36.5575103],[-93.3766983,36.5602347],[-93.3786997,36.5594517],[-93.3795033,36.5576783],[-93.3793647,36.5575117],[-93.3788578,36.5571425],[-93.3785333,36.5568544],[-93.3729733,36.5538672],[-93.3735511,36.5536253],[-93.3789122,36.5548444],[-93.3811931,36.5554917],[-93.3813625,36.5555297],[-93.3817142,36.5556467],[-93.3845725,36.5562967],[-93.3846481,36.5564217],[-93.3846864,36.5566311],[-93.3847317,36.5574328],[-93.3819433,36.5581744],[-93.3818189,36.5584344],[-93.3810653,36.5619808],[-93.3780447,36.5646925],[-93.3781517,36.5676908],[-93.3859125,36.5706456],[-93.3867447,36.5686461],[-93.3872011,36.5656017],[-93.3910172,36.5696383],[-93.3956233,36.5690939],[-93.3963378,36.5675453],[-93.396455,36.5674411],[-93.3966203,36.5670831],[-93.3967803,36.5666256],[-93.3978328,36.5625725],[-93.3978797,36.5624156],[-93.3970017,36.5598286],[-93.3969967,36.55969],[-93.3969322,36.5595092],[-93.3949142,36.5568978],[-93.3951992,36.5567939],[-93.3966547,36.5566708],[-93.3992781,36.5591258],[-93.3994519,36.5590739],[-93.4023769,36.5574264],[-93.4046639,36.5542592],[-93.405425,36.5526028],[-93.4063636,36.5552272],[-93.4065408,36.5552242],[-93.4067717,36.5551739],[-93.4130744,36.5538719],[-93.4146161,36.5526142],[-93.4146578,36.5524778],[-93.4099464,36.5481222],[-93.4098703,36.5479508],[-93.4079636,36.5439911],[-93.4090681,36.5439178],[-93.4091664,36.5441161],[-93.4130181,36.5490042],[-93.4132267,36.5492175],[-93.4134083,36.549345],[-93.4162636,36.5526189],[-93.4165369,36.5527953],[-93.4155119,36.5544642],[-93.4153561,36.5546058],[-93.4087139,36.5570378],[-93.4033867,36.5588789],[-93.4032775,36.5589778],[-93.4029958,36.5591286],[-93.4006403,36.5632453],[-93.4001544,36.5684925],[-93.4000231,36.5701333],[-93.3997278,36.5703533],[-93.3980997,36.5721725],[-93.3957028,36.5744881],[-93.3979097,36.5776794],[-93.3983169,36.5781078],[-93.4018842,36.5794047],[-93.4046969,36.5782122],[-93.4046825,36.5780425],[-93.4062736,36.5725044],[-93.406305,36.5721786],[-93.4063469,36.5719619],[-93.4092044,36.5690039],[-93.4124653,36.5692569],[-93.4126956,36.5690964],[-93.4183461,36.5614214],[-93.4187392,36.5623067],[-93.4163328,36.5667733],[-93.4162328,36.5669308],[-93.4159617,36.5672411],[-93.4157981,36.5674461],[-93.4121992,36.571265],[-93.4120811,36.5713217],[-93.4090911,36.5724819],[-93.4119981,36.5731239],[-93.4152453,36.5733258],[-93.4112492,36.5742417],[-93.4078633,36.5751569],[-93.4085083,36.5771461],[-93.4124258,36.5773619],[-93.4172881,36.5778467],[-93.4218181,36.5796942],[-93.4210314,36.5806164],[-93.4163186,36.5789489],[-93.4097197,36.5790206],[-93.4096608,36.5790786],[-93.406535,36.5806933],[-93.4044614,36.5831453],[-93.4096825,36.5905342],[-93.408185,36.5980394],[-93.4052761,36.60254],[-93.4040325,36.6048547],[-93.4052817,36.6079278],[-93.4089958,36.6093133],[-93.4091139,36.6092583],[-93.4115133,36.6061736],[-93.4129264,36.6061525],[-93.4142864,36.6085153],[-93.41419,36.6087269],[-93.4139275,36.6090997],[-93.4138169,36.6092072],[-93.4118417,36.6115667],[-93.4042356,36.6108514],[-93.4007303,36.6105114],[-93.4005553,36.6106761],[-93.4002722,36.6120778],[-93.3964808,36.6125522],[-93.3955933,36.6138158],[-93.3968689,36.6141597],[-93.4003764,36.6137494],[-93.4005228,36.6140728],[-93.4047822,36.6168856],[-93.4051206,36.6171044],[-93.4124661,36.61859],[-93.4169522,36.6169031],[-93.4180139,36.6162586],[-93.4180386,36.6164275],[-93.4193164,36.6214261],[-93.4206517,36.6211631],[-93.4206119,36.6169797],[-93.4235664,36.6142436],[-93.4238186,36.6138531],[-93.4243464,36.6113964],[-93.4270386,36.6090917],[-93.4271928,36.6089294],[-93.4273328,36.6087131],[-93.4276472,36.6084406],[-93.4273994,36.6046892],[-93.4276311,36.6044561],[-93.4302167,36.6005911],[-93.4304469,36.6001889],[-93.4322678,36.5973708],[-93.4323808,36.5972247],[-93.4345064,36.5958853],[-93.4397639,36.5963325],[-93.4421944,36.5957994],[-93.4424747,36.5942367],[-93.4450414,36.5954922],[-93.4461172,36.5950892],[-93.4437928,36.5925844],[-93.4436681,36.592495],[-93.44346,36.5921317],[-93.4394503,36.5892875],[-93.4392081,36.5890706],[-93.4391453,36.5889831],[-93.4389594,36.5887653],[-93.4347169,36.5855075],[-93.4358544,36.5848383],[-93.4374739,36.5850622],[-93.4429361,36.5882294],[-93.4458117,36.5884708],[-93.4479219,36.58511],[-93.4480297,36.5835747],[-93.4502744,36.5838192],[-93.4503772,36.583775],[-93.4562917,36.5795628],[-93.4577075,36.5798539],[-93.4498569,36.587625],[-93.4498161,36.5877578],[-93.4488264,36.5925564],[-93.4500633,36.5937761],[-93.4504461,36.5936697],[-93.4507667,36.5935194],[-93.4531842,36.5917092],[-93.4534331,36.5913406],[-93.4567614,36.5879464],[-93.4595758,36.5884114],[-93.4594297,36.5909783],[-93.4595447,36.5909756],[-93.4678244,36.5917286],[-93.4737267,36.591295],[-93.4783083,36.5889764],[-93.4776669,36.5929794],[-93.4775108,36.5934214],[-93.47721,36.5972936],[-93.4808628,36.6053708],[-93.4810911,36.6081553],[-93.4841656,36.6091028],[-93.4840833,36.6092961],[-93.4833933,36.6113475],[-93.4798889,36.6105125],[-93.4775656,36.6140658],[-93.4765825,36.6161472],[-93.4807972,36.6175347],[-93.4850006,36.6178297],[-93.4889525,36.6171369],[-93.4894692,36.6153439],[-93.4879458,36.6128064],[-93.4907489,36.6127686],[-93.4916756,36.6097244],[-93.4977058,36.6030714],[-93.5009336,36.6000972],[-93.5027522,36.5985194],[-93.5063108,36.5992858],[-93.5059111,36.5929711],[-93.5058972,36.5928094],[-93.5019989,36.5906044],[-93.5017958,36.590505],[-93.5013892,36.5903064],[-93.4967447,36.5901506],[-93.4964761,36.5900528],[-93.4962714,36.5899008],[-93.4956453,36.5891325],[-93.4959058,36.5890728],[-93.4969967,36.5885711],[-93.5004822,36.5884425],[-93.5028044,36.5887],[-93.5072642,36.5909022],[-93.5082167,36.5946092],[-93.5092947,36.5966325],[-93.5104011,36.5967753],[-93.5107122,36.5951594],[-93.5087119,36.5906592],[-93.5074136,36.5859028],[-93.5072586,36.5856008],[-93.5047156,36.581555],[-93.5046433,36.5814583],[-93.5043717,36.5812686],[-93.5012272,36.5792539],[-93.5010911,36.5791128],[-93.4979239,36.5777958],[-93.4958372,36.5775092],[-93.4958328,36.5774147],[-93.4959697,36.5763275],[-93.49969,36.5768497],[-93.5037289,36.5779897],[-93.5037211,36.5778944]]},"properties":{}},{"type":"Feature","geometry":{"type":"LineString","coordinates":[[-93.5560036,38.2197319],[-93.5519317,38.2177278],[-93.5370681,38.2135764],[-93.5207214,38.2135439],[-93.5147569,38.2107764],[-93.5124239,38.2042603],[-93.5125383,38.2038075],[-93.5152997,38.1940639],[-93.5152017,38.1938944],[-93.5150128,38.1930547],[-93.5160892,38.1860619],[-93.5161903,38.1858228],[-93.5162942,38.1852697],[-93.5137019,38.1823025],[-93.5135075,38.1823069],[-93.5129264,38.1822442],[-93.5087397,38.1824983],[-93.5080383,38.1829758],[-93.5076311,38.1833703],[-93.5042189,38.1918342],[-93.5041956,38.1922478],[-93.5040756,38.1925822],[-93.5051867,38.1984231],[-93.5054753,38.1988519],[-93.5063078,38.2011944],[-93.5041144,38.2047747],[-93.5015892,38.2153847],[-93.5006758,38.2160728],[-93.4944275,38.2196022],[-93.4935067,38.2198386],[-93.484305,38.2178339],[-93.4835639,38.2175517],[-93.4768761,38.2128822],[-93.4766706,38.2127925],[-93.4760547,38.2125236],[-93.475305,38.2124467],[-93.4648747,38.2111981],[-93.4508447,38.2100978],[-93.4359956,38.2080069],[-93.4352439,38.2078156],[-93.4261978,38.2042242],[-93.4199172,38.2001353],[-93.4182183,38.2012203],[-93.4180894,38.2018372],[-93.4238144,38.2080119],[-93.4239222,38.2080942],[-93.4254228,38.2175975],[-93.4245539,38.2249981]]},"properties":{}},{"type":"Feature","geometry":{"type":"LineString","coordinates":[[-93.4078839,38.2290261],[-93.4075131,38.2250539],[-93.4134022,38.2216736],[-93.4139325,38.2130917],[-93.4112519,38.2076883],[-93.4022858,38.204845],[-93.3973669,38.2011958],[-93.3956681,38.1991625],[-93.3897125,38.1997775],[-93.3875397,38.1984703],[-93.3895017,38.1967553],[-93.3935664,38.1971403],[-93.3970836,38.1964233],[-93.3932942,38.18723],[-93.3930897,38.1844697],[-93.3928822,38.1843167],[-93.38586,38.1823492],[-93.3805042,38.1816864],[-93.3756869,38.1756706],[-93.37568,38.1754361],[-93.3754706,38.1751286],[-93.3721989,38.1701083],[-93.3763764,38.1720556],[-93.3790381,38.1768478],[-93.3792408,38.1769208],[-93.3827533,38.1798222],[-93.3923531,38.1809383],[-93.3977267,38.1794917],[-93.3988614,38.1752358],[-93.3910386,38.1699206],[-93.3905264,38.16962],[-93.3861675,38.1654222],[-93.3873783,38.1619789],[-93.3915231,38.1487217],[-93.3820964,38.1450497],[-93.3740344,38.1393058],[-93.3681208,38.1369192],[-93.3633783,38.1398628],[-93.3631844,38.1401039],[-93.3583336,38.1432136],[-93.3513875,38.1420372],[-93.3503119,38.1405531],[-93.3506136,38.1405461],[-93.3547647,38.1400717],[-93.3579661,38.1408517],[-93.3581631,38.1406894],[-93.3611286,38.1384967],[-93.36215,38.1357156],[-93.3570881,38.1342603],[-93.3528986,38.1275381],[-93.3528894,38.1272247],[-93.3529789,38.1269081],[-93.3516239,38.1208561],[-93.3562911,38.1269161],[-93.3577219,38.1318883],[-93.3623467,38.1320978],[-93.3642881,38.1295553],[-93.3642786,38.1293178],[-93.3601175,38.1233422],[-93.3729467,38.1155783],[-93.370885,38.1049664],[-93.3745019,38.0977933],[-93.3744942,38.097555],[-93.3729269,38.0927519],[-93.3587614,38.0906994],[-93.34422,38.0924531],[-93.3356419,38.0918533],[-93.3301175,38.0889689],[-93.3298733,38.0830811],[-93.3354692,38.0788606],[-93.3354761,38.0785517],[-93.3274619,38.0715469],[-93.3213453,38.0619564],[-93.3231086,38.0543578],[-93.3229536,38.0471617],[-93.3226419,38.0469258],[-93.3209208,38.0439353],[-93.3223656,38.0390633],[-93.3231547,38.0386489],[-93.3276239,38.0367983],[-93.3354197,38.0351194],[-93.3370958,38.0294775],[-93.3327353,38.0258711],[-93.332435,38.0258772],[-93.3217744,38.0310014],[-93.3214797,38.0311708],[-93.3127614,38.0321467],[-93.3059142,38.0321364],[-93.3054114,38.0321475],[-93.2990308,38.0325431],[-93.2925842,38.0267183],[-93.2927556,38.0263128],[-93.2929281,38.025985],[-93.2931936,38.0254958],[-93.2966514,38.0195514],[-93.3066947,38.0210358],[-93.3074922,38.0210139],[-93.3109708,38.0200778],[-93.3110628,38.0198397],[-93.3119947,38.013925],[-93.3122872,38.0135125],[-93.3171103,38.0057342],[-93.3233858,38.0027158],[-93.3237897,38.0027008],[-93.3335636,38.0034767],[-93.3412725,38.0011303],[-93.3450167,37.9987197],[-93.3450128,37.9986394],[-93.3459511,37.9926203],[-93.3428217,37.9924542],[-93.3425225,37.9925406],[-93.3340017,37.9974233],[-93.3335,37.9977453],[-93.3263331,38.0003906],[-93.3260356,38.0005561],[-93.3164761,38.0019778],[-93.3159739,38.00198],[-93.3077367,38.0006461],[-93.3074219,38.0004169],[-93.3065892,37.9999639],[-93.3059597,37.9996683],[-93.2995722,37.9936369],[-93.2995583,37.9934008],[-93.2995161,37.9926911],[-93.2986256,37.98707],[-93.3007133,37.9837756],[-93.3055622,37.9805094],[-93.3101922,37.9808353],[-93.3119311,37.9818558],[-93.3125575,37.9846808],[-93.3097819,37.9854814],[-93.3038925,37.9874917],[-93.3043647,37.9943172],[-93.3111036,37.9973078],[-93.3265036,37.9962653],[-93.3270053,37.9959097],[-93.3395897,37.9903347],[-93.3400986,37.9901319],[-93.3474322,37.9889897],[-93.3517178,37.9922339],[-93.3516436,37.992375],[-93.3515144,37.9928056],[-93.3514981,37.9932631],[-93.3497933,38.0007808],[-93.3495508,38.0011922],[-93.3494833,38.0014769],[-93.3436047,38.005845],[-93.3317211,38.0069239],[-93.3234292,38.0056203],[-93.3231692,38.0056242],[-93.3178147,38.0107781],[-93.3184844,38.0166528],[-93.3183233,38.0170689],[-93.3180686,38.0172889],[-93.3144478,38.0222031],[-93.3093428,38.0237706],[-93.2988064,38.0231242],[-93.2958644,38.02481],[-93.2958631,38.0251594],[-93.2973967,38.0285031],[-93.3038969,38.0297497],[-93.3041583,38.0297414],[-93.3147831,38.0287836],[-93.3152139,38.0285542],[-93.31573,38.0283986],[-93.3246728,38.0246631],[-93.3251806,38.0243681],[-93.3318792,38.0219469],[-93.3381006,38.0233617],[-93.3384547,38.0235683],[-93.3384597,38.0237033],[-93.3418928,38.0301439],[-93.3414642,38.0360994],[-93.3380381,38.037455],[-93.3377169,38.0376631],[-93.3296622,38.039905],[-93.3246456,38.0409672],[-93.3230103,38.0423564],[-93.3276889,38.0465364],[-93.3278683,38.0467375],[-93.3281008,38.0519494],[-93.3253789,38.060725],[-93.3252958,38.0607989],[-93.325345,38.0640083],[-93.3255242,38.0641453],[-93.3294133,38.0675406],[-93.3320183,38.0708661],[-93.3347294,38.0712706],[-93.3391431,38.0692411],[-93.3448328,38.0690464],[-93.3386419,38.0720481],[-93.3383136,38.0721892],[-93.3379889,38.0723967],[-93.3357761,38.0749283],[-93.3357839,38.0750628],[-93.3376222,38.0775856],[-93.3427058,38.0775386],[-93.3478011,38.0788472],[-93.35198,38.0812747],[-93.3520331,38.0820892],[-93.3484669,38.0810772],[-93.3482094,38.0810817],[-93.3411711,38.0815144],[-93.3405019,38.0816686],[-93.3360275,38.0839589],[-93.3335775,38.0860786],[-93.3345936,38.0890339],[-93.3393706,38.0897706],[-93.3530347,38.087305],[-93.3605981,38.0863739],[-93.3685644,38.0876906],[-93.3742189,38.0883558],[-93.3774836,38.0891678],[-93.3797486,38.0956697],[-93.3796481,38.1003236],[-93.3770322,38.1054453],[-93.3765817,38.1078828],[-93.3780017,38.1087164],[-93.3802217,38.1072242],[-93.3827953,38.1092522],[-93.3829664,38.1093783],[-93.3859525,38.1112019],[-93.3862136,38.1114575],[-93.3875797,38.1141158],[-93.3881981,38.1168061],[-93.3880367,38.1169425],[-93.3877944,38.1171472],[-93.3846675,38.1207486],[-93.3793503,38.1229364],[-93.3790997,38.1230072],[-93.3749631,38.1233214],[-93.3746253,38.1233292],[-93.3724528,38.1243903],[-93.3720947,38.1270367],[-93.3747925,38.1293553],[-93.3764553,38.1308933],[-93.3787614,38.1335906],[-93.3797578,38.1352261],[-93.3835278,38.1373586],[-93.3880728,38.1390017],[-93.3882483,38.1390686],[-93.3908883,38.1397458],[-93.3911767,38.139085],[-93.3911192,38.1389992],[-93.3898064,38.1360411],[-93.3909686,38.1349375],[-93.3912372,38.1350933],[-93.3936633,38.1386786],[-93.3956536,38.138185],[-93.3958036,38.1380875],[-93.3985761,38.1367147],[-93.4016047,38.1375081],[-93.3997431,38.1393703],[-93.3973153,38.141575],[-93.3995517,38.1428508],[-93.4023306,38.1425219],[-93.4091111,38.14138],[-93.4135911,38.1384675],[-93.4163631,38.1336442],[-93.4116644,38.1288483],[-93.4137358,38.1236714],[-93.4186731,38.1171886],[-93.4241028,38.1123461],[-93.4248083,38.1089578],[-93.4274308,38.1081408],[-93.4265008,38.1140322],[-93.4265161,38.1142264],[-93.4252331,38.1172353],[-93.4252389,38.1173139],[-93.4239803,38.1212497],[-93.4236408,38.1214192],[-93.4203856,38.1251078],[-93.4213517,38.1319989],[-93.4224369,38.1357644],[-93.4225536,38.1359728],[-93.4232547,38.1377664],[-93.4184994,38.1430772],[-93.4138667,38.1455586],[-93.41666,38.1503031],[-93.4167203,38.1504261],[-93.4177231,38.1546667],[-93.4175217,38.1548383],[-93.4141689,38.1567142],[-93.4137536,38.1568519],[-93.4084319,38.1585797],[-93.4036594,38.1616586],[-93.4035614,38.1619217],[-93.4018478,38.1654397],[-93.4097886,38.1760644],[-93.4119375,38.178555],[-93.4223572,38.18268],[-93.4224108,38.1826789],[-93.4304486,38.18735],[-93.4346933,38.1909847],[-93.4366353,38.1890547],[-93.4337308,38.1852653],[-93.4410922,38.1890439],[-93.4457678,38.1916636],[-93.44646,38.1913461],[-93.44773,38.1849581],[-93.4494269,38.1809242],[-93.4443803,38.1736003],[-93.4447831,38.1690617],[-93.4481856,38.1652989],[-93.4489789,38.1651014],[-93.4521689,38.1649375],[-93.4524064,38.1651108],[-93.4617244,38.1678564],[-93.4708011,38.1685239],[-93.4734431,38.1723508],[-93.4769231,38.1746044],[-93.4775606,38.1745297],[-93.4787706,38.1749219],[-93.4771439,38.1766042],[-93.4770772,38.1766242],[-93.4748228,38.1757778],[-93.4713836,38.1738197],[-93.4669433,38.1722706],[-93.4666778,38.1722464],[-93.4585658,38.1711361],[-93.4517531,38.1696958],[-93.4516772,38.1698147],[-93.4517078,38.1750053],[-93.4556931,38.1803183],[-93.4557703,38.1804139],[-93.4558469,38.1805422],[-93.4560017,38.1807336],[-93.4553717,38.1848519],[-93.4553681,38.1850558],[-93.45418,38.188175],[-93.4510581,38.194565],[-93.4509678,38.1947717],[-93.4430361,38.1975089],[-93.4385994,38.1948258],[-93.4333339,38.1961283],[-93.4303756,38.1987928],[-93.4401206,38.2020917],[-93.4544928,38.2027192],[-93.4674744,38.2032447],[-93.4735486,38.2039853],[-93.4824839,38.2071933],[-93.4899953,38.2107206],[-93.4903311,38.2109719],[-93.4955322,38.2136269],[-93.4963192,38.2090758],[-93.4966139,38.2085572],[-93.4956922,38.2007228],[-93.4989067,38.1892036],[-93.4992094,38.1887531],[-93.50357,38.1786306],[-93.5106414,38.1764169],[-93.5210686,38.1807075],[-93.5211261,38.1812281],[-93.5228964,38.1900722],[-93.5228306,38.19052],[-93.5227378,38.1907008],[-93.5217861,38.1968628],[-93.5236017,38.1982825],[-93.5275122,38.196175],[-93.5290475,38.1930467],[-93.5307294,38.1945172],[-93.53064,38.1947011],[-93.52567,38.1999725],[-93.5203578,38.2033217],[-93.520375,38.2035072],[-93.5402306,38.2068103],[-93.5407911,38.2067925],[-93.5529875,38.2092606],[-93.5585886,38.2116889],[-93.5615603,38.2075808],[-93.5478778,38.1943678],[-93.5414947,38.1833708],[-93.5415767,38.1829439],[-93.5420542,38.1820789],[-93.5440133,38.1738775],[-93.5489347,38.1692344],[-93.5502953,38.1620267],[-93.5482744,38.1567106],[-93.5481517,38.1564789],[-93.5437397,38.1530258],[-93.5501311,38.1534108],[-93.5540033,38.1605903],[-93.5639333,38.1609019],[-93.5723122,38.1648631],[-93.5730178,38.1646856],[-93.5734133,38.1645153],[-93.57654,38.1602828],[-93.58242,38.1596581],[-93.5873231,38.1540594],[-93.5886178,38.1489439],[-93.5907189,38.1533344],[-93.5907564,38.1538133],[-93.5879017,38.1605219],[-93.5874822,38.1606142],[-93.5871689,38.1607039],[-93.5782431,38.1633897],[-93.5800844,38.167675],[-93.5836022,38.17096],[-93.5818017,38.1748514],[-93.5818119,38.1750231],[-93.5835208,38.1815075],[-93.5839747,38.1817603],[-93.5864553,38.1844403],[-93.5838794,38.1882503],[-93.5838378,38.1884775],[-93.5873492,38.1919289],[-93.5958075,38.1881831],[-93.6083267,38.1804433],[-93.6147131,38.1796119],[-93.6207675,38.1804981],[-93.6210719,38.1802964],[-93.6221953,38.1753542],[-93.6225697,38.1698297],[-93.6221372,38.1694144],[-93.6221197,38.1692328],[-93.6164,38.1516353],[-93.6186222,38.1369814],[-93.6167439,38.1192447],[-93.6040561,38.1057933],[-93.5932669,38.1009075],[-93.5929333,38.1010506],[-93.5845286,38.0982969],[-93.5841786,38.0977969],[-93.5812953,38.0879867],[-93.5808033,38.0883731],[-93.5778911,38.0833628],[-93.5759133,38.0761256],[-93.5780561,38.0768136],[-93.5807214,38.0829694],[-93.5848314,38.0845686],[-93.5862622,38.0826683],[-93.5872839,38.0734261],[-93.5931239,38.0678067],[-93.5958597,38.0675272],[-93.5960136,38.0679339],[-93.5963283,38.0688531],[-93.5966661,38.0701883],[-93.5977792,38.0735942],[-93.5980697,38.0764297],[-93.5921131,38.0776389],[-93.5931461,38.0826656],[-93.6025714,38.0862575],[-93.6074217,38.0892386],[-93.6103017,38.0927603],[-93.6172647,38.0919064],[-93.6210361,38.0789381],[-93.6197772,38.0676569],[-93.6192339,38.0582164],[-93.6142814,38.0522978],[-93.6092458,38.0498336],[-93.6089561,38.0493639],[-93.6085411,38.0488978],[-93.6079822,38.0483481],[-93.6085003,38.0440303],[-93.6089656,38.0435511],[-93.6154408,38.0391422],[-93.6164114,38.0415061],[-93.6128703,38.0437242],[-93.6122828,38.0470153],[-93.6126842,38.0472886],[-93.6220644,38.0512411],[-93.6255961,38.0584536],[-93.6283914,38.0658114],[-93.6363403,38.0670011],[-93.64284,38.0669714],[-93.6472539,38.0688172],[-93.6551169,38.0662072],[-93.6614856,38.0628886],[-93.6613675,38.06276],[-93.6612475,38.0625878],[-93.65682,38.0548319],[-93.6545539,38.0527981],[-93.6582297,38.0539231],[-93.6587775,38.054385],[-93.6589431,38.0545406],[-93.6646481,38.0608703],[-93.6665164,38.0621164],[-93.6667386,38.0621108],[-93.6670725,38.0621025],[-93.67685,38.0606486],[-93.6770722,38.0606433],[-93.6814814,38.0587953],[-93.6890189,38.0605386],[-93.6967106,38.0587792],[-93.6970828,38.0583414],[-93.6973406,38.0578214],[-93.7046553,38.0495581],[-93.7049142,38.0492231],[-93.7053392,38.0486381],[-93.7122319,38.041105],[-93.7127014,38.0409364],[-93.7131525,38.0406894],[-93.721495,38.0375381],[-93.7220233,38.0372183],[-93.7290914,38.0343822],[-93.7312622,38.0312128],[-93.7311194,38.0305769],[-93.7223017,38.0208628],[-93.7172992,38.013325],[-93.717195,38.0127019],[-93.72256,38.007555],[-93.7228494,38.0076319],[-93.73246,38.0097072],[-93.7456183,38.0046703],[-93.7458958,38.0045892],[-93.75034,38.0002419],[-93.751605,37.9962617],[-93.7351936,37.9968889],[-93.7344194,37.996425],[-93.73505,37.9940153],[-93.7354089,37.9939383],[-93.7359494,37.9938569],[-93.7363139,37.9938475],[-93.7428878,37.9930047],[-93.743615,37.9929861],[-93.7556131,37.9940292],[-93.7556578,37.9943],[-93.75577,37.9949794],[-93.7565742,38.0004836],[-93.7560731,38.0008553],[-93.7554642,38.0016664],[-93.7481675,38.00904],[-93.7476981,38.0091333],[-93.7333953,38.0119361],[-93.7251083,38.011375],[-93.7207928,38.0114047],[-93.7210906,38.0165128],[-93.7316308,38.0135756],[-93.7475306,38.0159928],[-93.7477864,38.0163986],[-93.74842,38.0166281],[-93.7572878,38.0228011],[-93.7581236,38.0228636],[-93.7670581,38.0235031],[-93.7676861,38.0234922],[-93.7802886,38.01394],[-93.7889314,38.0060325],[-93.7978281,37.9936969],[-93.7978294,37.9932289],[-93.8025794,37.9861097],[-93.8042064,37.9880214],[-93.8040636,37.9882172],[-93.8008406,37.9969597],[-93.8006992,37.9972406],[-93.7922436,38.0072239],[-93.7918158,38.0076889],[-93.7853497,38.0133539],[-93.7852578,38.0134353],[-93.7848247,38.0141619],[-93.7767119,38.022425],[-93.7763114,38.0226036],[-93.7761111,38.0226953],[-93.7788983,38.0266258],[-93.7827558,38.0311556],[-93.7791839,38.0316867],[-93.7762742,38.0283736],[-93.7698619,38.0270183],[-93.7574414,38.0251667],[-93.7567217,38.0250992],[-93.7469992,38.0184481],[-93.7404444,38.0158656],[-93.7317458,38.0151311],[-93.7245194,38.0178083],[-93.7247147,38.0184539],[-93.7248503,38.0188586],[-93.7319983,38.0239381],[-93.7327469,38.0245144],[-93.7366992,38.0330536],[-93.7278625,38.03713],[-93.7146481,38.0450047],[-93.7061289,38.0522367],[-93.7114803,38.0540867],[-93.7138503,38.0551961],[-93.7137344,38.0636311],[-93.7137978,38.0641683],[-93.7183731,38.0699467],[-93.7184117,38.0702303],[-93.7198336,38.0728292],[-93.7170475,38.0731994],[-93.7123514,38.0682336],[-93.7122133,38.0679586],[-93.7121617,38.0674964],[-93.7095092,38.0617986],[-93.7092531,38.0613592],[-93.7092256,38.0610956],[-93.70927,38.0584925],[-93.6990186,38.0608453],[-93.6987181,38.0610889],[-93.6863861,38.0632514],[-93.67353,38.0662497],[-93.6728922,38.0663569],[-93.6563428,38.0713328],[-93.6382742,38.074085],[-93.6286342,38.0743064],[-93.6250819,38.0808372],[-93.6251542,38.0813797],[-93.6261161,38.0861697],[-93.6265408,38.0918289],[-93.6152492,38.0964919],[-93.6086011,38.0954608],[-93.6029742,38.0918975],[-93.5978064,38.0917556],[-93.5960972,38.0939453],[-93.6001158,38.0949617],[-93.6106864,38.0995986],[-93.6232992,38.1121939],[-93.6277242,38.1208483],[-93.6276611,38.1213294],[-93.6264872,38.1302461],[-93.6248214,38.1560947],[-93.6286886,38.1611708],[-93.6374478,38.1667508],[-93.6380511,38.1668522],[-93.6435839,38.1619283],[-93.6453786,38.1548633],[-93.6471503,38.154845],[-93.647245,38.1552492],[-93.6476356,38.1564603],[-93.6478231,38.1625392],[-93.6464058,38.1650361],[-93.6528292,38.1659089],[-93.654955,38.1676597],[-93.6534517,38.1683236],[-93.6460572,38.1672228],[-93.6407494,38.1721486],[-93.6397508,38.1743717],[-93.6344153,38.1716697],[-93.6313122,38.1715858],[-93.6278069,38.1813667],[-93.6198806,38.1866578],[-93.6093472,38.1881933],[-93.6077394,38.1926417],[-93.6080831,38.1979225],[-93.6036217,38.1935269],[-93.6012486,38.1923758],[-93.5947883,38.1978964],[-93.5854822,38.1987586],[-93.5785533,38.1950814],[-93.5769353,38.1847717],[-93.5738722,38.1747292],[-93.5682692,38.1693025],[-93.5681778,38.1691486],[-93.5633858,38.1673428],[-93.5627011,38.1674356],[-93.5528314,38.1719619],[-93.5527019,38.1722819],[-93.5470192,38.1808931],[-93.5470881,38.1812272],[-93.5472578,38.1815608],[-93.5496556,38.1877383],[-93.5507639,38.188165],[-93.5548181,38.1876119],[-93.5555533,38.1887756],[-93.5527697,38.1903011],[-93.5561686,38.1929044],[-93.5566836,38.1931731],[-93.56195,38.1952789],[-93.5630222,38.1956183],[-93.5688944,38.1961514],[-93.5674286,38.1993078],[-93.5714481,38.2060894],[-93.5717844,38.2061861],[-93.5787033,38.2093569],[-93.5816856,38.2109717],[-93.5728689,38.208865],[-93.5723233,38.2139908],[-93.5723147,38.2144294],[-93.5715908,38.2179133]]},"properties":{}},{"type":"Feature","geometry":{"type":"LineString","coordinates":[[-93.4245539,38.2249981],[-93.4225097,38.2287497]]},"properties":{}},{"type":"Feature","geometry":{"type":"LineString","coordinates":[[-93.8752131,37.0790878],[-93.8587069,37.0854056],[-93.8548011,37.0860986],[-93.848375,37.0860628],[-93.8204208,37.0857028],[-93.81602,37.0868908],[-93.783305,37.1039008],[-93.7617231,37.1157897],[-93.641825,37.1870967],[-93.6370819,37.1878617],[-93.6070039,37.1866378],[-93.5530219,37.1858547],[-93.5001919,37.1848647],[-93.4598181,37.1928386],[-93.390905,37.2078686],[-93.3743197,37.2225792]]},"properties":{}},{"type":"Feature","geometry":{"type":"LineString","coordinates":[[-92.6555192,36.4153747],[-92.6582828,36.4174492],[-92.66288,36.4243336],[-92.6662564,36.4320175],[-92.6660131,36.4382339],[-92.6617489,36.4426531],[-92.6588303,36.4472672],[-92.6551158,36.4493322],[-92.6547681,36.4493381],[-92.6508217,36.4506906],[-92.6549286,36.4572128],[-92.6595161,36.4582814],[-92.6686164,36.4555067],[-92.6753183,36.4494228],[-92.6796714,36.4439086],[-92.6847122,36.4411278],[-92.6851292,36.437145],[-92.6889558,36.4352344],[-92.6922725,36.4333453],[-92.7064442,36.4262992],[-92.7158731,36.4237586],[-92.7241792,36.4224256],[-92.7213281,36.4192706],[-92.7206897,36.4167581],[-92.7227842,36.4156642],[-92.7193122,36.4105633],[-92.7213383,36.4110581],[-92.7239897,36.4143133],[-92.7245383,36.4177533],[-92.7272808,36.4191719],[-92.7281722,36.4178236],[-92.7267753,36.41387],[-92.7278914,36.4106797],[-92.7259825,36.4065017],[-92.7291047,36.407495],[-92.7320167,36.4075728],[-92.7359336,36.3977058],[-92.7362497,36.3926439],[-92.7365881,36.3874717],[-92.7382158,36.3897586],[-92.7384397,36.3906578],[-92.7384769,36.3911733],[-92.7387278,36.3972608],[-92.7368231,36.4013342],[-92.7345169,36.4057439],[-92.73464,36.4082336],[-92.7345428,36.4097175],[-92.7308369,36.4112683],[-92.7321719,36.4165322],[-92.7320486,36.4185958],[-92.7351381,36.4164736],[-92.7430567,36.4140894],[-92.7520339,36.4140542],[-92.7585797,36.4126253],[-92.7618925,36.4134258],[-92.7624578,36.4142769],[-92.7558806,36.4141967],[-92.7484261,36.4166606],[-92.7432647,36.4174244],[-92.7388831,36.4195094],[-92.7346764,36.4221106],[-92.7444231,36.4269544],[-92.7476267,36.4327786],[-92.7448064,36.4412592],[-92.7443567,36.4432381],[-92.7495869,36.4454978],[-92.7558753,36.4449269],[-92.7600336,36.4457231],[-92.7647419,36.4469872],[-92.764955,36.4480839],[-92.7568864,36.4472075],[-92.7525136,36.4478431],[-92.7502775,36.4487694],[-92.7447303,36.4472964],[-92.7391231,36.4486731],[-92.7362325,36.4497072],[-92.7333731,36.4521472],[-92.7347375,36.4480822],[-92.7361397,36.4467569],[-92.7358558,36.4459561],[-92.730275,36.4477431],[-92.7300333,36.4480042],[-92.7210178,36.4513961],[-92.7162122,36.4547808],[-92.7136644,36.456575],[-92.7188044,36.4585056],[-92.7287939,36.4572069],[-92.7391853,36.4579128],[-92.7483256,36.4622694],[-92.7516531,36.4654311],[-92.7575286,36.47004],[-92.7605358,36.4780211],[-92.7622553,36.4820208],[-92.7622761,36.4822306],[-92.7622408,36.4860456],[-92.7649056,36.4907931],[-92.7725778,36.4950119],[-92.7778486,36.4965175],[-92.7796347,36.4966275],[-92.7820053,36.4931944],[-92.7797358,36.4830622],[-92.7825792,36.4758925],[-92.7882233,36.4707656],[-92.7860867,36.4689528],[-92.7780383,36.4663386],[-92.7793597,36.465465],[-92.78581,36.4671778],[-92.7912833,36.4693808],[-92.7928067,36.47028],[-92.797675,36.4699675],[-92.7962964,36.4643744],[-92.7957669,36.4617358],[-92.7938689,36.4592703],[-92.7856325,36.4580253],[-92.7891814,36.4575186],[-92.7952533,36.4574697],[-92.7961603,36.4546822],[-92.7919633,36.4494889],[-92.7901044,36.4462844],[-92.7907581,36.4416472],[-92.7914794,36.4409769],[-92.7924461,36.4412425],[-92.7923831,36.4414225],[-92.7921539,36.4455136],[-92.7943811,36.4491306],[-92.7994586,36.4538089],[-92.7996603,36.4542428],[-92.7996231,36.4563167],[-92.7996781,36.4607661],[-92.8001986,36.46301],[-92.8013447,36.4668306],[-92.8031956,36.4704839],[-92.8080431,36.4711244],[-92.8115222,36.4709936],[-92.8147814,36.4696072],[-92.8151783,36.4678708],[-92.8165958,36.4656628],[-92.8190164,36.46522],[-92.8199419,36.4631414],[-92.8204742,36.4651825],[-92.8181564,36.4667681],[-92.8180958,36.4678408],[-92.8197967,36.4673939],[-92.82249,36.4649506],[-92.8248586,36.4606453],[-92.82808,36.4567614],[-92.8316583,36.4547722],[-92.8332058,36.4537889],[-92.8334992,36.4501156],[-92.8311683,36.4456744],[-92.8286147,36.4444292],[-92.8300697,36.4439781],[-92.8313183,36.4440786],[-92.8324633,36.4450986],[-92.8341725,36.4479144],[-92.8364133,36.4499983],[-92.8355172,36.4525383],[-92.8369833,36.4532094],[-92.8447592,36.4533178],[-92.8525092,36.4557292],[-92.8578406,36.454605],[-92.8583492,36.4527444],[-92.8577106,36.4509844],[-92.8567928,36.4496803],[-92.8576925,36.44891],[-92.8609131,36.4515553],[-92.8647811,36.4482139],[-92.865325,36.4489547],[-92.8653297,36.4490175],[-92.8615378,36.4541517],[-92.8639294,36.4558986],[-92.8644094,36.4584031],[-92.8630258,36.4588219],[-92.8621994,36.4561881],[-92.8588658,36.4561894],[-92.8544161,36.4574328],[-92.8623439,36.4660872],[-92.8642994,36.4682997],[-92.8689692,36.4699964],[-92.8695925,36.4711394],[-92.8658281,36.4713431],[-92.8687364,36.4738836],[-92.8800075,36.47576],[-92.8865633,36.4776583],[-92.8930225,36.4797844],[-92.8950261,36.4791258],[-92.8954206,36.4789131],[-92.8958894,36.4786292],[-92.8969878,36.4746925],[-92.898245,36.4729356],[-92.89539,36.4651672],[-92.8943339,36.4627994],[-92.8908739,36.4519136],[-92.8872936,36.4444372],[-92.88502,36.4410833],[-92.8850094,36.4409064],[-92.8830075,36.4366789],[-92.8815728,36.4316178],[-92.8801878,36.4275169],[-92.8786339,36.4255072],[-92.881,36.4253353],[-92.8855397,36.4179853],[-92.8902375,36.4142122],[-92.8955686,36.4116919],[-92.8977389,36.4098964],[-92.9001919,36.4105103],[-92.9002083,36.4106914],[-92.9016933,36.4131442],[-92.9017033,36.4132661],[-92.9016631,36.4136942],[-92.8995906,36.4175925],[-92.8945039,36.4167031],[-92.8904433,36.4175814],[-92.8862742,36.4215164],[-92.8859486,36.4310183],[-92.8906164,36.4413664],[-92.8950453,36.4499725],[-92.8984989,36.4614611],[-92.9013144,36.4687422],[-92.9024536,36.4701544],[-92.9133136,36.4742317],[-92.9178325,36.4764686],[-92.9230908,36.4763719],[-92.9254506,36.4730069],[-92.9262431,36.4712403],[-92.9235967,36.4691478],[-92.9229722,36.4664536],[-92.9231206,36.4661881],[-92.9247106,36.46023],[-92.9307478,36.4551994],[-92.936795,36.4495725],[-92.9391903,36.4464444],[-92.9381414,36.4415517],[-92.9328744,36.43518],[-92.9296078,36.4310589],[-92.9296956,36.4287289],[-92.930255,36.4252647],[-92.9334789,36.4290447],[-92.9361242,36.4324922],[-92.9406483,36.4309056],[-92.9437692,36.4316908],[-92.9445561,36.4332436],[-92.9407444,36.4326442],[-92.9385944,36.4338625],[-92.9387836,36.435655],[-92.9416317,36.4407919],[-92.9425194,36.4491864],[-92.9382386,36.4538219],[-92.9417747,36.4573544],[-92.94019,36.4589219],[-92.9384194,36.4564156],[-92.9354731,36.4548658],[-92.9315078,36.4584806],[-92.9273678,36.4626739],[-92.9275381,36.4647092],[-92.9304861,36.4664333],[-92.9305683,36.4664953],[-92.9312156,36.4682717],[-92.9341086,36.4721053],[-92.9311164,36.4704086],[-92.9296203,36.4680503],[-92.9283011,36.4671794],[-92.9282428,36.4675653],[-92.9299133,36.4718589],[-92.9299242,36.4720539],[-92.9285708,36.4781506],[-92.9243,36.4824683],[-92.9194039,36.4851492],[-92.9182386,36.4872089],[-92.9186533,36.492055],[-92.9237761,36.4950486],[-92.9294231,36.4944197],[-92.9328647,36.4915158],[-92.9363219,36.4870842],[-92.9398167,36.4788503],[-92.9475561,36.4740425],[-92.9555692,36.4731558]]},"properties":{}},{"type":"Feature","geometry":{"type":"LineString","coordinates":[[-93.02929,36.6311336],[-93.0306542,36.6274467],[-93.0315569,36.6257592],[-93.0242617,36.6237783],[-93.0245831,36.622215],[-93.0283878,36.6228142],[-93.0331894,36.6250692],[-93.0333142,36.6250031],[-93.0412414,36.6228967],[-93.0497278,36.6226744],[-93.0574364,36.6224353],[-93.0615808,36.6208942],[-93.0632783,36.6193283],[-93.0633606,36.615755],[-93.0633767,36.61558],[-93.0621422,36.6109972],[-93.0616194,36.6079742],[-93.0621242,36.6027178],[-93.0622556,36.6008808],[-93.0604083,36.6009478],[-93.056615,36.6019903],[-93.0557306,36.6025811],[-93.0561425,36.6012425],[-93.0562461,36.6011878],[-93.0575753,36.6000808],[-93.0578136,36.6000514],[-93.0603028,36.5994617],[-93.0627053,36.5959842],[-93.0649189,36.5930117],[-93.0650764,36.5929819],[-93.0652358,36.5929228],[-93.0686517,36.5908381],[-93.0722869,36.5898911],[-93.0777147,36.5903822],[-93.0846208,36.5939008],[-93.0847272,36.5939489],[-93.0910556,36.5983964],[-93.0978333,36.6018086],[-93.1001136,36.6024075],[-93.1033972,36.6008497],[-93.1048289,36.5990156],[-93.1052181,36.5965192],[-93.1043694,36.5954025],[-93.1034806,36.5985358],[-93.1030478,36.5997322],[-93.1009453,36.5966033],[-93.0990942,36.5927111],[-93.0990675,36.592645],[-93.0955264,36.5889236],[-93.0913878,36.5885603],[-93.0871497,36.5854853],[-93.0840356,36.5802047],[-93.0802275,36.5767133],[-93.0753803,36.5755439],[-93.0752972,36.5755592],[-93.0700583,36.5758519],[-93.0698175,36.5759642],[-93.0678231,36.5771625],[-93.0676739,36.5772322],[-93.0639111,36.5786369],[-93.0636353,36.5787903],[-93.0568217,36.5789303],[-93.0492953,36.5729689],[-93.0491828,36.5725281],[-93.0483972,36.5672011],[-93.0514506,36.5600333],[-93.0552236,36.5548011],[-93.0583264,36.5504783],[-93.0583181,36.5503747],[-93.0583386,36.5501728],[-93.0617086,36.5411369],[-93.0629914,36.5368503],[-93.0630375,36.536715],[-93.0628953,36.5325164],[-93.0605361,36.5297789],[-93.0564356,36.5276375],[-93.0562094,36.5275964],[-93.0480944,36.5263289],[-93.0442603,36.5261431],[-93.0441053,36.5275894],[-93.0441881,36.5279994],[-93.047725,36.5304928],[-93.0477928,36.5306289],[-93.0504222,36.5335108],[-93.0504317,36.5337325],[-93.0523133,36.5365067],[-93.0508625,36.5380803],[-93.0506897,36.5353286],[-93.0475636,36.5322872],[-93.0447925,36.5307522],[-93.0422061,36.5289597],[-93.0420589,36.5286147],[-93.0418614,36.5284511],[-93.0419769,36.5257731],[-93.0383731,36.5239206],[-93.0379167,36.5237272],[-93.0309442,36.5206197],[-93.0231775,36.5143369],[-93.0154986,36.5073011],[-93.0090269,36.4954469],[-93.0043817,36.4881583],[-93.0012256,36.4827953],[-92.9989356,36.4766875],[-92.9963178,36.4736308],[-92.9922361,36.4719625],[-92.9920997,36.4719372],[-92.9899822,36.4721919],[-92.9875736,36.4740944],[-92.9872736,36.4743197],[-92.9859192,36.4762489],[-92.9858386,36.4764414],[-92.9857903,36.4765575],[-92.9856639,36.4797394],[-92.9855647,36.4798533],[-92.9844125,36.4821781],[-92.98443,36.4825508],[-92.9844622,36.4828847],[-92.9851444,36.4914147],[-92.9850689,36.4916222],[-92.9879403,36.4948397],[-92.9880564,36.4950408],[-92.9880792,36.4953425],[-92.9910172,36.4990403],[-92.9974856,36.5069317],[-92.9966817,36.51606],[-92.9948978,36.5185969],[-92.9946683,36.5188372],[-92.9887569,36.52085],[-92.9884167,36.5209214],[-92.9807056,36.5201289],[-92.9733847,36.5175606],[-92.973165,36.5174508],[-92.9663911,36.5105686],[-92.9663078,36.5103267],[-92.9640986,36.5035775],[-92.9654617,36.4931056],[-92.9655797,36.4927814],[-92.9672831,36.4874778],[-92.9673658,36.4873361],[-92.9664267,36.4831208],[-92.9635314,36.4799311],[-92.9562889,36.4778108],[-92.9498675,36.4779967],[-92.9495967,36.4781422],[-92.9462269,36.4796178],[-92.94606,36.4797897],[-92.9458089,36.4800489],[-92.9423653,36.4843875],[-92.9404181,36.4934422],[-92.9424792,36.4950992],[-92.9425136,36.4952361],[-92.9474944,36.4992269],[-92.9472267,36.5001764],[-92.94239,36.4979375],[-92.9408744,36.4963822],[-92.9391592,36.495675],[-92.9341108,36.4981058],[-92.9312739,36.5024756],[-92.9290839,36.5069669],[-92.9291894,36.5073472],[-92.9298278,36.5109919],[-92.9297825,36.5152831],[-92.9342936,36.5193303],[-92.9376486,36.5224169],[-92.9412036,36.5236586],[-92.94457,36.5269075],[-92.9404867,36.5298439],[-92.9401853,36.5342483],[-92.9391794,36.5329783],[-92.9387703,36.5295406],[-92.9406244,36.5259492],[-92.9323433,36.5205567],[-92.9273494,36.5166342],[-92.9260606,36.5096978],[-92.9253592,36.5058978],[-92.9274803,36.5019728],[-92.9275581,36.5009192],[-92.9221158,36.5017378],[-92.9163956,36.5002758],[-92.9132406,36.4972153],[-92.9117564,36.4923411],[-92.9117592,36.4884219],[-92.9120922,36.4854303],[-92.9072133,36.4877792],[-92.9029981,36.49143],[-92.8945758,36.4945769],[-92.8889486,36.4950853],[-92.8829128,36.4912497],[-92.8778069,36.4861756],[-92.8764778,36.4851247],[-92.8742167,36.4854061],[-92.8724617,36.4833939],[-92.8698889,36.4817939],[-92.8636806,36.4782797],[-92.8585481,36.4758467],[-92.8565164,36.4773661],[-92.8564356,36.4819842],[-92.8551517,36.484165],[-92.8539847,36.4850503],[-92.8546794,36.4902561],[-92.8583003,36.4934969],[-92.8605597,36.4948294],[-92.8650592,36.4945222],[-92.8682425,36.4950972],[-92.8693986,36.4970294],[-92.8684436,36.4988761],[-92.8671833,36.4994978],[-92.8650783,36.5004333],[-92.8653914,36.5021481],[-92.8688283,36.5051275],[-92.8696833,36.5072175],[-92.8696142,36.5073372],[-92.8674961,36.5090775],[-92.8661308,36.5087931],[-92.8641758,36.5076214],[-92.8627125,36.5078844],[-92.8594708,36.5095669],[-92.8584772,36.5111297],[-92.8603072,36.5128839],[-92.8657153,36.5154258],[-92.8665253,36.5182494],[-92.8664894,36.5183933],[-92.8643192,36.5207925],[-92.8641939,36.5210133],[-92.8601942,36.5231728],[-92.8591014,36.52376],[-92.8580772,36.5227814],[-92.8608239,36.5207639],[-92.8632928,36.518475],[-92.8639389,36.5162567],[-92.8622142,36.5148128],[-92.8618617,36.5147339],[-92.8578439,36.5131483],[-92.8568867,36.5116933],[-92.8572511,36.5089222],[-92.8595994,36.5068881],[-92.8623772,36.5060708],[-92.8651178,36.5065989],[-92.8668111,36.5067078],[-92.8670722,36.5056181],[-92.8670936,36.5055383],[-92.8655392,36.5042231],[-92.8638061,36.5032703],[-92.8625133,36.5020711],[-92.8619353,36.5006883],[-92.8622975,36.4988731],[-92.8642269,36.4977617],[-92.8659086,36.4974172],[-92.8668494,36.4970136],[-92.8669358,36.4963089],[-92.8643067,36.496595],[-92.8616978,36.4972644],[-92.8606792,36.4978511],[-92.8590506,36.4972617],[-92.8572269,36.4970106],[-92.8559275,36.4969194],[-92.8530675,36.4980439],[-92.8515625,36.4990392],[-92.8503322,36.4992389],[-92.8535625,36.4966428],[-92.8548142,36.4954292],[-92.8537497,36.4944725],[-92.8516153,36.4951286],[-92.8494231,36.4947531],[-92.8517461,36.4943692],[-92.8525939,36.4933814],[-92.8520219,36.4918661],[-92.8503111,36.4900642],[-92.8494492,36.4885975],[-92.8489006,36.4882925],[-92.8467778,36.4884586],[-92.845205,36.4881519],[-92.8443708,36.4876883],[-92.8425683,36.4863014],[-92.8432642,36.485695],[-92.8446153,36.4863656],[-92.8469258,36.4867042],[-92.8491331,36.4859003],[-92.8502925,36.4842656],[-92.8511728,36.4824825],[-92.8514969,36.4813547],[-92.8529225,36.4799583],[-92.8527225,36.4787739],[-92.8518189,36.4783258],[-92.8492906,36.4784575],[-92.8485178,36.4781656],[-92.8466094,36.4787475],[-92.8478897,36.4776911],[-92.8488617,36.4771225],[-92.8500967,36.4769075],[-92.8504447,36.4762242],[-92.8507394,36.4742553],[-92.852095,36.4730444],[-92.8538481,36.4725069],[-92.8554772,36.4723628],[-92.8548003,36.4702644],[-92.8535969,36.4672967],[-92.8526792,36.4655519],[-92.8526614,36.4654942],[-92.8509944,36.4632264],[-92.8491186,36.4615911],[-92.8479119,36.4607328],[-92.8464414,36.4597667],[-92.84588,36.4589686],[-92.8416514,36.4583333],[-92.8400742,36.4585178],[-92.8372969,36.4594919],[-92.8372242,36.4596056],[-92.8341858,36.4616819],[-92.8341422,36.4618047],[-92.8326942,36.4633717],[-92.8326703,36.4635272],[-92.8344714,36.4650381],[-92.8387572,36.4665606],[-92.8404889,36.4677494],[-92.8419808,36.4697553],[-92.8379775,36.4675814],[-92.8331308,36.4665472],[-92.8314078,36.4658533],[-92.8295736,36.4661822],[-92.8319156,36.4678097],[-92.8321903,36.4679192],[-92.835285,36.4705436],[-92.8364708,36.4738769],[-92.8362042,36.4735039],[-92.8338153,36.4706478],[-92.8309297,36.4689997],[-92.8288883,36.4693153],[-92.8279356,36.4706561],[-92.82797,36.47075],[-92.8299069,36.4738883],[-92.8267261,36.4723544],[-92.8265847,36.4723544],[-92.8237361,36.4743256],[-92.8205264,36.4767567],[-92.8222325,36.4788542],[-92.8264189,36.478955],[-92.8223633,36.4799464],[-92.8192247,36.4791069],[-92.8189964,36.4801597],[-92.8197867,36.4820947],[-92.8208783,36.4833925],[-92.8235978,36.485515],[-92.8263458,36.4856844],[-92.8299508,36.4842506],[-92.8280192,36.4861178],[-92.8309228,36.487545],[-92.83223,36.4893256],[-92.829985,36.4881356],[-92.8275053,36.4872961],[-92.8249808,36.48722],[-92.8230072,36.4875106],[-92.8224769,36.4902383],[-92.8226775,36.4915758],[-92.8221953,36.4916],[-92.8214475,36.4883567],[-92.8214797,36.4882469],[-92.8204536,36.4867644],[-92.8194744,36.4850478],[-92.8166081,36.4834211],[-92.8173492,36.4823161],[-92.8161497,36.4809992],[-92.8163403,36.4796353],[-92.8162314,36.4786022],[-92.8133522,36.4787461],[-92.8073286,36.478085],[-92.802705,36.4768439],[-92.7997975,36.4759619],[-92.7970342,36.4759247],[-92.7951783,36.4762497],[-92.7919919,36.4768061],[-92.7919889,36.4782236],[-92.7905175,36.4795144],[-92.7897897,36.481555],[-92.7935414,36.4830714],[-92.7967225,36.4840236],[-92.8012553,36.4839303],[-92.8028258,36.4838106],[-92.8038883,36.4830189],[-92.8046578,36.4816669],[-92.8056889,36.4822028],[-92.8047258,36.4836403],[-92.8055797,36.4847408],[-92.8078511,36.4858767],[-92.8093308,36.4870667],[-92.8106669,36.4872486],[-92.8113253,36.4880383],[-92.8112992,36.4881575],[-92.8117397,36.4891997],[-92.8105367,36.488545],[-92.8099664,36.4890403],[-92.8125231,36.4924781],[-92.814865,36.4982194],[-92.8148375,36.5000536],[-92.8132528,36.4984003],[-92.8133258,36.4963708],[-92.8100439,36.4926978],[-92.8079994,36.4903056],[-92.8053092,36.48705],[-92.8015928,36.4861214],[-92.7993122,36.4866031],[-92.8024553,36.4905511],[-92.7957908,36.4872731],[-92.7901811,36.4859394],[-92.7885647,36.4870625],[-92.788635,36.4872497],[-92.7933853,36.4903258],[-92.7934322,36.4903947],[-92.7972919,36.4953569],[-92.7981722,36.4979353],[-92.7975803,36.5017536],[-92.7955997,36.5028708],[-92.7968189,36.5003767],[-92.7967619,36.5003011],[-92.7959564,36.4974114],[-92.7959364,36.4972372],[-92.7931636,36.4947478],[-92.7901664,36.4947536],[-92.7879156,36.4969744],[-92.7841639,36.5019775],[-92.7840994,36.5021886],[-92.7749603,36.5043528],[-92.7775308,36.5081967],[-92.7720186,36.5047678],[-92.7651039,36.5021772],[-92.7589983,36.4971036],[-92.7575031,36.4975972],[-92.7574497,36.4977611],[-92.7570581,36.5013231],[-92.7602086,36.5042042],[-92.7609864,36.5064739],[-92.761055,36.5073972],[-92.7601722,36.5054539],[-92.7576239,36.50397],[-92.7553736,36.5008606],[-92.7551717,36.5004528],[-92.7549233,36.4991592],[-92.7548292,36.4989306],[-92.7531994,36.497895],[-92.748575,36.4969542],[-92.7485083,36.4967711],[-92.7484078,36.4962553],[-92.7526517,36.4962939],[-92.7556839,36.495245],[-92.7564058,36.4944636],[-92.7551658,36.4920547],[-92.7552383,36.4918372],[-92.7549575,36.4876922],[-92.7540189,36.4853383],[-92.7524506,36.4823131],[-92.7524639,36.4821606],[-92.7525325,36.4818661],[-92.7503781,36.4771881],[-92.7503597,36.4770367],[-92.7486653,36.4740269],[-92.7476583,36.4709931],[-92.7443119,36.4677006],[-92.7419508,36.4671683],[-92.7405358,36.4652761],[-92.7392686,36.4649936],[-92.7370881,36.4703553],[-92.7355783,36.4734],[-92.7334281,36.4746311],[-92.7338783,36.4783156],[-92.7353447,36.4853064],[-92.7354803,36.4855064],[-92.7377381,36.48949],[-92.7409317,36.4936606],[-92.7409103,36.4937506],[-92.740005,36.4954208],[-92.7382319,36.5000108],[-92.7357411,36.5017917],[-92.7328533,36.5025333],[-92.7307592,36.5028314],[-92.7307425,36.5040794],[-92.7330503,36.5049342],[-92.7388925,36.5055189],[-92.7455203,36.5088969],[-92.7537267,36.5142608],[-92.7599258,36.5211264],[-92.7619189,36.5238672],[-92.7645058,36.5248361],[-92.7667733,36.5238108],[-92.7697708,36.5221303],[-92.7730781,36.5223617],[-92.7751931,36.5240994],[-92.7754186,36.524455],[-92.7761383,36.5266214],[-92.7760919,36.5267911],[-92.7740578,36.5288103],[-92.7736608,36.5300586],[-92.7769228,36.5299028],[-92.7785314,36.5312044],[-92.7802514,36.5316278],[-92.78148,36.5303058],[-92.7821169,36.5301544],[-92.7835217,36.5308244],[-92.7835475,36.5309725],[-92.783495,36.5321681],[-92.7832944,36.5323136],[-92.7826592,36.5338892],[-92.7760275,36.5333264],[-92.7713128,36.53256],[-92.7706081,36.5296006],[-92.7722117,36.5271661],[-92.7736531,36.5250214],[-92.7728325,36.5239308],[-92.7692317,36.5246869],[-92.7691536,36.5247611],[-92.7656147,36.5278242],[-92.7607169,36.5284778],[-92.7591331,36.5294917],[-92.7591981,36.5325044],[-92.7592947,36.5327233],[-92.7607972,36.5386208],[-92.7591661,36.5409378],[-92.7587519,36.5364753],[-92.7587497,36.5362914],[-92.7571019,36.5297106],[-92.7572003,36.5294425],[-92.7569267,36.52625],[-92.7567992,36.5259914],[-92.7555219,36.5221236],[-92.7555378,36.5219472],[-92.7537097,36.5203031],[-92.7500231,36.5207667],[-92.740885,36.5202517],[-92.7413769,36.5195217],[-92.7480794,36.5189622],[-92.7506664,36.5189769],[-92.7522825,36.5179297],[-92.7477997,36.5154253],[-92.7434908,36.51245],[-92.7375264,36.50955],[-92.7297483,36.5080075],[-92.7268856,36.5072392],[-92.7261394,36.5029375],[-92.7290514,36.4995236],[-92.7329469,36.4971531],[-92.7330889,36.4970528],[-92.7339342,36.4944647],[-92.7340325,36.4941897],[-92.7325417,36.4914464],[-92.7306736,36.4897353],[-92.7286161,36.4923278],[-92.7275431,36.4935444],[-92.7264997,36.4927503],[-92.7266119,36.4927314],[-92.7274639,36.4905672],[-92.7275125,36.4904536],[-92.7259367,36.4901422],[-92.7217367,36.4935189],[-92.7190492,36.4954333],[-92.7189261,36.4955858],[-92.7178383,36.501525],[-92.7173264,36.4988836],[-92.7173133,36.4987883],[-92.71733,36.4955733],[-92.7174103,36.4952786],[-92.7189314,36.4929586],[-92.7210803,36.4915958],[-92.7214031,36.4913647],[-92.7229606,36.4897186],[-92.7230411,36.4896528],[-92.7260481,36.4877797],[-92.7264356,36.4877367],[-92.7286336,36.4873783],[-92.7286811,36.4872697],[-92.7291819,36.4840169],[-92.7292069,36.4837211],[-92.7292253,36.482385],[-92.7261675,36.4818178],[-92.7195703,36.4824181],[-92.7170839,36.4829203],[-92.7169939,36.4830944],[-92.7150833,36.4874675],[-92.7137883,36.4884022],[-92.7122283,36.4879397],[-92.7093722,36.4866006],[-92.7065711,36.4896139],[-92.7063919,36.4898033],[-92.7034353,36.4916381],[-92.7006861,36.4925231],[-92.6945192,36.4939686],[-92.6929572,36.4951733],[-92.6929592,36.4937375],[-92.6938547,36.4927353],[-92.7012994,36.4904686],[-92.7040653,36.4889211],[-92.7063039,36.4868044],[-92.7075128,36.4852153],[-92.7079083,36.4844711],[-92.706755,36.4835769],[-92.7028967,36.4844792],[-92.6978386,36.4847392],[-92.6997994,36.4837469],[-92.7018469,36.4830694],[-92.7049664,36.4828503],[-92.7050197,36.4828039],[-92.7060228,36.4822931],[-92.7082769,36.4825697],[-92.7113742,36.4849233],[-92.7135047,36.484825],[-92.7135694,36.4827506],[-92.713275,36.481135],[-92.7153019,36.4809761],[-92.7221297,36.4795517],[-92.7263514,36.4780975],[-92.7254586,36.4748122],[-92.7255781,36.4746872],[-92.7277711,36.4715603],[-92.7300158,36.4700661],[-92.7307925,36.4691667],[-92.7306797,36.4670581],[-92.7305356,36.4643258],[-92.7286108,36.4645708],[-92.7271358,36.4668792],[-92.7260933,36.4671706],[-92.7253014,36.4657039],[-92.7240453,36.4654864],[-92.7239708,36.4656008],[-92.7221942,36.4662658],[-92.7224039,36.4687639],[-92.7224017,36.4689075],[-92.7225956,36.4714678],[-92.7213117,36.4715086],[-92.7209808,36.4698594],[-92.7189697,36.4690744],[-92.71689,36.4709269],[-92.7136625,36.4714733],[-92.7122283,36.4722664],[-92.7083731,36.4720203],[-92.7085567,36.4715075],[-92.7138597,36.4698164],[-92.7170178,36.4675778],[-92.71708,36.4675208],[-92.7171414,36.4658661],[-92.7169497,36.4658281],[-92.7145711,36.4653322],[-92.7123644,36.4639622],[-92.7064972,36.4600417],[-92.7037925,36.4556781],[-92.7040264,36.45246],[-92.7078986,36.4481306],[-92.7079208,36.4480903],[-92.7097061,36.4467097],[-92.7183294,36.4438186],[-92.7224003,36.4420036],[-92.7267031,36.4404036],[-92.7331506,36.4392986],[-92.7378917,36.4384019],[-92.73954,36.4370542],[-92.7384214,36.4346053],[-92.7332953,36.4325311],[-92.7268658,36.4320669],[-92.7267944,36.4321342],[-92.7248664,36.4335478],[-92.7221128,36.4328636],[-92.7190547,36.4309603],[-92.7175756,36.4309183],[-92.7134633,36.4326461],[-92.709825,36.4326989],[-92.7044519,36.4353781],[-92.7053644,36.4378797],[-92.7044517,36.4399081],[-92.6990642,36.4398319],[-92.6938694,36.4434169],[-92.6932392,36.4463864],[-92.6934658,36.4467711],[-92.6965711,36.4473317],[-92.6996703,36.4462661],[-92.6993206,36.4487417],[-92.6991253,36.4512536],[-92.6944914,36.4499325],[-92.6914203,36.4491081],[-92.6867222,36.4499081],[-92.6924856,36.4562203],[-92.6989917,36.4609608],[-92.6990761,36.4610869],[-92.7011086,36.46254],[-92.6989969,36.4628478],[-92.6988297,36.4628089],[-92.6955381,36.4619333],[-92.6936717,36.4627239],[-92.6929619,36.4590575],[-92.6889714,36.4576856],[-92.6857267,36.4610547],[-92.6860314,36.4575769],[-92.6859744,36.4570736],[-92.6859561,36.4569608],[-92.6851739,36.4537036],[-92.6821161,36.4535536],[-92.6768517,36.4572347],[-92.6767906,36.4573844],[-92.6791433,36.4641528],[-92.6783806,36.4664728],[-92.6782206,36.4665619],[-92.6766536,36.4681678],[-92.6765136,36.4681997],[-92.6750383,36.4681764],[-92.6761886,36.4646575],[-92.6763025,36.4643739],[-92.6750572,36.4616692],[-92.6732408,36.4599483],[-92.6614231,36.4645186],[-92.6541108,36.4653689],[-92.6498783,36.4663844],[-92.6479964,36.4690375],[-92.6515692,36.4702306],[-92.6547792,36.4708972],[-92.6551475,36.4705631],[-92.6586125,36.4694656],[-92.6612631,36.4714214],[-92.6615333,36.4715589],[-92.6650481,36.4738422],[-92.6687514,36.4759097],[-92.6661914,36.4761075],[-92.6601258,36.4734447],[-92.6588767,36.4755408],[-92.6564942,36.4738631],[-92.6520003,36.4730811],[-92.6500167,36.4773525],[-92.6478833,36.4742014],[-92.6466986,36.4714486],[-92.6442228,36.4697131],[-92.6433811,36.4699794],[-92.6446094,36.4743711],[-92.6445689,36.4746681],[-92.6457611,36.4792217],[-92.6469622,36.4840758],[-92.6469878,36.4846147],[-92.6518161,36.4892797],[-92.6520581,36.4894847],[-92.6558383,36.4923247],[-92.6583272,36.493595],[-92.6543439,36.4929792],[-92.6488186,36.4890747],[-92.6451119,36.4863961],[-92.643265,36.4823436],[-92.6425269,36.4795489],[-92.6401983,36.4780456],[-92.6383567,36.4770672],[-92.6358328,36.4792906],[-92.6316128,36.4800781],[-92.6282372,36.4830156],[-92.6334525,36.4882267],[-92.6335622,36.4887306],[-92.6344803,36.4956361],[-92.6349414,36.4987097],[-92.6363244,36.5022614],[-92.640515,36.5036275],[-92.6371308,36.5043786],[-92.6346861,36.5054169],[-92.6323528,36.5028356],[-92.6321789,36.5027933],[-92.6262425,36.5035261],[-92.6234042,36.5045122],[-92.6220069,36.5019903],[-92.6218553,36.5018969],[-92.6192472,36.5005958],[-92.6173056,36.5007547],[-92.617505,36.5015756],[-92.6183433,36.5084792],[-92.6211408,36.5108608]]},"properties":{}},{"type":"Feature","geometry":{"type":"LineString","coordinates":[[-92.9555692,36.4731558],[-92.9560272,36.4732675],[-92.9640539,36.4754661],[-92.9708897,36.4802503],[-92.9734453,36.4872483],[-92.9702939,36.4966289],[-92.9702722,36.5060333],[-92.9744369,36.5116233],[-92.9792203,36.5150633],[-92.9851614,36.5161069],[-92.990665,36.5149072],[-92.9927861,36.5126036],[-92.99106,36.5067797],[-92.9867461,36.5009753],[-92.9829092,36.4966667],[-92.9792803,36.4927989],[-92.9784483,36.4827942],[-92.9789136,36.4771889],[-92.9813931,36.4724875],[-92.9860611,36.4694622],[-92.9914261,36.4674975],[-92.9956581,36.4679217],[-93.0027189,36.4741097],[-93.0054603,36.478215],[-93.0057069,36.4784669],[-93.0091506,36.4851383],[-93.0130083,36.4884058],[-93.0139214,36.4913144],[-93.0176781,36.4913819],[-93.01992,36.4897714],[-93.0262247,36.4839186],[-93.0317569,36.4795222],[-93.0325775,36.4753475],[-93.0365783,36.4716708],[-93.0411706,36.4713842],[-93.0423881,36.4746942],[-93.0392542,36.4769614],[-93.0391792,36.4771578],[-93.0384214,36.4789344],[-93.0396003,36.4808075],[-93.0425311,36.4791042],[-93.0428511,36.4790367],[-93.0474739,36.4763175],[-93.0507386,36.4759947],[-93.0517406,36.4736561],[-93.0517308,36.4734639],[-93.0501936,36.4659106],[-93.0507844,36.4595822],[-93.0528836,36.4572606],[-93.0531283,36.4572419],[-93.0559803,36.4576247],[-93.0571317,36.4599697],[-93.0554922,36.4585439],[-93.0526606,36.4590192],[-93.0515278,36.4642647],[-93.0514553,36.4643906],[-93.0533861,36.4712664],[-93.0534889,36.4717103],[-93.0546781,36.4759303],[-93.0546242,36.4763861],[-93.0519603,36.4791833],[-93.0466406,36.4792192],[-93.0435575,36.4808611],[-93.0416797,36.4828108],[-93.0385203,36.4825175],[-93.0369219,36.4802086],[-93.0355725,36.4772964],[-93.0327044,36.4835214],[-93.0263861,36.4887653],[-93.0239272,36.4918103],[-93.0238447,36.4918806],[-93.0219375,36.4955669],[-93.0174308,36.4983758],[-93.0187456,36.5021125],[-93.0219783,36.5069592],[-93.0238486,36.5089994],[-93.0285169,36.5101],[-93.0327375,36.5115411],[-93.0372342,36.5099283],[-93.0406525,36.5081494],[-93.0431014,36.5046436],[-93.0470681,36.5021753],[-93.0505008,36.5007011],[-93.0549617,36.4994172],[-93.0588992,36.5012094],[-93.0589728,36.5013083],[-93.0592225,36.5047419],[-93.0590533,36.5063769],[-93.0574728,36.5063911],[-93.0576553,36.503155],[-93.0567942,36.5014111],[-93.0550733,36.5005647],[-93.0522217,36.5021669],[-93.0500889,36.5034542],[-93.0499411,36.5035036],[-93.0468469,36.5042408],[-93.0446408,36.5060814],[-93.0446361,36.5061586],[-93.0420944,36.5102419],[-93.0420181,36.5102697],[-93.0419136,36.5103228],[-93.0375481,36.5124278],[-93.0339328,36.5140694],[-93.0317306,36.5143947],[-93.0402186,36.5177964],[-93.0482411,36.5200206],[-93.056155,36.5242856],[-93.0633997,36.5269158],[-93.0676825,36.5342961],[-93.0668661,36.5448014],[-93.0644625,36.5491344],[-93.0561364,36.5628903],[-93.0560672,36.5632819],[-93.0532944,36.5694803],[-93.0540106,36.5740517],[-93.0580772,36.5755564],[-93.0672489,36.5725228],[-93.0794042,36.57279],[-93.0881783,36.5770817],[-93.0998203,36.5872469],[-93.1074956,36.5938297],[-93.1074008,36.6004103],[-93.1002342,36.6061533],[-93.0936158,36.6092386],[-93.0904756,36.6079064],[-93.0874722,36.6028872],[-93.0849081,36.5984597],[-93.0792358,36.5939678],[-93.0725828,36.5928347],[-93.0672692,36.5972981],[-93.0649314,36.6097847],[-93.0661844,36.6185078],[-93.0605225,36.6242314],[-93.0517575,36.6252303],[-93.0416822,36.6251808],[-93.0338875,36.6275128],[-93.0310911,36.6306814],[-93.0322397,36.6340158],[-93.0374286,36.6358281],[-93.0449269,36.6357392],[-93.0542256,36.6341653],[-93.0618553,36.6351564],[-93.0657747,36.6368111],[-93.0677797,36.6434775],[-93.0668272,36.6481197],[-93.0659242,36.6535025],[-93.0706797,36.6613989],[-93.0725917,36.6675592],[-93.0703078,36.6735836],[-93.0677236,36.6782708],[-93.0652531,36.6826867],[-93.0652706,36.685845],[-93.0662861,36.6871025],[-93.0689272,36.6874789],[-93.0760739,36.6847933],[-93.083925,36.6818269],[-93.0920278,36.6812058],[-93.0977442,36.6820597],[-93.1025764,36.6819886],[-93.10799,36.6799233],[-93.1121383,36.6761228],[-93.1161933,36.6736325],[-93.1197981,36.6702875],[-93.1220492,36.6661822],[-93.1222117,36.6624444],[-93.1232964,36.6588894],[-93.1257489,36.6552358],[-93.1290711,36.6537667],[-93.1358356,36.6531283],[-93.1397603,36.6540347],[-93.1434081,36.6565339],[-93.1479,36.6609536],[-93.1479392,36.6645133],[-93.1426033,36.6693247],[-93.1425197,36.6719408],[-93.1387492,36.6712494],[-93.1319053,36.6745753],[-93.1287253,36.6811364],[-93.1295747,36.6854717],[-93.1293528,36.6882875],[-93.1295014,36.6887928],[-93.1315342,36.6963117],[-93.1298258,36.7027694],[-93.1277333,36.7071447],[-93.1285097,36.7098006],[-93.1315467,36.7104575],[-93.1367125,36.7089497],[-93.1463039,36.7029439],[-93.1551792,36.6975733],[-93.1627672,36.6940822],[-93.1708656,36.6912711],[-93.1773722,36.6899511],[-93.1838033,36.6914631],[-93.1888953,36.6923728],[-93.1924258,36.6916714],[-93.1969981,36.6866658],[-93.1973106,36.6840636],[-93.19712,36.6792119],[-93.1982242,36.6743939],[-93.2016503,36.6714325],[-93.2079583,36.6674792],[-93.2111967,36.6635469],[-93.2112481,36.663345],[-93.2127928,36.6572094],[-93.2133003,36.6534092],[-93.2119119,36.6465794],[-93.2104942,36.6404731],[-93.2128331,36.6361281],[-93.2139947,36.6351981],[-93.215435,36.6366072],[-93.2127408,36.6402658],[-93.2134783,36.6461539],[-93.2150206,36.6517786],[-93.2145381,36.660815],[-93.2119972,36.6662769],[-93.2075636,36.6696578],[-93.2021475,36.6732067],[-93.1989494,36.6781047],[-93.1991039,36.6827919],[-93.1988328,36.6867478],[-93.1965558,36.6905522],[-93.1927942,36.6931406],[-93.1865672,36.6934239],[-93.1812431,36.6926244],[-93.1753742,36.6921419],[-93.1706756,36.6933136],[-93.1673408,36.6953469],[-93.1722267,36.6962942],[-93.1791111,36.6977289],[-93.1837669,36.6984519],[-93.1880678,36.6993022],[-93.1877397,36.7000275],[-93.1837617,36.6996069],[-93.1835736,36.6996108],[-93.1803481,36.7009856],[-93.1753383,36.6987972],[-93.1683481,36.6971839],[-93.1625897,36.6973714],[-93.1543025,36.7010797],[-93.1444228,36.7068883],[-93.1360808,36.7120617],[-93.1359583,36.7121189],[-93.1308917,36.7130439],[-93.1273181,36.7111667],[-93.1272622,36.7110686],[-93.1263833,36.7064136],[-93.1285178,36.6988411],[-93.1279164,36.6910722],[-93.1245206,36.6848342],[-93.1238347,36.6802172],[-93.1261886,36.6755878],[-93.1332286,36.6711],[-93.1406067,36.6675081],[-93.1448075,36.6630872],[-93.1443275,36.6596719],[-93.1410331,36.6576772],[-93.1377111,36.6564794],[-93.1324481,36.6561939],[-93.1274997,36.6582567],[-93.1242161,36.66286],[-93.1213328,36.6701125],[-93.1154961,36.6760942],[-93.1084561,36.6813547],[-93.10289,36.6832003],[-93.0954183,36.6837839],[-93.0903428,36.6826797],[-93.0828806,36.6838308],[-93.0779842,36.6858156],[-93.0711464,36.6881283],[-93.0669133,36.6889622],[-93.064215,36.6873814],[-93.0637567,36.6826681],[-93.0657244,36.6775372],[-93.069225,36.6729386],[-93.0708125,36.6669414],[-93.069035,36.6620117],[-93.0655019,36.6579189],[-93.0641458,36.6533753],[-93.0641747,36.6532456],[-93.0650883,36.6466489],[-93.0662619,36.6433322],[-93.0655069,36.6395625],[-93.0626931,36.6372053],[-93.0554817,36.6361581],[-93.0470339,36.6371239],[-93.0410575,36.6384556],[-93.0417961,36.6406503],[-93.0419486,36.6408469],[-93.0428522,36.6441539],[-93.0427319,36.6477931],[-93.0408742,36.6494008],[-93.0373714,36.6484222],[-93.0325722,36.6487033],[-93.027375,36.6517192],[-93.0249411,36.6533875],[-93.0192358,36.6554183],[-93.0168092,36.6582119],[-93.0162239,36.6603297],[-93.0185158,36.6612997],[-93.0211567,36.66169],[-93.0213572,36.6618531],[-93.0236181,36.6636531],[-93.0270131,36.6653703],[-93.0270992,36.6656006],[-93.0272742,36.6657186],[-93.0282872,36.6677642],[-93.0283242,36.6679892],[-93.0282147,36.6705767],[-93.0280839,36.6708208],[-93.0247183,36.6724228],[-93.0243219,36.6724789],[-93.0195044,36.6734103],[-93.0178364,36.6774225],[-93.0185006,36.6814392],[-93.0184192,36.6818278],[-93.0185128,36.6856289],[-93.0169072,36.6891775],[-93.0166494,36.6893594],[-93.0132192,36.6915378],[-93.0127525,36.6917086],[-93.0084919,36.6917894],[-93.0018892,36.6889683],[-92.9968461,36.6880089],[-92.9910536,36.6866586],[-92.9862903,36.6869217],[-92.9861067,36.6868897],[-92.9828886,36.6859386],[-92.9829278,36.6858364],[-92.9834711,36.6840878],[-92.9835706,36.6839975],[-92.9837889,36.6837669],[-92.9893511,36.6828114],[-92.9897106,36.6828339],[-92.9900139,36.6828439],[-92.9966022,36.6837764],[-92.9968033,36.6839231],[-92.9970231,36.6840183],[-93.0023458,36.6859858],[-93.0096825,36.6870203],[-93.0136486,36.6862461],[-93.0139189,36.6859239],[-93.0140639,36.6858456],[-93.0137806,36.6815222],[-93.0139053,36.6780958],[-93.0159081,36.6744142],[-93.0160589,36.6742992],[-93.0190414,36.6716128],[-93.0194833,36.6714581],[-93.0234211,36.6704575],[-93.0234972,36.6703794],[-93.0257889,36.6680628],[-93.0218892,36.665265],[-93.0177103,36.6637314],[-93.0174889,36.6636981],[-93.0138536,36.6612278],[-93.0155211,36.65758],[-93.0183325,36.6542747],[-93.0221736,36.6526347],[-93.0249711,36.6522619],[-93.0281244,36.6492025],[-93.032565,36.6471653],[-93.0370297,36.6472897],[-93.0408192,36.6472464],[-93.0421081,36.6465853],[-93.0413133,36.6438561],[-93.0390533,36.6411822],[-93.0396844,36.6391575],[-93.0387631,36.6384161],[-93.0336433,36.6373803],[-93.0303325,36.6356094],[-93.02929,36.6311336]]},"properties":{}},{"type":"Feature","geometry":{"type":"LineString","coordinates":[[-93.4443231,37.1960658],[-93.4421831,37.19245],[-93.4396675,37.1887272],[-93.4323706,37.1824511],[-93.4149133,37.1677083],[-93.4119094,37.1659831],[-93.3991986,37.1615503],[-93.3942,37.1603725],[-93.3775536,37.1598214],[-93.3740172,37.1588242],[-93.3703914,37.1566825],[-93.3655733,37.1533208],[-93.3536469,37.1450783],[-93.3511083,37.1434856],[-93.3493986,37.1429417],[-93.3447814,37.1427203],[-93.3338108,37.1426633],[-93.3234047,37.1425878],[-93.3197328,37.1425367],[-93.3179519,37.1422181],[-93.3160881,37.1416917],[-93.3138581,37.1402394],[-93.31172,37.1388517],[-93.3105406,37.1382917],[-93.3086733,37.1369006],[-93.3061256,37.1353517],[-93.3052553,37.1350619],[-93.30471,37.1348636],[-93.30267,37.1347031],[-93.3010961,37.1348414],[-93.2994517,37.1353617],[-93.29636,37.1363817],[-93.2931653,37.1373008]]},"properties":{}},{"type":"Feature","geometry":{"type":"LineString","coordinates":[[-93.2664411,37.1418872],[-93.2630819,37.1412292],[-93.2585283,37.1402442],[-93.2539069,37.1392992],[-93.2519897,37.1388725],[-93.2504064,37.1383006],[-93.2485858,37.1370914],[-93.2456011,37.1337436],[-93.2446694,37.1327336],[-93.2437819,37.1320125],[-93.2425408,37.1314203],[-93.2407033,37.1309067],[-93.2387892,37.1304431],[-93.2340964,37.1293492],[-93.2324106,37.1287567],[-93.2312789,37.1281878],[-93.2235761,37.1226111],[-93.2225231,37.1219444],[-93.2214822,37.1215272],[-93.2198322,37.1212533],[-93.2139436,37.1210083],[-93.1817283,37.1201194],[-93.1675353,37.1196747],[-93.1552572,37.11949],[-93.1434347,37.1192864],[-93.12518,37.1189936],[-93.088235,37.1181117],[-93.0852736,37.1176253],[-93.0828261,37.1168517],[-93.0717989,37.1122211],[-93.0649611,37.1097597],[-93.0619281,37.1096878],[-93.0476089,37.1123247],[-93.0235881,37.1167978],[-93.0132739,37.1190028],[-93.0001789,37.1222336],[-92.9817739,37.1250506],[-92.9807253,37.1252119],[-92.9796994,37.1256881],[-92.978255,37.1269497],[-92.9528519,37.1484561]]},"properties":{}},{"type":"Feature","geometry":{"type":"LineString","coordinates":[[-92.9263519,37.1614286],[-92.9214561,37.1597547],[-92.9146161,37.1596556],[-92.900135,37.1604478],[-92.89262,37.1614108],[-92.87629,37.1657864],[-92.8719561,37.1672336],[-92.8645758,37.1715447],[-92.8606972,37.1731119],[-92.8576017,37.17318],[-92.8541,37.1727867],[-92.8235719,37.1689978],[-92.8105581,37.1691058],[-92.8050589,37.1674406],[-92.7901639,37.1581708],[-92.7853939,37.1566858],[-92.7675539,37.1565275],[-92.7634969,37.1561636],[-92.7605181,37.1553897],[-92.7573861,37.1534367],[-92.75366,37.1498997],[-92.748215,37.1445986],[-92.7426619,37.1348878],[-92.7402853,37.1318419],[-92.7366114,37.1300069],[-92.7329147,37.1297172],[-92.7237461,37.1313564],[-92.7217933,37.1312706],[-92.7197828,37.1309544],[-92.7099686,37.1271328],[-92.7018472,37.1238514],[-92.6973022,37.1211008],[-92.6934058,37.1188025],[-92.68913,37.1185258],[-92.6860969,37.1184986],[-92.6823047,37.1180028],[-92.6686011,37.1130086],[-92.6427619,37.1102817],[-92.6312353,37.1126914]]},"properties":{}},{"type":"Feature","geometry":{"type":"LineString","coordinates":[[-93.3678814,37.2282875],[-93.3450878,37.2486758],[-93.3432697,37.2495975],[-93.3403775,37.2502894],[-93.3357997,37.2503281],[-93.3094022,37.2502731],[-93.2765822,37.2502747],[-93.2426931,37.2501508],[-93.2244444,37.2502386],[-93.1842831,37.2500517],[-93.1836711,37.2502408],[-93.1668861,37.2554428],[-93.1363536,37.2662378],[-93.1231258,37.2720997],[-93.1194919,37.2725878],[-93.11339,37.2724347],[-93.099575,37.2707517],[-93.0690739,37.2703197],[-93.0484369,37.2742978],[-93.0464278,37.2750761],[-93.0448283,37.2765978],[-93.0437244,37.280355],[-93.0431044,37.2818719],[-93.041795,37.2836397],[-93.0210853,37.2951033],[-93.01212,37.2998769],[-93.0078478,37.3014772],[-93.0043722,37.3023758],[-92.9999889,37.3029061],[-92.9954108,37.302775],[-92.9923136,37.3026206],[-92.9889244,37.3027333],[-92.9853739,37.3031697],[-92.9830586,37.3038256],[-92.9804406,37.3049386],[-92.9762697,37.3068956],[-92.97416,37.3082817],[-92.9605789,37.3217006],[-92.9569892,37.3252519],[-92.9541258,37.3271908],[-92.9399511,37.3344628],[-92.9284131,37.3448036],[-92.9099089,37.3604817],[-92.9022933,37.3857064],[-92.89667,37.3989297],[-92.88245,37.4241656],[-92.8557919,37.4766808],[-92.8300339,37.5259736],[-92.815265,37.5415886],[-92.800775,37.5528117],[-92.782415,37.5628467],[-92.7066981,37.6047778],[-92.6938247,37.6171308],[-92.6738861,37.6412358]]},"properties":{}},{"type":"Feature","geometry":{"type":"LineString","coordinates":[[-94.2831739,37.4933756],[-94.2178919,37.4914389],[-94.2063747,37.4911347],[-94.1946139,37.4911528],[-94.1886019,37.4967056],[-94.1843089,37.4988028],[-94.1691889,37.4990728],[-94.1603689,37.4972186],[-94.1005911,37.4948517],[-94.096055,37.4925478],[-94.0985031,37.3978947],[-94.096865,37.3962386],[-94.090205,37.3957347],[-94.0868569,37.3930978],[-94.0395081,37.3916397],[-93.8474839,37.3888947],[-93.8462869,37.4186217],[-93.84563,37.4197917],[-93.8412381,37.4223836],[-93.8348389,37.4223117],[-93.8307889,37.4212136],[-93.8055889,37.4201878],[-93.7984069,37.4207997],[-93.7965169,37.4220778],[-93.7950231,37.4267306],[-93.7917831,37.4277386],[-93.7800381,37.4274328],[-93.774035,37.4252186],[-93.7670331,37.4245708],[-93.76265,37.4233828],[-93.75662,37.4197378],[-93.7165158,37.4186217],[-93.7127089,37.4202058],[-93.7080019,37.4208536],[-93.7041139,37.4227886],[-93.6970311,37.4190358],[-93.6944569,37.4164436],[-93.6974269,37.3437506],[-93.6967342,37.3429086],[-93.6945019,37.3422117],[-93.669725,37.3416628],[-93.6425181,37.3298636],[-93.6314031,37.3294767],[-93.6196758,37.3320597],[-93.6147889,37.3319336],[-93.611405,37.3300706],[-93.6095511,37.3280547],[-93.6024589,37.3278297],[-93.595385,37.3238158],[-93.5921181,37.3193608],[-93.5895261,37.3179928],[-93.5835769,37.3178756],[-93.5788339,37.3190186],[-93.5737131,37.3188117],[-93.5697531,37.3201617],[-93.5615181,37.3240678],[-93.4747311,37.3222767],[-93.4551289,37.3219078],[-93.4505619,37.319105],[-93.4440153,37.3140342],[-93.4422914,37.31021],[-93.4414219,37.3077956],[-93.4413231,37.3024136],[-93.440135,37.3007667],[-93.4380019,37.2992006],[-93.4211497,37.2986197],[-93.4187869,37.2981567],[-93.4165797,37.29733],[-93.4076958,37.2914969],[-93.40161,37.2849597],[-93.397475,37.2788878],[-93.3940497,37.27347],[-93.38254,37.27022],[-93.3760997,37.2662897],[-93.3684286,37.2599269],[-93.3593697,37.25292],[-93.3489919,37.2451467]]},"properties":{}},{"type":"Feature","geometry":{"type":"LineString","coordinates":[[-93.4316692,36.6165486],[-93.4312789,36.6169467],[-93.4295894,36.6229669],[-93.4296072,36.6233772],[-93.4330514,36.6286739],[-93.4336781,36.6288447],[-93.4391317,36.6298872],[-93.4393942,36.6302514],[-93.4396767,36.6303669],[-93.4407969,36.6325631],[-93.4407833,36.6327533],[-93.4399686,36.6340344],[-93.4349272,36.6307967],[-93.4343767,36.6307292],[-93.4300236,36.6317958],[-93.4246483,36.6395517],[-93.4276528,36.6317881],[-93.4273131,36.6278231],[-93.4253019,36.6261081],[-93.4249461,36.6260564],[-93.4169939,36.6261136],[-93.4121208,36.62563],[-93.4118281,36.6258161],[-93.4090264,36.6275086],[-93.4085322,36.6284953],[-93.4099456,36.6362842],[-93.4099142,36.6367483],[-93.4104044,36.6397958],[-93.4014622,36.6513375],[-93.4041892,36.6423908],[-93.4063394,36.6329097],[-93.4042619,36.6273756],[-93.4001728,36.6242439],[-93.3974489,36.6230664],[-93.3942331,36.6240831],[-93.3942028,36.6243189],[-93.3928603,36.6287222],[-93.3902928,36.6275506],[-93.3859636,36.6305258],[-93.3857253,36.6309414],[-93.3823883,36.6344469],[-93.3810767,36.6332725],[-93.3869569,36.6266683],[-93.38825,36.6244061],[-93.3888908,36.6238406],[-93.3912361,36.621445],[-93.3851058,36.6152456],[-93.3850517,36.6150942],[-93.3850128,36.61474],[-93.3833656,36.6109547],[-93.3859322,36.6074503],[-93.39109,36.6055575],[-93.3932722,36.6031881],[-93.3927653,36.6014867],[-93.3882636,36.6020364],[-93.3884158,36.6006642],[-93.3887025,36.6005411],[-93.390475,36.59916],[-93.3910256,36.5989283],[-93.3932764,36.5984975],[-93.3935508,36.5961361],[-93.3932939,36.5957097],[-93.3895222,36.5944547],[-93.3859939,36.5946875],[-93.3881892,36.5932642],[-93.3885225,36.5932564],[-93.39291,36.5930528],[-93.3956478,36.5958169],[-93.3956419,36.596195],[-93.3957739,36.5963544],[-93.3976367,36.5991122],[-93.3994833,36.5981828],[-93.3996881,36.5978475],[-93.3996247,36.5940097],[-93.4008189,36.59261],[-93.4008181,36.5924],[-93.4003486,36.5892581],[-93.3981228,36.5896658],[-93.3981214,36.5898192],[-93.3948072,36.5913381],[-93.3946881,36.5908747],[-93.3948561,36.5893831],[-93.3948608,36.5891792],[-93.3951083,36.5870592],[-93.3948472,36.587065],[-93.3927667,36.5875619],[-93.3896828,36.5888906],[-93.3897539,36.5887372],[-93.3915908,36.5859975],[-93.3916578,36.5858972],[-93.3930683,36.5840081],[-93.3911478,36.5819644],[-93.3910028,36.5818594],[-93.3855544,36.5792528],[-93.3854103,36.5790975],[-93.3826028,36.5778967],[-93.3820044,36.5779083],[-93.38174,36.5779144],[-93.3796611,36.5788542],[-93.37926,36.5788111],[-93.3755239,36.57837],[-93.3728658,36.5780108],[-93.3726672,36.5780153],[-93.3681617,36.5786408],[-93.3678283,36.5788058],[-93.3614275,36.5812361],[-93.3565628,36.5819364],[-93.3527703,36.5853511],[-93.3528739,36.5857936],[-93.35454,36.5886272],[-93.3552267,36.5908625],[-93.3584078,36.5940539],[-93.3586789,36.5942892],[-93.3595867,36.5945714],[-93.3642808,36.5966217],[-93.3642758,36.5968658],[-93.3649972,36.5973792],[-93.3694489,36.6034786],[-93.3629714,36.59976],[-93.3557464,36.5979192],[-93.3548131,36.6050139],[-93.3546586,36.6099147],[-93.3550078,36.6103881],[-93.3574117,36.6138856],[-93.3573928,36.6142425],[-93.3588017,36.6172897],[-93.3543706,36.6170386],[-93.3550008,36.6192336],[-93.3588328,36.6220075],[-93.3588361,36.6225319],[-93.3572092,36.6284981],[-93.357125,36.6289514],[-93.3581142,36.6315064],[-93.3583322,36.6317631],[-93.3633889,36.6341619],[-93.3639911,36.6344814],[-93.3678758,36.6368906],[-93.3685733,36.6375058],[-93.3728231,36.6426711],[-93.3716308,36.6439928],[-93.3662492,36.6393567],[-93.3599306,36.6357861],[-93.3564881,36.6349103],[-93.3556558,36.6448717],[-93.355895,36.660785],[-93.3562008,36.6612122],[-93.3545922,36.6685858],[-93.3535408,36.6673733],[-93.3535447,36.6672197],[-93.3537206,36.6574683],[-93.3537222,36.65707],[-93.3528847,36.6429397],[-93.3528928,36.6425694],[-93.3528994,36.6422617],[-93.3525678,36.6363972],[-93.3524511,36.6355769],[-93.3521828,36.6351736],[-93.3538725,36.6318547],[-93.3538844,36.6313447],[-93.3524694,36.6281442],[-93.3524033,36.6280906],[-93.3502253,36.6252625],[-93.3491256,36.6218122],[-93.3485308,36.6188628],[-93.3474622,36.6182328],[-93.3418839,36.6220242],[-93.3414617,36.6222419],[-93.3378514,36.6260211],[-93.3375981,36.6265647],[-93.3355128,36.6304525],[-93.3354667,36.6307928],[-93.3355453,36.6312444],[-93.3350717,36.6366558],[-93.3343289,36.6408822],[-93.3312483,36.649275],[-93.3302994,36.6493431],[-93.3302508,36.6490875],[-93.3310989,36.6421844],[-93.3312961,36.6373189],[-93.3313433,36.6369056],[-93.3304036,36.6301097],[-93.3283225,36.6299325],[-93.3232292,36.6356231],[-93.3231622,36.6353389],[-93.3238558,36.63107],[-93.3258381,36.6262619],[-93.3263083,36.6247728],[-93.3206644,36.6210306],[-93.3186375,36.6157431],[-93.3175972,36.6132889],[-93.3158583,36.6150781],[-93.3157897,36.6151753],[-93.3158839,36.6198778],[-93.3158681,36.6201789],[-93.3158578,36.62038],[-93.3127711,36.62533],[-93.3108806,36.6245894],[-93.312475,36.6201522],[-93.3109969,36.6188919],[-93.3088778,36.6191403],[-93.3111883,36.6164333],[-93.3098092,36.6156181],[-93.3076233,36.6178172],[-93.3076,36.6173006],[-93.3080161,36.6137128],[-93.3098725,36.6118414],[-93.3121158,36.6114858],[-93.3122458,36.6112381],[-93.3118819,36.6080283],[-93.3107131,36.6063822],[-93.3112533,36.6060014],[-93.3139117,36.6073358],[-93.3155372,36.6071217],[-93.3149217,36.6056925],[-93.3146103,36.6053422],[-93.3124594,36.6040178],[-93.3109994,36.6010336],[-93.3108131,36.5991208],[-93.3109636,36.5970689],[-93.3084781,36.595975],[-93.3035653,36.596305],[-93.2998875,36.5972686],[-93.2944622,36.5979433],[-93.2909581,36.5970856],[-93.2871969,36.5951317],[-93.2832969,36.5947747],[-93.2792047,36.5952431],[-93.2765664,36.5974475],[-93.2753861,36.6006817],[-93.2762214,36.6048989],[-93.2772431,36.6103531],[-93.2771417,36.6106111],[-93.2749075,36.6148525],[-93.2733339,36.6172853],[-93.2730206,36.6176358],[-93.2683781,36.6188958],[-93.2622025,36.6176878],[-93.2614464,36.6174594],[-93.2584233,36.6145378],[-93.2582744,36.6143269],[-93.2547003,36.6120103],[-93.2510628,36.6122092],[-93.2501936,36.6123564],[-93.2495475,36.6126644],[-93.2474156,36.6142872],[-93.2465697,36.6162303],[-93.2451614,36.6188308],[-93.2475478,36.6221411]]},"properties":{}},{"type":"Feature","geometry":{"type":"LineString","coordinates":[[-93.22671,37.0430633],[-93.2284383,37.0237053],[-93.22958,37.0034517],[-93.2315689,36.9682167],[-93.2325139,36.9285628],[-93.242345,36.9214656],[-93.2429358,36.9202881],[-93.2435692,36.9178892],[-93.2448089,36.9121569],[-93.2343872,36.8832589],[-93.2308864,36.8733114],[-93.227915,36.8620258],[-93.2194189,36.8441697],[-93.2188161,36.8403897],[-93.2193289,36.8320828],[-93.22058,36.8284378],[-93.2261869,36.8228308],[-93.2264119,36.8219306],[-93.2254131,36.8083586],[-93.2266925,36.7985397],[-93.2264456,36.7964569],[-93.2255225,36.7933322],[-93.2248708,36.7906394],[-93.2241558,36.7699822],[-93.2228569,36.7606858],[-93.2231269,36.7504617],[-93.2230189,36.7462856],[-93.2206519,36.7314447],[-93.2209761,36.6928167],[-93.2212189,36.6676436],[-93.2219931,36.6628828],[-93.22193,36.6574378],[-93.2216331,36.6557908],[-93.2226589,36.6522178],[-93.226205,36.6473036],[-93.2274919,36.6444056],[-93.2271031,36.6421722]]},"properties":{}},{"type":"Feature","geometry":{"type":"LineString","coordinates":[[-93.29519,37.1651456],[-93.2959603,37.1366953],[-93.2975672,37.1001356],[-93.2977217,37.0958542],[-93.29816,37.0859097],[-93.30302,37.0688186],[-93.3036319,37.0505667],[-93.299555,37.0217308],[-93.3004911,37.0025517],[-93.3005811,36.9942628],[-93.2989372,36.9915447],[-93.2965164,36.9885028],[-93.2946889,36.9862697],[-93.2919319,36.9828328],[-93.2860281,36.9758486],[-93.2842708,36.9734447],[-93.2836047,36.9720328],[-93.2832439,36.9700778],[-93.2833344,36.9675014],[-93.2835594,36.9611653],[-93.284525,36.9038756],[-93.28637,36.9011936],[-93.2940739,36.8941378],[-93.2976919,36.8901506],[-93.3017061,36.8813128],[-93.3002408,36.8740997],[-93.2993639,36.8708347],[-93.2988678,36.8655889],[-93.3002369,36.8628408],[-93.3019119,36.8612758],[-93.3057,36.8589619],[-93.3076689,36.8577997],[-93.3158289,36.8529408],[-93.3183547,36.8514358],[-93.3224628,36.8488969],[-93.3301914,36.8389042],[-93.332135,36.8367808],[-93.3328369,36.8355297],[-93.3336019,36.8350617],[-93.3342658,36.8336497],[-93.3357208,36.8307078],[-93.3366183,36.8288506],[-93.3371828,36.82762],[-93.3388997,36.8243458],[-93.3393081,36.8225786],[-93.3411889,36.8197797],[-93.3409639,36.8152258],[-93.3414139,36.8128947],[-93.3448611,36.8108067],[-93.3458108,36.8092108],[-93.3462831,36.8057936],[-93.3476781,36.8025897],[-93.3467869,36.7989897],[-93.3465889,36.7975228],[-93.3474169,36.7954706],[-93.3464181,36.7933647],[-93.3485781,36.7920958],[-93.3491244,36.7911572],[-93.3489831,36.7902597],[-93.34847,36.7889817],[-93.3484969,36.7871456],[-93.3481281,36.7860117],[-93.3473631,36.7848867],[-93.3451939,36.7801528],[-93.3435111,36.7781636],[-93.3439611,36.7739878],[-93.3448258,36.7714308],[-93.3455758,36.7707439],[-93.3481928,36.7697597],[-93.3485469,36.7693],[-93.3489608,36.7670297],[-93.348335,36.7664278],[-93.3474258,36.7652217],[-93.3446719,36.7633136],[-93.3386239,36.7617297],[-93.33434,36.7596328],[-93.3317408,36.7578728],[-93.3308119,36.7565908],[-93.3299031,36.7560867],[-93.3283639,36.7563208],[-93.3271761,36.7573558],[-93.3262939,36.7574636],[-93.3220189,36.7554747],[-93.32156,36.7535756],[-93.3197689,36.7524686],[-93.3186889,36.7514878],[-93.3161781,36.7516136],[-93.3122808,36.7508036],[-93.310355,36.7496606],[-93.3088611,36.7500656],[-93.3078711,36.7507228],[-93.3058281,36.7509386],[-93.3020389,36.7522347],[-93.3008511,36.7544397],[-93.29789,36.7548536],[-93.2944339,36.7541878],[-93.2933269,36.7533147],[-93.2912661,36.7491747],[-93.2898889,36.7482117],[-93.2889708,36.7463128],[-93.2867389,36.7452956],[-93.2815911,36.7463128],[-93.2786208,36.7489136],[-93.277055,36.7500656],[-93.2747511,36.7509117],[-93.272285,36.7527658],[-93.2691169,36.7541606],[-93.2650581,36.7550878],[-93.263375,36.7582286],[-93.2596131,36.7598306],[-93.25568,36.7606858],[-93.2494881,36.7603797],[-93.24551,36.7589847],[-93.2421981,36.7568517],[-93.2401819,36.7561947],[-93.2374189,36.7542328],[-93.23435,36.7533058],[-93.2296519,36.7533778],[-93.2229669,36.7493769],[-93.2170339,36.7474736],[-93.2136589,36.7476086],[-93.2117008,36.7467819],[-93.2062133,36.7460283],[-93.2029669,36.7455508],[-93.2009289,36.74394],[-93.1994931,36.7406967],[-93.1982331,36.7386628],[-93.1961,36.7353328],[-93.193535,36.7329386],[-93.1932019,36.7306886],[-93.195965,36.7253336],[-93.1953619,36.7243256],[-93.1940839,36.7247036],[-93.1937417,36.7267197],[-93.1926619,36.7286278],[-93.1897639,36.7308506],[-93.1880811,36.7328217],[-93.1849219,36.7331908],[-93.1820781,36.7321378],[-93.1814569,36.7308958],[-93.1771011,36.7278086],[-93.171755,36.7268728],[-93.1700181,36.7258378],[-93.1678039,36.7262247],[-93.1647169,36.7272778],[-93.1640331,36.7281236],[-93.1607592,36.728935],[-93.1585519,36.7289967],[-93.1566531,36.7282406],[-93.1541058,36.7288797],[-93.152585,36.7280247],[-93.1517031,36.7268728],[-93.1480669,36.7259008],[-93.1467981,36.7267017],[-93.1442689,36.7263778],[-93.1393708,36.7268569],[-93.1370781,36.7268817],[-93.1341531,36.7272236],[-93.1278889,36.7266747],[-93.126755,36.7263686],[-93.125585,36.7248656],[-93.12554,36.7211397],[-93.125585,36.7160186],[-93.1238031,36.7140836],[-93.12374,36.7130936],[-93.1254769,36.7101328],[-93.124865,36.7063797],[-93.1240369,36.6995036],[-93.1224708,36.6956158],[-93.119105,36.6908817],[-93.1201308,36.6865078],[-93.1175211,36.6842936],[-93.1109781,36.6836097],[-93.100295,36.6849597],[-93.0934908,36.6838617],[-93.0847969,36.6851756],[-93.0803239,36.6884878],[-93.0664639,36.6927086],[-93.0645561,36.6948778],[-93.0589581,36.6962636],[-93.0556281,36.6962817],[-93.0536661,36.6972356],[-93.0530719,36.6973797],[-93.0526131,36.6972628],[-93.051875,36.6954267],[-93.0508581,36.6930956],[-93.0515958,36.6905578],[-93.0525589,36.6887578],[-93.0517039,36.6861117],[-93.0495981,36.6835736],[-93.04724,36.6823858],[-93.0431181,36.6823047],[-93.0392569,36.6810717],[-93.0365839,36.6811167],[-93.0353781,36.6799286],[-93.0350361,36.6787678],[-93.0350719,36.6772017],[-93.0312381,36.6742947],[-93.0295281,36.6738086],[-93.0245869,36.6732328],[-93.0218869,36.6696597],[-93.0203839,36.6689128],[-93.0188181,36.6693717],[-93.0164239,36.6701367],[-93.0140119,36.6706767],[-93.0120861,36.6696778],[-93.0096111,36.6689308],[-93.0089703,36.6683833],[-93.009125,36.6665006],[-93.0087919,36.6660147],[-93.0066858,36.6656278],[-93.0036081,36.6656547],[-93.00134,36.6665906],[-92.9992069,36.6670136],[-92.9979919,36.6683278],[-92.9967589,36.6683817],[-92.9934739,36.6670228],[-92.9924389,36.6662936],[-92.9916561,36.6650067],[-92.9838119,36.6646947],[-92.9820889,36.6637828],[-92.9814139,36.6628647],[-92.9803608,36.6581578],[-92.9801539,36.6561417],[-92.9807031,36.6534506],[-92.98073,36.6496078],[-92.9791281,36.6465658],[-92.9778861,36.6462147],[-92.9755011,36.6468086],[-92.9744633,36.6462556],[-92.974475,36.6429208],[-92.9739619,36.6419667],[-92.9691019,36.6398428],[-92.9668572,36.6396186],[-92.9658889,36.6389336],[-92.96444,36.6366567],[-92.96165,36.6358917],[-92.9602281,36.6338128],[-92.9599219,36.6313197],[-92.9581939,36.6304917],[-92.955485,36.6271617],[-92.95409,36.6269006],[-92.9525239,36.6271528],[-92.9507961,36.6261358],[-92.9482761,36.6258386],[-92.9476369,36.6245608],[-92.9460258,36.6236428],[-92.9468539,36.6219778],[-92.9465931,36.6208978],[-92.9437039,36.6186656],[-92.9403381,36.6163436],[-92.9401761,36.6131667],[-92.9392669,36.6124286],[-92.9383039,36.6109167],[-92.9369089,36.6108086],[-92.9310861,36.6124828],[-92.9266581,36.6124286],[-92.9241561,36.6116728],[-92.9233639,36.6116278],[-92.9219869,36.6133017],[-92.9199169,36.6140667],[-92.9173881,36.6140306],[-92.9162,36.6133197],[-92.9150931,36.6120867],[-92.9080819,36.6122036],[-92.9041669,36.6114386],[-92.900495,36.6097017],[-92.8997031,36.6085497],[-92.8941589,36.6073797],[-92.8917561,36.6062131],[-92.8894519,36.6056156],[-92.8856719,36.6076047],[-92.8848169,36.6075867],[-92.8836558,36.6069028],[-92.8817569,36.6065606],[-92.8787689,36.6054267],[-92.8772389,36.6053186],[-92.8751689,36.6065517],[-92.8736208,36.6069206],[-92.8709211,36.6065967],[-92.8694719,36.6075147],[-92.8666908,36.6077036],[-92.8641889,36.6070378],[-92.8610389,36.6079828],[-92.856755,36.6078208],[-92.8553239,36.6070197],[-92.8540819,36.6041128],[-92.8503019,36.6035908],[-92.8496203,36.6001183],[-92.8486189,36.5985236],[-92.8488169,36.5950136],[-92.8480789,36.5936728],[-92.8431739,36.5946086],[-92.8397631,36.5947706],[-92.8366761,36.5954636],[-92.8277839,36.5917556],[-92.8266619,36.5917303],[-92.821925,36.5925567],[-92.8163,36.5942936],[-92.8136631,36.5946628],[-92.81099,36.5958686],[-92.8086319,36.5973178],[-92.8066158,36.5973178],[-92.7989569,36.5941678],[-92.7966531,36.5913597],[-92.7905781,36.5892808],[-92.78876,36.5893886],[-92.7841611,36.5878856],[-92.7768081,36.5841686],[-92.7743689,36.5823236],[-92.7734869,36.5783008],[-92.7748819,36.5757358],[-92.7694908,36.5731708],[-92.7617058,36.5731708],[-92.7555139,36.5751778],[-92.7524,36.5749797],[-92.7451531,36.5783019],[-92.7413031,36.5799747],[-92.7353881,36.5793608],[-92.7286939,36.5803886],[-92.7231231,36.5800017],[-92.7152119,36.5802086],[-92.7126381,36.5813786],[-92.70524,36.5862928],[-92.7024589,36.5868956],[-92.6974639,36.5868236],[-92.6891119,36.5864908],[-92.68454,36.5856358],[-92.6794908,36.5833228],[-92.6695011,36.5821078],[-92.6630569,36.5819728],[-92.65601,36.5796147],[-92.6521311,36.5783367],[-92.64791,36.5777608],[-92.63801,36.5772928],[-92.6325019,36.5769867],[-92.6293519,36.5752497],[-92.6208289,36.5752497],[-92.6179939,36.5764197],[-92.6114958,36.5824947],[-92.6111,36.5865897],[-92.608625,36.5901358],[-92.5993189,36.5921786],[-92.5972581,36.5954997],[-92.5932261,36.5982178],[-92.5883931,36.5999008],[-92.5858639,36.5982267],[-92.5806081,36.5996308],[-92.57834,36.5990997],[-92.578025,36.5944467],[-92.5733989,36.5904506],[-92.5707619,36.5867786],[-92.5616989,36.5861036],[-92.5540669,36.5864186],[-92.5363731,36.5840786],[-92.5339608,36.5828636],[-92.5293889,36.5827556],[-92.52416,36.5863917],[-92.5223869,36.5872061],[-92.5187061,36.5879036],[-92.5097689,36.5880117],[-92.506835,36.5895328],[-92.5045758,36.5896586],[-92.50139,36.5884797],[-92.4969736,36.5894114],[-92.4933711,36.5905497],[-92.49221,36.5917197],[-92.4915619,36.5951128],[-92.49059,36.5958328],[-92.48366,36.5975606],[-92.4695569,36.5971286],[-92.4541939,36.5975336],[-92.4405231,36.5987847],[-92.4279139,36.6010528],[-92.4260958,36.6022678],[-92.4221,36.6075958],[-92.4206961,36.6081358],[-92.4155931,36.6077847],[-92.4051081,36.6064167]]},"properties":{}},{"type":"Feature","geometry":{"type":"LineString","coordinates":[[-93.2313003,37.0919386],[-93.2335892,37.1106614],[-93.2345736,37.1203389],[-93.2342003,37.1222283],[-93.2330706,37.1244733],[-93.2280333,37.1320311],[-93.2250617,37.1368397],[-93.22467,37.1381544],[-93.2246261,37.1392358],[-93.2251789,37.1606547],[-93.2246839,37.1802928],[-93.226385,37.1949536],[-93.2261331,37.2095786],[-93.224585,37.2498447],[-93.2244544,37.2558931],[-93.2249444,37.2617339],[-93.2246078,37.2639275],[-93.2235044,37.2659925],[-93.2222075,37.2672408],[-93.2180058,37.2703672],[-93.2081508,37.2777086],[-93.2018239,37.2818769],[-93.1887147,37.2873806],[-93.1842594,37.2893658],[-93.1814453,37.2916647],[-93.1789119,37.2969839],[-93.1708819,37.3147528],[-93.1686453,37.3194725],[-93.1678747,37.3457214],[-93.1675131,37.3552164],[-93.1684169,37.3611981],[-93.1695594,37.3681967],[-93.1693839,37.3698194],[-93.1690119,37.3710211],[-93.1648297,37.3773308],[-93.1590694,37.3858978],[-93.1461978,37.4068719],[-93.1456125,37.4087083],[-93.1454414,37.4123867],[-93.1443319,37.4360431],[-93.1445839,37.4526597],[-93.14403,37.50332],[-93.1420819,37.5665997],[-93.1413489,37.56747],[-93.1393669,37.5686289],[-93.1374328,37.5689669],[-93.1352511,37.5723867],[-93.1046781,37.6231108],[-93.1042908,37.6405167],[-93.1027069,37.6946428],[-93.1275019,37.7282847],[-93.1316781,37.7357278],[-93.1360969,37.7578767],[-93.1549161,37.8008247],[-93.1667689,37.8272758],[-93.1765789,37.8579567],[-93.18053,37.8707186],[-93.1806019,37.8750297],[-93.1797831,37.8975836],[-93.2004108,37.9148817],[-93.2089069,37.9225858],[-93.2080161,37.9409636],[-93.2053339,37.9876828],[-93.2064319,37.9909856],[-93.2172231,38.0064656],[-93.229625,38.0244928],[-93.2385169,38.0312158],[-93.2446008,38.0415386],[-93.2597839,38.0485228],[-93.262475,38.0501247],[-93.2692733,38.0553508],[-93.2831119,38.0658836],[-93.2843811,38.0671886],[-93.2851911,38.0702936],[-93.2858211,38.0859628],[-93.2834361,38.0917497],[-93.2834719,38.0990578],[-93.2828831,38.1017481],[-93.2771539,38.1102986],[-93.2760739,38.1154917],[-93.27593,38.1184706],[-93.27674,38.1203697],[-93.2776131,38.1212786],[-93.2801869,38.1254636],[-93.280565,38.1269036],[-93.2803039,38.1316378],[-93.2809881,38.1335817],[-93.28934,38.1436078],[-93.2954508,38.1527517],[-93.29681,38.1559467],[-93.2978269,38.1597536],[-93.3002931,38.1617336],[-93.3043789,38.1631917],[-93.3074211,38.1653336],[-93.3107239,38.1697978],[-93.3184731,38.1744506],[-93.3201019,38.1755036],[-93.3213981,38.1768086],[-93.3218389,38.1785006],[-93.3218119,38.1800397],[-93.321335,38.1831267],[-93.3220369,38.1859167],[-93.3240708,38.1901467],[-93.3247369,38.1932336],[-93.3258981,38.2018556],[-93.3263931,38.2039797],[-93.3275811,38.2059686],[-93.3291561,38.2072467],[-93.332135,38.2087678],[-93.3408558,38.2112247],[-93.3443931,38.2125117],[-93.3462381,38.2137986],[-93.3526281,38.2203867],[-93.35423,38.2220786],[-93.3560658,38.2241847],[-93.3574158,38.2267586],[-93.3579739,38.2292697]]},"properties":{}},{"type":"Feature","geometry":{"type":"LineString","coordinates":[[-94.3963222,36.7956583],[-94.3965158,36.7933719],[-94.3967,36.7928336],[-94.3971447,36.7914169],[-94.3989139,36.7883139],[-94.4089789,36.7739289],[-94.4143219,36.7652667],[-94.4156089,36.7612258],[-94.4180389,36.7233897],[-94.41983,36.7204647],[-94.4207569,36.7146778],[-94.4250589,36.7102767],[-94.4276781,36.7022397],[-94.4306269,36.6979897],[-94.4317889,36.6958308],[-94.4329728,36.6922669],[-94.4347208,36.6887786]]},"properties":{}},{"type":"Feature","geometry":{"type":"LineString","coordinates":[[-94.3166639,36.9048458],[-94.3137228,36.9046328],[-94.3116769,36.9048319],[-94.3095019,36.9054619],[-94.3018311,36.9086367],[-94.2960711,36.9142436],[-94.2888531,36.9155847],[-94.2831831,36.9177536],[-94.279835,36.9181406],[-94.2723381,36.9179608],[-94.2651019,36.9162328],[-94.2634819,36.9163497],[-94.2595761,36.9175828],[-94.2573981,36.9188336],[-94.2559581,36.9191667],[-94.2502161,36.9191308],[-94.2473089,36.9193197],[-94.2449331,36.9211106],[-94.244015,36.9214706],[-94.1712231,36.9199586],[-94.1585331,36.9197158],[-94.1295619,36.9188247],[-94.1205889,36.9186267],[-94.0381128,36.9167911]]},"properties":{}},{"type":"Feature","geometry":{"type":"LineString","coordinates":[[-94.2998464,37.4730461],[-94.3011111,37.3555858],[-94.29329,37.3429586],[-94.29266,37.3403397],[-94.292975,37.3335178],[-94.3000219,37.3280367],[-94.3023169,37.3250217],[-94.3034331,37.3177408],[-94.30364,37.3067606],[-94.3037839,37.2965908],[-94.3048369,37.2956097],[-94.3056739,37.2943767],[-94.3063469,37.2809475],[-94.30688,37.2594658],[-94.3027311,37.2437067],[-94.3027039,37.2272908],[-94.3035319,37.2128186],[-94.307105,37.2055917],[-94.3097961,37.1952686],[-94.3137019,37.1883117],[-94.314035,37.1785647],[-94.3146111,37.1565958],[-94.3146739,37.1520508],[-94.3132881,37.1499358],[-94.3104619,37.1472178],[-94.3110019,37.1240786],[-94.3112631,37.1139267],[-94.3103811,37.1078336],[-94.31246,37.0936136],[-94.3123789,37.0818236],[-94.31597,36.9932817],[-94.3167261,36.9384178],[-94.3117708,36.9347278],[-94.311065,36.9339628],[-94.3106089,36.933135],[-94.3105719,36.9323439],[-94.3111369,36.9299667],[-94.3133156,36.9220478],[-94.3131428,36.9214397],[-94.3103008,36.9138969],[-94.3104081,36.9120658],[-94.3114589,36.9108628],[-94.3166119,36.90664],[-94.3166719,36.9041728],[-94.3179231,36.8715836],[-94.3190389,36.8648247],[-94.3231339,36.8622519],[-94.3294261,36.8593464],[-94.3347711,36.8568778],[-94.3822911,36.8423967],[-94.3918269,36.841635],[-94.392155,36.8408578],[-94.3938289,36.8364297],[-94.3943736,36.8269775]]},"properties":{}},{"type":"Feature","geometry":{"type":"LineString","coordinates":[[-93.9934222,36.9157725],[-93.9531147,36.9149958],[-93.9489128,36.916015],[-93.9476608,36.91586],[-93.9433269,36.9147678],[-93.9396169,36.9144508],[-93.9142731,36.9142436],[-93.8594089,36.9130736],[-93.8574108,36.9135236],[-93.8557008,36.9146486],[-93.8445789,36.9263719],[-93.8424678,36.9276119],[-93.822005,36.9344756],[-93.7916797,36.9449269],[-93.781135,36.9484619],[-93.778975,36.9487158],[-93.7731889,36.9485786],[-93.718685,36.9479217],[-93.7116169,36.9478961]]},"properties":{}},{"type":"Feature","geometry":{"type":"LineString","coordinates":[[-93.6758994,36.9698717],[-93.6644689,36.9778378],[-93.65488,36.98447],[-93.6501878,36.9874739],[-93.6463378,36.9892158],[-93.632675,36.9949678],[-93.6301558,36.9961119],[-93.6297219,36.9965578],[-93.6289978,36.99741],[-93.6259219,37.0030558],[-93.6248989,37.0050719],[-93.6242408,37.0058928],[-93.6202889,37.0097008],[-93.6187558,37.0110489],[-93.6158219,37.0133969],[-93.6101308,37.0175589],[-93.6058228,37.0211808],[-93.5946658,37.0322239],[-93.587105,37.0396406],[-93.5777503,37.0486781],[-93.5722147,37.0528319],[-93.563015,37.0591039],[-93.5601469,37.0612669],[-93.5578558,37.0631989],[-93.5527247,37.0674819],[-93.54958,37.0699858],[-93.5466319,37.0717256],[-93.528785,37.0813378],[-93.5170581,37.0930378],[-93.50086,37.1027897],[-93.4872769,37.1120186],[-93.4766931,37.1147817],[-93.4747939,37.1155378],[-93.4719589,37.1173286],[-93.4630131,37.1265178],[-93.4585922,37.1311289],[-93.4561947,37.1333958],[-93.4540792,37.1350697],[-93.4373981,37.1416628],[-93.4318911,37.1440497],[-93.3990072,37.161505]]},"properties":{}},{"type":"Feature","geometry":{"type":"LineString","coordinates":[[-94.2984381,37.5065067],[-94.2947661,37.5591567],[-94.2927589,37.6167386],[-94.3082031,37.6493278],[-94.3093819,37.6739067],[-94.3087519,37.6912767],[-94.3070781,37.7383828],[-94.3131258,37.7489036],[-94.31111,37.7971256],[-94.3116819,37.7991297],[-94.3132336,37.8025908],[-94.3135592,37.8040225],[-94.3132969,37.8052256],[-94.3104711,37.8130108],[-94.3100389,37.8272128],[-94.3121269,37.8300836],[-94.3205511,37.8363117],[-94.3412331,37.8498028],[-94.3442839,37.8512967],[-94.3448869,37.8545547],[-94.3440231,37.8750386]]},"properties":{}},{"type":"Feature","geometry":{"type":"LineString","coordinates":[[-93.7384669,38.1886078],[-93.723635,38.1776728],[-93.7221433,38.1756794],[-93.7217678,38.1736456],[-93.7226686,38.1558494],[-93.7229078,38.1508628],[-93.7230731,38.1466947],[-93.7222406,38.1443031],[-93.7068936,38.1283969],[-93.7057722,38.1260703],[-93.7056181,38.1246675],[-93.7057256,38.122885],[-93.7065981,38.1076886],[-93.7077197,38.0891414],[-93.7077767,38.0879281],[-93.7075806,38.0867894],[-93.7061814,38.0838853],[-93.7029597,38.07816],[-93.6939406,38.0621914],[-93.6825172,38.0424919],[-93.68103,38.0398794],[-93.6761133,38.0305381],[-93.6732903,38.0255556],[-93.6717583,38.0236597],[-93.6612733,38.0145578],[-93.6592611,38.0128008],[-93.6577569,38.0099206],[-93.6543697,37.9980417],[-93.6530747,37.9937922],[-93.6493772,37.9807881],[-93.6418103,37.9546161],[-93.6254592,37.9280594],[-93.6248303,37.9267753],[-93.6245272,37.9255081],[-93.624475,37.9233078],[-93.6251219,37.9093339],[-93.6257019,37.9065664],[-93.6277839,37.9025189],[-93.6294058,37.8990739],[-93.6295606,37.8967364],[-93.6283653,37.8939361],[-93.6257697,37.8892711],[-93.6247103,37.8870478],[-93.62286,37.8790681],[-93.6182719,37.8351056],[-93.6174439,37.8269219],[-93.6165578,37.8241608],[-93.6153769,37.82202],[-93.613695,37.8199369],[-93.6098,37.8159589],[-93.5909839,37.7966828],[-93.5885728,37.7942339],[-93.5854569,37.7910308],[-93.5840878,37.7896458],[-93.5770369,37.7824069],[-93.567625,37.7727989],[-93.5570528,37.7619789],[-93.5536489,37.7584578],[-93.54165,37.7422139],[-93.4471731,37.6129586],[-93.4354908,37.5970197],[-93.4313061,37.5922586],[-93.40157,37.5779847],[-93.3991311,37.5761036],[-93.3969603,37.5732658],[-93.3947589,37.5674244],[-93.3866706,37.5524783],[-93.3844533,37.5490794],[-93.3822561,37.5450522],[-93.3751911,37.5286556],[-93.36854,37.5180806],[-93.3538969,37.4920167],[-93.3544911,37.4723067],[-93.356075,37.4349658],[-93.3547519,37.4257947],[-93.3502339,37.4190536],[-93.3501981,37.3952756],[-93.33704,37.3662328],[-93.3298939,37.3506536],[-93.33029,37.3335536],[-93.3318558,37.2969686],[-93.3254931,37.2750447],[-93.3220819,37.2662247],[-93.3195081,37.2626336],[-93.3184892,37.2620481],[-93.3134128,37.2576331],[-93.3117839,37.2561861],[-93.3110372,37.2553908],[-93.310785,37.2547797],[-93.3105878,37.2539992],[-93.3107003,37.2502731]]},"properties":{}},{"type":"Feature","geometry":{"type":"LineString","coordinates":[[-92.6470911,37.6731867],[-92.5865389,37.7445656],[-92.5777819,37.7500378],[-92.5467772,37.7568236],[-92.52695,37.7607028],[-92.5238636,37.7609783],[-92.5206439,37.7608403],[-92.5175336,37.7602883],[-92.5138558,37.7591011],[-92.5079533,37.7567186],[-92.5026311,37.7545372],[-92.4998058,37.7537286],[-92.4968947,37.75334],[-92.4938869,37.7531669],[-92.4895831,37.7536158],[-92.4841947,37.7548831],[-92.4767294,37.7570281],[-92.4743836,37.7574017],[-92.4717267,37.7576744],[-92.4582369,37.7578897],[-92.4569083,37.7581239],[-92.4553186,37.7586714],[-92.4521239,37.7602347],[-92.4383089,37.7673358],[-92.4372553,37.7678331],[-92.4356061,37.7683608],[-92.4338542,37.7686464],[-92.432,37.7686522],[-92.4214069,37.7673358],[-92.4202728,37.7672319],[-92.4191561,37.7672681],[-92.40707,37.7684336],[-92.3869331,37.7705817],[-92.3479089,37.7752847],[-92.3346597,37.7791586],[-92.3326033,37.7796194]]},"properties":{}},{"type":"Feature","geometry":{"type":"LineString","coordinates":[[-93.2371942,37.2225203],[-93.2323861,37.2224469]]},"properties":{}},{"type":"Feature","geometry":{"type":"LineString","coordinates":[[-93.2481119,37.2315875],[-93.2480211,37.2354328]]},"properties":{}},{"type":"Feature","geometry":{"type":"LineString","coordinates":[[-93.25945,37.2228561],[-93.2642583,37.2229283]]},"properties":{}},{"type":"Feature","geometry":{"type":"LineString","coordinates":[[-93.2528836,37.2307639],[-93.2539633,37.2303169],[-93.2550328,37.2297442],[-93.2560614,37.2290386],[-93.2570147,37.2281989],[-93.2578553,37.2272314],[-93.2585467,37.2261503],[-93.2590558,37.2249792],[-93.2593592,37.2237486],[-93.2594431,37.2224942],[-93.2593072,37.2212528],[-93.2589639,37.2200603],[-93.2584367,37.2189461],[-93.2577558,37.2179336],[-93.2569561,37.2170375],[-93.2560719,37.2162644],[-93.2551364,37.2156139],[-93.2541503,37.2150675]]},"properties":{}},{"type":"Feature","geometry":{"type":"LineString","coordinates":[[-93.2374692,37.2207019],[-93.2373478,37.2211169],[-93.2372056,37.2220697],[-93.2371942,37.2230611],[-93.2373319,37.2241028],[-93.2376406,37.2251758],[-93.2381369,37.2262547],[-93.2388303,37.2273089],[-93.2397194,37.228305],[-93.2407917,37.2292092],[-93.2420219,37.2299906],[-93.2433753,37.230625],[-93.2448094,37.2310961],[-93.24628,37.2313989],[-93.2477431,37.2315369],[-93.2491614,37.2315228],[-93.2505039,37.2313747],[-93.2517492,37.2311142],[-93.2528836,37.2307639]]},"properties":{}},{"type":"Feature","geometry":{"type":"LineString","coordinates":[[-94.5558403,37.0083978],[-94.5627969,37.0072106],[-94.5697536,37.0060228],[-94.5791308,37.0043664],[-94.5885014,37.0026864],[-94.5947344,37.0015886],[-94.6009672,37.0004906]]},"properties":{}},{"type":"Feature","geometry":{"type":"LineString","coordinates":[[-94.6000117,37.4714808],[-94.592225,37.4714606],[-94.5854211,37.4714461],[-94.5786169,37.4714336],[-94.5678531,37.4712986],[-94.5562308,37.4752319],[-94.5452719,37.4809917],[-94.5320431,37.4874467],[-94.5180108,37.4912608],[-94.5086828,37.491305],[-94.4993539,37.4913328],[-94.4906689,37.4913686],[-94.4894361,37.4917647],[-94.4806456,37.4955464],[-94.4776911,37.4974886],[-94.4748831,37.4980647],[-94.4689603,37.4980722],[-94.4630389,37.4979567],[-94.4542722,37.4976261],[-94.4455033,37.4973308],[-94.4085608,37.4963539],[-94.3716169,37.4954186],[-94.3519247,37.4949433],[-94.3322331,37.4944647]]},"properties":{}},{"type":"Feature","geometry":{"type":"LineString","coordinates":[[-93.8993061,37.0741197],[-93.9067625,37.0742639],[-93.9142189,37.0744078],[-93.9231556,37.0745478],[-93.9320931,37.0746597],[-93.9426142,37.0747681],[-93.953135,37.0748936],[-93.98788,37.0755425],[-94.0226239,37.0762347],[-94.033145,37.0764158],[-94.0436661,37.0765947],[-94.0511286,37.0770175],[-94.0585808,37.0775669],[-94.0697808,37.0775608],[-94.0809808,37.0775283],[-94.0878514,37.0789528],[-94.0954514,37.0789106],[-94.1030511,37.0788611],[-94.1134714,37.0788308],[-94.1238919,37.0788358],[-94.1303742,37.0796072],[-94.1502,37.0797503],[-94.1700261,37.0799067],[-94.1785475,37.0802328],[-94.1870725,37.0805172],[-94.1988128,37.0806847],[-94.2105531,37.0807258],[-94.2189286,37.0806031],[-94.2273042,37.0805114],[-94.2563103,37.0810436],[-94.2853161,37.0815986],[-94.2984922,37.0816425],[-94.3116683,37.08171],[-94.3209472,37.0818422],[-94.3302261,37.0819858],[-94.3452606,37.0821494],[-94.360295,37.0822286],[-94.36529,37.0818867],[-94.3677019,37.0814997],[-94.3706631,37.0806178],[-94.4062128,37.0685439],[-94.4417361,37.0564347],[-94.4559503,37.0516889],[-94.4702211,37.0470658],[-94.4833511,37.0460836],[-94.4967169,37.0455628],[-94.5057169,37.0421608],[-94.5176261,37.0355739],[-94.5277131,37.0276797],[-94.5325819,37.0225047]]},"properties":{}},{"type":"Feature","geometry":{"type":"LineString","coordinates":[[-92.1312181,37.2323578],[-92.131285,37.2454131],[-92.1315681,37.2585639],[-92.1320717,37.2718081],[-92.1328008,37.2851431],[-92.1337606,37.2985661],[-92.1349558,37.3120744],[-92.1363908,37.325665],[-92.1380711,37.339335],[-92.1400008,37.3530811],[-92.1421847,37.3668997],[-92.1446278,37.3807875],[-92.1473344,37.3947406],[-92.1503092,37.4087553],[-92.1535564,37.4228275],[-92.1570806,37.4369531],[-92.1608858,37.4511278],[-92.1649764,37.4653469],[-92.1693564,37.4796064],[-92.1740297,37.4939008],[-92.179,37.5082258],[-92.1842711,37.5225761],[-92.1898464,37.5369464],[-92.1957294,37.5513317],[-92.2019233,37.5657261],[-92.2084308,37.5801242],[-92.2152553,37.59452],[-92.2223989,37.6089081],[-92.2298644,37.6232822],[-92.2376539,37.6376364],[-92.2457694,37.6519639],[-92.2542128,37.6662592],[-92.2629853,37.680515],[-92.2720883,37.6947253],[-92.2815233,37.7088831],[-92.2912906,37.7229819],[-92.3013906,37.7370153],[-92.3118239,37.7509756],[-92.3225903,37.7648564],[-92.3336894,37.7786506],[-92.3451208,37.7923511],[-92.3568833,37.8059511],[-92.3689758,37.8194433],[-92.3813967,37.8328206],[-92.3941439,37.8460761],[-92.4072153,37.8592025],[-92.4206089,37.8721931],[-92.4343211,37.8850403],[-92.4483494,37.8977375],[-92.46269,37.9102778],[-92.4773389,37.9226542],[-92.4922925,37.9348597],[-92.5075461,37.9468881],[-92.523095,37.9587319],[-92.5389339,37.9703856],[-92.5550578,37.9818419],[-92.5714608,37.993095],[-92.5881369,38.0041389],[-92.60508,38.0149669],[-92.6222836,38.0255739],[-92.6397406,38.0359539],[-92.6574439,38.0461014],[-92.6753867,38.0560111],[-92.6935606,38.0656781],[-92.7119583,38.0750972],[-92.7305714,38.0842639],[-92.7493922,38.0931739],[-92.7684114,38.1018225],[-92.7876211,38.1102058],[-92.8070119,38.1183206],[-92.826575,38.1261628],[-92.8463011,38.1337292],[-92.8661811,38.1410169],[-92.8862053,38.1480231],[-92.9063644,38.1547456],[-92.9266489,38.1611817],[-92.9470486,38.16733],[-92.9675542,38.1731883],[-92.9881558,38.1787556],[-93.0088433,38.1840303],[-93.0296072,38.1890122],[-93.0504375,38.1937],[-93.0713244,38.1980939],[-93.0922581,38.2021936],[-93.1132286,38.2059992],[-93.1342264,38.2095114],[-93.1552419,38.2127308],[-93.1762656,38.2156583],[-93.1972878,38.2182953],[-93.2182994,38.2206431],[-93.2392911,38.2227033],[-93.2602536,38.2244781],[-93.2811783,38.2259694],[-93.3020564,38.2271797],[-93.3228792,38.2281114],[-93.3436381,38.2287672],[-93.364325,38.2291506],[-93.3849317,38.2292642],[-93.4054506,38.2291114],[-93.4258739,38.2286958],[-93.4461942,38.2280211],[-93.4664042,38.2270911],[-93.4864969,38.2259097],[-93.5064658,38.2244808],[-93.5263042,38.2228089],[-93.5460058,38.2208981],[-93.5655644,38.2187531],[-93.5849744,38.2163781],[-93.60423,38.2137781],[-93.6233264,38.2109575],[-93.6422578,38.2079211],[-93.66102,38.2046739],[-93.6796081,38.2012206],[-93.6980178,38.1975661],[-93.7162453,38.1937158],[-93.7342861,38.1896744],[-93.7521372,38.1854472],[-93.7697947,38.1810389],[-93.7872561,38.1764547],[-93.8045181,38.1717],[-93.8215778,38.1667794],[-93.8384331,38.1616983],[-93.8550814,38.1564617],[-93.8715211,38.1510747],[-93.88775,38.1455419],[-93.9037667,38.1398689],[-93.9195697,38.1340606],[-93.9351578,38.1281214],[-93.95053,38.1220564],[-93.9656853,38.1158706],[-93.9806231,38.1095686],[-93.9953431,38.103155],[-94.0098444,38.0966347],[-94.0241275,38.0900125],[-94.0382386,38.0832694],[-94.0523278,38.0763342],[-94.0664011,38.0691986],[-94.0804539,38.0618608],[-94.0944806,38.0543189],[-94.1084753,38.0465714],[-94.1224328,38.0386164],[-94.1363467,38.0304522],[-94.1502117,38.0220775],[-94.1640211,38.0134906],[-94.1777692,38.0046908],[-94.1914492,37.9956764],[-94.205055,37.9864469],[-94.2185794,37.9770011],[-94.2320167,37.9673381],[-94.2453592,37.9574578],[-94.2586006,37.9473594],[-94.2717333,37.9370428],[-94.2847508,37.9265078],[-94.2976456,37.9157544],[-94.3104103,37.9047828],[-94.3230378,37.8935936],[-94.3355206,37.8821869],[-94.3478514,37.8705642],[-94.3600225,37.8587258],[-94.3720267,37.8466733],[-94.3838561,37.8344075],[-94.3955031,37.8219306],[-94.4069603,37.8092436],[-94.41822,37.7963492],[-94.4292747,37.7832492],[-94.4401169,37.7699458],[-94.4507389,37.7564419],[-94.4611331,37.7427403],[-94.4712925,37.7288439],[-94.4812092,37.7147561],[-94.4908764,37.7004803],[-94.5002867,37.68602],[-94.5094328,37.6713794],[-94.5183081,37.6565625],[-94.5269056,37.6415736],[-94.5352183,37.6264172],[-94.5432403,37.6110983],[-94.5509644,37.5956217],[-94.5583853,37.5799925],[-94.5654961,37.5642164],[-94.5722917,37.5482986],[-94.5787658,37.532245],[-94.5849136,37.5160617],[-94.5907294,37.4997547],[-94.5962089,37.48333],[-94.6013469,37.4667947],[-94.6061392,37.450155],[-94.6105819,37.4334175],[-94.6146706,37.4165897],[-94.6184022,37.3996781],[-94.6217733,37.38269],[-94.6247811,37.3656328],[-94.6274225,37.3485139],[-94.6296958,37.3313406],[-94.6315983,37.3141203],[-94.6331292,37.2968611],[-94.6342864,37.2795703],[-94.6350689,37.2622558],[-94.6354767,37.244925],[-94.6355086,37.2275864],[-94.6351653,37.2102469],[-94.6344467,37.1929153],[-94.6333536,37.1755986],[-94.6318869,37.1583047],[-94.6300483,37.1410417],[-94.6278392,37.1238169],[-94.6252617,37.1066383],[-94.6223178,37.0895131],[-94.6190103,37.0724489],[-94.6153425,37.0554531],[-94.6113172,37.0385333],[-94.6069381,37.0216961],[-94.6022089,37.0049492],[-94.5971339,36.9882989],[-94.5917175,36.9717528],[-94.5859644,36.9553167],[-94.5798792,36.9389975],[-94.5734675,36.9228017],[-94.5667342,36.9067353],[-94.5596853,36.8908042],[-94.5523264,36.8750142],[-94.5446633,36.8593711],[-94.5367028,36.8438803],[-94.5284508,36.8285467],[-94.5199142,36.8133758],[-94.5110994,36.7983719],[-94.5020133,36.7835403],[-94.4926628,36.7688847],[-94.4830553,36.7544097],[-94.4731975,36.7401189],[-94.4630969,36.7260164],[-94.4527611,36.7121053],[-94.4421972,36.6983894],[-94.4314128,36.6848714],[-94.4204153,36.6715542],[-94.4092122,36.6584406],[-94.3978114,36.6455331],[-94.3862203,36.6328336],[-94.3744464,36.6203442],[-94.3624972,36.6080667],[-94.3503806,36.5960028],[-94.3381039,36.5841539],[-94.3256744,36.5725208],[-94.3131,36.561105],[-94.3003878,36.5499069],[-94.287545,36.5389272],[-94.2745789,36.5281664],[-94.2614969,36.5176247],[-94.2483061,36.5073025],[-94.2350133,36.4971989],[-94.2216253,36.4873144],[-94.2081492,36.4776483],[-94.1945917,36.4682],[-94.1809589,36.4589689],[-94.1672578,36.4499539],[-94.1534944,36.4411542],[-94.139675,36.4325686],[-94.1258058,36.4241958],[-94.1118928,36.4160347],[-94.0979417,36.4080836],[-94.0839581,36.4003408],[-94.0699478,36.392805],[-94.0559158,36.3854742],[-94.0418678,36.3783464],[-94.0278089,36.3714197],[-94.0137436,36.3646922],[-93.9996775,36.3581619],[-93.9856031,36.3518208],[-93.9713708,36.3456017],[-93.9569347,36.3394869],[-93.9422947,36.3334811],[-93.9274517,36.3275889],[-93.9124058,36.3218147],[-93.8971583,36.3161631],[-93.8817103,36.3106386],[-93.8660622,36.3052461],[-93.8502161,36.2999903],[-93.8341731,36.2948758],[-93.817935,36.2899072],[-93.8015036,36.28509],[-93.7848808,36.2804281],[-93.7680694,36.2759269],[-93.7510711,36.2715914],[-93.7338892,36.2674261],[-93.7165264,36.2634356],[-93.6989853,36.2596253],[-93.6812697,36.2559997],[-93.6633831,36.2525639],[-93.6453286,36.2493222],[-93.6271108,36.2462797],[-93.6087336,36.2434408],[-93.5902014,36.2408106],[-93.5715186,36.2383933],[-93.55269,36.2361933],[-93.5337208,36.2342156],[-93.5146164,36.2324642],[-93.4953819,36.2309433],[-93.4760231,36.2296572],[-93.4565458,36.22861],[-93.4369564,36.2278056],[-93.4172611,36.2272481],[-93.3974661,36.2269406],[-93.3775786,36.2268872],[-93.3576053,36.2270914],[-93.3375533,36.2275561],[-93.31743,36.2282844],[-93.2972425,36.2292797],[-93.2769992,36.2305442],[-93.2567072,36.2320808],[-93.236375,36.2338919],[-93.2160106,36.2359797],[-93.1956219,36.2383458],[-93.1752178,36.2409925],[-93.1548067,36.2439208],[-93.1343972,36.2471325],[-93.1139981,36.2506286],[-93.0936183,36.2544097],[-93.0732667,36.2584767],[-93.0529519,36.2628297],[-93.0326836,36.2674692],[-93.0124708,36.2723944],[-92.9923222,36.2776058],[-92.9722472,36.2831022],[-92.952255,36.2888831],[-92.9323547,36.2949469],[-92.9125553,36.3012925],[-92.8928661,36.3079181],[-92.8732958,36.3148219],[-92.8538539,36.3220017],[-92.8345492,36.329455],[-92.81539,36.3371792],[-92.7963856,36.3451711],[-92.7775442,36.3534283],[-92.7588747,36.3619467],[-92.740385,36.3707225],[-92.7220833,36.3797525],[-92.7039781,36.3890322],[-92.6860767,36.3985572],[-92.6683869,36.4083233],[-92.6509164,36.4183256],[-92.6336722,36.4285589],[-92.6166614,36.4390186],[-92.5998908,36.4496989],[-92.5833669,36.4605944],[-92.5670961,36.4716997],[-92.5510842,36.4830092],[-92.5353375,36.4945164],[-92.5198611,36.5062153],[-92.5046603,36.5181],[-92.4897403,36.5301642],[-92.4751056,36.5424011],[-92.4607608,36.5548044],[-92.4467097,36.5673678],[-92.4329564,36.5800842],[-92.4195044,36.5929469],[-92.4063572,36.6059494],[-92.3935172,36.619085],[-92.3809875,36.6323464],[-92.36877,36.6457267],[-92.3568672,36.6592194],[-92.3452808,36.6728172],[-92.3340122,36.6865136],[-92.3230628,36.7003017],[-92.3124331,36.7141744],[-92.3021239,36.7281253],[-92.2921358,36.7421472],[-92.2824686,36.7562339],[-92.2731225,36.7703783],[-92.2640967,36.7845739],[-92.2553906,36.7988147],[-92.2470033,36.8130936],[-92.2389339,36.8274047],[-92.2311808,36.8417419],[-92.2237425,36.8560986],[-92.2166167,36.8704694],[-92.2098019,36.8848481],[-92.2032958,36.8992286],[-92.1970958,36.9136058],[-92.1911994,36.9279739],[-92.1856039,36.9423275],[-92.1803061,36.9566617],[-92.1753031,36.9709708],[-92.1705914,36.98525],[-92.1661678,36.9994947],[-92.1620286,37.0137],[-92.1581703,37.0278614],[-92.1545892,37.0419744],[-92.1512811,37.0560347],[-92.1482425,37.0700383],[-92.1454686,37.0839814],[-92.1429558,37.0978597],[-92.1407,37.11167],[-92.1386961,37.1254086],[-92.1369406,37.1390719],[-92.1354286,37.1526569],[-92.1341556,37.1661606],[-92.1331172,37.1795797],[-92.1323089,37.1929117],[-92.1317258,37.2061536],[-92.1313639,37.2193031],[-92.1312181,37.2323578]]},"properties":{}},{"type":"Feature","geometry":{"type":"LineString","coordinates":[[-93.2844858,37.150265],[-93.2847483,37.1389125]]},"properties":{}},{"type":"Feature","geometry":{"type":"LineString","coordinates":[[-93.2765144,37.13879],[-93.2762508,37.1501428]]},"properties":{}},{"type":"Feature","geometry":{"type":"LineString","coordinates":[[-93.2763828,37.1444664],[-93.2846169,37.1445886]]},"properties":{}},{"type":"Feature","geometry":{"type":"LineString","coordinates":[[-93.2776664,37.1350553],[-93.27752,37.1350764],[-93.2759008,37.1355019],[-93.2743594,37.1361103],[-93.2729425,37.1368847],[-93.2716894,37.1377994],[-93.2706278,37.1388217],[-93.2697728,37.1399156],[-93.2691272,37.1410447],[-93.2686828,37.1421767],[-93.2684228,37.1432844],[-93.2683253,37.1443464],[-93.2683731,37.1454103],[-93.2685814,37.146525],[-93.2689728,37.1476694],[-93.2695653,37.1488172],[-93.2703686,37.1499356],[-93.2713822,37.1509889],[-93.2725922,37.1519406],[-93.2739722,37.1527567],[-93.2754847,37.1534103],[-93.2770833,37.1538839],[-93.2787189,37.1541706],[-93.2803433,37.1542744],[-93.2819139,37.1542094],[-93.2833964,37.1539956],[-93.2847661,37.1536575],[-93.2860081,37.1532211],[-93.287145,37.1526961],[-93.2882586,37.1520406],[-93.2893247,37.1512442],[-93.2903069,37.1503058],[-93.291165,37.1492319],[-93.29186,37.1480375]]},"properties":{}},{"type":"Feature","geometry":{"type":"LineString","coordinates":[[-92.3557106,37.9658383],[-92.3565283,37.9664858]]},"properties":{}},{"type":"Feature","geometry":{"type":"LineString","coordinates":[[-92.3554242,37.9659356],[-92.3564058,37.9667125]]},"properties":{}},{"type":"Feature","geometry":{"type":"LineString","coordinates":[[-92.3552197,37.9660975],[-92.3562014,37.9668744]]},"properties":{}},{"type":"Feature","geometry":{"type":"LineString","coordinates":[[-92.3550969,37.9663239],[-92.355915,37.9669714]]},"properties":{}},{"type":"Feature","geometry":{"type":"LineString","coordinates":[[-92.3553014,37.9668097],[-92.3553628,37.9668531],[-92.3554336,37.9668931],[-92.3555139,37.9669275],[-92.3556031,37.9669553],[-92.3556994,37.9669744],[-92.3558014,37.9669833],[-92.3559061,37.9669811],[-92.3560106,37.9669672],[-92.3561117,37.9669417],[-92.3562064,37.9669056],[-92.3562925,37.96686],[-92.3563678,37.9668072],[-92.3564314,37.9667492],[-92.3564831,37.9666881],[-92.3565231,37.9666256],[-92.3565519,37.9665633],[-92.3565717,37.9665011],[-92.3565828,37.9664339],[-92.3565844,37.9663628],[-92.3565742,37.9662883],[-92.3565514,37.9662128],[-92.356515,37.9661375],[-92.3564644,37.9660656],[-92.3564011,37.9659986],[-92.3563261,37.9659392],[-92.3562414,37.9658889],[-92.3561503,37.9658492],[-92.3560556,37.9658203],[-92.35596,37.9658019],[-92.3558661,37.9657942],[-92.3557761,37.9657953],[-92.3556914,37.9658042],[-92.3556128,37.9658197],[-92.3555342,37.9658425],[-92.3554553,37.9658742],[-92.3553778,37.965915],[-92.3553047,37.9659656],[-92.3552381,37.966025],[-92.3551806,37.9660931],[-92.3551347,37.9661683],[-92.3551025,37.9662483],[-92.355085,37.9663308],[-92.3550819,37.9664139],[-92.3550933,37.9664944],[-92.3551175,37.9665708],[-92.3551525,37.9666417],[-92.3551964,37.966705],[-92.3552467,37.9667611],[-92.3553014,37.9668097]]},"properties":{}},{"type":"Feature","geometry":{"type":"LineString","coordinates":[[-93.3832486,37.2274728],[-93.3840672,37.2281131]]},"properties":{}},{"type":"Feature","geometry":{"type":"LineString","coordinates":[[-93.3829664,37.2275725],[-93.3839489,37.2283408]]},"properties":{}},{"type":"Feature","geometry":{"type":"LineString","coordinates":[[-93.3827664,37.2277361],[-93.3837486,37.2285044]]},"properties":{}},{"type":"Feature","geometry":{"type":"LineString","coordinates":[[-93.3826481,37.2279639],[-93.3834667,37.2286042]]},"properties":{}},{"type":"Feature","geometry":{"type":"LineString","coordinates":[[-93.3828572,37.2284475],[-93.3829183,37.2284906],[-93.3829889,37.2285297],[-93.3830689,37.2285636],[-93.3831575,37.2285908],[-93.3832533,37.2286089],[-93.3833544,37.2286169],[-93.3834581,37.2286139],[-93.3835614,37.2285989],[-93.3836611,37.2285725],[-93.3837544,37.2285356],[-93.3838389,37.2284892],[-93.3839128,37.2284358],[-93.383975,37.2283772],[-93.3840253,37.2283156],[-93.3840639,37.2282528],[-93.3840917,37.2281903],[-93.3841103,37.2281278],[-93.3841206,37.2280608],[-93.3841208,37.2279894],[-93.38411,37.2279153],[-93.3840864,37.2278397],[-93.3840492,37.227765],[-93.3839983,37.2276933],[-93.3839344,37.2276269],[-93.3838592,37.2275683],[-93.383775,37.2275186],[-93.3836842,37.2274797],[-93.38359,37.2274517],[-93.383495,37.2274342],[-93.3834019,37.2274272],[-93.3833128,37.2274292],[-93.3832292,37.2274389],[-93.3831517,37.227455],[-93.3830742,37.2274786],[-93.3829964,37.2275108],[-93.3829203,37.2275525],[-93.3828483,37.2276033],[-93.3827833,37.2276636],[-93.3827275,37.2277322],[-93.3826831,37.2278078],[-93.3826525,37.2278881],[-93.3826361,37.2279708],[-93.3826342,37.2280536],[-93.3826467,37.2281344],[-93.3826717,37.2282106],[-93.3827072,37.2282808],[-93.3827514,37.2283439],[-93.3828022,37.2283997],[-93.3828572,37.2284475]]},"properties":{}},{"type":"Feature","geometry":{"type":"LineString","coordinates":[[-92.1162667,38.6980606],[-92.1170906,38.6987094]]},"properties":{}},{"type":"Feature","geometry":{"type":"LineString","coordinates":[[-92.1159772,38.6981569],[-92.1169658,38.6989358]]},"properties":{}},{"type":"Feature","geometry":{"type":"LineString","coordinates":[[-92.11577,38.6983183],[-92.1167589,38.6990972]]},"properties":{}},{"type":"Feature","geometry":{"type":"LineString","coordinates":[[-92.1156456,38.6985447],[-92.1164694,38.6991939]]},"properties":{}},{"type":"Feature","geometry":{"type":"LineString","coordinates":[[-92.1158503,38.6990306],[-92.1159119,38.6990742],[-92.1159833,38.6991142],[-92.1160644,38.6991492],[-92.1161544,38.6991769],[-92.1162519,38.6991964],[-92.1163547,38.6992056],[-92.1164606,38.6992033],[-92.1165661,38.6991897],[-92.1166683,38.6991642],[-92.1167642,38.6991283],[-92.1168511,38.6990831],[-92.1169275,38.6990306],[-92.1169919,38.6989725],[-92.1170442,38.6989114],[-92.1170847,38.6988489],[-92.1171142,38.6987869],[-92.1171342,38.6987247],[-92.1171458,38.6986578],[-92.1171475,38.6985864],[-92.1171375,38.6985122],[-92.1171147,38.6984364],[-92.1170781,38.6983614],[-92.1170275,38.6982892],[-92.1169636,38.6982219],[-92.1168881,38.6981625],[-92.1168028,38.6981122],[-92.1167108,38.6980719],[-92.1166153,38.6980431],[-92.1165186,38.6980247],[-92.1164239,38.6980164],[-92.1163331,38.6980175],[-92.1162475,38.6980264],[-92.1161681,38.6980417],[-92.1160886,38.6980644],[-92.1160086,38.6980958],[-92.1159303,38.6981364],[-92.1158561,38.6981867],[-92.1157886,38.6982461],[-92.1157306,38.6983142],[-92.1156842,38.6983892],[-92.1156514,38.6984692],[-92.1156331,38.6985517],[-92.11563,38.6986344],[-92.1156411,38.6987153],[-92.1156653,38.6987917],[-92.1157003,38.6988622],[-92.1157444,38.6989261],[-92.1157953,38.6989822],[-92.1158503,38.6990306]]},"properties":{}},{"type":"Feature","geometry":{"type":"LineString","coordinates":[[-93.8982875,37.2256631],[-93.8917431,37.2406033],[-93.8868767,37.2249744],[-93.8801797,37.239905],[-93.8760664,37.2243208]]},"properties":{}},{"type":"Feature","geometry":{"type":"LineString","coordinates":[[-93.8576542,37.2385408],[-93.8603572,37.2387047],[-93.86172,37.2386667],[-93.8645256,37.23775],[-93.8672717,37.2358636],[-93.8683206,37.2343572],[-93.8689531,37.2324636],[-93.8691008,37.2309028],[-93.8689372,37.2294436],[-93.8683342,37.2278375],[-93.8668647,37.2258164],[-93.8663208,37.2251797],[-93.8651881,37.2243867],[-93.8627039,37.2235114],[-93.8595511,37.2233203],[-93.8580269,37.2234694],[-93.85648,37.2238586],[-93.855545,37.2241642],[-93.8539525,37.2250333],[-93.8524644,37.2263922],[-93.8519228,37.2273253],[-93.8513014,37.2290989],[-93.8510278,37.2319803],[-93.8521056,37.2349439],[-93.8529153,37.2359592],[-93.8538867,37.2368633],[-93.8548808,37.2375272],[-93.8551697,37.2376656],[-93.8576542,37.2385408]]},"properties":{}},{"type":"Feature","geometry":{"type":"LineString","coordinates":[[-93.8424242,37.2224011],[-93.8401511,37.2240742],[-93.8381897,37.2256456],[-93.8365397,37.2271147],[-93.8355475,37.2280206],[-93.8346825,37.2291756],[-93.8342678,37.2303578],[-93.834015,37.2314292],[-93.8338092,37.2335903],[-93.8341797,37.2344581],[-93.8347117,37.235215],[-93.8352322,37.2360919],[-93.8382944,37.2372444],[-93.8400964,37.2373539],[-93.8421283,37.2366322],[-93.8424514,37.2364103],[-93.8437442,37.2355228],[-93.8439169,37.2352917],[-93.8446775,37.2336475],[-93.8447917,37.2324469],[-93.8445711,37.2315881],[-93.8443394,37.2308494],[-93.8438186,37.2299725],[-93.8426972,37.2290592],[-93.8415417,37.2285058],[-93.8408025,37.2283403],[-93.8397514,37.2282764],[-93.8389894,37.2283506],[-93.8363456,37.2291558],[-93.8342794,37.2302378]]},"properties":{}},{"type":"Feature","geometry":{"type":"LineString","coordinates":[[-93.8808425,36.3873281],[-93.8912378,36.3879619],[-93.8813667,36.3993144],[-93.8827561,36.3844258]]},"properties":{}},{"type":"Feature","geometry":{"type":"LineString","coordinates":[[-93.8642719,36.3888517],[-93.8639347,36.3924536],[-93.8641894,36.3945219],[-93.8643967,36.3955008],[-93.8647747,36.3962483],[-93.8664222,36.3977981],[-93.8681483,36.3985075],[-93.8687422,36.3985436],[-93.8705808,36.3980522],[-93.8723492,36.3967114],[-93.8730106,36.3960272],[-93.8733972,36.3950847],[-93.8740336,36.3930708],[-93.87437,36.3894689],[-93.8741153,36.3874003],[-93.8739081,36.3864217],[-93.8733814,36.385665],[-93.8718825,36.3841244],[-93.8701567,36.3834153],[-93.8695628,36.3833789],[-93.8677247,36.3838703],[-93.8658081,36.3852022],[-93.865295,36.3858953],[-93.8649083,36.3868378],[-93.8642719,36.3888517]]},"properties":{}},{"type":"Feature","geometry":{"type":"LineString","coordinates":[[-93.8587228,36.3827158],[-93.8491267,36.3974642],[-93.8428347,36.3817422]]},"properties":{}},{"type":"Feature","geometry":{"type":"LineString","coordinates":[[-93.8555889,36.387475],[-93.8448972,36.38682]]},"properties":{}},{"type":"Feature","geometry":{"type":"LineString","coordinates":[[-93.8305419,36.3885953],[-93.8245711,36.3806206]]},"properties":{}},{"type":"Feature","geometry":{"type":"LineString","coordinates":[[-93.8365983,36.3813594],[-93.8351661,36.3966078],[-93.8277406,36.3961517],[-93.8271689,36.395875],[-93.8258775,36.3953128],[-93.8246539,36.39403],[-93.8241728,36.3927928],[-93.8243083,36.3913519],[-93.8250153,36.3901878],[-93.8264647,36.3890694],[-93.8278464,36.3886711],[-93.8284631,36.3884675],[-93.8358878,36.3889236]]},"properties":{}},{"type":"Feature","geometry":{"type":"LineString","coordinates":[[-93.7346742,37.9895844],[-93.7346039,37.9903044],[-93.7342183,37.9911261],[-93.7335064,37.9921692],[-93.7328294,37.9928522],[-93.7318725,37.9932767],[-93.7306358,37.9934425],[-93.7283608,37.9933033],[-93.7267158,37.9929611],[-93.7259928,37.9925544],[-93.7250133,37.9916494],[-93.7247686,37.9910306],[-93.7245592,37.9900519],[-93.7247469,37.9881317],[-93.7251208,37.98743],[-93.7267319,37.9849931],[-93.7287158,37.9834242],[-93.73182,37.98132],[-93.7356006,37.9785328],[-93.7260478,37.9779481]]},"properties":{}},{"type":"Feature","geometry":{"type":"LineString","coordinates":[[-93.7176419,37.9890244],[-93.7173961,37.9899753],[-93.7170342,37.9905567],[-93.7158669,37.9915719],[-93.71491,37.9919961],[-93.7139531,37.9924206],[-93.7125644,37.9925767],[-93.7118061,37.9925303],[-93.7101614,37.9921878],[-93.7088789,37.9912639],[-93.7080514,37.9903681],[-93.7079703,37.9896386],[-93.7082056,37.9872381],[-93.7088825,37.9865553],[-93.7100264,37.9857803],[-93.7114853,37.9849036],[-93.7125469,37.9849689]]},"properties":{}},{"type":"Feature","geometry":{"type":"LineString","coordinates":[[-93.7114853,37.9849036],[-93.7097478,37.9839519],[-93.7091883,37.9834344],[-93.7085125,37.9825478],[-93.7083961,37.9821786],[-93.7083503,37.9810889],[-93.7083856,37.9807289],[-93.7086314,37.9797781],[-93.7090053,37.9790767],[-93.7098456,37.9782831],[-93.7108142,37.9777386],[-93.7124011,37.9771117],[-93.7158886,37.9773256],[-93.7169147,37.9777508],[-93.7184886,37.9788131],[-93.7187683,37.9790717],[-93.7191058,37.9803],[-93.7190589,37.98078]]},"properties":{}},{"type":"Feature","geometry":{"type":"LineString","coordinates":[[-93.7025453,37.9765064],[-93.6958939,37.9914322],[-93.6910219,37.9757978],[-93.6842167,37.9907136],[-93.6801053,37.9751256]]},"properties":{}},{"type":"Feature","geometry":{"type":"LineString","coordinates":[[-93.6722361,37.989975],[-93.67343,37.9778533],[-93.6733375,37.9772439],[-93.6723942,37.9759781],[-93.6717069,37.9752111],[-93.6705414,37.9746564],[-93.6688853,37.9744333],[-93.6664594,37.9742836],[-93.6650831,37.9743192],[-93.6632044,37.9748069],[-93.6620603,37.9755814],[-93.6613828,37.9762642],[-93.6609731,37.9773256],[-93.6598008,37.9892072]]},"properties":{}},{"type":"Feature","geometry":{"type":"LineString","coordinates":[[-93.6135381,36.3811944],[-93.6087822,36.3811367]]},"properties":{}},{"type":"Feature","geometry":{"type":"LineString","coordinates":[[-93.6243803,36.3902275],[-93.6243094,36.3940731]]},"properties":{}},{"type":"Feature","geometry":{"type":"LineString","coordinates":[[-93.6247083,36.3724281],[-93.6247792,36.3685825]]},"properties":{}},{"type":"Feature","geometry":{"type":"LineString","coordinates":[[-93.6355506,36.3814597],[-93.6403064,36.3815167]]},"properties":{}},{"type":"Feature","geometry":{"type":"LineString","coordinates":[[-93.6290953,36.3893883],[-93.6301611,36.3889381],[-93.6312158,36.3883619],[-93.6322297,36.3876531],[-93.6331683,36.3868103],[-93.633995,36.38584],[-93.6346733,36.3847569],[-93.6351714,36.3835842],[-93.635465,36.3823525],[-93.6355419,36.3810978],[-93.6354014,36.3798569],[-93.6350561,36.3786653],[-93.6345292,36.3775528],[-93.6338508,36.3765425],[-93.6330556,36.3756489],[-93.6321775,36.3748786],[-93.6312489,36.3742311],[-93.6302708,36.3736878],[-93.6291692,36.3732111],[-93.6279422,36.3728211],[-93.6266036,36.3725428],[-93.6251747,36.3723992],[-93.6236872,36.3724106],[-93.6221794,36.3725906],[-93.6206956,36.3729433],[-93.6192806,36.3734639],[-93.6179767,36.3741367],[-93.6168183,36.3749378],[-93.61583,36.3758372],[-93.615025,36.3768025],[-93.614405,36.3778017],[-93.6139625,36.3788058],[-93.6136831,36.3797906],[-93.6135469,36.3807439],[-93.6135406,36.3817353],[-93.6136819,36.3827767],[-93.6139925,36.3838489],[-93.6144886,36.3849261],[-93.6151797,36.3859781],[-93.6160642,36.3869714],[-93.6171289,36.3878722],[-93.6183494,36.3886497],[-93.6196908,36.3892797],[-93.6211117,36.3897464],[-93.6225675,36.3900444],[-93.6240153,36.3901781],[-93.6254178,36.3901592],[-93.6267447,36.3900067],[-93.627975,36.3897422],[-93.6290953,36.3893883]]},"properties":{}},{"type":"Feature","geometry":{"type":"LineString","coordinates":[[-93.4335611,36.6096219],[-93.4287911,36.6095567]]},"properties":{}},{"type":"Feature","geometry":{"type":"LineString","coordinates":[[-93.4444144,36.6186717],[-93.4443342,36.6225172]]},"properties":{}},{"type":"Feature","geometry":{"type":"LineString","coordinates":[[-93.4447853,36.6008725],[-93.4448656,36.5970269]]},"properties":{}},{"type":"Feature","geometry":{"type":"LineString","coordinates":[[-93.4556386,36.6099211],[-93.4604086,36.6099853]]},"properties":{}},{"type":"Feature","geometry":{"type":"LineString","coordinates":[[-93.4491456,36.61784],[-93.4502156,36.6173911],[-93.4512747,36.6168167],[-93.4522933,36.6161092],[-93.4532367,36.6152681],[-93.4540681,36.6142992],[-93.4547511,36.6132169],[-93.4552533,36.612045],[-93.4555508,36.6108139],[-93.4556308,36.6095592],[-93.4554931,36.6083181],[-93.4551494,36.6071258],[-93.4546236,36.6060125],[-93.4539456,36.6050014],[-93.45315,36.6041064],[-93.4522711,36.6033347],[-93.4513411,36.6026858],[-93.4503614,36.6021408],[-93.4492575,36.6016625],[-93.4480281,36.6012708],[-93.4466861,36.6009903],[-93.4452533,36.6008444],[-93.4437611,36.6008536],[-93.4422483,36.6010311],[-93.4407592,36.6013817],[-93.4393389,36.6019003],[-93.4380294,36.6025708],[-93.4368658,36.6033703],[-93.4358725,36.6042681],[-93.4350628,36.6052322],[-93.4344386,36.6062306],[-93.4339925,36.6072339],[-93.4337097,36.6082183],[-93.4335711,36.6091714],[-93.4335622,36.6101628],[-93.4337014,36.6112044],[-93.4340106,36.6122772],[-93.4345058,36.6133553],[-93.4351964,36.6144083],[-93.4360808,36.6154028],[-93.4371469,36.6163053],[-93.4383692,36.6170847],[-93.4397133,36.6177169],[-93.4411372,36.6181858],[-93.4425964,36.6184861],[-93.4440483,36.6186217],[-93.445455,36.618605],[-93.4467864,36.6184547],[-93.4480211,36.6181919],[-93.4491456,36.61784]]},"properties":{}},{"type":"Feature","geometry":{"type":"LineString","coordinates":[[-93.2178647,36.6257406],[-93.2130939,36.6256667]]},"properties":{}},{"type":"Feature","geometry":{"type":"LineString","coordinates":[[-93.2286947,36.6348103],[-93.2286036,36.6386556]]},"properties":{}},{"type":"Feature","geometry":{"type":"LineString","coordinates":[[-93.2291161,36.6170117],[-93.2292072,36.6131664]]},"properties":{}},{"type":"Feature","geometry":{"type":"LineString","coordinates":[[-93.2399461,36.6260803],[-93.2447169,36.6261533]]},"properties":{}},{"type":"Feature","geometry":{"type":"LineString","coordinates":[[-93.2334292,36.6339872],[-93.2345006,36.6335403],[-93.2355617,36.6329678],[-93.2365825,36.6322622],[-93.2375286,36.6314228],[-93.2383628,36.6304553],[-93.2390489,36.6293744],[-93.2395547,36.6282033],[-93.2398558,36.6269728],[-93.2399394,36.6257181],[-93.239805,36.6244769],[-93.2394647,36.6232839],[-93.2389419,36.62217],[-93.2382667,36.6211575],[-93.2374733,36.6202611],[-93.2365964,36.6194875],[-93.2356683,36.6188369],[-93.23469,36.6182903],[-93.2335872,36.61781],[-93.2323583,36.6174161],[-93.2310169,36.6171331],[-93.2295842,36.6169847],[-93.2280917,36.6169911],[-93.2265783,36.6171658],[-93.2250878,36.6175136],[-93.2236656,36.6180294],[-93.2223539,36.6186978],[-93.2211878,36.619495],[-93.2201919,36.6203911],[-93.2193792,36.6213536],[-93.2187519,36.6223508],[-93.2183031,36.6233533],[-93.2180175,36.6243372],[-93.2178761,36.62529],[-93.2178644,36.6262814],[-93.2180008,36.6273233],[-93.2183067,36.6283967],[-93.2187992,36.6294756],[-93.2194867,36.6305297],[-93.2203689,36.6315261],[-93.2214322,36.6324306],[-93.2226528,36.6332122],[-93.2239953,36.6338467],[-93.2254183,36.6343183],[-93.2268769,36.6346211],[-93.2283289,36.6347594],[-93.2297358,36.6347456],[-93.2310681,36.6345975],[-93.2323036,36.6343372],[-93.2334292,36.6339872]]},"properties":{}},{"type":"Feature","geometry":{"type":"LineString","coordinates":[[-92.6291047,36.5139908],[-92.6243417,36.5138931]]},"properties":{}},{"type":"Feature","geometry":{"type":"LineString","coordinates":[[-92.6398486,36.5231144],[-92.6397281,36.5269592]]},"properties":{}},{"type":"Feature","geometry":{"type":"LineString","coordinates":[[-92.6404067,36.5053186],[-92.6405272,36.5014739]]},"properties":{}},{"type":"Feature","geometry":{"type":"LineString","coordinates":[[-92.6511508,36.5144414],[-92.6559139,36.5145381]]},"properties":{}},{"type":"Feature","geometry":{"type":"LineString","coordinates":[[-92.6445825,36.5223153],[-92.6456558,36.5218739],[-92.6467197,36.5213064],[-92.6477444,36.5206061],[-92.6486956,36.5197714],[-92.6495361,36.5188081],[-92.6502294,36.5177308],[-92.6507436,36.5165622],[-92.6510536,36.5153333],[-92.6511467,36.5140792],[-92.6510219,36.5128372],[-92.6506917,36.5116425],[-92.6501781,36.5105258],[-92.6495117,36.50951],[-92.6487264,36.5086097],[-92.6478567,36.5078319],[-92.646935,36.5071767],[-92.6459622,36.5066253],[-92.6448647,36.5061392],[-92.6436411,36.5057392],[-92.6423036,36.5054492],[-92.6408744,36.5052939],[-92.6393839,36.5052928],[-92.6378714,36.5054597],[-92.6363803,36.5058003],[-92.6349564,36.5063089],[-92.6336414,36.5069706],[-92.6324708,36.5077619],[-92.6314694,36.5086531],[-92.6306508,36.5096117],[-92.6300169,36.5106056],[-92.6295606,36.5116058],[-92.6292681,36.5125883],[-92.6291194,36.5135403],[-92.6291,36.5145317],[-92.6292283,36.5155742],[-92.6295256,36.5166489],[-92.6300089,36.5177303],[-92.6306875,36.5187881],[-92.6315603,36.5197889],[-92.6326156,36.5206983],[-92.6338281,36.5214861],[-92.6351636,36.5221275],[-92.6365808,36.5226061],[-92.638035,36.5229164],[-92.6394836,36.5230619],[-92.6408889,36.523055],[-92.64222,36.5229139],[-92.6434558,36.5226597],[-92.6445825,36.5223153]]},"properties":{}},{"type":"Feature","geometry":{"type":"LineString","coordinates":[[-92.6708436,36.9716336],[-92.6660519,36.9715375]]},"properties":{}},{"type":"Feature","geometry":{"type":"LineString","coordinates":[[-92.6816575,36.9807533],[-92.6815383,36.9845981]]},"properties":{}},{"type":"Feature","geometry":{"type":"LineString","coordinates":[[-92.6822089,36.9629575],[-92.6823281,36.9591125]]},"properties":{}},{"type":"Feature","geometry":{"type":"LineString","coordinates":[[-92.6930231,36.9720761],[-92.6978147,36.9721711]]},"properties":{}},{"type":"Feature","geometry":{"type":"LineString","coordinates":[[-92.6864192,36.9799525],[-92.6874989,36.9795106],[-92.6885689,36.9789431],[-92.6895994,36.9782422],[-92.6905558,36.9774072],[-92.6914008,36.9764436],[-92.6920981,36.9753661],[-92.6926144,36.9741975],[-92.6929258,36.9729683],[-92.6930186,36.9717139],[-92.6928925,36.9704719],[-92.6925594,36.9692778],[-92.6920422,36.9681611],[-92.6913711,36.9671456],[-92.6905806,36.9662456],[-92.6897053,36.9654681],[-92.6887775,36.9648131],[-92.6877989,36.9642619],[-92.6866944,36.9637767],[-92.6854631,36.9633767],[-92.6841175,36.9630875],[-92.6826794,36.9629325],[-92.6811803,36.9629319],[-92.6796583,36.9630994],[-92.6781586,36.9634406],[-92.6767264,36.9639497],[-92.6754039,36.9646119],[-92.6742267,36.9654036],[-92.6732197,36.966295],[-92.6723967,36.9672539],[-92.6717594,36.9682481],[-92.6713011,36.9692486],[-92.6710072,36.9702311],[-92.6708583,36.9711831],[-92.6708394,36.9721744],[-92.6709689,36.9732169],[-92.6712686,36.9742914],[-92.6717553,36.9753728],[-92.6724386,36.9764303],[-92.6733175,36.9774306],[-92.6743792,36.97834],[-92.6755997,36.9791272],[-92.6769436,36.9797681],[-92.6783697,36.9802461],[-92.6798328,36.9805558],[-92.6812903,36.9807011],[-92.6827039,36.9806936],[-92.6840431,36.9805519],[-92.6852861,36.9802972],[-92.6864192,36.9799525]]},"properties":{}},{"type":"Feature","geometry":{"type":"LineString","coordinates":[[-92.6104878,37.1265447],[-92.6056864,37.1264461]]},"properties":{}},{"type":"Feature","geometry":{"type":"LineString","coordinates":[[-92.6213164,37.1356697],[-92.6211939,37.1395144]]},"properties":{}},{"type":"Feature","geometry":{"type":"LineString","coordinates":[[-92.6218833,37.1178744],[-92.6220058,37.1140297]]},"properties":{}},{"type":"Feature","geometry":{"type":"LineString","coordinates":[[-92.6327119,37.1269986],[-92.6375136,37.1270961]]},"properties":{}},{"type":"Feature","geometry":{"type":"LineString","coordinates":[[-92.6260886,37.1348714],[-92.6271708,37.13443],[-92.6282436,37.1338628],[-92.6292767,37.1331628],[-92.6302358,37.1323283],[-92.6310833,37.131365],[-92.6317825,37.1302878],[-92.6323011,37.1291194],[-92.6326139,37.1278906],[-92.6327081,37.1266364],[-92.6325828,37.1253944],[-92.6322497,37.1242],[-92.6317325,37.1230831],[-92.6310608,37.1220669],[-92.6302694,37.1211667],[-92.6293931,37.1203889],[-92.6284639,37.1197333],[-92.6274836,37.1191817],[-92.6263772,37.1186958],[-92.6251436,37.1182953],[-92.6237956,37.1180053],[-92.6223547,37.1178497],[-92.6208522,37.1178483],[-92.6193275,37.1180153],[-92.6178244,37.1183553],[-92.6163886,37.1188636],[-92.6150631,37.1195253],[-92.6138828,37.1203164],[-92.6128731,37.1212072],[-92.6120475,37.1221658],[-92.6114083,37.1231594],[-92.6109481,37.1241597],[-92.6106528,37.1251422],[-92.6105028,37.1260942],[-92.6104831,37.1270853],[-92.6106122,37.1281281],[-92.6109114,37.1292028],[-92.6113983,37.1302842],[-92.6120822,37.1313419],[-92.6129619,37.1323428],[-92.6140253,37.1332528],[-92.6152475,37.1340406],[-92.6165939,37.1346819],[-92.6180222,37.1351608],[-92.6194883,37.1354714],[-92.6209486,37.1356172],[-92.622365,37.1356106],[-92.6237072,37.1354694],[-92.6249528,37.1352156],[-92.6260886,37.1348714]]},"properties":{}},{"type":"Feature","geometry":{"type":"LineString","coordinates":[[-92.2989619,37.1205986],[-92.2941611,37.1204875]]},"properties":{}},{"type":"Feature","geometry":{"type":"LineString","coordinates":[[-92.3097522,37.1297522],[-92.3096139,37.1335967]]},"properties":{}},{"type":"Feature","geometry":{"type":"LineString","coordinates":[[-92.3103919,37.1119586],[-92.3105303,37.1081142]]},"properties":{}},{"type":"Feature","geometry":{"type":"LineString","coordinates":[[-92.3211825,37.1211111],[-92.3259833,37.1212214]]},"properties":{}},{"type":"Feature","geometry":{"type":"LineString","coordinates":[[-92.3145272,37.1289664],[-92.3156111,37.1285281],[-92.3166861,37.1279636],[-92.3177219,37.1272664],[-92.3186844,37.1264342],[-92.3195358,37.1254733],[-92.3202394,37.1243981],[-92.3207628,37.1232311],[-92.3210808,37.1220028],[-92.32118,37.1207489],[-92.3210597,37.1195067],[-92.3207317,37.1183114],[-92.3202189,37.1171931],[-92.3195517,37.1161753],[-92.3187639,37.1152728],[-92.3178908,37.1144928],[-92.3169644,37.113835],[-92.3159864,37.1132806],[-92.3148822,37.1127917],[-92.3136506,37.1123881],[-92.3123036,37.1120944],[-92.3108636,37.111935],[-92.3093614,37.1119297],[-92.3078358,37.1120925],[-92.3063314,37.1124289],[-92.3048939,37.1129333],[-92.3035656,37.1135914],[-92.3023822,37.1143794],[-92.3013689,37.1152678],[-92.3005394,37.1162239],[-92.2998961,37.1172161],[-92.2994319,37.118215],[-92.2991328,37.1191967],[-92.2989786,37.1201481],[-92.298955,37.1211394],[-92.2990797,37.1221825],[-92.2993747,37.1232578],[-92.2998569,37.1243406],[-92.3005364,37.1254003],[-92.3014122,37.1264033],[-92.3024717,37.1273161],[-92.3036906,37.1281072],[-92.3050339,37.1287522],[-92.3064603,37.1292347],[-92.307925,37.1295492],[-92.3093844,37.1296989],[-92.3108008,37.1296958],[-92.3121433,37.1295583],[-92.31339,37.1293075],[-92.3145272,37.1289664]]},"properties":{}},{"type":"Feature","geometry":{"type":"LineString","coordinates":[[-93.1177847,37.1749533],[-93.1129797,37.1748753]]},"properties":{}},{"type":"Feature","geometry":{"type":"LineString","coordinates":[[-93.1286814,37.1840319],[-93.1285844,37.1878769]]},"properties":{}},{"type":"Feature","geometry":{"type":"LineString","coordinates":[[-93.1291294,37.1662344],[-93.1292261,37.1623894]]},"properties":{}},{"type":"Feature","geometry":{"type":"LineString","coordinates":[[-93.1400261,37.1753119],[-93.1448314,37.1753889]]},"properties":{}},{"type":"Feature","geometry":{"type":"LineString","coordinates":[[-93.1334511,37.1832131],[-93.1345311,37.1827669],[-93.1356006,37.1821953],[-93.1366297,37.1814908],[-93.1375839,37.1806522],[-93.1384256,37.1796853],[-93.1391181,37.1786053],[-93.1396289,37.1774347],[-93.1399339,37.1762042],[-93.1400197,37.1749497],[-93.1398858,37.1737083],[-93.1395447,37.1725153],[-93.1390194,37.1714008],[-93.1383408,37.1703878],[-93.1375428,37.1694908],[-93.1366606,37.1687167],[-93.1357267,37.1680653],[-93.1347419,37.1675178],[-93.1336317,37.1670367],[-93.1323947,37.1666414],[-93.1310439,37.1663572],[-93.1296011,37.1662078],[-93.1280978,37.1662128],[-93.1265728,37.1663861],[-93.1250711,37.1667328],[-93.1236381,37.1672475],[-93.1223161,37.1679147],[-93.1211403,37.1687108],[-93.1201358,37.1696061],[-93.1193161,37.1705681],[-93.1186833,37.1715644],[-93.1182294,37.1725667],[-93.1179406,37.1735503],[-93.1177969,37.1745028],[-93.1177839,37.1754942],[-93.1179197,37.1765364],[-93.1182267,37.1776097],[-93.1187211,37.1786889],[-93.1194125,37.1797439],[-93.1202994,37.1807408],[-93.1213694,37.1816461],[-93.1225978,37.1824289],[-93.1239492,37.1830644],[-93.1253817,37.1835372],[-93.1268508,37.1838414],[-93.1283131,37.1839808],[-93.1297303,37.1839681],[-93.1310722,37.1838214],[-93.1323169,37.1835619],[-93.1334511,37.1832131]]},"properties":{}},{"type":"Feature","geometry":{"type":"LineString","coordinates":[[-92.6412439,37.6481031],[-92.6364092,37.6480058]]},"properties":{}},{"type":"Feature","geometry":{"type":"LineString","coordinates":[[-92.6521514,37.6572244],[-92.6520297,37.6610686]]},"properties":{}},{"type":"Feature","geometry":{"type":"LineString","coordinates":[[-92.652715,37.6394308],[-92.6528367,37.6355867]]},"properties":{}},{"type":"Feature","geometry":{"type":"LineString","coordinates":[[-92.6636225,37.6485511],[-92.6684575,37.6486475]]},"properties":{}},{"type":"Feature","geometry":{"type":"LineString","coordinates":[[-92.6569564,37.6564247],[-92.6580458,37.6559833],[-92.6591258,37.6554158],[-92.6601658,37.6547156],[-92.6611311,37.6538808],[-92.6619842,37.6529178],[-92.6626878,37.6518403],[-92.6632094,37.6506719],[-92.6635242,37.6494431],[-92.6636183,37.6481892],[-92.6634917,37.6469472],[-92.6631558,37.6457528],[-92.6626344,37.6446364],[-92.6619578,37.6436206],[-92.6611606,37.6427206],[-92.6602778,37.6419431],[-92.6593419,37.6412881],[-92.6583544,37.6407367],[-92.6572406,37.6402511],[-92.6559981,37.6398508],[-92.6546406,37.6395614],[-92.6531897,37.6394061],[-92.6516769,37.639405],[-92.6501414,37.6395722],[-92.6486281,37.6399128],[-92.6471828,37.6404214],[-92.6458481,37.6410833],[-92.64466,37.6418747],[-92.6436436,37.6427658],[-92.6428128,37.6437242],[-92.6421694,37.6447181],[-92.6417067,37.6457183],[-92.6414097,37.6467006],[-92.6412589,37.6476525],[-92.6412394,37.6486439],[-92.6413697,37.6496864],[-92.6416717,37.6507608],[-92.6421625,37.6518419],[-92.6428514,37.6528994],[-92.6437378,37.6539],[-92.6448089,37.6548094],[-92.6460397,37.6555969],[-92.6473958,37.6562381],[-92.6488344,37.6567164],[-92.6503106,37.6570264],[-92.6517811,37.6571719],[-92.6532072,37.657165],[-92.6545586,37.6570236],[-92.6558128,37.6567692],[-92.6569564,37.6564247]]},"properties":{}},{"type":"Feature","geometry":{"type":"LineString","coordinates":[[-92.6799453,37.9737456],[-92.6750894,37.9736497]]},"properties":{}},{"type":"Feature","geometry":{"type":"LineString","coordinates":[[-92.6909047,37.9828625],[-92.6907844,37.9867064]]},"properties":{}},{"type":"Feature","geometry":{"type":"LineString","coordinates":[[-92.6914617,37.9650706],[-92.6915819,37.9612267]]},"properties":{}},{"type":"Feature","geometry":{"type":"LineString","coordinates":[[-92.7024211,37.9741864],[-92.7072772,37.9742811]]},"properties":{}},{"type":"Feature","geometry":{"type":"LineString","coordinates":[[-92.6957303,37.9820614],[-92.6968242,37.9816194],[-92.6979086,37.9810519],[-92.6989528,37.9803514],[-92.6999219,37.9795164],[-92.7007781,37.9785531],[-92.7014844,37.9774756],[-92.7020075,37.9763069],[-92.7023228,37.9750781],[-92.7024169,37.9738242],[-92.7022889,37.9725828],[-92.7019511,37.9713886],[-92.7014269,37.9702725],[-92.7007467,37.9692569],[-92.6999456,37.9683572],[-92.6990583,37.96758],[-92.6981183,37.9669253],[-92.6971264,37.9663744],[-92.6960072,37.9658892],[-92.6947592,37.9654894],[-92.6933956,37.9652003],[-92.6919383,37.9650456],[-92.6904189,37.9650453],[-92.6888769,37.9652128],[-92.6873572,37.9655539],[-92.6859058,37.9660631],[-92.6845658,37.9667253],[-92.6833731,37.9675169],[-92.6823528,37.9684081],[-92.6815186,37.9693667],[-92.6808731,37.9703608],[-92.6804086,37.9713611],[-92.6801108,37.9723433],[-92.67996,37.9732953],[-92.6799411,37.9742864],[-92.6800725,37.9753286],[-92.6803761,37.9764028],[-92.6808697,37.9774839],[-92.6815622,37.9785411],[-92.6824528,37.9795411],[-92.6835292,37.98045],[-92.6847658,37.9812372],[-92.6861278,37.9818775],[-92.6875731,37.9823556],[-92.6890558,37.982665],[-92.6905328,37.98281],[-92.6919653,37.9828025],[-92.6933222,37.9826608],[-92.6945819,37.9824061],[-92.6957303,37.9820614]]},"properties":{}},{"type":"Feature","geometry":{"type":"LineString","coordinates":[[-93.0757975,37.6538939],[-93.0709619,37.6538142]]},"properties":{}},{"type":"Feature","geometry":{"type":"LineString","coordinates":[[-93.0867583,37.6629753],[-93.0866589,37.66682]]},"properties":{}},{"type":"Feature","geometry":{"type":"LineString","coordinates":[[-93.0872192,37.64518],[-93.0873186,37.6413353]]},"properties":{}},{"type":"Feature","geometry":{"type":"LineString","coordinates":[[-93.09818,37.6542603],[-93.1030158,37.6543389]]},"properties":{}},{"type":"Feature","geometry":{"type":"LineString","coordinates":[[-93.0915592,37.6621581],[-93.0926461,37.6617128],[-93.0937228,37.6611414],[-93.0947589,37.6604372],[-93.0957194,37.6595992],[-93.0965669,37.6586328],[-93.0972644,37.6575528],[-93.0977792,37.6563825],[-93.0980867,37.6551525],[-93.0981739,37.6538981],[-93.0980397,37.6526569],[-93.0976972,37.6514639],[-93.0971694,37.6503492],[-93.0964869,37.6493358],[-93.0956842,37.6484389],[-93.0947969,37.6476644],[-93.0938572,37.6470128],[-93.0928667,37.646465],[-93.0917497,37.6459836],[-93.090505,37.6455881],[-93.0891456,37.6453033],[-93.0876939,37.6451533],[-93.0861808,37.6451578],[-93.0846464,37.6453308],[-93.0831347,37.6456767],[-93.0816922,37.6461908],[-93.0803614,37.6468575],[-93.0791778,37.6476531],[-93.0781667,37.6485481],[-93.0773411,37.6495094],[-93.0767036,37.6505056],[-93.0762464,37.6515075],[-93.075955,37.6524908],[-93.0758097,37.6534433],[-93.0757961,37.6544347],[-93.0759325,37.6554767],[-93.0762406,37.65655],[-93.0767375,37.6576294],[-93.0774328,37.6586844],[-93.078325,37.6596817],[-93.0794014,37.6605872],[-93.0806369,37.6613703],[-93.0819967,37.6620064],[-93.0834381,37.6624794],[-93.0849161,37.6627842],[-93.0863875,37.6629242],[-93.0878139,37.6629119],[-93.0891644,37.6627656],[-93.0904175,37.6625069],[-93.0915592,37.6621581]]},"properties":{}},{"type":"Feature","geometry":{"type":"LineString","coordinates":[[-93.3365,37.5959183],[-93.3316678,37.5958494]]},"properties":{}},{"type":"Feature","geometry":{"type":"LineString","coordinates":[[-93.3474836,37.6049758],[-93.3473975,37.6088208]]},"properties":{}},{"type":"Feature","geometry":{"type":"LineString","coordinates":[[-93.3478825,37.5871794],[-93.3479686,37.5833344]]},"properties":{}},{"type":"Feature","geometry":{"type":"LineString","coordinates":[[-93.3588664,37.5962358],[-93.3636986,37.5963039]]},"properties":{}},{"type":"Feature","geometry":{"type":"LineString","coordinates":[[-93.3522778,37.6041483],[-93.3533625,37.6037003],[-93.3544364,37.6031267],[-93.3554692,37.6024203],[-93.3564261,37.60158],[-93.3572697,37.6006119],[-93.3579631,37.5995303],[-93.3584733,37.5983589],[-93.3587764,37.5971283],[-93.3588589,37.5958736],[-93.3587208,37.5946325],[-93.3583744,37.5934403],[-93.3578431,37.5923269],[-93.3571575,37.591315],[-93.3563525,37.5904197],[-93.3554631,37.5896472],[-93.3545219,37.5889978],[-93.35353,37.5884522],[-93.3524122,37.5879731],[-93.3511672,37.5875803],[-93.3498081,37.5872986],[-93.3483567,37.5871517],[-93.346845,37.5871597],[-93.3453122,37.5873358],[-93.3438031,37.587685],[-93.3423633,37.5882022],[-93.3410361,37.5888719],[-93.3398561,37.5896703],[-93.3388486,37.5905672],[-93.3380272,37.5915306],[-93.3373936,37.5925281],[-93.3369403,37.5935311],[-93.3366525,37.594515],[-93.3365108,37.5954678],[-93.3365006,37.5964592],[-93.3366403,37.5975008],[-93.3369519,37.5985736],[-93.3374522,37.5996519],[-93.3381506,37.6007056],[-93.3390456,37.6017008],[-93.3401242,37.6026039],[-93.3413614,37.6033842],[-93.3427222,37.6040172],[-93.3441644,37.6044875],[-93.3456425,37.6047889],[-93.3471131,37.6049256],[-93.3485383,37.6049103],[-93.3498872,37.6047608],[-93.3511383,37.6044994],[-93.3522778,37.6041483]]},"properties":{}},{"type":"Feature","geometry":{"type":"LineString","coordinates":[[-93.8056283,37.6601569],[-93.8007917,37.6601069]]},"properties":{}},{"type":"Feature","geometry":{"type":"LineString","coordinates":[[-93.8166781,37.6691708],[-93.8166156,37.6730161]]},"properties":{}},{"type":"Feature","geometry":{"type":"LineString","coordinates":[[-93.8169661,37.6513733],[-93.8170283,37.6475281]]},"properties":{}},{"type":"Feature","geometry":{"type":"LineString","coordinates":[[-93.8280158,37.6603861],[-93.8328525,37.660435]]},"properties":{}},{"type":"Feature","geometry":{"type":"LineString","coordinates":[[-93.8214708,37.6683244],[-93.8225536,37.6678722],[-93.823625,37.6672944],[-93.8246542,37.6665839],[-93.8256067,37.6657397],[-93.826445,37.6647683],[-93.8271319,37.6636842],[-93.8276356,37.6625108],[-93.8279311,37.6612789],[-93.8280058,37.6600242],[-93.82786,37.6587836],[-93.8275058,37.6575928],[-93.8269669,37.6564814],[-93.8262747,37.6554722],[-93.8254633,37.65458],[-93.8245683,37.6538111],[-93.8236225,37.6531653],[-93.8226264,37.6526239],[-93.8215047,37.6521492],[-93.8202561,37.6517611],[-93.8188939,37.6514847],[-93.8174406,37.6513436],[-93.8159275,37.6513575],[-93.8143947,37.6515397],[-93.8128864,37.651895],[-93.8114489,37.6524181],[-93.8101244,37.6530928],[-93.8089483,37.6538956],[-93.8079458,37.6547967],[-93.8071294,37.6557631],[-93.8065017,37.6567633],[-93.8060542,37.6577681],[-93.8057722,37.6587531],[-93.8056364,37.6597064],[-93.8056322,37.6606978],[-93.8057789,37.6617389],[-93.8060972,37.6628103],[-93.8066047,37.6638867],[-93.8073103,37.6649372],[-93.8082122,37.6659292],[-93.8092972,37.6668281],[-93.8105406,37.6676033],[-93.8119067,37.6682311],[-93.8133528,37.6686956],[-93.8148339,37.6689911],[-93.8163067,37.6691219],[-93.8177328,37.6691011],[-93.8190822,37.6689464],[-93.8203325,37.66868],[-93.8214708,37.6683244]]},"properties":{}},{"type":"Feature","geometry":{"type":"LineString","coordinates":[[-93.9864044,37.857035],[-93.9815547,37.8569922]]},"properties":{}},{"type":"Feature","geometry":{"type":"LineString","coordinates":[[-93.9975044,37.8660317],[-93.9974514,37.8698767]]},"properties":{}},{"type":"Feature","geometry":{"type":"LineString","coordinates":[[-93.9977506,37.8482347],[-93.9978039,37.8443897]]},"properties":{}},{"type":"Feature","geometry":{"type":"LineString","coordinates":[[-94.0088508,37.8572303],[-94.0137006,37.8572717]]},"properties":{}},{"type":"Feature","geometry":{"type":"LineString","coordinates":[[-94.0023081,37.8651778],[-94.0033925,37.8647242],[-94.0044653,37.8641447],[-94.0054956,37.8634328],[-94.0064483,37.8625872],[-94.0072864,37.8616144],[-94.0079728,37.8605294],[-94.0084747,37.8593553],[-94.0087681,37.8581231],[-94.0088403,37.8568681],[-94.0086908,37.8556281],[-94.0083328,37.8544378],[-94.00779,37.8533272],[-94.0070933,37.8523194],[-94.0062778,37.8514283],[-94.0053786,37.8506611],[-94.0044286,37.8500167],[-94.0034286,37.8494767],[-94.0023031,37.8490036],[-94.0010503,37.8486175],[-93.9996836,37.8483433],[-93.9982261,37.8482044],[-93.9967094,37.8482206],[-93.9951728,37.8484053],[-93.9936614,37.8487628],[-93.9922214,37.8492878],[-93.990895,37.8499644],[-93.9897181,37.8507692],[-93.9887147,37.8516717],[-93.9878989,37.8526392],[-93.9872717,37.8536403],[-93.9868253,37.8546456],[-93.9865453,37.8556311],[-93.9864111,37.8565844],[-93.9864094,37.8575758],[-93.9865589,37.8586167],[-93.9868808,37.8596875],[-93.9873922,37.8607631],[-93.9881019,37.8618125],[-93.9890086,37.8628028],[-93.9900989,37.8637],[-93.9913475,37.8644736],[-93.9927183,37.8650992],[-93.9941694,37.8655614],[-93.9956553,37.8658547],[-93.9971322,37.8659833],[-93.9985622,37.8659603],[-93.9999144,37.8658036],[-94.0011678,37.8655353],[-94.0023081,37.8651778]]},"properties":{}},{"type":"Feature","geometry":{"type":"LineString","coordinates":[[-94.2933492,37.8523972],[-94.2884997,37.8523669]]},"properties":{}},{"type":"Feature","geometry":{"type":"LineString","coordinates":[[-94.3044853,37.8613653],[-94.3044481,37.8652103]]},"properties":{}},{"type":"Feature","geometry":{"type":"LineString","coordinates":[[-94.3046586,37.8435678],[-94.3046961,37.8397225]]},"properties":{}},{"type":"Feature","geometry":{"type":"LineString","coordinates":[[-94.315795,37.8525347],[-94.3206442,37.8525639]]},"properties":{}},{"type":"Feature","geometry":{"type":"LineString","coordinates":[[-94.309285,37.8604992],[-94.3103678,37.8600425],[-94.3114378,37.8594603],[-94.3124653,37.8587458],[-94.3134144,37.8578978],[-94.3142486,37.8569231],[-94.3149303,37.8558361],[-94.3154275,37.8546608],[-94.3157158,37.8534278],[-94.3157828,37.8521728],[-94.3156283,37.8509331],[-94.3152656,37.8497436],[-94.3147181,37.8486344],[-94.3140175,37.8476283],[-94.3131983,37.8467397],[-94.3122961,37.8459744],[-94.3113436,37.8453325],[-94.3103414,37.844795],[-94.3092139,37.844325],[-94.3079594,37.8439422],[-94.3065919,37.8436714],[-94.3051342,37.8435364],[-94.3036175,37.8435564],[-94.3020817,37.843745],[-94.3005719,37.8441064],[-94.2991339,37.844635],[-94.2978106,37.8453153],[-94.2966369,37.8461228],[-94.2956375,37.8470278],[-94.2948256,37.8479975],[-94.2942025,37.8490003],[-94.2937603,37.8500067],[-94.2934842,37.8509928],[-94.2933542,37.8519467],[-94.2933567,37.8529381],[-94.29351,37.8539783],[-94.2938364,37.8550483],[-94.2943522,37.8561225],[-94.2950661,37.8571703],[-94.2959769,37.8581583],[-94.2970708,37.8590528],[-94.2983222,37.8598231],[-94.2996958,37.860445],[-94.3011486,37.8609036],[-94.3026353,37.8611931],[-94.3041128,37.8613181],[-94.3055425,37.8612911],[-94.3068942,37.8611311],[-94.3081461,37.8608594],[-94.309285,37.8604992]]},"properties":{}},{"type":"Feature","geometry":{"type":"LineString","coordinates":[[-94.3008203,37.4858981],[-94.2959944,37.4858681]]},"properties":{}},{"type":"Feature","geometry":{"type":"LineString","coordinates":[[-94.3119033,37.4948661],[-94.3118664,37.4987117]]},"properties":{}},{"type":"Feature","geometry":{"type":"LineString","coordinates":[[-94.3120742,37.4770669],[-94.3121108,37.4732211]]},"properties":{}},{"type":"Feature","geometry":{"type":"LineString","coordinates":[[-94.3231569,37.4860339],[-94.3279828,37.4860628]]},"properties":{}},{"type":"Feature","geometry":{"type":"LineString","coordinates":[[-94.3166797,37.4939997],[-94.3177569,37.4935431],[-94.3188219,37.4929608],[-94.3198442,37.4922461],[-94.3207889,37.4913978],[-94.3216186,37.4904228],[-94.3222969,37.4893358],[-94.3227917,37.4881603],[-94.3230786,37.4869272],[-94.323145,37.4856719],[-94.3229911,37.4844322],[-94.32263,37.4832425],[-94.3220853,37.4821333],[-94.3213878,37.4811272],[-94.3205725,37.4802383],[-94.3196744,37.4794733],[-94.3187267,37.4788314],[-94.3177292,37.4782939],[-94.3166072,37.4778236],[-94.3153589,37.4774411],[-94.3139981,37.4771703],[-94.3125472,37.4770353],[-94.3110378,37.4770556],[-94.3095094,37.4772442],[-94.3080072,37.4776056],[-94.3065764,37.4781344],[-94.3052594,37.4788147],[-94.3040914,37.4796228],[-94.3030969,37.4805278],[-94.3022892,37.4814978],[-94.3016692,37.4825006],[-94.3012294,37.4835069],[-94.3009547,37.4844933],[-94.3008253,37.4854472],[-94.3008278,37.4864386],[-94.3009806,37.4874792],[-94.3013056,37.4885494],[-94.3018189,37.4896236],[-94.3025294,37.4906714],[-94.3034358,37.4916594],[-94.3045244,37.4925539],[-94.30577,37.4933242],[-94.3071369,37.4939461],[-94.3085828,37.4944047],[-94.3100625,37.4946942],[-94.3115325,37.4948189],[-94.3129556,37.4947919],[-94.3143006,37.4946317],[-94.3155464,37.49436],[-94.3166797,37.4939997]]},"properties":{}},{"type":"Feature","geometry":{"type":"LineString","coordinates":[[-94.4871472,37.1517489],[-94.4823425,37.1517264]]},"properties":{}},{"type":"Feature","geometry":{"type":"LineString","coordinates":[[-94.4982033,37.1607003],[-94.4981761,37.1645461]]},"properties":{}},{"type":"Feature","geometry":{"type":"LineString","coordinates":[[-94.4983294,37.1428994],[-94.4983569,37.1390536]]},"properties":{}},{"type":"Feature","geometry":{"type":"LineString","coordinates":[[-94.5093858,37.1518497],[-94.5141903,37.1518711]]},"properties":{}},{"type":"Feature","geometry":{"type":"LineString","coordinates":[[-94.5029564,37.1598261],[-94.5040278,37.1593678],[-94.5050867,37.1587839],[-94.5061025,37.1580675],[-94.5070411,37.1572178],[-94.507865,37.1562414],[-94.5085375,37.1551533],[-94.5090272,37.1539769],[-94.5093097,37.1527431],[-94.5093728,37.1514878],[-94.5092167,37.1502481],[-94.5088542,37.1490592],[-94.5083089,37.1479508],[-94.5076122,37.1469456],[-94.5067983,37.1460581],[-94.5059025,37.1452942],[-94.5049569,37.1446536],[-94.5039628,37.1441178],[-94.5028444,37.1436494],[-94.5016008,37.1432686],[-94.5002453,37.143],[-94.4988006,37.1428672],[-94.4972978,37.1428897],[-94.4957769,37.1430808],[-94.4942819,37.1434447],[-94.4928586,37.1439758],[-94.4915494,37.1446583],[-94.4903886,37.1454681],[-94.4894008,37.1463747],[-94.4885986,37.1473461],[-94.4879839,37.1483497],[-94.4875486,37.1493572],[-94.4872775,37.1503439],[-94.4871511,37.1512981],[-94.4871558,37.1522897],[-94.4873108,37.15333],[-94.4876369,37.1543997],[-94.4881506,37.1554731],[-94.4888606,37.15652],[-94.4897653,37.1575067],[-94.4908514,37.1583994],[-94.4920933,37.1591678],[-94.4934556,37.1597878],[-94.4948961,37.1602439],[-94.49637,37.1605308],[-94.4978342,37.1606536],[-94.4992506,37.1606244],[-94.5005894,37.1604619],[-94.5018289,37.1601883],[-94.5029564,37.1598261]]},"properties":{}},{"type":"Feature","geometry":{"type":"LineString","coordinates":[[-94.3806139,36.8107389],[-94.3758308,36.8107122]]},"properties":{}},{"type":"Feature","geometry":{"type":"LineString","coordinates":[[-94.3916078,36.8197006],[-94.3915753,36.8235464]]},"properties":{}},{"type":"Feature","geometry":{"type":"LineString","coordinates":[[-94.3917583,36.8018992],[-94.3917908,36.7980533]]},"properties":{}},{"type":"Feature","geometry":{"type":"LineString","coordinates":[[-94.4027525,36.81086],[-94.4075356,36.8108856]]},"properties":{}},{"type":"Feature","geometry":{"type":"LineString","coordinates":[[-94.3963408,36.8188308],[-94.3974081,36.8183733],[-94.3984631,36.81779],[-94.3994753,36.8170747],[-94.4004108,36.8162258],[-94.4012322,36.8152503],[-94.4019036,36.8141625],[-94.4023925,36.8129867],[-94.4026756,36.8117531],[-94.40274,36.8104978],[-94.4025864,36.8092578],[-94.4022272,36.8080686],[-94.4016861,36.8069597],[-94.4009939,36.8059539],[-94.4001847,36.8050656],[-94.3992939,36.8043008],[-94.3983539,36.8036594],[-94.3973647,36.8031228],[-94.3962519,36.8026533],[-94.3950144,36.8022714],[-94.3936656,36.8020017],[-94.3922272,36.8018675],[-94.3907314,36.8018886],[-94.3892169,36.8020783],[-94.3877281,36.8024408],[-94.3863106,36.8029708],[-94.3850061,36.8036519],[-94.3838494,36.8044608],[-94.3828647,36.8053667],[-94.382065,36.8063372],[-94.3814514,36.8073406],[-94.3810167,36.8083475],[-94.3807456,36.8093339],[-94.3806183,36.8102881],[-94.3806217,36.8112797],[-94.3807744,36.8123203],[-94.3810975,36.8133903],[-94.3816075,36.8144642],[-94.3823128,36.8155117],[-94.3832122,36.8164992],[-94.3842922,36.8173931],[-94.3855272,36.8181625],[-94.3868828,36.8187836],[-94.3883161,36.8192411],[-94.3897831,36.8195294],[-94.3912403,36.8196533],[-94.3926506,36.8196256],[-94.3939836,36.8194644],[-94.3952181,36.8191919],[-94.3963408,36.8188308]]},"properties":{}},{"type":"Feature","geometry":{"type":"LineString","coordinates":[[-93.8737992,37.0682744],[-93.869,37.0682272]]},"properties":{}},{"type":"Feature","geometry":{"type":"LineString","coordinates":[[-93.8847703,37.0772831],[-93.8847119,37.0811289]]},"properties":{}},{"type":"Feature","geometry":{"type":"LineString","coordinates":[[-93.8850403,37.0594833],[-93.8850986,37.0556375]]},"properties":{}},{"type":"Feature","geometry":{"type":"LineString","coordinates":[[-93.8960117,37.0684908],[-93.9008108,37.0685369]]},"properties":{}},{"type":"Feature","geometry":{"type":"LineString","coordinates":[[-93.8895253,37.0764339],[-93.8905992,37.0759811],[-93.8916614,37.0754025],[-93.8926819,37.0746914],[-93.8936264,37.0738467],[-93.8944572,37.0728744],[-93.8951378,37.0717897],[-93.8956364,37.0706161],[-93.8959286,37.0693839],[-93.8960017,37.0681289],[-93.8958558,37.0668883],[-93.8955033,37.0656975],[-93.8949678,37.0645861],[-93.8942797,37.0635775],[-93.8934742,37.0626856],[-93.8925856,37.0619172],[-93.8916464,37.0612717],[-93.8906575,37.0607306],[-93.8895442,37.0602564],[-93.888305,37.0598692],[-93.8869533,37.0595936],[-93.8855111,37.0594533],[-93.88401,37.0594681],[-93.8824892,37.0596514],[-93.8809928,37.0600075],[-93.8795669,37.0605311],[-93.8782536,37.0612069],[-93.8770875,37.0620106],[-93.8760933,37.0629122],[-93.8752844,37.0638792],[-93.8746622,37.0648797],[-93.8742192,37.065885],[-93.8739406,37.0668703],[-93.8738064,37.0678239],[-93.8738033,37.0688153],[-93.8739494,37.0698564],[-93.8742667,37.0709278],[-93.8747711,37.0720039],[-93.8754719,37.0730544],[-93.8763678,37.0740458],[-93.8774453,37.0749442],[-93.8786794,37.0757189],[-93.8800353,37.0763461],[-93.8814706,37.0768097],[-93.8829406,37.0771044],[-93.8844019,37.0772344],[-93.8858169,37.0772128],[-93.8871556,37.0770572],[-93.8883961,37.07679],[-93.8895253,37.0764339]]},"properties":{}},{"type":"Feature","geometry":{"type":"LineString","coordinates":[[-94.0016558,36.90612],[-93.9968669,36.9060778]]},"properties":{}},{"type":"Feature","geometry":{"type":"LineString","coordinates":[[-94.0126189,36.9151167],[-94.0125672,36.9189625]]},"properties":{}},{"type":"Feature","geometry":{"type":"LineString","coordinates":[[-94.0128583,36.8973164],[-94.0129103,36.8934706]]},"properties":{}},{"type":"Feature","geometry":{"type":"LineString","coordinates":[[-94.0238217,36.9063122],[-94.0286106,36.9063531]]},"properties":{}},{"type":"Feature","geometry":{"type":"LineString","coordinates":[[-94.0173622,36.9142622],[-94.0184331,36.9138083],[-94.0194922,36.9132286],[-94.0205094,36.9125164],[-94.0214503,36.9116706],[-94.0222775,36.9106975],[-94.022955,36.9096122],[-94.0234506,36.9084378],[-94.02374,36.9072053],[-94.0238108,36.90595],[-94.0236631,36.9047097],[-94.0233094,36.9035192],[-94.0227733,36.9024086],[-94.022085,36.9014006],[-94.0212794,36.9005097],[-94.0203914,36.8997422],[-94.0194533,36.8990978],[-94.0184658,36.8985578],[-94.0173539,36.8980847],[-94.0161167,36.8976989],[-94.0147675,36.8974247],[-94.0133281,36.8972861],[-94.01183,36.8973025],[-94.0103128,36.8974872],[-94.0088206,36.897845],[-94.0073986,36.8983703],[-94.0060889,36.8990472],[-94.0049267,36.8998522],[-94.0039364,36.900755],[-94.0031308,36.9017231],[-94.0025117,36.9027242],[-94.0020711,36.9037297],[-94.0017947,36.9047156],[-94.0016625,36.9056692],[-94.0016611,36.9066606],[-94.0018089,36.9077017],[-94.0021269,36.9087728],[-94.0026322,36.9098483],[-94.0033333,36.9108981],[-94.0042289,36.9118883],[-94.0053056,36.9127856],[-94.0065386,36.9135592],[-94.0078925,36.9141847],[-94.0093256,36.9146467],[-94.0107928,36.91494],[-94.0122511,36.9150686],[-94.0136633,36.9150453],[-94.0149989,36.9148883],[-94.0162361,36.9146197],[-94.0173622,36.9142622]]},"properties":{}},{"type":"Feature","geometry":{"type":"LineString","coordinates":[[-93.6842314,36.9621733],[-93.6794392,36.9621183]]},"properties":{}},{"type":"Feature","geometry":{"type":"LineString","coordinates":[[-93.695165,36.9711997],[-93.6950972,36.9750453]]},"properties":{}},{"type":"Feature","geometry":{"type":"LineString","coordinates":[[-93.6954792,36.9534],[-93.6955469,36.9495544]]},"properties":{}},{"type":"Feature","geometry":{"type":"LineString","coordinates":[[-93.7064125,36.9624253],[-93.711205,36.9624792]]},"properties":{}},{"type":"Feature","geometry":{"type":"LineString","coordinates":[[-93.6999153,36.9703581],[-93.7009889,36.9699069],[-93.7020511,36.96933],[-93.7030722,36.9686206],[-93.7040172,36.9677772],[-93.7048492,36.9668064],[-93.7055317,36.9657231],[-93.7060325,36.96455],[-93.7063275,36.9633181],[-93.7064036,36.9620633],[-93.7062608,36.9608225],[-93.7059119,36.9596311],[-93.70538,36.9585189],[-93.7046956,36.9575092],[-93.7038931,36.9566161],[-93.7030075,36.9558461],[-93.7020714,36.9551992],[-93.7010853,36.9546564],[-93.6999747,36.9541806],[-93.6987381,36.9537914],[-93.6973889,36.9535136],[-93.6959492,36.9533708],[-93.69445,36.9533833],[-93.6929308,36.9535639],[-93.6914361,36.9539178],[-93.6900106,36.9544392],[-93.6886975,36.9551128],[-93.6875311,36.9559147],[-93.6865361,36.9568147],[-93.6857258,36.9577806],[-93.6851019,36.95878],[-93.6846572,36.9597844],[-93.6843764,36.9607694],[-93.68424,36.9617228],[-93.6842344,36.9627142],[-93.6843778,36.9637556],[-93.6846919,36.9648275],[-93.6851931,36.9659044],[-93.6858903,36.9669561],[-93.6867822,36.9679489],[-93.6878561,36.9688489],[-93.6890867,36.9696258],[-93.6904389,36.970255],[-93.6918711,36.9707208],[-93.6933381,36.9710178],[-93.6947972,36.9711506],[-93.6962106,36.9711308],[-93.6975475,36.9709778],[-93.6987869,36.9707125],[-93.6999153,36.9703581]]},"properties":{}},{"type":"Feature","geometry":{"type":"LineString","coordinates":[[-93.8894642,36.6973039],[-93.8846886,36.6972569]]},"properties":{}},{"type":"Feature","geometry":{"type":"LineString","coordinates":[[-93.9003839,36.7063111],[-93.9003267,36.7101569]]},"properties":{}},{"type":"Feature","geometry":{"type":"LineString","coordinates":[[-93.9006489,36.6885108],[-93.9007064,36.684665]]},"properties":{}},{"type":"Feature","geometry":{"type":"LineString","coordinates":[[-93.9115689,36.6975172],[-93.9163444,36.6975628]]},"properties":{}},{"type":"Feature","geometry":{"type":"LineString","coordinates":[[-93.9051156,36.7054611],[-93.9061839,36.7050081],[-93.9072411,36.7044294],[-93.9082567,36.7037183],[-93.9091961,36.7028733],[-93.9100228,36.7019011],[-93.9107,36.7008164],[-93.9111958,36.6996425],[-93.9114864,36.69841],[-93.9115589,36.697155],[-93.9114133,36.6959144],[-93.9110622,36.6947236],[-93.9105292,36.6936125],[-93.9098444,36.6926039],[-93.9090422,36.6917122],[-93.9081578,36.6909439],[-93.9072231,36.6902986],[-93.9062392,36.6897575],[-93.9051311,36.6892836],[-93.9038978,36.6888964],[-93.9025525,36.6886211],[-93.9011172,36.6884808],[-93.8996236,36.6884958],[-93.89811,36.6886792],[-93.8966214,36.6890356],[-93.8952025,36.6895594],[-93.8938956,36.6902353],[-93.8927353,36.6910392],[-93.8917464,36.6919411],[-93.8909414,36.6929083],[-93.8903225,36.6939089],[-93.8898819,36.6949142],[-93.8896047,36.6958994],[-93.8894714,36.6968531],[-93.8894686,36.6978444],[-93.8896144,36.6988858],[-93.88993,36.6999572],[-93.8904322,36.7010331],[-93.89113,36.7020836],[-93.8920217,36.7030747],[-93.8930942,36.7039731],[-93.8943225,36.7047478],[-93.8956719,36.7053747],[-93.8971003,36.7058381],[-93.8985631,36.7061325],[-93.9000172,36.7062625],[-93.9014256,36.7062406],[-93.9027575,36.706085],[-93.9039919,36.7058175],[-93.9051156,36.7054611]]},"properties":{}},{"type":"Feature","geometry":{"type":"LineString","coordinates":[[-93.1596214,36.9623461],[-93.1548297,36.96227]]},"properties":{}},{"type":"Feature","geometry":{"type":"LineString","coordinates":[[-93.1704925,36.9714211],[-93.1703981,36.9752664]]},"properties":{}},{"type":"Feature","geometry":{"type":"LineString","coordinates":[[-93.1709294,36.9536231],[-93.1710239,36.9497778]]},"properties":{}},{"type":"Feature","geometry":{"type":"LineString","coordinates":[[-93.1818006,36.9626969],[-93.1865925,36.9627722]]},"properties":{}},{"type":"Feature","geometry":{"type":"LineString","coordinates":[[-93.1752486,36.9706006],[-93.1763253,36.9701542],[-93.1773914,36.9695819],[-93.1784172,36.9688772],[-93.1793681,36.9680381],[-93.1802069,36.9670711],[-93.1808969,36.9659906],[-93.1814058,36.9648197],[-93.1817092,36.9635894],[-93.1817939,36.9623347],[-93.1816597,36.9610933],[-93.1813192,36.9599003],[-93.1807947,36.9587861],[-93.1801172,36.9577731],[-93.1793211,36.9568764],[-93.1784408,36.9561025],[-93.1775092,36.9554517],[-93.1765269,36.9549044],[-93.1754194,36.9544236],[-93.1741858,36.9540289],[-93.1728386,36.9537453],[-93.1713997,36.9535961],[-93.1699006,36.9536017],[-93.1683803,36.9537758],[-93.1668828,36.9541228],[-93.1654539,36.9546381],[-93.1641361,36.9553058],[-93.1629642,36.9561022],[-93.1619631,36.9569981],[-93.1611461,36.95796],[-93.1605153,36.9589569],[-93.1600636,36.9599592],[-93.1597761,36.9609431],[-93.1596331,36.9618956],[-93.1596208,36.9628869],[-93.1597569,36.9639292],[-93.1600633,36.9650022],[-93.1605572,36.9660817],[-93.1612469,36.9671361],[-93.1621322,36.9681331],[-93.1631997,36.9690378],[-93.164425,36.9698203],[-93.1657731,36.9704553],[-93.1672019,36.9709275],[-93.1686669,36.9712311],[-93.170125,36.9713703],[-93.1715383,36.9713569],[-93.1728764,36.9712097],[-93.1741178,36.97095],[-93.1752486,36.9706006]]},"properties":{}},{"type":"Feature","geometry":{"type":"LineString","coordinates":[[-93.408735,37.3198697],[-93.4039206,37.3198036]]},"properties":{}},{"type":"Feature","geometry":{"type":"LineString","coordinates":[[-93.4196875,37.3289211],[-93.4196053,37.3327664]]},"properties":{}},{"type":"Feature","geometry":{"type":"LineString","coordinates":[[-93.4200678,37.3111231],[-93.42015,37.3072778]]},"properties":{}},{"type":"Feature","geometry":{"type":"LineString","coordinates":[[-93.4310203,37.3201733],[-93.435835,37.3202386]]},"properties":{}},{"type":"Feature","geometry":{"type":"LineString","coordinates":[[-93.4244633,37.3280906],[-93.4255433,37.3276419],[-93.4266128,37.3270675],[-93.4276414,37.3263606],[-93.4285939,37.3255194],[-93.4294333,37.3245508],[-93.4301231,37.3234689],[-93.4306306,37.3222969],[-93.4309314,37.3210661],[-93.4310122,37.3198114],[-93.4308736,37.3185703],[-93.4305272,37.3173781],[-93.4299967,37.316265],[-93.4293128,37.3152536],[-93.4285097,37.3143586],[-93.4276231,37.3135867],[-93.4266847,37.3129375],[-93.4256958,37.3123925],[-93.4245817,37.3119142],[-93.4233408,37.3115219],[-93.4219864,37.3112411],[-93.4205403,37.3110953],[-93.4190339,37.3111039],[-93.4175069,37.3112811],[-93.4160036,37.3116314],[-93.4145697,37.3121494],[-93.4132478,37.31282],[-93.4120731,37.3136189],[-93.41107,37.3145167],[-93.4102525,37.3154806],[-93.4096222,37.3164786],[-93.4091714,37.3174819],[-93.4088858,37.3184661],[-93.4087453,37.3194192],[-93.4087361,37.3204106],[-93.4088764,37.3214522],[-93.4091881,37.3225247],[-93.4096875,37.3236028],[-93.4103842,37.3246558],[-93.4112767,37.3256508],[-93.4123525,37.3265533],[-93.4135861,37.3273331],[-93.4149425,37.3279653],[-93.4163797,37.3284344],[-93.4178525,37.328735],[-93.4193181,37.3288711],[-93.4207381,37.3288547],[-93.4220819,37.3287047],[-93.4233281,37.3284422],[-93.4244633,37.3280906]]},"properties":{}},{"type":"Feature","geometry":{"type":"LineString","coordinates":[[-93.6527575,36.5920592],[-93.6479886,36.5920031]]},"properties":{}},{"type":"Feature","geometry":{"type":"LineString","coordinates":[[-93.6636344,36.6010886],[-93.6635653,36.6049342]]},"properties":{}},{"type":"Feature","geometry":{"type":"LineString","coordinates":[[-93.6639542,36.5832889],[-93.6640233,36.5794433]]},"properties":{}},{"type":"Feature","geometry":{"type":"LineString","coordinates":[[-93.6748311,36.5923172],[-93.6796,36.5923725]]},"properties":{}},{"type":"Feature","geometry":{"type":"LineString","coordinates":[[-93.6683619,36.6002481],[-93.6694306,36.5997972],[-93.6704878,36.5992208],[-93.6715042,36.5985117],[-93.672445,36.5976686],[-93.6732733,36.5966981],[-93.6739531,36.5956147],[-93.6744517,36.5944417],[-93.6747458,36.59321],[-93.6748222,36.591955],[-93.6746806,36.5907142],[-93.6743339,36.5895228],[-93.673805,36.5884106],[-93.6731242,36.5874006],[-93.6723261,36.5865072],[-93.6714453,36.5857369],[-93.6705136,36.58509],[-93.6695328,36.5845469],[-93.6684278,36.5840706],[-93.6671975,36.5836811],[-93.6658547,36.5834031],[-93.6644219,36.58326],[-93.6629303,36.5832719],[-93.6614183,36.5834522],[-93.6599306,36.5838056],[-93.6585119,36.5843267],[-93.6572047,36.585],[-93.6560436,36.5858014],[-93.6550531,36.5867011],[-93.6542464,36.5876667],[-93.6536253,36.5886661],[-93.6531822,36.5896706],[-93.6529022,36.5906553],[-93.6527664,36.5916086],[-93.6527603,36.5926],[-93.6529025,36.5936417],[-93.6532144,36.5947136],[-93.6537128,36.5957906],[-93.6544061,36.5968425],[-93.6552936,36.5978356],[-93.6563617,36.5987358],[-93.6575861,36.5995131],[-93.6589317,36.6001425],[-93.6603567,36.6006089],[-93.6618164,36.6009064],[-93.6632683,36.6010394],[-93.6646747,36.6010203],[-93.6660053,36.6008672],[-93.6672389,36.6006022],[-93.6683619,36.6002481]]},"properties":{}},{"type":"Feature","geometry":{"type":"LineString","coordinates":[[-93.6819639,38.0184508],[-93.6771042,38.0183958]]},"properties":{}},{"type":"Feature","geometry":{"type":"LineString","coordinates":[[-93.6930514,38.0274753],[-93.6929825,38.0313197]]},"properties":{}},{"type":"Feature","geometry":{"type":"LineString","coordinates":[[-93.6933706,38.00968],[-93.6934394,38.0058356]]},"properties":{}},{"type":"Feature","geometry":{"type":"LineString","coordinates":[[-93.7044581,38.0187033],[-93.7093178,38.0187572]]},"properties":{}},{"type":"Feature","geometry":{"type":"LineString","coordinates":[[-93.6978689,38.0266336],[-93.6989575,38.0261828],[-93.7000347,38.0256061],[-93.7010703,38.0248967],[-93.7020286,38.0240539],[-93.7028725,38.0230833],[-93.7035644,38.022],[-93.7040722,38.0208272],[-93.7043714,38.0195958],[-93.7044486,38.0183414],[-93.7043042,38.0171008],[-93.7039503,38.0159097],[-93.7034108,38.0147978],[-93.7027167,38.0137883],[-93.7019031,38.0128953],[-93.701005,38.0121256],[-93.7000556,38.0114789],[-93.6990556,38.0109364],[-93.6979294,38.0104606],[-93.6966756,38.0100714],[-93.6953072,38.0097936],[-93.6938472,38.0096511],[-93.6923269,38.0096633],[-93.6907864,38.0098439],[-93.6892703,38.0101975],[-93.687825,38.0107189],[-93.6864931,38.0113922],[-93.6853103,38.0121939],[-93.6843011,38.0130936],[-93.6834794,38.0140592],[-93.6828469,38.0150586],[-93.6823956,38.0160625],[-93.6821108,38.0170472],[-93.6819728,38.0180003],[-93.6819669,38.0189917],[-93.6821125,38.0200328],[-93.6824308,38.0211044],[-93.6829389,38.0221811],[-93.6836458,38.0232325],[-93.6845506,38.024225],[-93.6856394,38.025125],[-93.6868872,38.0259017],[-93.6882589,38.0265306],[-93.6897111,38.0269964],[-93.6911989,38.0272933],[-93.6926783,38.0274261],[-93.6941117,38.0274064],[-93.6954675,38.0272533],[-93.6967244,38.0269881],[-93.6978689,38.0266336]]},"properties":{}},{"type":"Feature","geometry":{"type":"LineString","coordinates":[[-93.8987575,36.3964436],[-93.8940008,36.3963972]]},"properties":{}},{"type":"Feature","geometry":{"type":"LineString","coordinates":[[-93.9096356,36.40545],[-93.9095789,36.4092956]]},"properties":{}},{"type":"Feature","geometry":{"type":"LineString","coordinates":[[-93.9098975,36.3876497],[-93.9099539,36.3838042]]},"properties":{}},{"type":"Feature","geometry":{"type":"LineString","coordinates":[[-93.9207753,36.3966553],[-93.9255322,36.3967003]]},"properties":{}},{"type":"Feature","geometry":{"type":"LineString","coordinates":[[-93.9143483,36.4045997],[-93.9154128,36.4041464],[-93.9164656,36.4035678],[-93.9174769,36.4028564],[-93.9184128,36.4020114],[-93.9192358,36.4010392],[-93.9199103,36.3999544],[-93.9204039,36.3987806],[-93.9206933,36.3975481],[-93.9207653,36.3962931],[-93.9206203,36.3950525],[-93.9202706,36.3938619],[-93.9197394,36.3927508],[-93.9190572,36.3917422],[-93.9182581,36.3908506],[-93.9173769,36.3900822],[-93.9164458,36.3894369],[-93.9154656,36.3888961],[-93.9143619,36.3884222],[-93.9131336,36.3880353],[-93.9117933,36.38776],[-93.9103639,36.38762],[-93.9088758,36.387635],[-93.9073686,36.3878183],[-93.9058856,36.388175],[-93.9044725,36.3886989],[-93.9031706,36.389375],[-93.902015,36.3901789],[-93.90103,36.3910808],[-93.9002286,36.3920481],[-93.8996122,36.3930486],[-93.8991733,36.3940539],[-93.8988975,36.3950392],[-93.898765,36.3959928],[-93.8987619,36.3969844],[-93.8989075,36.3980256],[-93.8992219,36.3990967],[-93.8997225,36.4001728],[-93.9004175,36.4012231],[-93.9013056,36.4022144],[-93.9023739,36.4031125],[-93.9035978,36.4038872],[-93.9049419,36.4045136],[-93.9063647,36.4049769],[-93.9078217,36.4052714],[-93.9092703,36.4054014],[-93.9106731,36.4053792],[-93.9119997,36.4052236],[-93.9132292,36.4049561],[-93.9143483,36.4045997]]},"properties":{}},{"type":"Feature","geometry":{"type":"LineString","coordinates":[[-93.6657944,36.5285328],[-93.6610294,36.5284769]]},"properties":{}},{"type":"Feature","geometry":{"type":"LineString","coordinates":[[-93.6766639,36.5375608],[-93.6765953,36.5414064]]},"properties":{}},{"type":"Feature","geometry":{"type":"LineString","coordinates":[[-93.6769803,36.5197611],[-93.6770486,36.5159156]]},"properties":{}},{"type":"Feature","geometry":{"type":"LineString","coordinates":[[-93.6878497,36.5287883],[-93.6926147,36.5288428]]},"properties":{}},{"type":"Feature","geometry":{"type":"LineString","coordinates":[[-93.6813872,36.53672],[-93.6824547,36.5362689],[-93.6835111,36.5356922],[-93.6845267,36.5349831],[-93.6854664,36.5341397],[-93.6862942,36.5331692],[-93.6869731,36.5320858],[-93.6874711,36.5309128],[-93.6877647,36.5296811],[-93.6878406,36.5284261],[-93.6876992,36.5271853],[-93.6873525,36.5259939],[-93.6868236,36.5248817],[-93.6861433,36.5238717],[-93.6853458,36.5229783],[-93.6844656,36.5222083],[-93.6835347,36.5215614],[-93.6825544,36.5210183],[-93.6814503,36.5205422],[-93.6802208,36.5201531],[-93.6788794,36.519875],[-93.6774478,36.5197322],[-93.6759572,36.5197442],[-93.6744467,36.5199247],[-93.67296,36.5202783],[-93.6715428,36.5207994],[-93.6702367,36.5214728],[-93.6690767,36.5222744],[-93.6680872,36.5231744],[-93.6672814,36.52414],[-93.6666608,36.5251394],[-93.6662183,36.5261439],[-93.6659389,36.5271289],[-93.6658031,36.5280822],[-93.6657972,36.5290736],[-93.6659397,36.530115],[-93.6662517,36.5311869],[-93.6667494,36.5322639],[-93.6674425,36.5333156],[-93.6683294,36.5343086],[-93.6693967,36.5352089],[-93.6706203,36.5359861],[-93.6719647,36.5366153],[-93.6733886,36.5370814],[-93.6748472,36.5373789],[-93.6762981,36.5375117],[-93.6777033,36.5374922],[-93.6790328,36.5373392],[-93.6802653,36.5370742],[-93.6813872,36.53672]]},"properties":{}},{"type":"Feature","geometry":{"type":"LineString","coordinates":[[-93.1437228,36.2613169],[-93.138975,36.26124]]},"properties":{}},{"type":"Feature","geometry":{"type":"LineString","coordinates":[[-93.1544925,36.2703931],[-93.1543983,36.2742383]]},"properties":{}},{"type":"Feature","geometry":{"type":"LineString","coordinates":[[-93.1549294,36.2525956],[-93.1550236,36.2487503]]},"properties":{}},{"type":"Feature","geometry":{"type":"LineString","coordinates":[[-93.1656992,36.2616706],[-93.1704469,36.2617467]]},"properties":{}},{"type":"Feature","geometry":{"type":"LineString","coordinates":[[-93.1592053,36.2695733],[-93.1602722,36.2691269],[-93.1613289,36.268555],[-93.1623456,36.2678503],[-93.1632878,36.2670114],[-93.1641192,36.2660444],[-93.1648031,36.2649642],[-93.1653075,36.2637933],[-93.1656083,36.2625631],[-93.1656928,36.2613086],[-93.16556,36.2600672],[-93.1652228,36.2588742],[-93.1647033,36.2577597],[-93.1640322,36.2567467],[-93.1632436,36.25585],[-93.1623717,36.2550761],[-93.1614486,36.254425],[-93.1604753,36.2538778],[-93.1593783,36.2533967],[-93.1581558,36.2530017],[-93.1568208,36.2527178],[-93.1553953,36.2525686],[-93.1539097,36.2525742],[-93.1524033,36.2527478],[-93.1509194,36.2530947],[-93.1495036,36.2536097],[-93.1481978,36.2542772],[-93.1470364,36.2550736],[-93.1460442,36.2559692],[-93.1452344,36.2569311],[-93.1446094,36.2579278],[-93.1441614,36.25893],[-93.1438764,36.2599136],[-93.1437344,36.2608664],[-93.1437219,36.2618578],[-93.1438569,36.2628997],[-93.1441603,36.2639731],[-93.1446492,36.2650522],[-93.1453328,36.2661072],[-93.1462094,36.2671039],[-93.1472672,36.2680089],[-93.1484811,36.2687914],[-93.1498164,36.2694267],[-93.1512322,36.2698992],[-93.1526839,36.2702031],[-93.1541286,36.2703422],[-93.1555289,36.2703292],[-93.1568547,36.2701819],[-93.1580847,36.2699225],[-93.1592053,36.2695733]]},"properties":{}},{"type":"Feature","geometry":{"type":"LineString","coordinates":[[-92.7258958,37.1838056],[-92.7210906,37.1837117]]},"properties":{}},{"type":"Feature","geometry":{"type":"LineString","coordinates":[[-92.7367464,37.19292],[-92.7366297,37.1967647]]},"properties":{}},{"type":"Feature","geometry":{"type":"LineString","coordinates":[[-92.7372867,37.1751242],[-92.7374033,37.1712794]]},"properties":{}},{"type":"Feature","geometry":{"type":"LineString","coordinates":[[-92.7481375,37.1842378],[-92.7529428,37.1843306]]},"properties":{}},{"type":"Feature","geometry":{"type":"LineString","coordinates":[[-92.7415211,37.1921169],[-92.7426033,37.1916744],[-92.7436761,37.1911064],[-92.7447089,37.1904053],[-92.7456675,37.1895697],[-92.7465142,37.1886058],[-92.7472122,37.1875278],[-92.7477294,37.1863589],[-92.7480406,37.1851297],[-92.7481331,37.1838756],[-92.7480056,37.1826336],[-92.7476706,37.1814394],[-92.7471511,37.1803233],[-92.7464775,37.1793078],[-92.7456842,37.1784083],[-92.7448058,37.1776314],[-92.743875,37.1769769],[-92.7428931,37.1764261],[-92.7417853,37.1759411],[-92.74055,37.1755419],[-92.7392006,37.1752533],[-92.7377583,37.1750989],[-92.7362547,37.1750992],[-92.7347292,37.1752675],[-92.7332253,37.1756092],[-92.7317894,37.1761189],[-92.7304639,37.1767817],[-92.7292839,37.1775739],[-92.7282747,37.1784658],[-92.72745,37.179425],[-92.7268117,37.1804194],[-92.7263528,37.1814203],[-92.7260586,37.1824028],[-92.72591,37.183355],[-92.7258919,37.1843464],[-92.7260225,37.1853886],[-92.7263239,37.1864631],[-92.7268128,37.1875442],[-92.7274986,37.1886014],[-92.7283806,37.1896011],[-92.7294461,37.19051],[-92.7306706,37.1912967],[-92.7320189,37.1919369],[-92.7334492,37.1924144],[-92.7349167,37.1927233],[-92.7363783,37.1928678],[-92.7377958,37.1928597],[-92.7391386,37.1927172],[-92.740385,37.1924622],[-92.7415211,37.1921169]]},"properties":{}},{"type":"Feature","geometry":{"type":"LineString","coordinates":[[-93.4985672,36.5647669],[-93.4938003,36.5647044]]},"properties":{}},{"type":"Feature","geometry":{"type":"LineString","coordinates":[[-93.5094219,36.5738106],[-93.509345,36.5776561]]},"properties":{}},{"type":"Feature","geometry":{"type":"LineString","coordinates":[[-93.5097778,36.5560114],[-93.5098544,36.5521658]]},"properties":{}},{"type":"Feature","geometry":{"type":"LineString","coordinates":[[-93.5206325,36.5650539],[-93.5253994,36.5651153]]},"properties":{}},{"type":"Feature","geometry":{"type":"LineString","coordinates":[[-93.5141497,36.5729764],[-93.5152186,36.5725269],[-93.5162767,36.5719517],[-93.5172942,36.5712439],[-93.5182364,36.5704022],[-93.5190664,36.5694328],[-93.5197481,36.5683503],[-93.5202489,36.5671781],[-93.5205453,36.5659467],[-93.5206242,36.5646919],[-93.5204853,36.5634508],[-93.5201411,36.5622589],[-93.5196144,36.5611458],[-93.5189361,36.560135],[-93.51814,36.5592406],[-93.5172611,36.5584692],[-93.5163311,36.5578208],[-93.5153517,36.5572767],[-93.5142481,36.5567989],[-93.5130189,36.5564078],[-93.5116772,36.5561278],[-93.5102453,36.5559831],[-93.5087542,36.5559931],[-93.5072425,36.5561714],[-93.5057544,36.5565228],[-93.5043353,36.5570419],[-93.5030272,36.5577136],[-93.5018647,36.5585133],[-93.5008731,36.5594119],[-93.5000644,36.5603764],[-93.4994417,36.561375],[-93.4989967,36.5623786],[-93.4987147,36.5633633],[-93.4985769,36.5643164],[-93.4985689,36.5653078],[-93.4987092,36.5663494],[-93.4990189,36.5674219],[-93.4995147,36.5684997],[-93.5002058,36.5695522],[-93.5010908,36.5705464],[-93.5021567,36.5714483],[-93.5033792,36.5722272],[-93.5047228,36.5728583],[-93.5061464,36.5733267],[-93.507605,36.5736258],[-93.5090561,36.5737608],[-93.5104622,36.5737436],[-93.5117925,36.5735922],[-93.5130261,36.5733292],[-93.5141497,36.5729764]]},"properties":{}},{"type":"Feature","geometry":{"type":"LineString","coordinates":[[-93.1894894,36.5318769],[-93.1847247,36.5318017]]},"properties":{}},{"type":"Feature","geometry":{"type":"LineString","coordinates":[[-93.2003028,36.5409489],[-93.2002103,36.5447942]]},"properties":{}},{"type":"Feature","geometry":{"type":"LineString","coordinates":[[-93.2007303,36.5231508],[-93.2008228,36.5193056]]},"properties":{}},{"type":"Feature","geometry":{"type":"LineString","coordinates":[[-93.2115436,36.5322219],[-93.2163086,36.5322958]]},"properties":{}},{"type":"Feature","geometry":{"type":"LineString","coordinates":[[-93.2050317,36.5401272],[-93.2061019,36.5396806],[-93.2071619,36.5391081],[-93.2081819,36.5384031],[-93.2091269,36.5375639],[-93.2099608,36.5365964],[-93.2106464,36.5355158],[-93.2111519,36.534345],[-93.2114531,36.5331144],[-93.2115369,36.5318597],[-93.2114031,36.5306183],[-93.2110639,36.5294256],[-93.2105419,36.5283111],[-93.2098681,36.5272986],[-93.2090758,36.5264019],[-93.2082003,36.5256283],[-93.2072736,36.5249775],[-93.2062967,36.5244308],[-93.2051956,36.5239503],[-93.2039683,36.5235558],[-93.2026286,36.5232722],[-93.2011978,36.5231236],[-93.1997072,36.5231297],[-93.1981956,36.5233042],[-93.1967067,36.5236517],[-93.1952861,36.5241669],[-93.1939758,36.524835],[-93.1928108,36.5256319],[-93.1918158,36.5265278],[-93.1910036,36.5274903],[-93.1903769,36.5284872],[-93.1899281,36.5294897],[-93.1896425,36.5304736],[-93.1895008,36.5314261],[-93.1894889,36.5324178],[-93.1896247,36.5334597],[-93.18993,36.5345328],[-93.1904214,36.5356119],[-93.1911078,36.5366664],[-93.1919883,36.5376631],[-93.1930503,36.5385675],[-93.1942689,36.5393494],[-93.1956094,36.5399844],[-93.1970306,36.5404564],[-93.1984872,36.5407594],[-93.1999372,36.5408983],[-93.2013428,36.5408847],[-93.2026733,36.5407369],[-93.2039072,36.5404769],[-93.2050317,36.5401272]]},"properties":{}},{"type":"Feature","geometry":{"type":"LineString","coordinates":[[-93.3911872,36.6983403],[-93.3864117,36.6982733]]},"properties":{}},{"type":"Feature","geometry":{"type":"LineString","coordinates":[[-93.4020481,36.7073939],[-93.4019656,36.7112392]]},"properties":{}},{"type":"Feature","geometry":{"type":"LineString","coordinates":[[-93.4024294,36.6895947],[-93.4025119,36.6857494]]},"properties":{}},{"type":"Feature","geometry":{"type":"LineString","coordinates":[[-93.4132906,36.6986472],[-93.4180658,36.6987131]]},"properties":{}},{"type":"Feature","geometry":{"type":"LineString","coordinates":[[-93.406785,36.7065639],[-93.4078567,36.7061156],[-93.4089175,36.7055411],[-93.4099378,36.7048342],[-93.4108828,36.7039933],[-93.4117156,36.7030247],[-93.4124,36.7019428],[-93.4129033,36.7007711],[-93.4132019,36.69954],[-93.4132828,36.6982853],[-93.4131453,36.6970442],[-93.4128022,36.6958517],[-93.4122761,36.6947383],[-93.4115981,36.6937269],[-93.4108019,36.6928317],[-93.4099225,36.6920597],[-93.4089919,36.6914106],[-93.4080114,36.6908653],[-93.4069064,36.6903867],[-93.4056758,36.6899942],[-93.4043322,36.6897131],[-93.4028981,36.6895669],[-93.4014042,36.6895756],[-93.3998894,36.6897525],[-93.3983983,36.6901025],[-93.3969761,36.6906206],[-93.3956647,36.6912908],[-93.3944992,36.6920897],[-93.3935044,36.6929872],[-93.3926931,36.6939511],[-93.3920678,36.6949492],[-93.3916206,36.6959522],[-93.3913369,36.6969367],[-93.3911975,36.6978897],[-93.3911881,36.6988811],[-93.3913269,36.6999228],[-93.3916356,36.7009956],[-93.3921308,36.7020736],[-93.3928217,36.7031269],[-93.3937067,36.7041219],[-93.3947733,36.705025],[-93.3959967,36.7058047],[-93.3973419,36.7064372],[-93.3987672,36.7069067],[-93.4002281,36.7072075],[-93.4016817,36.7073436],[-93.40309,36.7073278],[-93.4044231,36.7071778],[-93.4056592,36.7069156],[-93.406785,36.7065639]]},"properties":{}},{"type":"Feature","geometry":{"type":"LineString","coordinates":[[-93.9190808,37.2303064],[-93.9142714,37.2302611]]},"properties":{}},{"type":"Feature","geometry":{"type":"LineString","coordinates":[[-93.9300808,37.2393108],[-93.9300247,37.2431564]]},"properties":{}},{"type":"Feature","geometry":{"type":"LineString","coordinates":[[-93.9303408,37.2215111],[-93.9303969,37.2176656]]},"properties":{}},{"type":"Feature","geometry":{"type":"LineString","coordinates":[[-93.9413411,37.2305144],[-93.9461506,37.2305586]]},"properties":{}},{"type":"Feature","geometry":{"type":"LineString","coordinates":[[-93.9348456,37.2384597],[-93.9359214,37.2380064],[-93.9369856,37.2374275],[-93.9380081,37.2367161],[-93.9389539,37.2358708],[-93.9397858,37.2348986],[-93.9404672,37.2338136],[-93.9409661,37.2326397],[-93.9412583,37.2314072],[-93.9413308,37.2301522],[-93.9411839,37.2289119],[-93.94083,37.2277211],[-93.9402925,37.2266103],[-93.9396025,37.2256017],[-93.9387947,37.2247103],[-93.9379036,37.2239422],[-93.9369619,37.2232972],[-93.9359708,37.2227564],[-93.9348547,37.2222828],[-93.9336128,37.2218958],[-93.9322578,37.2216208],[-93.9308125,37.2214811],[-93.9293083,37.2214964],[-93.9277842,37.2216803],[-93.926285,37.2220369],[-93.9248564,37.2225611],[-93.9235406,37.2232375],[-93.9223725,37.2240414],[-93.9213769,37.2249433],[-93.9205667,37.2259108],[-93.9199439,37.2269117],[-93.9195006,37.2279169],[-93.9192217,37.2289022],[-93.9190881,37.2298558],[-93.9190853,37.2308472],[-93.9192325,37.2318883],[-93.9195508,37.2329597],[-93.9200572,37.2340356],[-93.92076,37.2350858],[-93.9216583,37.2360767],[-93.9227389,37.2369747],[-93.9239761,37.2377492],[-93.9253353,37.2383756],[-93.9267739,37.2388386],[-93.9282472,37.2391328],[-93.9297117,37.2392622],[-93.9311297,37.23924],[-93.9324711,37.2390842],[-93.9337142,37.2388164],[-93.9348456,37.2384597]]},"properties":{}},{"type":"Feature","geometry":{"type":"LineString","coordinates":[[-93.2946494,37.2310889],[-93.2949106,37.2197361]]},"properties":{}},{"type":"Feature","geometry":{"type":"LineString","coordinates":[[-93.2866681,37.2196147],[-93.2864056,37.2309672]]},"properties":{}},{"type":"Feature","geometry":{"type":"LineString","coordinates":[[-93.2865369,37.2252911],[-93.29478,37.2254125]]},"properties":{}},{"type":"Feature","geometry":{"type":"LineString","coordinates":[[-93.2784708,37.2251717],[-93.2785189,37.2262356],[-93.2787275,37.2273503],[-93.2791194,37.2284947],[-93.2797128,37.2296422],[-93.2805172,37.2307608],[-93.2815319,37.2318139],[-93.2827433,37.2327653],[-93.284125,37.2335811],[-93.2856392,37.2342347],[-93.2872397,37.2347083],[-93.2888769,37.2349947],[-93.2905031,37.2350986],[-93.2920753,37.2350333],[-93.2935594,37.2348194],[-93.2949306,37.2344814],[-93.2961736,37.2340447],[-93.2973119,37.2335194],[-93.2984267,37.2328639],[-93.2994939,37.2320675],[-93.3004767,37.2311292],[-93.3013356,37.230055],[-93.3020311,37.2288608],[-93.3025281,37.2275708],[-93.3028,37.2262186],[-93.3028314,37.2248422],[-93.3026217,37.2234828],[-93.3021842,37.2221794],[-93.3015439,37.2209656],[-93.300735,37.2198669],[-93.2997958,37.2189003],[-93.2987661,37.2180731],[-93.2976822,37.2173853],[-93.2965694,37.2168269],[-93.2953472,37.2163542],[-93.2939931,37.2159761],[-93.2925203,37.2157186],[-93.2909525,37.2156069],[-93.2893231,37.2156628],[-93.2876739,37.2159008],[-93.2860531,37.2163267],[-93.2845103,37.216935],[-93.2830919,37.2177097],[-93.2818375,37.2186244],[-93.280775,37.2196469],[-93.2799194,37.2207406],[-93.2792733,37.22187],[-93.2788283,37.2230019],[-93.2785683,37.2241097],[-93.2784708,37.2251717]]},"properties":{}},{"type":"Feature","geometry":{"type":"LineString","coordinates":[[-93.7284039,36.4994314],[-93.7231969,36.5146939],[-93.7170694,36.4993656],[-93.7117111,36.5146267],[-93.7063317,36.4993019]]},"properties":{}},{"type":"Feature","geometry":{"type":"LineString","coordinates":[[-93.6893358,36.5144922],[-93.6920208,36.5145086],[-93.6933644,36.5143964],[-93.6960597,36.5133289],[-93.6986144,36.5112972],[-93.6995239,36.5097372],[-93.6999889,36.5078136],[-93.7000033,36.5062483],[-93.6997183,36.5048014],[-93.6989872,36.5032317],[-93.6973644,36.5012953],[-93.6967733,36.5006897],[-93.6955869,36.49996],[-93.6930583,36.4992222],[-93.6899264,36.4992031],[-93.6884328,36.4994347],[-93.6869369,36.4999072],[-93.6860386,36.5002631],[-93.6845383,36.5012172],[-93.6831825,36.5026539],[-93.6827258,36.5036144],[-93.6822614,36.5054178],[-93.6822339,36.5083075],[-93.6835492,36.5112056],[-93.684435,36.5121744],[-93.6854711,36.5130236],[-93.6865097,36.5136319],[-93.6868069,36.5137542],[-93.6893358,36.5144922]]},"properties":{}},{"type":"Feature","geometry":{"type":"LineString","coordinates":[[-93.67535,36.5106733],[-93.6751914,36.5116356],[-93.6748875,36.5122358],[-93.6738331,36.5133131],[-93.6729333,36.5137889],[-93.6720339,36.514265],[-93.6706889,36.5144975],[-93.6699431,36.5144928],[-93.6683044,36.5142417],[-93.6669703,36.5133903],[-93.6660833,36.5125419],[-93.6659411,36.5118186],[-93.6659644,36.5094103],[-93.6665681,36.5086917],[-93.6676203,36.5078553],[-93.6689719,36.5069006],[-93.6700161,36.5069069]]},"properties":{}},{"type":"Feature","geometry":{"type":"LineString","coordinates":[[-93.6689719,36.5069006],[-93.6671903,36.5060464],[-93.6665983,36.5055611],[-93.6658608,36.5047136],[-93.665715,36.5043514],[-93.6655764,36.5032667],[-93.66558,36.5029056],[-93.6657383,36.5019431],[-93.6660436,36.5012225],[-93.6667975,36.5003844],[-93.6676981,36.4997881],[-93.6691964,36.499075],[-93.6726267,36.4990964],[-93.6736669,36.4994642],[-93.6752983,36.5004375],[-93.6755944,36.5006803],[-93.6760303,36.5018872],[-93.6760258,36.5023689]]},"properties":{}},{"type":"Feature","geometry":{"type":"LineString","coordinates":[[-93.6595436,36.5100922],[-93.6595367,36.5108147],[-93.65923,36.5116556],[-93.6586228,36.5127356],[-93.6580192,36.5134542],[-93.6571194,36.51393],[-93.6559239,36.5141633],[-93.6536861,36.5141489],[-93.6520478,36.5138978],[-93.6513056,36.5135317],[-93.6502697,36.5126822],[-93.6499772,36.5120781],[-93.6496886,36.5111128],[-93.6497075,36.5091864],[-93.6500131,36.5084658],[-93.6513803,36.5059458],[-93.6531867,36.5042717],[-93.6560428,36.5020019],[-93.6595025,36.4990136],[-93.6501069,36.4989536]]},"properties":{}},{"type":"Feature","geometry":{"type":"LineString","coordinates":[[-92.7143936,37.21012],[-92.7160556,37.1950069]]},"properties":{}},{"type":"Feature","geometry":{"type":"LineString","coordinates":[[-92.7016469,37.2092222],[-92.7033114,37.1941094]]},"properties":{}},{"type":"Feature","geometry":{"type":"LineString","coordinates":[[-92.7151719,37.2030431],[-92.7024264,37.2021456]]},"properties":{}},{"type":"Feature","geometry":{"type":"LineString","coordinates":[[-92.6854514,37.2080797],[-92.6923494,37.2085667],[-92.6948631,37.2022167],[-92.6934606,37.2026014],[-92.692195,37.2031164],[-92.6894958,37.2029258],[-92.6881728,37.2025908],[-92.6869028,37.2017758],[-92.6855886,37.1999908],[-92.6854478,37.1985303],[-92.6856461,37.1967311],[-92.6866914,37.1954753],[-92.6878864,37.19423],[-92.6883758,37.1939019],[-92.6893417,37.1933658],[-92.6908675,37.1932317],[-92.6925167,37.1933481],[-92.6936894,37.1936728],[-92.6951358,37.1942583],[-92.6963794,37.1953131],[-92.6964897,37.1956833]]},"properties":{}},{"type":"Feature","geometry":{"type":"LineString","coordinates":[[-92.6757367,37.2002617],[-92.6713886,37.1999542],[-92.6693517,37.1978761],[-92.6691314,37.197135],[-92.6688981,37.1965142],[-92.6690569,37.195075],[-92.6697761,37.1940378],[-92.670795,37.1930222],[-92.6717475,37.1926058],[-92.6723869,37.1922886],[-92.6736261,37.1920136],[-92.6763247,37.1922044],[-92.6774844,37.1926492],[-92.6783178,37.1933122],[-92.6789744,37.194205],[-92.6793183,37.1951961],[-92.6793756,37.1960464],[-92.6792431,37.1972458],[-92.6790269,37.197835],[-92.6784978,37.1985228],[-92.6778581,37.1988403],[-92.6757367,37.2002617],[-92.6769803,37.2013167],[-92.6776239,37.2023292],[-92.6778575,37.20295],[-92.6776456,37.2048692],[-92.6767367,37.2062553],[-92.6762472,37.2065833],[-92.6748447,37.2069678],[-92.673905,37.2072639],[-92.6719558,37.2071261],[-92.6706461,37.2066708],[-92.6688425,37.2052136],[-92.6686089,37.2045925],[-92.6688478,37.2024336],[-92.6694303,37.2012661],[-92.6695933,37.2011567],[-92.6703961,37.20073],[-92.6713886,37.1999542]]},"properties":{}},{"type":"Feature","geometry":{"type":"LineString","coordinates":[[-93.2261469,36.2745825],[-93.2276861,36.2594622]]},"properties":{}},{"type":"Feature","geometry":{"type":"LineString","coordinates":[[-93.21355,36.2737406],[-93.2150917,36.2586206]]},"properties":{}},{"type":"Feature","geometry":{"type":"LineString","coordinates":[[-93.2268678,36.2675022],[-93.2142719,36.2666606]]},"properties":{}},{"type":"Feature","geometry":{"type":"LineString","coordinates":[[-93.2029108,36.2654172],[-93.1970153,36.2574106]]},"properties":{}},{"type":"Feature","geometry":{"type":"LineString","coordinates":[[-93.2090169,36.2582142],[-93.2074617,36.2734542],[-93.2000517,36.2729581],[-93.1994836,36.2726783],[-93.1981989,36.2721089],[-93.1969878,36.2708197],[-93.1965175,36.26958],[-93.1966647,36.26814],[-93.1973803,36.2669797],[-93.1988364,36.2658692],[-93.2002192,36.2654783],[-93.2008364,36.2652781],[-93.2082453,36.2657742]]},"properties":{}},{"type":"Feature","geometry":{"type":"LineString","coordinates":[[-93.1788603,36.2715367],[-93.1815278,36.2717158],[-93.1828739,36.2716853],[-93.1856517,36.2707844],[-93.1883797,36.2689133],[-93.1894283,36.2674131],[-93.1900692,36.2655231],[-93.1902289,36.2639631],[-93.1900797,36.2625031],[-93.1894983,36.2608933],[-93.188065,36.2588642],[-93.1875339,36.2582244],[-93.1864222,36.2574247],[-93.1839769,36.2565358],[-93.1808656,36.2563269],[-93.1793594,36.2564672],[-93.1778286,36.2568478],[-93.1769028,36.2571481],[-93.1753228,36.2580083],[-93.1738419,36.2593586],[-93.1732989,36.2602889],[-93.17267,36.2620589],[-93.1723747,36.2649389],[-93.1734131,36.2679083],[-93.1742039,36.2689281],[-93.175155,36.2698378],[-93.1761308,36.2705075],[-93.176415,36.2706475],[-93.1788603,36.2715367]]},"properties":{}},{"type":"Feature","geometry":{"type":"LineString","coordinates":[[-93.9678067,37.8691331],[-93.9634147,37.8688725],[-93.9613247,37.8668169],[-93.9610897,37.8660786],[-93.9608436,37.8654606],[-93.9609797,37.8640197],[-93.9616875,37.8629753],[-93.9626981,37.8619489],[-93.9636519,37.8615225],[-93.9642917,37.8611983],[-93.9655372,37.86091],[-93.9682628,37.8610717],[-93.9694403,37.8615036],[-93.9702922,37.8621578],[-93.97097,37.8630431],[-93.9713336,37.8640306],[-93.9714058,37.8648797],[-93.9712925,37.8660803],[-93.9710844,37.8666717],[-93.9705622,37.867365],[-93.9699225,37.8676892],[-93.9678067,37.8691331],[-93.9690789,37.8701744],[-93.9697456,37.8711797],[-93.9699919,37.8717981],[-93.9698106,37.8737186],[-93.9689175,37.8751144],[-93.9684292,37.8754478],[-93.9670206,37.8758469],[-93.9660778,37.8761533],[-93.9641089,37.8760364],[-93.96278,37.8755956],[-93.9609358,37.8741581],[-93.9606897,37.8735397],[-93.9608939,37.8713789],[-93.9614614,37.8702053],[-93.9616242,37.8700942],[-93.9624269,37.8696589],[-93.9634147,37.8688725]]},"properties":{}},{"type":"Feature","geometry":{"type":"LineString","coordinates":[[-93.9536475,37.8755361],[-93.9419856,37.8748425],[-93.9516064,37.8600825]]},"properties":{}},{"type":"Feature","geometry":{"type":"LineString","coordinates":[[-93.9357761,37.8744728],[-93.9372214,37.8592264]]},"properties":{}},{"type":"Feature","geometry":{"type":"LineString","coordinates":[[-93.9253378,37.8737297],[-93.9365047,37.8667897],[-93.9266222,37.8585944]]},"properties":{}},{"type":"Feature","geometry":{"type":"LineString","coordinates":[[-94.2801531,37.8574372],[-94.2787769,37.8726872],[-94.2630389,37.8564653],[-94.2616594,37.8717153]]},"properties":{}},{"type":"Feature","geometry":{"type":"LineString","coordinates":[[-94.2554486,37.8713619],[-94.24956,37.8556981],[-94.2412097,37.8705508]]},"properties":{}},{"type":"Feature","geometry":{"type":"LineString","coordinates":[[-94.2362331,37.8549381],[-94.2348478,37.8701878],[-94.2281831,37.8698072],[-94.2263872,37.8694631],[-94.2256625,37.8690597],[-94.2245272,37.8681497],[-94.2228297,37.866725],[-94.2217603,37.8650947],[-94.2215667,37.8638767],[-94.2219272,37.8599142],[-94.2223283,37.8588508],[-94.2233683,37.8574619],[-94.2245047,37.8566819],[-94.2256633,37.8556619],[-94.2272542,37.8549078],[-94.2291042,37.8546517],[-94.2301753,37.8545919],[-94.2362331,37.8549381]]},"properties":{}},{"type":"Feature","geometry":{"type":"LineString","coordinates":[[-93.3281325,37.6105669],[-93.3214408,37.6254742],[-93.3166686,37.6098231],[-93.3098239,37.6247197],[-93.3058081,37.6091172]]},"properties":{}},{"type":"Feature","geometry":{"type":"LineString","coordinates":[[-93.2962706,37.6235967],[-93.2940078,37.6234492],[-93.2955392,37.6085697]]},"properties":{}},{"type":"Feature","geometry":{"type":"LineString","coordinates":[[-93.2861381,37.6231781],[-93.2745217,37.6224203],[-93.2842389,37.6077125]]},"properties":{}},{"type":"Feature","geometry":{"type":"LineString","coordinates":[[-93.0665642,37.67289],[-93.0681667,37.6577736]]},"properties":{}},{"type":"Feature","geometry":{"type":"LineString","coordinates":[[-93.053735,37.6720297],[-93.05534,37.6569139]]},"properties":{}},{"type":"Feature","geometry":{"type":"LineString","coordinates":[[-93.0673144,37.6658117],[-93.0544867,37.6649517]]},"properties":{}},{"type":"Feature","geometry":{"type":"LineString","coordinates":[[-93.0458994,37.6713831],[-93.0436356,37.6712311],[-93.0452169,37.656355]]},"properties":{}},{"type":"Feature","geometry":{"type":"LineString","coordinates":[[-93.0357619,37.6709433],[-93.0241408,37.6701614],[-93.0339128,37.6554742]]},"properties":{}},{"type":"Feature","geometry":{"type":"LineString","coordinates":[[-92.6266928,37.6672733],[-92.6283961,37.6520431],[-92.6210056,37.6515206]]},"properties":{}},{"type":"Feature","geometry":{"type":"LineString","coordinates":[[-92.6148214,37.6510828],[-92.6131156,37.6663128],[-92.6067794,37.6658639],[-92.6054217,37.6657678],[-92.6044464,37.6649733],[-92.6037864,37.6640806],[-92.6038403,37.6636008],[-92.6041092,37.6612025],[-92.6043003,37.6608533],[-92.6048606,37.6599261],[-92.6065033,37.6588339],[-92.6050756,37.6580075],[-92.6043617,37.6575942],[-92.6036747,37.6569411],[-92.6033433,37.6558297],[-92.6036931,37.6527119],[-92.6042397,37.6519044],[-92.6053761,37.6512597],[-92.6061842,37.6508336],[-92.6069786,37.6505272],[-92.6148214,37.6510828]]},"properties":{}},{"type":"Feature","geometry":{"type":"LineString","coordinates":[[-92.6138947,37.6593572],[-92.6065033,37.6588339]]},"properties":{}},{"type":"Feature","geometry":{"type":"LineString","coordinates":[[-92.5852075,37.6643336],[-92.5879228,37.6645264],[-92.5892939,37.6645028],[-92.5921306,37.6636164],[-92.5949239,37.6617597],[-92.5960039,37.660265],[-92.5966719,37.6583783],[-92.5968469,37.6568194],[-92.5967067,37.6553592],[-92.5961275,37.6537467],[-92.5946839,37.6517103],[-92.5941478,37.6510678],[-92.5930219,37.6502625],[-92.5905389,37.6493611],[-92.5873717,37.6491361],[-92.5858364,37.6492689],[-92.5842744,37.6496414],[-92.5833289,37.6499367],[-92.5817128,37.6507889],[-92.5801936,37.6521314],[-92.5796333,37.6530586],[-92.5789786,37.6548253],[-92.5786547,37.6577031],[-92.5796886,37.6606778],[-92.5804858,37.6617014],[-92.5814472,37.6626158],[-92.5824358,37.6632906],[-92.5827239,37.6634319],[-92.5852075,37.6643336]]},"properties":{}},{"type":"Feature","geometry":{"type":"LineString","coordinates":[[-93.8894856,37.6698556],[-93.8828992,37.6847933],[-93.8780075,37.6691653],[-93.8712678,37.6840933],[-93.8671336,37.6685103]]},"properties":{}},{"type":"Feature","geometry":{"type":"LineString","coordinates":[[-93.8486094,37.6827264],[-93.8513283,37.6828906],[-93.8526994,37.6828528],[-93.8555217,37.6819364],[-93.8582844,37.6800506],[-93.85934,37.6785447],[-93.8599764,37.6766511],[-93.8601256,37.6750906],[-93.8599611,37.6736317],[-93.859355,37.6720256],[-93.8578772,37.6700044],[-93.8573303,37.6693678],[-93.8561911,37.6685744],[-93.8536925,37.6676992],[-93.8505208,37.6675075],[-93.8489878,37.6676564],[-93.8474317,37.6680453],[-93.8464911,37.6683506],[-93.8448889,37.6692197],[-93.8433917,37.6705781],[-93.8428467,37.6715111],[-93.8422211,37.6732844],[-93.8419453,37.6761656],[-93.8430289,37.6791289],[-93.8438431,37.6801442],[-93.84482,37.6810483],[-93.84582,37.6817125],[-93.8461106,37.6818508],[-93.8486094,37.6827264]]},"properties":{}},{"type":"Feature","geometry":{"type":"LineString","coordinates":[[-93.8347675,37.6781461],[-93.8345244,37.6790972],[-93.8341647,37.6796792],[-93.8330039,37.6806956],[-93.8320517,37.6811208],[-93.8310992,37.6815461],[-93.8297167,37.6817039],[-93.8289614,37.6816581],[-93.8273231,37.6813172],[-93.8260442,37.6803947],[-93.8252186,37.6794994],[-93.8251367,37.67877],[-93.8253672,37.6763689],[-93.8260406,37.6756853],[-93.8271783,37.6749092],[-93.8286297,37.6740311],[-93.8296869,37.6740953]]},"properties":{}},{"type":"Feature","geometry":{"type":"LineString","coordinates":[[-93.8286297,37.6740311],[-93.8268981,37.6730808],[-93.82634,37.6725642],[-93.8256656,37.6716781],[-93.8255489,37.6713086],[-93.8255017,37.6702192],[-93.8255364,37.6698589],[-93.8257794,37.6689078],[-93.8261506,37.6682058],[-93.8269864,37.6674111],[-93.82795,37.6668658],[-93.8295294,37.6662372],[-93.8330028,37.6664478],[-93.8340253,37.6668719],[-93.8355944,37.6679328],[-93.8358736,37.6681911],[-93.8362117,37.6694192],[-93.8361656,37.6698994]]},"properties":{}},{"type":"Feature","geometry":{"type":"LineString","coordinates":[[-94.3615364,37.5228167],[-94.3628881,37.5075639],[-94.3555008,37.5071483]]},"properties":{}},{"type":"Feature","geometry":{"type":"LineString","coordinates":[[-94.3479656,37.5220528],[-94.3493197,37.5068003],[-94.3419328,37.5063839]]},"properties":{}},{"type":"Feature","geometry":{"type":"LineString","coordinates":[[-94.3343947,37.5212875],[-94.3354739,37.5091575],[-94.3353767,37.5085486],[-94.3344281,37.5072881],[-94.3337386,37.5065247],[-94.3325753,37.5059764],[-94.3309275,37.5057625],[-94.3285156,37.5056261],[-94.3271481,37.5056694],[-94.3252856,37.5061678],[-94.3241553,37.5069489],[-94.3234881,37.5076353],[-94.3230903,37.5086992],[-94.3220303,37.5205889]]},"properties":{}},{"type":"Feature","geometry":{"type":"LineString","coordinates":[[-93.4272553,37.3492203],[-93.4271828,37.3499406],[-93.4267975,37.3507614],[-93.4260872,37.3518028],[-93.4254133,37.3524844],[-93.4244628,37.3529064],[-93.4232358,37.3530692],[-93.4209808,37.3529244],[-93.4193514,37.3525781],[-93.4186361,37.3521697],[-93.4176683,37.3512619],[-93.4174283,37.3506425],[-93.4172244,37.3496631],[-93.4174181,37.3477428],[-93.4177914,37.3470419],[-93.4193986,37.3446086],[-93.4213719,37.3430444],[-93.4244578,37.3409475],[-93.4282172,37.3381692],[-93.4187478,37.3375608]]},"properties":{}},{"type":"Feature","geometry":{"type":"LineString","coordinates":[[-93.4122844,37.337145],[-93.4056342,37.3520581],[-93.4008611,37.3364094],[-93.3940583,37.3513119],[-93.3900394,37.3357114]]},"properties":{}},{"type":"Feature","geometry":{"type":"LineString","coordinates":[[-93.3715089,37.3498556],[-93.3742147,37.3500306],[-93.37558,37.3499981],[-93.3783953,37.3490928],[-93.3811578,37.3472178],[-93.3822178,37.3457158],[-93.3828633,37.3438247],[-93.3830214,37.3422647],[-93.3828667,37.340805],[-93.3822733,37.3391964],[-93.3808144,37.3371692],[-93.3802742,37.3365303],[-93.3791447,37.3357325],[-93.3766625,37.3348475],[-93.3735064,37.3346433],[-93.3719789,37.3347861],[-93.3704272,37.3351689],[-93.3694889,37.3354706],[-93.3678886,37.3363333],[-93.3663894,37.3376858],[-93.3658411,37.3386169],[-93.3652075,37.3403878],[-93.3649147,37.3432681],[-93.3659753,37.3462358],[-93.3667797,37.3472544],[-93.3677467,37.3481625],[-93.3687378,37.3488308],[-93.3690264,37.3489703],[-93.3715089,37.3498556]]},"properties":{}},{"type":"Feature","geometry":{"type":"LineString","coordinates":[[-93.3565006,37.3486422],[-93.3542458,37.3484961],[-93.3557592,37.3336147]]},"properties":{}},{"type":"Feature","geometry":{"type":"LineString","coordinates":[[-92.5956931,37.1433256],[-92.5952919,37.1469236],[-92.5955139,37.1489944],[-92.5957067,37.1499756],[-92.5960761,37.1507272],[-92.5977136,37.1522947],[-92.5994447,37.1530228],[-92.6000442,37.1530656],[-92.6019089,37.1525942],[-92.6037172,37.1512725],[-92.6043967,37.1505958],[-92.6048033,37.1496578],[-92.6054797,37.1476508],[-92.6058803,37.1440528],[-92.6056578,37.1419819],[-92.605465,37.1410011],[-92.6049458,37.1402389],[-92.6034583,37.1386819],[-92.6017275,37.1379539],[-92.6011283,37.1379111],[-92.5992639,37.1383825],[-92.5973058,37.1396933],[-92.5967761,37.1403808],[-92.5963694,37.1413189],[-92.5956931,37.1433256]]},"properties":{}},{"type":"Feature","geometry":{"type":"LineString","coordinates":[[-92.5880094,37.1485792],[-92.5877525,37.1495278],[-92.5873861,37.1501061],[-92.5862167,37.1511106],[-92.5852642,37.1515258],[-92.5843117,37.1519414],[-92.5829364,37.1520847],[-92.5821872,37.1520311],[-92.5805661,37.1516733],[-92.5793114,37.1507375],[-92.5785061,37.1498336],[-92.5784367,37.1491033],[-92.5787047,37.1467047],[-92.5793842,37.1460278],[-92.5805267,37.1452636],[-92.5819822,37.1444006],[-92.5830308,37.1444756]]},"properties":{}},{"type":"Feature","geometry":{"type":"LineString","coordinates":[[-92.5819822,37.1444006],[-92.5802781,37.1434322],[-92.5797325,37.1429097],[-92.5790772,37.1420167],[-92.5789675,37.1416461],[-92.5789383,37.1405561],[-92.5789786,37.1401961],[-92.5792356,37.1392475],[-92.5796156,37.1385494],[-92.5804583,37.1377633],[-92.5814239,37.1372281],[-92.5830022,37.1366158],[-92.5864478,37.1368622],[-92.5874561,37.1372969],[-92.5889969,37.1383742],[-92.5892697,37.1386356],[-92.5895853,37.1398669],[-92.5895319,37.1403467]]},"properties":{}},{"type":"Feature","geometry":{"type":"LineString","coordinates":[[-92.5732653,37.1359186],[-92.5715631,37.1511497],[-92.5652703,37.1506989],[-92.5639219,37.1506022],[-92.5629536,37.1498072],[-92.5622986,37.1489142],[-92.5623522,37.1484344],[-92.5626206,37.1460358],[-92.5628106,37.1456867],[-92.5633675,37.1447597],[-92.5649997,37.1436678],[-92.5635822,37.1428408],[-92.5628733,37.1424272],[-92.5621914,37.1417739],[-92.5618628,37.1406622],[-92.5622117,37.1375442],[-92.5627553,37.1367369],[-92.5638842,37.1360925],[-92.5646869,37.1356664],[-92.5654761,37.1353603],[-92.5732653,37.1359186]]},"properties":{}},{"type":"Feature","geometry":{"type":"LineString","coordinates":[[-92.5723406,37.1441939],[-92.5649997,37.1436678]]},"properties":{}},{"type":"Feature","geometry":{"type":"LineString","coordinates":[[-92.2847261,37.1356217],[-92.28248,37.135455],[-92.2841983,37.1205881]]},"properties":{}},{"type":"Feature","geometry":{"type":"LineString","coordinates":[[-92.2764267,37.1198908],[-92.2695736,37.1347397],[-92.2650478,37.1190461],[-92.2580428,37.1338833],[-92.2542683,37.118245]]},"properties":{}},{"type":"Feature","geometry":{"type":"LineString","coordinates":[[-92.2355814,37.1322119],[-92.2382767,37.1324128],[-92.2396383,37.1323933],[-92.2424589,37.131515],[-92.2452411,37.1296664],[-92.2463206,37.1281744],[-92.2469925,37.1262897],[-92.2471733,37.1247311],[-92.2470408,37.12327],[-92.2464731,37.1216558],[-92.2450489,37.119615],[-92.2445194,37.1189708],[-92.2434053,37.1181622],[-92.2409439,37.1172533],[-92.2377997,37.1170192],[-92.236275,37.1171475],[-92.2347219,37.1175156],[-92.2337819,37.1178083],[-92.2321733,37.1186558],[-92.2306586,37.1199939],[-92.2300981,37.1209194],[-92.2294397,37.1226844],[-92.229105,37.1255619],[-92.2301181,37.1285397],[-92.2309047,37.1295658],[-92.2318553,37.1304831],[-92.2328339,37.1311608],[-92.2331194,37.1313031],[-92.2355814,37.1322119]]},"properties":{}},{"type":"Feature","geometry":{"type":"LineString","coordinates":[[-93.2071928,37.1573828],[-93.2005186,37.1722847],[-93.1957986,37.1566278],[-93.1889722,37.1715192],[-93.1850044,37.1559111]]},"properties":{}},{"type":"Feature","geometry":{"type":"LineString","coordinates":[[-93.1664803,37.1700242],[-93.1691792,37.1702039],[-93.1705411,37.1701736],[-93.1733522,37.1692731],[-93.1761131,37.1674028],[-93.1771747,37.1659025],[-93.1778236,37.1640125],[-93.1779856,37.1624525],[-93.1778353,37.1609928],[-93.1772475,37.1593831],[-93.1757975,37.1573533],[-93.1752603,37.1567136],[-93.1741356,37.1559139],[-93.1716617,37.1550242],[-93.1685133,37.1548147],[-93.1669894,37.154955],[-93.1654403,37.1553353],[-93.1645036,37.1556353],[-93.1629044,37.1564953],[-93.1614056,37.1578453],[-93.1608558,37.1587756],[-93.1602189,37.1605453],[-93.1599194,37.1634253],[-93.1609694,37.166395],[-93.1617692,37.1674147],[-93.1627314,37.1683247],[-93.1637186,37.1689944],[-93.1640058,37.1691344],[-93.1664803,37.1700242]]},"properties":{}},{"type":"Feature","geometry":{"type":"LineString","coordinates":[[-93.1537225,37.1649453],[-93.1536475,37.1656653],[-93.15326,37.1664853],[-93.1525481,37.1675253],[-93.1518731,37.1682053],[-93.1509236,37.1686253],[-93.1496992,37.1687853],[-93.14745,37.168635],[-93.1458256,37.168285],[-93.1451136,37.167875],[-93.1441514,37.166965],[-93.1439142,37.166345],[-93.1437142,37.165365],[-93.1439144,37.1634453],[-93.1442892,37.1627453],[-93.1459011,37.1603156],[-93.1478753,37.1587556],[-93.1509611,37.1566658],[-93.1547214,37.1538961],[-93.1452772,37.1532658]]},"properties":{}},{"type":"Feature","geometry":{"type":"LineString","coordinates":[[-94.4727728,37.1788017],[-94.4738864,37.1659489],[-94.4740989,37.1652364],[-94.4749117,37.1645572],[-94.4758642,37.1640067],[-94.4764856,37.1637997],[-94.4773964,37.1637294],[-94.4788972,37.1638128],[-94.4797875,37.1639828],[-94.4810656,37.1648986],[-94.4813344,37.1652756]]},"properties":{}},{"type":"Feature","geometry":{"type":"LineString","coordinates":[[-94.4666181,37.17846],[-94.4679408,37.1632047],[-94.4605867,37.1627961]]},"properties":{}},{"type":"Feature","geometry":{"type":"LineString","coordinates":[[-94.4544331,37.1624539],[-94.4531075,37.1777089],[-94.4374736,37.1615089],[-94.4361447,37.1767639]]},"properties":{}},{"type":"Feature","geometry":{"type":"LineString","coordinates":[[-93.8574836,37.0751283],[-93.8574153,37.0758489],[-93.8570361,37.0766711],[-93.8563344,37.0777153],[-93.8556669,37.0783992],[-93.8547222,37.0788247],[-93.8535008,37.0789919],[-93.8512531,37.0788553],[-93.8496275,37.078515],[-93.8489122,37.0781092],[-93.8479431,37.077205],[-93.8477003,37.0765864],[-93.8474917,37.0756078],[-93.8476736,37.0736867],[-93.8480417,37.0729844],[-93.8496289,37.0705453],[-93.8515861,37.0689736],[-93.8546489,37.0668656],[-93.8583789,37.0640733],[-93.8489403,37.0634994]]},"properties":{}},{"type":"Feature","geometry":{"type":"LineString","coordinates":[[-93.8424981,37.0631072],[-93.8359569,37.078045],[-93.8311119,37.0624133],[-93.8244189,37.0773414],[-93.8203253,37.061755]]},"properties":{}},{"type":"Feature","geometry":{"type":"LineString","coordinates":[[-93.8019428,37.0759672],[-93.8046397,37.0761322],[-93.8059997,37.0760947],[-93.8088,37.0751792],[-93.8115417,37.0732939],[-93.8125892,37.0717881],[-93.8132217,37.0698947],[-93.8133703,37.0683339],[-93.8132078,37.0668747],[-93.8126072,37.0652683],[-93.8111422,37.0632464],[-93.8106003,37.0626094],[-93.8094703,37.0618158],[-93.8069922,37.0609397],[-93.8038461,37.0607469],[-93.8023253,37.0608953],[-93.8007814,37.0612839],[-93.7998481,37.0615889],[-93.7982583,37.0624578],[-93.7967725,37.0638158],[-93.7962314,37.0647486],[-93.79561,37.0665219],[-93.795335,37.0694036],[-93.7964083,37.0723675],[-93.7972158,37.0733831],[-93.7981844,37.0742878],[-93.7991758,37.0749525],[-93.7994642,37.0750908],[-93.8019428,37.0759672]]},"properties":{}},{"type":"Feature","geometry":{"type":"LineString","coordinates":[[-93.9871839,36.9001322],[-93.9885856,36.8850022]]},"properties":{}},{"type":"Feature","geometry":{"type":"LineString","coordinates":[[-93.9744753,36.8993719],[-93.9758794,36.8842419]]},"properties":{}},{"type":"Feature","geometry":{"type":"LineString","coordinates":[[-93.9878403,36.8930475],[-93.9751328,36.8922872]]},"properties":{}},{"type":"Feature","geometry":{"type":"LineString","coordinates":[[-93.9690481,36.8914397],[-93.9605269,36.8909286]]},"properties":{}},{"type":"Feature","geometry":{"type":"LineString","coordinates":[[-93.9593636,36.8985867],[-93.9683342,36.8991247],[-93.9697508,36.883875]]},"properties":{}},{"type":"Feature","geometry":{"type":"LineString","coordinates":[[-93.9463564,36.8978056],[-93.9475536,36.8849572],[-93.9477703,36.8842458],[-93.9485847,36.8835703],[-93.9495375,36.8830239],[-93.9501581,36.8828197],[-93.9510658,36.8827536],[-93.9525608,36.8828433],[-93.9534464,36.8830172],[-93.9547136,36.8839386],[-93.9549789,36.8843167]]},"properties":{}},{"type":"Feature","geometry":{"type":"LineString","coordinates":[[-94.3659131,36.7993989],[-94.3750242,36.7999142],[-94.3763569,36.7846594],[-94.3670983,36.7841358]]},"properties":{}},{"type":"Feature","geometry":{"type":"LineString","coordinates":[[-94.3756958,36.7922269],[-94.3668844,36.7917286]]},"properties":{}},{"type":"Feature","geometry":{"type":"LineString","coordinates":[[-94.3494836,36.7984681],[-94.3521722,36.7986206],[-94.3535269,36.7985767],[-94.35631,36.7976481],[-94.3590281,36.79575],[-94.3600608,36.7942392],[-94.3606772,36.7923428],[-94.3608139,36.7907811],[-94.3606414,36.7893231],[-94.3600314,36.7877192],[-94.3585572,36.7857042],[-94.3580125,36.7850697],[-94.3568808,36.7842814],[-94.3544056,36.7834169],[-94.3512697,36.7832389],[-94.3497553,36.7833944],[-94.3482197,36.7837903],[-94.3472922,36.7840997],[-94.3457147,36.7849758],[-94.3442442,36.7863408],[-94.3437119,36.7872764],[-94.3431056,36.7890525],[-94.3428525,36.7919353],[-94.3439436,36.7948944],[-94.3447553,36.7959061],[-94.3457269,36.7968064],[-94.3467197,36.7974661],[-94.3470078,36.7976033],[-94.3494836,36.7984681]]},"properties":{}},{"type":"Feature","geometry":{"type":"LineString","coordinates":[[-94.3279647,36.7956758],[-94.3292031,36.7969536],[-94.3294914,36.7970906],[-94.3314117,36.7974414],[-94.3330758,36.7972944],[-94.3340142,36.796865],[-94.3349631,36.7963156],[-94.3358047,36.7952769],[-94.3360478,36.7925142],[-94.3352467,36.7913822],[-94.3346914,36.7908678],[-94.3325147,36.7900197],[-94.3300289,36.7892747],[-94.3283003,36.7884522],[-94.3277664,36.7876975],[-94.3276156,36.7859989],[-94.3280517,36.7844544],[-94.3288828,36.7835361],[-94.3296717,36.7830981],[-94.3303008,36.7827717],[-94.3310792,36.7824539],[-94.3327533,36.7821869],[-94.3336492,36.7822381],[-94.3345242,36.7825292],[-94.3356764,36.7830775],[-94.3363808,36.7836006],[-94.3373417,36.7846208]]},"properties":{}},{"type":"Feature","geometry":{"type":"LineString","coordinates":[[-93.7509914,36.9847606],[-93.7509222,36.9854811],[-93.7505422,36.9863028],[-93.74984,36.9873464],[-93.7491725,36.9880297],[-93.7482283,36.9884547],[-93.7470081,36.9886208],[-93.7447631,36.9884822],[-93.74314,36.9881403],[-93.7424261,36.9877339],[-93.7414594,36.9868286],[-93.7412178,36.98621],[-93.7410106,36.9852311],[-93.741195,36.9833103],[-93.7415636,36.9826083],[-93.7431525,36.9801703],[-93.7451094,36.9786006],[-93.7481717,36.9764953],[-93.7519011,36.9737064],[-93.7424744,36.9731239]]},"properties":{}},{"type":"Feature","geometry":{"type":"LineString","coordinates":[[-93.7345864,36.9878531],[-93.7360403,36.9727261]]},"properties":{}},{"type":"Feature","geometry":{"type":"LineString","coordinates":[[-93.7218656,36.9870653],[-93.7233222,36.9719386]]},"properties":{}},{"type":"Feature","geometry":{"type":"LineString","coordinates":[[-93.7352672,36.9807697],[-93.7225478,36.9799822]]},"properties":{}},{"type":"Feature","geometry":{"type":"LineString","coordinates":[[-93.7162731,36.9826125],[-93.7162036,36.9833328],[-93.7158233,36.9841544],[-93.7151206,36.9851978],[-93.7144525,36.9858811],[-93.7135083,36.9863056],[-93.7122878,36.9864714],[-93.7100431,36.9863319],[-93.70842,36.9859897],[-93.7077067,36.9855831],[-93.7067403,36.9846778],[-93.7064989,36.9840589],[-93.7062922,36.9830797],[-93.7064775,36.9811589],[-93.7068464,36.9804572],[-93.7084364,36.9780197],[-93.7103942,36.9764506],[-93.7134569,36.9743461],[-93.7171875,36.9715583],[-93.7077614,36.9709731]]},"properties":{}},{"type":"Feature","geometry":{"type":"LineString","coordinates":[[-93.1560331,36.9863031],[-93.1537894,36.9861531],[-93.1553342,36.9712736]]},"properties":{}},{"type":"Feature","geometry":{"type":"LineString","coordinates":[[-93.1435939,36.9784633],[-93.1392564,36.9781731],[-93.1372128,36.9761028],[-93.1369886,36.9753628],[-93.1367519,36.9747428],[-93.1369017,36.9733031],[-93.1376122,36.9722631],[-93.1386219,36.9712433],[-93.1395692,36.9708233],[-93.1402047,36.9705033],[-93.1414386,36.9702236],[-93.1441303,36.9704036],[-93.1452894,36.9708436],[-93.1461242,36.9715036],[-93.1467847,36.9723936],[-93.1471336,36.9733836],[-93.1471958,36.9742336],[-93.1470714,36.9754336],[-93.1468594,36.9760236],[-93.1463358,36.9767133],[-93.1457003,36.9770333],[-93.1435939,36.9784633],[-93.14484,36.9795133],[-93.1454881,36.9805233],[-93.145725,36.9811433],[-93.1455253,36.9830631],[-93.1446278,36.9844531],[-93.1441417,36.9847831],[-93.1427456,36.9851731],[-93.1418108,36.9854728],[-93.1398664,36.9853428],[-93.1385575,36.9848928],[-93.1367503,36.9834425],[-93.1365136,36.9828225],[-93.1367383,36.9806628],[-93.1373119,36.9794928],[-93.1374739,36.9793828],[-93.1382717,36.9789528],[-93.1392564,36.9781731]]},"properties":{}},{"type":"Feature","geometry":{"type":"LineString","coordinates":[[-93.1311197,36.9695322],[-93.1244475,36.9844306],[-93.1197547,36.96877],[-93.1129306,36.9836575],[-93.1089878,36.9680467]]},"properties":{}},{"type":"Feature","geometry":{"type":"LineString","coordinates":[[-93.0904956,36.9821483],[-93.0931878,36.9823297],[-93.0945464,36.9823003],[-93.0973514,36.9814017],[-93.1001072,36.9795331],[-93.1011678,36.9780333],[-93.1018169,36.9761439],[-93.10198,36.9745839],[-93.1018314,36.9731239],[-93.1012467,36.9715136],[-93.0998022,36.9694831],[-93.0992669,36.9688431],[-93.0981458,36.9680425],[-93.0956789,36.9671514],[-93.0925386,36.96694],[-93.0910183,36.9670792],[-93.0894728,36.9674583],[-93.0885378,36.9677578],[-93.0869419,36.9686169],[-93.0854453,36.9699661],[-93.0848964,36.9708958],[-93.0842592,36.9726656],[-93.0839575,36.975545],[-93.0850019,36.9785156],[-93.0857986,36.9795361],[-93.0867578,36.9804464],[-93.0877417,36.9811169],[-93.0880283,36.9812572],[-93.0904956,36.9821483]]},"properties":{}},{"type":"Feature","geometry":{"type":"LineString","coordinates":[[-93.8755778,36.7022883],[-93.8733211,36.7039625],[-93.8713739,36.7055344],[-93.8697358,36.7070044],[-93.8687508,36.7079106],[-93.8678925,36.7090658],[-93.8674814,36.7102483],[-93.8672308,36.71132],[-93.8670278,36.7134811],[-93.8673961,36.7143489],[-93.867925,36.7151056],[-93.8684425,36.7159825],[-93.8714842,36.7171336],[-93.8732739,36.7172428],[-93.8752917,36.7165203],[-93.8756125,36.7162983],[-93.8768958,36.7154103],[-93.8770675,36.7151792],[-93.8778217,36.7135344],[-93.8779344,36.7123339],[-93.877715,36.7114753],[-93.8774844,36.7107367],[-93.8769667,36.7098597],[-93.8758525,36.7089467],[-93.8747047,36.7083939],[-93.8739703,36.7082283],[-93.8729264,36.708165],[-93.8721694,36.7082394],[-93.8695442,36.7090458],[-93.8674928,36.7101283]]},"properties":{}},{"type":"Feature","geometry":{"type":"LineString","coordinates":[[-93.8511278,36.7039378],[-93.8615658,36.7045744],[-93.8516486,36.7159244],[-93.8530506,36.7010361]]},"properties":{}},{"type":"Feature","geometry":{"type":"LineString","coordinates":[[-93.8437331,36.7155619],[-93.8451706,36.7003133]]},"properties":{}},{"type":"Feature","geometry":{"type":"LineString","coordinates":[[-93.8334542,36.7148125],[-93.8444575,36.7078775],[-93.8347333,36.699675]]},"properties":{}},{"type":"Feature","geometry":{"type":"LineString","coordinates":[[-93.2003753,36.6170086],[-93.1988103,36.6322489],[-93.1913658,36.6317519],[-93.1907947,36.6314722],[-93.1895042,36.6309028],[-93.1882875,36.6296131],[-93.1878156,36.6283733],[-93.1879636,36.6269333],[-93.1886825,36.6257731],[-93.1901458,36.6246628],[-93.191535,36.6242722],[-93.1921553,36.6240719],[-93.1995989,36.6245689]]},"properties":{}},{"type":"Feature","geometry":{"type":"LineString","coordinates":[[-93.1812414,36.6310753],[-93.1828097,36.6158356],[-93.1755158,36.6153475]]},"properties":{}},{"type":"Feature","geometry":{"type":"LineString","coordinates":[[-93.1678417,36.6301786],[-93.1694128,36.6149389]]},"properties":{}},{"type":"Feature","geometry":{"type":"LineString","coordinates":[[-93.1575811,36.62937],[-93.1686333,36.6224986],[-93.1589928,36.6142403]]},"properties":{}},{"type":"Feature","geometry":{"type":"LineString","coordinates":[[-92.6634997,36.983725],[-92.6535944,36.9983733],[-92.6475025,36.9825881]]},"properties":{}},{"type":"Feature","geometry":{"type":"LineString","coordinates":[[-92.6602658,36.9884514],[-92.6495006,36.9876864]]},"properties":{}},{"type":"Feature","geometry":{"type":"LineString","coordinates":[[-92.6289214,36.9966169],[-92.6316131,36.9968089],[-92.6329719,36.996785],[-92.6357831,36.9958972],[-92.6385506,36.9940392],[-92.6396203,36.9925439],[-92.6402814,36.9906569],[-92.6404539,36.9890975],[-92.6403142,36.9876369],[-92.6397389,36.9860247],[-92.6383067,36.9839883],[-92.637775,36.9833461],[-92.6366586,36.9825414],[-92.6341969,36.9816406],[-92.6310572,36.9814169],[-92.6295358,36.9815503],[-92.6279875,36.9819233],[-92.6270508,36.9822192],[-92.6254494,36.9830719],[-92.6239444,36.9844153],[-92.6233894,36.9853428],[-92.6227414,36.98711],[-92.6224222,36.9899883],[-92.6234489,36.9929628],[-92.6242397,36.9939864],[-92.6251931,36.9949006],[-92.6261733,36.995575],[-92.6264592,36.9957161],[-92.6289214,36.9966169]]},"properties":{}},{"type":"Feature","geometry":{"type":"LineString","coordinates":[[-92.6156136,36.9956675],[-92.6101278,36.9799231],[-92.6015583,36.9946633]]},"properties":{}},{"type":"Feature","geometry":{"type":"LineString","coordinates":[[-93.7701567,36.5917894],[-93.7636436,36.6067239],[-93.7588417,36.5910894],[-93.7521775,36.6060139],[-93.7481222,36.590425]]},"properties":{}},{"type":"Feature","geometry":{"type":"LineString","coordinates":[[-93.7298411,36.6046272],[-93.7325214,36.6047939],[-93.7338731,36.6047572],[-93.7366567,36.6038431],[-93.7393831,36.6019594],[-93.7404256,36.6004542],[-93.7410556,36.5985608],[-93.7412044,36.5970003],[-93.7410444,36.5955411],[-93.7404489,36.5939342],[-93.7389947,36.5919114],[-93.7384564,36.5912742],[-93.7373342,36.59048],[-93.7348719,36.5896022],[-93.7317458,36.5894081],[-93.7302339,36.5895556],[-93.7286992,36.5899433],[-93.7277717,36.5902478],[-93.7261908,36.5911156],[-93.7247131,36.5924731],[-93.7241747,36.5934056],[-93.7235556,36.5951786],[-93.7232797,36.59806],[-93.7243442,36.6010247],[-93.7251456,36.6020408],[-93.7261075,36.6029458],[-93.7270922,36.6036111],[-93.7273786,36.6037497],[-93.7298411,36.6046272]]},"properties":{}},{"type":"Feature","geometry":{"type":"LineString","coordinates":[[-93.7073733,36.5936875],[-93.7070278,36.5972892],[-93.7072786,36.5993578],[-93.7074844,36.6003367],[-93.7078619,36.601085],[-93.7095106,36.6026369],[-93.7112397,36.6033486],[-93.7118353,36.6033858],[-93.7136797,36.6028969],[-93.7154556,36.6015583],[-93.7161203,36.600875],[-93.71651,36.5999331],[-93.7171522,36.59792],[-93.7174972,36.5943183],[-93.7172461,36.5922497],[-93.7170403,36.5912706],[-93.7165139,36.5905133],[-93.7150142,36.5889706],[-93.7132853,36.5882589],[-93.7126897,36.5882219],[-93.7108458,36.5887108],[-93.7089211,36.59004],[-93.7084056,36.5907325],[-93.7080156,36.5916744],[-93.7073733,36.5936875]]},"properties":{}},{"type":"Feature","geometry":{"type":"LineString","coordinates":[[-93.6909964,36.5926647],[-93.6906503,36.5962664],[-93.6909006,36.5983353],[-93.6911061,36.5993142],[-93.6914836,36.6000625],[-93.6931317,36.6016147],[-93.6948608,36.6023267],[-93.6954564,36.6023639],[-93.6973008,36.6018753],[-93.6990772,36.6005369],[-93.6997419,36.5998536],[-93.7001319,36.5989119],[-93.7007744,36.5968989],[-93.7011203,36.5932972],[-93.7008694,36.5912283],[-93.7006639,36.5902494],[-93.7001378,36.5894919],[-93.6986383,36.5879492],[-93.6969097,36.5872372],[-93.6963142,36.5872],[-93.69447,36.5876886],[-93.6925453,36.5890175],[-93.6920294,36.58971],[-93.6916392,36.5906519],[-93.6909964,36.5926647]]},"properties":{}},{"type":"Feature","geometry":{"type":"LineString","coordinates":[[-93.4461122,36.6535803],[-93.43953,36.6684964],[-93.4347911,36.6528486],[-93.4280575,36.6677544],[-93.4240658,36.6521544]]},"properties":{}},{"type":"Feature","geometry":{"type":"LineString","coordinates":[[-93.4057094,36.6663061],[-93.4083911,36.66648],[-93.4097439,36.6664472],[-93.4125336,36.6655408],[-93.4152703,36.6636647],[-93.41632,36.6621622],[-93.4169586,36.6602708],[-93.4171144,36.6587106],[-93.4169603,36.6572508],[-93.4163714,36.6556422],[-93.4149244,36.6536156],[-93.4143886,36.6529769],[-93.4132689,36.6521794],[-93.4108086,36.651295],[-93.4076806,36.6510922],[-93.4061669,36.6512356],[-93.4046294,36.6516189],[-93.4036997,36.6519208],[-93.4021139,36.6527842],[-93.4006292,36.6541375],[-93.4000864,36.6550686],[-93.3994592,36.65684],[-93.3991708,36.6597206],[-93.4002233,36.6626881],[-93.4010211,36.6637064],[-93.40198,36.6646142],[-93.4029628,36.6652822],[-93.4032486,36.6654214],[-93.4057094,36.6663061]]},"properties":{}},{"type":"Feature","geometry":{"type":"LineString","coordinates":[[-93.3847269,36.6647006],[-93.3869931,36.6630361],[-93.3889492,36.6614719],[-93.3905953,36.6600086],[-93.3915853,36.6591067],[-93.3924506,36.6579547],[-93.3928686,36.6567739],[-93.3931258,36.6557033],[-93.3933422,36.6535431],[-93.3929794,36.6526739],[-93.3924558,36.651915],[-93.3919442,36.6510361],[-93.3889122,36.6498725],[-93.387125,36.6497561],[-93.3851044,36.6504703],[-93.3847822,36.6506908],[-93.3834944,36.6515733],[-93.3833214,36.6518039],[-93.3825569,36.6534453],[-93.3824367,36.6546456],[-93.3826503,36.655505],[-93.3828761,36.6562444],[-93.3833875,36.6571233],[-93.384495,36.6580411],[-93.3856386,36.6585989],[-93.3863714,36.6587675],[-93.3874142,36.6588353],[-93.3881711,36.6587636],[-93.3907997,36.6579683],[-93.3928567,36.6568939]]},"properties":{}},{"type":"Feature","geometry":{"type":"LineString","coordinates":[[-93.3659464,36.6516375],[-93.3763731,36.6523175],[-93.3663906,36.6636264],[-93.3678864,36.6487439]]},"properties":{}},{"type":"Feature","geometry":{"type":"LineString","coordinates":[[-92.729985,36.5225686],[-92.7232739,36.5374442],[-92.7186903,36.5217678],[-92.7118286,36.5366322],[-92.7079906,36.5210081]]},"properties":{}},{"type":"Feature","geometry":{"type":"LineString","coordinates":[[-92.6895331,36.5350472],[-92.6922083,36.5352375],[-92.6935592,36.5352128],[-92.6963525,36.5343236],[-92.6991019,36.5324642],[-92.7001642,36.5309683],[-92.7008194,36.5290808],[-92.7009897,36.5275214],[-92.7008494,36.5260611],[-92.7002767,36.5244489],[-92.6988514,36.5224136],[-92.6983225,36.5217714],[-92.6972119,36.5209672],[-92.6947644,36.5200678],[-92.6916436,36.5198458],[-92.6901314,36.5199797],[-92.6885928,36.5203539],[-92.6876619,36.52065],[-92.6860708,36.5215039],[-92.6845761,36.5228481],[-92.6840253,36.5237758],[-92.6833828,36.5255431],[-92.6830678,36.5284219],[-92.6840906,36.5313958],[-92.6848772,36.5324189],[-92.6858258,36.5333325],[-92.6868008,36.5340064],[-92.687085,36.5341475],[-92.6895331,36.5350472]]},"properties":{}},{"type":"Feature","geometry":{"type":"LineString","coordinates":[[-92.6663597,36.5332744],[-92.6731967,36.5337622],[-92.6756894,36.5274122],[-92.6742992,36.5277967],[-92.6730447,36.5283117],[-92.6703694,36.5281208],[-92.6690583,36.5277856],[-92.6677994,36.5269703],[-92.6664975,36.525185],[-92.6663581,36.5237244],[-92.666555,36.5219253],[-92.6675914,36.5206697],[-92.6687761,36.5194244],[-92.6692614,36.5190964],[-92.6702186,36.5185603],[-92.6717308,36.5184267],[-92.6733656,36.5185431],[-92.6745281,36.5188678],[-92.6759617,36.5194536],[-92.6771939,36.5205086],[-92.6773031,36.5208789]]},"properties":{}},{"type":"Feature","geometry":{"type":"LineString","coordinates":[[-92.6513617,36.5320819],[-92.65364,36.5304314],[-92.6556078,36.5288797],[-92.657265,36.5274267],[-92.6582619,36.5265308],[-92.6591367,36.5253847],[-92.6595653,36.5242064],[-92.6598322,36.5231375],[-92.6600692,36.5209786],[-92.6597156,36.5201072],[-92.6592,36.519345],[-92.6586978,36.5184631],[-92.6556825,36.5172803],[-92.6538992,36.5171528],[-92.6518753,36.5178542],[-92.6515519,36.5180728],[-92.6502578,36.5189475],[-92.6500828,36.5191767],[-92.6493039,36.5208133],[-92.6491722,36.5220128],[-92.6493772,36.5228736],[-92.6495956,36.5236144],[-92.6500978,36.5244967],[-92.6511944,36.5254211],[-92.6523306,36.5259861],[-92.6530606,36.5261592],[-92.6541008,36.5262336],[-92.6548569,36.5261667],[-92.6574886,36.5253878],[-92.6595522,36.5243264]]},"properties":{}},{"type":"Feature","geometry":{"type":"LineString","coordinates":[[-93.5842292,36.3897875],[-93.5946222,36.3904478],[-93.5847067,36.4017756],[-93.5861542,36.3868906]]},"properties":{}},{"type":"Feature","geometry":{"type":"LineString","coordinates":[[-93.5783089,36.38615],[-93.5717761,36.4010736],[-93.5670258,36.3854314],[-93.5603425,36.400345],[-93.5563369,36.3847497]]},"properties":{}},{"type":"Feature","geometry":{"type":"LineString","coordinates":[[-93.5470022,36.3992519],[-93.544775,36.3991097],[-93.5462303,36.3842253]]},"properties":{}},{"type":"Feature","geometry":{"type":"LineString","coordinates":[[-93.4858,36.5386922],[-93.4857289,36.5394125],[-93.4853483,36.5402336],[-93.4846467,36.5412756],[-93.4839806,36.5419575],[-93.4830406,36.5423803],[-93.4818269,36.5425436],[-93.4795956,36.5424],[-93.4779831,36.5420547],[-93.477275,36.5416467],[-93.4763167,36.5407394],[-93.4760786,36.54012],[-93.4758761,36.5391408],[-93.4760661,36.5372203],[-93.4764347,36.5365192],[-93.4780225,36.5340847],[-93.4799736,36.5325192],[-93.4830247,36.5304206],[-93.4867419,36.52764],[-93.4773725,36.5270369]]},"properties":{}},{"type":"Feature","geometry":{"type":"LineString","coordinates":[[-93.4678561,36.5415231],[-93.465625,36.5413792],[-93.4670986,36.5264956]]},"properties":{}},{"type":"Feature","geometry":{"type":"LineString","coordinates":[[-93.4593772,36.5258767],[-93.4528089,36.5407936],[-93.4480747,36.5251464],[-93.4413553,36.5400531],[-93.4373672,36.5244536]]},"properties":{}},{"type":"Feature","geometry":{"type":"LineString","coordinates":[[-93.4296047,36.5392922],[-93.4308108,36.5271697],[-93.4307219,36.52656],[-93.4298003,36.5252922],[-93.4291283,36.5245239],[-93.4279864,36.5239667],[-93.4263625,36.5237406],[-93.4239831,36.5235861],[-93.4226328,36.5236194],[-93.4207886,36.5241039],[-93.4196639,36.5248764],[-93.4189972,36.5255581],[-93.4185922,36.5266189],[-93.4174081,36.5385014]]},"properties":{}},{"type":"Feature","geometry":{"type":"LineString","coordinates":[[-93.2190678,37.2350772],[-93.2188186,37.2360272],[-93.2184564,37.2366075],[-93.2172942,37.2376181],[-93.2163442,37.2380386],[-93.2153939,37.2384589],[-93.2140183,37.2386097],[-93.2132678,37.23856],[-93.2116417,37.2382111],[-93.2103778,37.2372817],[-93.2095642,37.2363822],[-93.2094886,37.2356522],[-93.2097369,37.2332522],[-93.2104117,37.2325719],[-93.2115492,37.2318014],[-93.2129992,37.2309308],[-93.2140497,37.2310003]]},"properties":{}},{"type":"Feature","geometry":{"type":"LineString","coordinates":[[-93.2129992,37.2309308],[-93.211285,37.2299717],[-93.2107344,37.2294519],[-93.2100711,37.2285625],[-93.2099583,37.2281925],[-93.20992,37.2271028],[-93.2099572,37.2267428],[-93.2102064,37.2257925],[-93.2105811,37.2250925],[-93.2114183,37.2243022],[-93.2123806,37.2237617],[-93.2139556,37.2231408],[-93.2174069,37.2233689],[-93.2184203,37.2237983],[-93.2199717,37.2248675],[-93.2202469,37.2251272],[-93.2205731,37.2263569],[-93.2205236,37.2268369]]},"properties":{}},{"type":"Feature","geometry":{"type":"LineString","coordinates":[[-93.2042022,37.2224956],[-93.2026242,37.2377353],[-93.1960206,37.2372978],[-93.1942444,37.2369386],[-93.1935314,37.2365289],[-93.1924178,37.2356092],[-93.1907539,37.23417],[-93.189715,37.2325303],[-93.1895394,37.2313106],[-93.1899503,37.2273506],[-93.1903622,37.2262906],[-93.1914119,37.2249103],[-93.1925494,37.22414],[-93.1937117,37.2231297],[-93.1952992,37.2223892],[-93.1971372,37.2221486],[-93.1982,37.2220981],[-93.2042022,37.2224956]]},"properties":{}},{"type":"Feature","geometry":{"type":"LineString","coordinates":[[-93.1828136,37.2364219],[-93.1792939,37.2208439],[-93.1714078,37.2356644],[-93.1677403,37.2200761],[-93.1606025,37.2349458]]},"properties":{}},{"type":"Feature","geometry":{"type":"LineString","coordinates":[[-93.1716294,36.5373842],[-93.1700603,36.5526239],[-93.1638136,36.552205],[-93.162475,36.5521153],[-93.1615081,36.5513253],[-93.1608511,36.5504356],[-93.1609006,36.5499556],[-93.1611481,36.5475556],[-93.1613339,36.5472056],[-93.1618789,36.5462756],[-93.1634897,36.5451753],[-93.1620769,36.5443556],[-93.1613703,36.5439456],[-93.1606886,36.5432958],[-93.1603539,36.5421858],[-93.1606753,36.5390658],[-93.1612081,36.5382558],[-93.1623233,36.5376056],[-93.1631161,36.5371756],[-93.1638969,36.5368656],[-93.1716294,36.5373842]]},"properties":{}},{"type":"Feature","geometry":{"type":"LineString","coordinates":[[-93.1707769,36.5456639],[-93.1634897,36.5451753]]},"properties":{}},{"type":"Feature","geometry":{"type":"LineString","coordinates":[[-93.1546775,36.5362464],[-93.153105,36.5514861],[-93.1468586,36.5510664],[-93.14552,36.5509764],[-93.1445533,36.5501864],[-93.1438964,36.5492964],[-93.1439458,36.5488164],[-93.1441939,36.5464164],[-93.1443797,36.5460667],[-93.144925,36.5451367],[-93.1465361,36.5440367],[-93.1451233,36.5432167],[-93.1444169,36.5428067],[-93.1437356,36.5421567],[-93.1434008,36.5410467],[-93.1437231,36.5379267],[-93.1442561,36.5371167],[-93.1453714,36.5364669],[-93.1461644,36.5360369],[-93.146945,36.5357269],[-93.1546775,36.5362464]]},"properties":{}},{"type":"Feature","geometry":{"type":"LineString","coordinates":[[-93.1538233,36.5445264],[-93.1465361,36.5440367]]},"properties":{}},{"type":"Feature","geometry":{"type":"LineString","coordinates":[[-93.1219356,36.5473339],[-93.1224558,36.5480942],[-93.1237197,36.5489044],[-93.1245869,36.5492044],[-93.1270781,36.549735],[-93.1279703,36.549795],[-93.12978,36.5496753],[-93.1313044,36.5494156],[-93.1316142,36.5493156],[-93.1327175,36.5487858],[-93.1338331,36.5481358],[-93.1358286,36.5462161],[-93.1367706,36.5443461],[-93.1370436,36.5417064],[-93.136895,36.5402464],[-93.1364119,36.5391264],[-93.1356189,36.5381064],[-93.1349622,36.5372164],[-93.1338844,36.5360561],[-93.1327444,36.5354961],[-93.1316044,36.5349361],[-93.1305886,36.5346258],[-93.1279119,36.5344456],[-93.1264003,36.5345853],[-93.1251611,36.534985],[-93.1237608,36.5354947],[-93.1228064,36.5360344],[-93.1211703,36.5373742],[-93.1201661,36.5383939],[-93.1197942,36.5390939],[-93.1195953,36.5410136],[-93.1258408,36.541435]]},"properties":{}},{"type":"Feature","geometry":{"type":"LineString","coordinates":[[-93.3693108,36.7147272],[-93.3608136,36.7141731]]},"properties":{}},{"type":"Feature","geometry":{"type":"LineString","coordinates":[[-93.3595928,36.721825],[-93.3685383,36.7224086],[-93.3700711,36.7071661]]},"properties":{}},{"type":"Feature","geometry":{"type":"LineString","coordinates":[[-93.3539275,36.721455],[-93.3503956,36.7058817],[-93.3425972,36.7207144],[-93.3389183,36.7051311],[-93.3318633,36.7200119]]},"properties":{}},{"type":"Feature","geometry":{"type":"LineString","coordinates":[[-93.3271433,36.7043597],[-93.3256019,36.7196017],[-93.3193406,36.7191908],[-93.3179989,36.7191031],[-93.3170283,36.7183144],[-93.3163681,36.7174253],[-93.3164167,36.7169453],[-93.3166597,36.714545],[-93.316845,36.7141947],[-93.3173894,36.7132639],[-93.3190017,36.7121617],[-93.3175839,36.7113436],[-93.316875,36.7109347],[-93.3161906,36.7102858],[-93.3158528,36.7091764],[-93.3161689,36.7060558],[-93.3167011,36.705245],[-93.3178172,36.7045936],[-93.3186111,36.7041625],[-93.3193928,36.7038514],[-93.3271433,36.7043597]]},"properties":{}},{"type":"Feature","geometry":{"type":"LineString","coordinates":[[-93.3263058,36.7126408],[-93.3190017,36.7121617]]},"properties":{}},{"type":"Feature","geometry":{"type":"LineString","coordinates":[[-93.6318486,37.4719733],[-93.6202664,37.4886056],[-93.6088458,37.4719025]]},"properties":{}},{"type":"Feature","geometry":{"type":"LineString","coordinates":[[-93.7095806,37.2883544],[-93.6980442,37.3049944],[-93.6866344,37.2882989]]},"properties":{}},{"type":"Feature","geometry":{"type":"LineString","coordinates":[[-93.2535586,37.2070111],[-93.2419333,37.2236056],[-93.2306383,37.2068656]]},"properties":{}},{"type":"Feature","geometry":{"type":"LineString","coordinates":[[-93.0549842,37.15842],[-93.0433222,37.1749942],[-93.0320792,37.1582356]]},"properties":{}},{"type":"Feature","geometry":{"type":"LineString","coordinates":[[-92.9608453,37.2025961],[-92.9491556,37.2191611],[-92.9379272,37.2023928]]},"properties":{}},{"type":"Feature","geometry":{"type":"LineString","coordinates":[[-92.9472336,37.1781531],[-92.9355444,37.1947164],[-92.9243228,37.1779472]]},"properties":{}},{"type":"Feature","geometry":{"type":"LineString","coordinates":[[-92.9536169,37.1531522],[-92.9419333,37.1697164],[-92.9307139,37.1529478]]},"properties":{}},{"type":"Feature","geometry":{"type":"LineString","coordinates":[[-93.8500447,36.8988969],[-93.8385997,36.91555],[-93.8272181,36.8988689]]},"properties":{}},{"type":"Feature","geometry":{"type":"LineString","coordinates":[[-94.5512931,37.0046611],[-94.5399886,37.0213831],[-94.5284344,37.0047714]]},"properties":{}},{"type":"Feature","geometry":{"type":"LineString","coordinates":[[-94.5679647,37.0635483],[-94.5566553,37.0802719],[-94.5450881,37.0636619]]},"properties":{}},{"type":"Feature","geometry":{"type":"LineString","coordinates":[[-94.56602,37.0591042],[-94.5547108,37.0758275],[-94.5431447,37.0592172]]},"properties":{}},{"type":"Feature","geometry":{"type":"LineString","coordinates":[[-94.5490794,37.0596614],[-94.5377664,37.0763831],[-94.5262042,37.0597711]]},"properties":{}},{"type":"Feature","geometry":{"type":"LineString","coordinates":[[-92.6486722,37.9944622],[-92.6514086,37.9945253],[-92.6527814,37.9944364],[-92.6555575,37.9934164],[-92.6582169,37.9914306],[-92.6591864,37.9898872],[-92.6597131,37.9879728],[-92.6597703,37.9864086],[-92.6595192,37.9849581],[-92.6588164,37.9833764],[-92.6572147,37.9814131],[-92.6566289,37.9807975],[-92.6554392,37.9800478],[-92.6528819,37.9792667],[-92.6496897,37.9791931],[-92.6481611,37.9793986],[-92.6466233,37.979845],[-92.6456981,37.9801847],[-92.6441425,37.9811122],[-92.6427214,37.9825244],[-92.64223,37.9834764],[-92.6417072,37.9852706],[-92.6416008,37.9881581],[-92.6428628,37.9910772],[-92.6437394,37.9920606],[-92.6447725,37.9929275],[-92.6458147,37.9935533],[-92.6461142,37.9936808],[-92.6486722,37.9944622]]},"properties":{}},{"type":"Feature","geometry":{"type":"LineString","coordinates":[[-92.6330733,37.9941019],[-92.6227353,37.9938622],[-92.6227756,37.9927792],[-92.6346978,37.9789675],[-92.6347022,37.9788469],[-92.6226944,37.9785686]]},"properties":{}},{"type":"Feature","geometry":{"type":"LineString","coordinates":[[-92.6067389,37.9919239],[-92.6080622,37.9931589],[-92.6083619,37.9932864],[-92.6103292,37.9935731],[-92.6120106,37.9933714],[-92.6129406,37.9929114],[-92.613875,37.9923311],[-92.6146756,37.9912661],[-92.6147786,37.9884989],[-92.6139067,37.987395],[-92.6133167,37.9868994],[-92.6110633,37.9861244],[-92.6085017,37.9854625],[-92.6067044,37.9846981],[-92.6061233,37.9839619],[-92.6058822,37.9822706],[-92.6062447,37.9807136],[-92.6070406,37.9797689],[-92.6078186,37.9793053],[-92.60844,37.9789586],[-92.6092133,37.9786156],[-92.6108989,37.9782936],[-92.6118108,37.978315],[-92.6127139,37.9785769],[-92.6139119,37.9790864],[-92.6146539,37.9795856],[-92.6156819,37.9805728]]},"properties":{}},{"type":"Feature","geometry":{"type":"LineString","coordinates":[[-93.2797375,37.1861542],[-93.2800006,37.1748014]]},"properties":{}},{"type":"Feature","geometry":{"type":"LineString","coordinates":[[-93.2717628,37.1746789],[-93.2714986,37.1860314]]},"properties":{}},{"type":"Feature","geometry":{"type":"LineString","coordinates":[[-93.2716308,37.1803553],[-93.2798689,37.1804778]]},"properties":{}},{"type":"Feature","geometry":{"type":"LineString","coordinates":[[-93.2635697,37.1802347],[-93.2636175,37.1812989],[-93.2638256,37.1824133],[-93.2642172,37.1835581],[-93.26481,37.1847056],[-93.2656136,37.1858242],[-93.2666275,37.1868775],[-93.2678381,37.1878289],[-93.2692186,37.1886453],[-93.2707317,37.1892989],[-93.2723311,37.1897725],[-93.2739675,37.1900594],[-93.2755928,37.1901633],[-93.2771639,37.1900983],[-93.2786472,37.1898844],[-93.2800175,37.1895467],[-93.28126,37.1891103],[-93.2823978,37.188585],[-93.2835119,37.1879297],[-93.2845786,37.1871333],[-93.2855611,37.186195],[-93.2864197,37.1851211],[-93.2871153,37.1839269],[-93.2876122,37.1826372],[-93.2878839,37.1812847],[-93.2879156,37.1799086],[-93.2877064,37.1785492],[-93.2872694,37.1772456],[-93.2866297,37.1760317],[-93.2858214,37.1749328],[-93.2848831,37.1739661],[-93.2838542,37.1731389],[-93.2827711,37.1724508],[-93.2816589,37.1718925],[-93.2804378,37.1714194],[-93.2790842,37.1710411],[-93.2776125,37.1707833],[-93.2760456,37.1706717],[-93.2744172,37.1707272],[-93.2727689,37.1709653],[-93.2711492,37.1713908],[-93.2696069,37.1719989],[-93.2681894,37.1727733],[-93.2669356,37.1736881],[-93.2658733,37.1747103],[-93.2650181,37.1758039],[-93.2643722,37.1769331],[-93.2639272,37.1780653],[-93.2636672,37.1791728],[-93.2635697,37.1802347]]},"properties":{}}]}