{"type":"FeatureCollection","features":[{"type":"Feature","geometry":{"type":"LineString","coordinates":[[0.0,0.0],[0.0,0.0]]},"properties":{}},{"type":"Feature","geometry":{"type":"LineString","coordinates":[[-90.4310461,38.6346686],[-90.4340544,38.6342131],[-90.4367508,38.6330717],[-90.4388881,38.6313497],[-90.44027,38.6292047],[-90.4407606,38.6270972],[-90.4413417,38.6294569],[-90.4427967,38.6315719],[-90.4449922,38.6332481],[-90.4477267,38.6343319],[-90.4504139,38.6347164]]},"properties":{}},{"type":"Feature","geometry":{"type":"LineString","coordinates":[[-90.4454889,38.6358953],[-90.4483092,38.6349561],[-90.4504139,38.6347164]]},"properties":{}},{"type":"Feature","geometry":{"type":"LineString","coordinates":[[-90.4388856,38.6380539],[-90.4367714,38.6363144],[-90.4340903,38.6351508],[-90.4310883,38.6346703],[-90.4310461,38.6346686]]},"properties":{}},{"type":"Feature","geometry":{"type":"LineString","coordinates":[[-90.4402228,38.6293156],[-90.437335,38.5969058]]},"properties":{}},{"type":"Feature","geometry":{"type":"LineString","coordinates":[[-90.4363675,38.5860439],[-90.4328736,38.5468108]]},"properties":{}},{"type":"Feature","geometry":{"type":"LineString","coordinates":[[-90.4331831,38.5364156],[-90.4425417,38.4797683]]},"properties":{}},{"type":"Feature","geometry":{"type":"LineString","coordinates":[[-91.92922,38.0007714],[-91.8651014,38.0329892]]},"properties":{}},{"type":"Feature","geometry":{"type":"LineString","coordinates":[[-91.858405,38.0370311],[-91.8020383,38.0777017]]},"properties":{}},{"type":"Feature","geometry":{"type":"LineString","coordinates":[[-91.8589831,38.0322042],[-91.8255258,37.9976]]},"properties":{}},{"type":"Feature","geometry":{"type":"LineString","coordinates":[[-91.8204183,37.9923153],[-91.7947911,37.9657917]]},"properties":{}},{"type":"Feature","geometry":{"type":"LineString","coordinates":[[-92.157375,37.9509542],[-92.0964217,37.9148672]]},"properties":{}},{"type":"Feature","geometry":{"type":"LineString","coordinates":[[-92.0891328,37.9112933],[-92.0216792,37.8842667]]},"properties":{}},{"type":"Feature","geometry":{"type":"LineString","coordinates":[[-92.0952525,37.9099789],[-92.1241492,37.8730589]]},"properties":{}},{"type":"Feature","geometry":{"type":"LineString","coordinates":[[-92.1286561,37.8672983],[-92.1529867,37.8361922]]},"properties":{}},{"type":"Feature","geometry":{"type":"LineString","coordinates":[[-92.79183,37.7056592],[-92.7368311,37.7472878]]},"properties":{}},{"type":"Feature","geometry":{"type":"LineString","coordinates":[[-92.731365,37.7522208],[-92.6862819,37.8007297]]},"properties":{}},{"type":"Feature","geometry":{"type":"LineString","coordinates":[[-92.7308122,37.7474058],[-92.6895658,37.7185397]]},"properties":{}},{"type":"Feature","geometry":{"type":"LineString","coordinates":[[-92.6833664,37.7142003],[-92.6485983,37.6898592]]},"properties":{}},{"type":"Feature","geometry":{"type":"LineString","coordinates":[[-93.5480625,37.5496172],[-93.4762997,37.5360289]]},"properties":{}},{"type":"Feature","geometry":{"type":"LineString","coordinates":[[-93.4671436,37.5336639],[-93.3983225,37.5099161]]},"properties":{}},{"type":"Feature","geometry":{"type":"LineString","coordinates":[[-93.4696894,37.5386728],[-93.4527889,37.5791331]]},"properties":{}},{"type":"Feature","geometry":{"type":"LineString","coordinates":[[-93.4497797,37.5863344],[-93.4355842,37.6202992]]},"properties":{}},{"type":"Feature","geometry":{"type":"LineString","coordinates":[[-93.2623586,37.3160664],[-93.2107342,37.2720194]]},"properties":{}},{"type":"Feature","geometry":{"type":"LineString","coordinates":[[-93.2037236,37.2682439],[-93.1345292,37.2459817]]},"properties":{}},{"type":"Feature","geometry":{"type":"LineString","coordinates":[[-93.2100964,37.2667275],[-93.2388439,37.2298192]]},"properties":{}},{"type":"Feature","geometry":{"type":"LineString","coordinates":[[-93.2433058,37.2240889],[-93.2498742,37.2156544]]},"properties":{}},{"type":"Feature","geometry":{"type":"LineString","coordinates":[[-93.2543356,37.2099247],[-93.2675172,37.1929883]]},"properties":{}},{"type":"Feature","geometry":{"type":"LineString","coordinates":[[-93.2878936,37.1689656],[-93.3146778,37.1391208]]},"properties":{}},{"type":"Feature","geometry":{"type":"LineString","coordinates":[[-93.3195175,37.1337269],[-93.3512683,37.0983264]]},"properties":{}},{"type":"Feature","geometry":{"type":"LineString","coordinates":[[-93.4276406,37.117965],[-93.3580975,37.0969447]]},"properties":{}},{"type":"Feature","geometry":{"type":"LineString","coordinates":[[-93.3504475,37.0936717],[-93.2901278,37.0576186]]},"properties":{}},{"type":"Feature","geometry":{"type":"LineString","coordinates":[[-93.4815636,36.7928556],[-93.4111419,36.8038889]]},"properties":{}},{"type":"Feature","geometry":{"type":"LineString","coordinates":[[-93.4011036,36.8061433],[-93.3322808,36.8273592]]},"properties":{}},{"type":"Feature","geometry":{"type":"LineString","coordinates":[[-93.4042044,36.800845],[-93.3898242,36.7605203]]},"properties":{}},{"type":"Feature","geometry":{"type":"LineString","coordinates":[[-93.3869864,36.7525594],[-93.3749592,36.7188114]]},"properties":{}},{"type":"Feature","geometry":{"type":"LineString","coordinates":[[-93.1889081,36.3451019],[-93.1191989,36.3412825]]},"properties":{}},{"type":"Feature","geometry":{"type":"LineString","coordinates":[[-93.1058983,36.3414994],[-93.0367797,36.3474506]]},"properties":{}},{"type":"Feature","geometry":{"type":"LineString","coordinates":[[-93.1124369,36.3337017],[-93.1115797,36.2975747]]},"properties":{}},{"type":"Feature","geometry":{"type":"LineString","coordinates":[[-93.1112453,36.2834728],[-93.1107881,36.2642003]]},"properties":{}},{"type":"Feature","geometry":{"type":"LineString","coordinates":[[-93.60434,36.24169],[-93.5344172,36.2542717]]},"properties":{}},{"type":"Feature","geometry":{"type":"LineString","coordinates":[[-93.5204269,36.2555292],[-93.45448,36.2578367]]},"properties":{}},{"type":"Feature","geometry":{"type":"LineString","coordinates":[[-93.5299658,36.2604003],[-93.5364092,36.3000461]]},"properties":{}},{"type":"Feature","geometry":{"type":"LineString","coordinates":[[-93.5380614,36.3102064],[-93.5417919,36.3331403]]},"properties":{}},{"type":"Feature","geometry":{"type":"LineString","coordinates":[[-93.5434447,36.3433022],[-93.5436756,36.3447222]]},"properties":{}},{"type":"Feature","geometry":{"type":"LineString","coordinates":[[-94.2612372,36.4816547],[-94.2362067,36.4261208]]},"properties":{}},{"type":"Feature","geometry":{"type":"LineString","coordinates":[[-94.2328947,36.4187697],[-94.2100717,36.3680947]]},"properties":{}},{"type":"Feature","geometry":{"type":"LineString","coordinates":[[-94.2067631,36.3607453],[-94.1896008,36.3226133]]},"properties":{}},{"type":"Feature","geometry":{"type":"LineString","coordinates":[[-94.2311228,36.4243764],[-94.1708389,36.4597383]]},"properties":{}},{"type":"Feature","geometry":{"type":"LineString","coordinates":[[-94.1400319,36.1113036],[-94.1390631,36.1114636]]},"properties":{}},{"type":"Feature","geometry":{"type":"LineString","coordinates":[[-94.1279389,36.1132981],[-94.0987458,36.1181092]]},"properties":{}},{"type":"Feature","geometry":{"type":"LineString","coordinates":[[-94.0876269,36.1199425],[-94.0380561,36.1281131]]},"properties":{}},{"type":"Feature","geometry":{"type":"LineString","coordinates":[[-94.0300419,36.1316053],[-93.9837053,36.1788211]]},"properties":{}},{"type":"Feature","geometry":{"type":"LineString","coordinates":[[-94.0311619,36.1251208],[-94.0106419,36.0688714]]},"properties":{}},{"type":"Feature","geometry":{"type":"LineString","coordinates":[[-91.7826328,37.9632453],[-91.78515,37.96288]]},"properties":{}},{"type":"Feature","geometry":{"type":"LineString","coordinates":[[-91.7946633,37.9604361],[-91.7970086,37.9619628],[-91.7998239,37.9628633],[-91.8018231,37.9630722]]},"properties":{}},{"type":"Feature","geometry":{"type":"LineString","coordinates":[[-91.7923372,37.9707558],[-91.7928886,37.9683917],[-91.7943086,37.9662669],[-91.7964669,37.9645761],[-91.7991656,37.9634744],[-91.8018231,37.9630722]]},"properties":{}},{"type":"Feature","geometry":{"type":"LineString","coordinates":[[-91.7923372,37.9707558],[-91.7917178,37.9684022],[-91.7902372,37.9663036],[-91.7880308,37.9646522],[-91.7853011,37.9635992],[-91.7826328,37.9632453]]},"properties":{}},{"type":"Feature","geometry":{"type":"LineString","coordinates":[[-92.1457061,37.8334692],[-92.1486708,37.83297],[-92.1513114,37.8317897],[-92.1529019,37.8305492]]},"properties":{}},{"type":"Feature","geometry":{"type":"LineString","coordinates":[[-92.1623389,37.8329256],[-92.1648614,37.8332369]]},"properties":{}},{"type":"Feature","geometry":{"type":"LineString","coordinates":[[-92.15543,37.8409497],[-92.1559689,37.8385842],[-92.1573761,37.836455],[-92.1595222,37.8347575],[-92.1622108,37.8336472],[-92.1648614,37.8332369]]},"properties":{}},{"type":"Feature","geometry":{"type":"LineString","coordinates":[[-92.15543,37.8409497],[-92.1548003,37.8385983],[-92.1533119,37.8365042],[-92.1511014,37.8348594],[-92.1483714,37.833815],[-92.1457061,37.8334692]]},"properties":{}},{"type":"Feature","geometry":{"type":"LineString","coordinates":[[-92.6459906,37.6825897],[-92.6475361,37.6846561],[-92.6497892,37.6862603],[-92.6525433,37.6872544],[-92.6550364,37.6875497]]},"properties":{}},{"type":"Feature","geometry":{"type":"LineString","coordinates":[[-92.645675,37.6953019],[-92.6461969,37.6929339],[-92.6475872,37.6907989],[-92.6497181,37.6890922],[-92.6523939,37.6879708],[-92.6550364,37.6875497]]},"properties":{}},{"type":"Feature","geometry":{"type":"LineString","coordinates":[[-92.645675,37.6953019],[-92.6450308,37.6929531],[-92.6435314,37.690865],[-92.6417919,37.6895039]]},"properties":{}},{"type":"Feature","geometry":{"type":"LineString","coordinates":[[-93.4315083,37.6213486],[-93.4330775,37.6192942],[-93.4338014,37.61696],[-93.4338408,37.6163508],[-93.4345092,37.618695],[-93.4360294,37.6207728],[-93.4382619,37.6223933],[-93.4410019,37.6234075],[-93.4436656,37.6237239]]},"properties":{}},{"type":"Feature","geometry":{"type":"LineString","coordinates":[[-93.4343953,37.6315389],[-93.4348917,37.6291675],[-93.4362578,37.6270233],[-93.4383683,37.6253025],[-93.4410297,37.6241631],[-93.4436656,37.6237239]]},"properties":{}},{"type":"Feature","geometry":{"type":"LineString","coordinates":[[-93.4343953,37.6315389],[-93.4337267,37.6291944],[-93.4329089,37.6279022]]},"properties":{}},{"type":"Feature","geometry":{"type":"LineString","coordinates":[[-93.2603,37.1903711],[-93.2632317,37.1898436],[-93.2658317,37.1886381],[-93.2676875,37.1870658]]},"properties":{}},{"type":"Feature","geometry":{"type":"LineString","coordinates":[[-93.2735344,37.1884039],[-93.2761936,37.1895233],[-93.2791497,37.1899544],[-93.279285,37.1899569]]},"properties":{}},{"type":"Feature","geometry":{"type":"LineString","coordinates":[[-93.2700514,37.1977586],[-93.2705503,37.1953881],[-93.2719133,37.1932456],[-93.2740156,37.1915278],[-93.2766639,37.1903922],[-93.279285,37.1899569]]},"properties":{}},{"type":"Feature","geometry":{"type":"LineString","coordinates":[[-93.2700514,37.1977586],[-93.2693919,37.1954133],[-93.267885,37.1933333],[-93.2656689,37.1917097],[-93.2629469,37.1906914],[-93.2603,37.1903711]]},"properties":{}},{"type":"Feature","geometry":{"type":"LineString","coordinates":[[-93.2807247,37.1706603],[-93.2829722,37.169065],[-93.2845197,37.1670044],[-93.2852253,37.1646678],[-93.28526,37.1641089],[-93.2859197,37.1664542],[-93.2874267,37.1685339],[-93.2896425,37.1701569],[-93.2923642,37.1711747],[-93.2950106,37.1714944]]},"properties":{}},{"type":"Feature","geometry":{"type":"LineString","coordinates":[[-93.285965,37.1778858],[-93.2869831,37.1756239],[-93.2888003,37.1737097],[-93.2912506,37.1723183],[-93.2941086,37.1715781],[-93.2950106,37.1714944]]},"properties":{}},{"type":"Feature","geometry":{"type":"LineString","coordinates":[[-93.3641189,36.7150322],[-93.3670314,36.7145022],[-93.3681083,36.7140997]]},"properties":{}},{"type":"Feature","geometry":{"type":"LineString","coordinates":[[-93.3764617,36.7125208],[-93.3789447,36.7138561],[-93.38181,36.7145319],[-93.3829828,36.7146011]]},"properties":{}},{"type":"Feature","geometry":{"type":"LineString","coordinates":[[-93.3738186,36.7224108],[-93.3743108,36.7200397],[-93.3756625,36.7178958],[-93.3777492,36.7161764],[-93.3803794,36.7150386],[-93.3829828,36.7146011]]},"properties":{}},{"type":"Feature","geometry":{"type":"LineString","coordinates":[[-93.3738186,36.7224108],[-93.37316,36.7200658],[-93.3716594,36.7179875],[-93.369455,36.7163658],[-93.3667489,36.71535],[-93.3641189,36.7150322]]},"properties":{}},{"type":"Feature","geometry":{"type":"LineString","coordinates":[[-93.1010456,36.2475553],[-93.1039419,36.2470319],[-93.1064025,36.2459]]},"properties":{}},{"type":"Feature","geometry":{"type":"LineString","coordinates":[[-93.1139117,36.2454789],[-93.1164978,36.2466581],[-93.1194014,36.2471556],[-93.1197942,36.2471672]]},"properties":{}},{"type":"Feature","geometry":{"type":"LineString","coordinates":[[-93.1106594,36.2549547],[-93.1111569,36.252585],[-93.1125078,36.2504444],[-93.1145878,36.24873],[-93.1172061,36.2475983],[-93.1197942,36.2471672]]},"properties":{}},{"type":"Feature","geometry":{"type":"LineString","coordinates":[[-93.1106594,36.2549547],[-93.1100131,36.2526086],[-93.1085289,36.2505269],[-93.1063436,36.2489006],[-93.1036572,36.2478789],[-93.1010456,36.2475553]]},"properties":{}},{"type":"Feature","geometry":{"type":"LineString","coordinates":[[-93.5351344,36.3499906],[-93.5380317,36.3494561],[-93.5405983,36.3482447],[-93.5425986,36.3464669],[-93.5438489,36.3442864],[-93.5442367,36.3421689],[-93.5448972,36.3445128],[-93.546395,36.3465886],[-93.5485928,36.3482067],[-93.5511,36.3491725]]},"properties":{}},{"type":"Feature","geometry":{"type":"LineString","coordinates":[[-93.54265,36.3529392],[-93.5404542,36.3513194],[-93.5377594,36.3503061],[-93.5351344,36.3499906]]},"properties":{}},{"type":"Feature","geometry":{"type":"LineString","coordinates":[[-94.1363611,36.1107061],[-94.1392447,36.1101567],[-94.1417933,36.1089317],[-94.1437731,36.1071439],[-94.1450022,36.1049569],[-94.1453719,36.1028378],[-94.1460492,36.1051778],[-94.1465814,36.1060817]]},"properties":{}},{"type":"Feature","geometry":{"type":"LineString","coordinates":[[-94.1460583,36.1180181],[-94.1465225,36.1156442],[-94.1478411,36.1134919],[-94.1482914,36.1130128]]},"properties":{}},{"type":"Feature","geometry":{"type":"LineString","coordinates":[[-94.1460583,36.1180181],[-94.1453808,36.1156781],[-94.1438711,36.11361],[-94.1416678,36.1120036],[-94.1389728,36.1110061],[-94.1363611,36.1107061]]},"properties":{}},{"type":"Feature","geometry":{"type":"LineString","coordinates":[[-94.1785742,36.3192122],[-94.1814656,36.3186617],[-94.1827086,36.3181714]]},"properties":{}},{"type":"Feature","geometry":{"type":"LineString","coordinates":[[-94.1907789,36.3165806],[-94.1932525,36.3179111],[-94.1961053,36.3185811],[-94.1973336,36.3186483]]},"properties":{}},{"type":"Feature","geometry":{"type":"LineString","coordinates":[[-94.1883025,36.3265214],[-94.1887664,36.3241472],[-94.1900878,36.3219942],[-94.1921447,36.3202603],[-94.1947489,36.3191042],[-94.1973336,36.3186483]]},"properties":{}},{"type":"Feature","geometry":{"type":"LineString","coordinates":[[-94.1883025,36.3265214],[-94.1876219,36.3241817],[-94.1861069,36.3221139],[-94.1838967,36.3205081],[-94.1811939,36.3195114],[-94.1785742,36.3192122]]},"properties":{}},{"type":"Feature","geometry":{"type":"LineString","coordinates":[[-91.7944481,38.0812561],[-91.7921722,38.0819361]]},"properties":{}},{"type":"Feature","geometry":{"type":"LineString","coordinates":[[-91.7536936,38.0934203],[-91.7514169,38.0940994]]},"properties":{}},{"type":"Feature","geometry":{"type":"LineString","coordinates":[[-91.7129256,38.1055703],[-91.7106481,38.1062486]]},"properties":{}},{"type":"Feature","geometry":{"type":"LineString","coordinates":[[-91.6721439,38.1177061],[-91.6698658,38.1183836]]},"properties":{}},{"type":"Feature","geometry":{"type":"LineString","coordinates":[[-91.6313492,38.1298281],[-91.6290703,38.1305044]]},"properties":{}},{"type":"Feature","geometry":{"type":"LineString","coordinates":[[-91.5905406,38.1419356],[-91.5882611,38.1426111]]},"properties":{}},{"type":"Feature","geometry":{"type":"LineString","coordinates":[[-91.5497189,38.1540289],[-91.5474383,38.1547039]]},"properties":{}},{"type":"Feature","geometry":{"type":"LineString","coordinates":[[-91.5088836,38.1661081],[-91.5066025,38.1667822]]},"properties":{}},{"type":"Feature","geometry":{"type":"LineString","coordinates":[[-91.468035,38.1781731],[-91.4657531,38.1788464]]},"properties":{}},{"type":"Feature","geometry":{"type":"LineString","coordinates":[[-91.4271728,38.1902239],[-91.4248903,38.1908964]]},"properties":{}},{"type":"Feature","geometry":{"type":"LineString","coordinates":[[-91.3862972,38.2022603],[-91.3840139,38.2029322]]},"properties":{}},{"type":"Feature","geometry":{"type":"LineString","coordinates":[[-91.3454083,38.2142828],[-91.3431242,38.2149539]]},"properties":{}},{"type":"Feature","geometry":{"type":"LineString","coordinates":[[-91.3045061,38.2262908],[-91.3022211,38.2269611]]},"properties":{}},{"type":"Feature","geometry":{"type":"LineString","coordinates":[[-91.2635903,38.238285],[-91.2613047,38.2389544]]},"properties":{}},{"type":"Feature","geometry":{"type":"LineString","coordinates":[[-91.2226614,38.2502647],[-91.220375,38.2509333]]},"properties":{}},{"type":"Feature","geometry":{"type":"LineString","coordinates":[[-91.1817189,38.26223],[-91.1794319,38.2628981]]},"properties":{}},{"type":"Feature","geometry":{"type":"LineString","coordinates":[[-91.1407633,38.2741814],[-91.1384753,38.2748483]]},"properties":{}},{"type":"Feature","geometry":{"type":"LineString","coordinates":[[-91.0997942,38.2861183],[-91.0975056,38.2867847]]},"properties":{}},{"type":"Feature","geometry":{"type":"LineString","coordinates":[[-91.0588117,38.2980411],[-91.0565225,38.2987067]]},"properties":{}},{"type":"Feature","geometry":{"type":"LineString","coordinates":[[-91.0178161,38.3099494],[-91.0155258,38.3106142]]},"properties":{}},{"type":"Feature","geometry":{"type":"LineString","coordinates":[[-90.9768069,38.3218439],[-90.9745161,38.3225078]]},"properties":{}},{"type":"Feature","geometry":{"type":"LineString","coordinates":[[-90.9357844,38.3337236],[-90.9334931,38.3343867]]},"properties":{}},{"type":"Feature","geometry":{"type":"LineString","coordinates":[[-90.8947489,38.3455894],[-90.8924567,38.3462517]]},"properties":{}},{"type":"Feature","geometry":{"type":"LineString","coordinates":[[-90.8537,38.3574406],[-90.8514069,38.3581022]]},"properties":{}},{"type":"Feature","geometry":{"type":"LineString","coordinates":[[-90.8126378,38.3692778],[-90.8103442,38.3699383]]},"properties":{}},{"type":"Feature","geometry":{"type":"LineString","coordinates":[[-90.7715622,38.3811003],[-90.7692678,38.3817603]]},"properties":{}},{"type":"Feature","geometry":{"type":"LineString","coordinates":[[-90.7304736,38.3929089],[-90.7281783,38.3935678]]},"properties":{}},{"type":"Feature","geometry":{"type":"LineString","coordinates":[[-90.6893717,38.4047031],[-90.6870756,38.4053611]]},"properties":{}},{"type":"Feature","geometry":{"type":"LineString","coordinates":[[-90.6482564,38.4164828],[-90.6459597,38.41714]]},"properties":{}},{"type":"Feature","geometry":{"type":"LineString","coordinates":[[-90.6071281,38.4282481],[-90.6048306,38.4289047]]},"properties":{}},{"type":"Feature","geometry":{"type":"LineString","coordinates":[[-90.5659864,38.4399992],[-90.5636881,38.440655]]},"properties":{}},{"type":"Feature","geometry":{"type":"LineString","coordinates":[[-90.5248317,38.4517358],[-90.5225325,38.4523908]]},"properties":{}},{"type":"Feature","geometry":{"type":"LineString","coordinates":[[-90.4836636,38.4634583],[-90.4813639,38.4641125]]},"properties":{}},{"type":"Feature","geometry":{"type":"LineString","coordinates":[[-91.9350433,37.9959739],[-91.9362592,37.9943089]]},"properties":{}},{"type":"Feature","geometry":{"type":"LineString","coordinates":[[-91.9568061,37.9661608],[-91.9580211,37.9644956]]},"properties":{}},{"type":"Feature","geometry":{"type":"LineString","coordinates":[[-91.9785514,37.9363436],[-91.9797653,37.9346783]]},"properties":{}},{"type":"Feature","geometry":{"type":"LineString","coordinates":[[-92.0002789,37.9065225],[-92.0014919,37.9048567]]},"properties":{}},{"type":"Feature","geometry":{"type":"LineString","coordinates":[[-91.9380733,37.9979483],[-91.9404289,37.9974747]]},"properties":{}},{"type":"Feature","geometry":{"type":"LineString","coordinates":[[-91.9802403,37.9894639],[-91.982595,37.9889894]]},"properties":{}},{"type":"Feature","geometry":{"type":"LineString","coordinates":[[-92.0223972,37.9809642],[-92.0247517,37.9804889]]},"properties":{}},{"type":"Feature","geometry":{"type":"LineString","coordinates":[[-92.0645447,37.9724494],[-92.0668983,37.9719733]]},"properties":{}},{"type":"Feature","geometry":{"type":"LineString","coordinates":[[-92.1066822,37.9639194],[-92.1090353,37.9634428]]},"properties":{}},{"type":"Feature","geometry":{"type":"LineString","coordinates":[[-92.14881,37.9553744],[-92.1511628,37.9548969]]},"properties":{}},{"type":"Feature","geometry":{"type":"LineString","coordinates":[[-92.6792753,37.8047586],[-92.6769975,37.8054156]]},"properties":{}},{"type":"Feature","geometry":{"type":"LineString","coordinates":[[-92.6384833,37.8165158],[-92.6362047,37.8171722]]},"properties":{}},{"type":"Feature","geometry":{"type":"LineString","coordinates":[[-92.5976783,37.8282592],[-92.5953992,37.8289144]]},"properties":{}},{"type":"Feature","geometry":{"type":"LineString","coordinates":[[-92.5568606,37.8399881],[-92.5545806,37.8406428]]},"properties":{}},{"type":"Feature","geometry":{"type":"LineString","coordinates":[[-92.5160297,37.8517028],[-92.5137489,37.8523567]]},"properties":{}},{"type":"Feature","geometry":{"type":"LineString","coordinates":[[-92.4751858,37.8634033],[-92.4729042,37.8640564]]},"properties":{}},{"type":"Feature","geometry":{"type":"LineString","coordinates":[[-92.4343289,37.8750894],[-92.4320467,37.8757419]]},"properties":{}},{"type":"Feature","geometry":{"type":"LineString","coordinates":[[-92.3934592,37.8867617],[-92.3911761,37.8874131]]},"properties":{}},{"type":"Feature","geometry":{"type":"LineString","coordinates":[[-92.3525767,37.8984194],[-92.3502928,37.89907]]},"properties":{}},{"type":"Feature","geometry":{"type":"LineString","coordinates":[[-92.3116808,37.9100628],[-92.3093964,37.9107128]]},"properties":{}},{"type":"Feature","geometry":{"type":"LineString","coordinates":[[-92.2707725,37.9216922],[-92.2684872,37.9223411]]},"properties":{}},{"type":"Feature","geometry":{"type":"LineString","coordinates":[[-92.2298511,37.9333072],[-92.227565,37.9339556]]},"properties":{}},{"type":"Feature","geometry":{"type":"LineString","coordinates":[[-92.1889167,37.9449078],[-92.18663,37.9455553]]},"properties":{}},{"type":"Feature","geometry":{"type":"LineString","coordinates":[[-93.3897011,37.5099108],[-93.3874694,37.5106444]]},"properties":{}},{"type":"Feature","geometry":{"type":"LineString","coordinates":[[-93.3497381,37.5230392],[-93.3475058,37.5237722]]},"properties":{}},{"type":"Feature","geometry":{"type":"LineString","coordinates":[[-93.3097611,37.5361542],[-93.3075281,37.5368861]]},"properties":{}},{"type":"Feature","geometry":{"type":"LineString","coordinates":[[-93.26977,37.5492553],[-93.2675358,37.5499864]]},"properties":{}},{"type":"Feature","geometry":{"type":"LineString","coordinates":[[-93.2297647,37.5623425],[-93.2275297,37.5630731]]},"properties":{}},{"type":"Feature","geometry":{"type":"LineString","coordinates":[[-93.189745,37.5754164],[-93.1875094,37.5761461]]},"properties":{}},{"type":"Feature","geometry":{"type":"LineString","coordinates":[[-93.1497117,37.5884764],[-93.1474753,37.5892053]]},"properties":{}},{"type":"Feature","geometry":{"type":"LineString","coordinates":[[-93.1096639,37.6015225],[-93.1074267,37.6022508]]},"properties":{}},{"type":"Feature","geometry":{"type":"LineString","coordinates":[[-93.0696019,37.614555],[-93.0673642,37.6152825]]},"properties":{}},{"type":"Feature","geometry":{"type":"LineString","coordinates":[[-93.0295261,37.6275739],[-93.0272875,37.6283006]]},"properties":{}},{"type":"Feature","geometry":{"type":"LineString","coordinates":[[-92.9894361,37.6405789],[-92.9871967,37.641305]]},"properties":{}},{"type":"Feature","geometry":{"type":"LineString","coordinates":[[-92.9493319,37.6535703],[-92.9470917,37.6542956]]},"properties":{}},{"type":"Feature","geometry":{"type":"LineString","coordinates":[[-92.9092139,37.6665478],[-92.9069728,37.6672722]]},"properties":{}},{"type":"Feature","geometry":{"type":"LineString","coordinates":[[-92.8690817,37.6795117],[-92.8668397,37.6802353]]},"properties":{}},{"type":"Feature","geometry":{"type":"LineString","coordinates":[[-92.8289353,37.6924617],[-92.8266928,37.6931844]]},"properties":{}},{"type":"Feature","geometry":{"type":"LineString","coordinates":[[-92.8183994,37.6744789],[-92.8197144,37.6728647]]},"properties":{}},{"type":"Feature","geometry":{"type":"LineString","coordinates":[[-92.8419389,37.6455753],[-92.8432531,37.6439606]]},"properties":{}},{"type":"Feature","geometry":{"type":"LineString","coordinates":[[-92.8654597,37.6166667],[-92.8667731,37.6150519]]},"properties":{}},{"type":"Feature","geometry":{"type":"LineString","coordinates":[[-92.8889625,37.5877536],[-92.8902747,37.5861386]]},"properties":{}},{"type":"Feature","geometry":{"type":"LineString","coordinates":[[-92.9124469,37.5588356],[-92.9137581,37.5572203]]},"properties":{}},{"type":"Feature","geometry":{"type":"LineString","coordinates":[[-92.9359131,37.5299128],[-92.9372231,37.5282972]]},"properties":{}},{"type":"Feature","geometry":{"type":"LineString","coordinates":[[-92.9593606,37.5009853],[-92.9606697,37.4993697]]},"properties":{}},{"type":"Feature","geometry":{"type":"LineString","coordinates":[[-92.98279,37.4720533],[-92.9840981,37.4704372]]},"properties":{}},{"type":"Feature","geometry":{"type":"LineString","coordinates":[[-93.0062011,37.4431164],[-93.0075081,37.4415]]},"properties":{}},{"type":"Feature","geometry":{"type":"LineString","coordinates":[[-93.0295942,37.4141747],[-93.0309,37.4125583]]},"properties":{}},{"type":"Feature","geometry":{"type":"LineString","coordinates":[[-93.1126228,37.2760231],[-93.11164,37.2777783]]},"properties":{}},{"type":"Feature","geometry":{"type":"LineString","coordinates":[[-93.0950169,37.3074519],[-93.0940333,37.3092072]]},"properties":{}},{"type":"Feature","geometry":{"type":"LineString","coordinates":[[-93.0773964,37.3388781],[-93.0764117,37.3406333]]},"properties":{}},{"type":"Feature","geometry":{"type":"LineString","coordinates":[[-93.0597608,37.3703017],[-93.0587753,37.3720567]]},"properties":{}},{"type":"Feature","geometry":{"type":"LineString","coordinates":[[-93.3900161,37.5070889],[-93.3877908,37.5063433]]},"properties":{}},{"type":"Feature","geometry":{"type":"LineString","coordinates":[[-93.3501817,37.4937314],[-93.3479575,37.4929847]]},"properties":{}},{"type":"Feature","geometry":{"type":"LineString","coordinates":[[-93.3103617,37.48036],[-93.3081381,37.4796128]]},"properties":{}},{"type":"Feature","geometry":{"type":"LineString","coordinates":[[-93.2705561,37.4669753],[-93.2683333,37.4662272]]},"properties":{}},{"type":"Feature","geometry":{"type":"LineString","coordinates":[[-93.2307647,37.4535769],[-93.2285428,37.4528283]]},"properties":{}},{"type":"Feature","geometry":{"type":"LineString","coordinates":[[-93.1909878,37.440165],[-93.1887667,37.4394156]]},"properties":{}},{"type":"Feature","geometry":{"type":"LineString","coordinates":[[-93.1512253,37.4267397],[-93.149005,37.4259894]]},"properties":{}},{"type":"Feature","geometry":{"type":"LineString","coordinates":[[-93.1114772,37.4133006],[-93.1092575,37.4125497]]},"properties":{}},{"type":"Feature","geometry":{"type":"LineString","coordinates":[[-93.0717433,37.3998481],[-93.0695247,37.3990964]]},"properties":{}},{"type":"Feature","geometry":{"type":"LineString","coordinates":[[-93.1540358,37.2159075],[-93.1553658,37.2143053]]},"properties":{}},{"type":"Feature","geometry":{"type":"LineString","coordinates":[[-93.1778397,37.1872183],[-93.1791686,37.1856158]]},"properties":{}},{"type":"Feature","geometry":{"type":"LineString","coordinates":[[-93.201625,37.1585247],[-93.2029531,37.1569219]]},"properties":{}},{"type":"Feature","geometry":{"type":"LineString","coordinates":[[-93.2253922,37.1298261],[-93.2267192,37.1282231]]},"properties":{}},{"type":"Feature","geometry":{"type":"LineString","coordinates":[[-93.2491408,37.1011228],[-93.2504667,37.0995194]]},"properties":{}},{"type":"Feature","geometry":{"type":"LineString","coordinates":[[-93.2728714,37.0724147],[-93.2741964,37.0708111]]},"properties":{}},{"type":"Feature","geometry":{"type":"LineString","coordinates":[[-93.3217208,36.8627872],[-93.3213767,36.8646903]]},"properties":{}},{"type":"Feature","geometry":{"type":"LineString","coordinates":[[-93.3155556,36.8968606],[-93.3152111,36.8987636]]},"properties":{}},{"type":"Feature","geometry":{"type":"LineString","coordinates":[[-93.3093847,36.9309339],[-93.30904,36.9328369]]},"properties":{}},{"type":"Feature","geometry":{"type":"LineString","coordinates":[[-93.3032083,36.9650069],[-93.3028631,36.96691]]},"properties":{}},{"type":"Feature","geometry":{"type":"LineString","coordinates":[[-93.2970261,36.99908],[-93.2966806,37.0009831]]},"properties":{}},{"type":"Feature","geometry":{"type":"LineString","coordinates":[[-93.2908383,37.0331528],[-93.2904925,37.0350556]]},"properties":{}},{"type":"Feature","geometry":{"type":"LineString","coordinates":[[-93.4909442,36.7901964],[-93.4929967,36.78921]]},"properties":{}},{"type":"Feature","geometry":{"type":"LineString","coordinates":[[-93.527685,36.7725314],[-93.5297367,36.7715447]]},"properties":{}},{"type":"Feature","geometry":{"type":"LineString","coordinates":[[-93.5644086,36.754855],[-93.5664592,36.7538675]]},"properties":{}},{"type":"Feature","geometry":{"type":"LineString","coordinates":[[-93.6011147,36.7371669],[-93.6031644,36.7361786]]},"properties":{}},{"type":"Feature","geometry":{"type":"LineString","coordinates":[[-93.6378036,36.7194672],[-93.6398522,36.7184783]]},"properties":{}},{"type":"Feature","geometry":{"type":"LineString","coordinates":[[-93.674475,36.7017561],[-93.6765228,36.7007667]]},"properties":{}},{"type":"Feature","geometry":{"type":"LineString","coordinates":[[-93.7111292,36.6840333],[-93.7131758,36.6830431]]},"properties":{}},{"type":"Feature","geometry":{"type":"LineString","coordinates":[[-93.7477661,36.6662989],[-93.7498119,36.6653081]]},"properties":{}},{"type":"Feature","geometry":{"type":"LineString","coordinates":[[-93.7843856,36.6485531],[-93.7864303,36.6475617]]},"properties":{}},{"type":"Feature","geometry":{"type":"LineString","coordinates":[[-93.8209878,36.6307956],[-93.8230314,36.6298036]]},"properties":{}},{"type":"Feature","geometry":{"type":"LineString","coordinates":[[-93.8575725,36.6130267],[-93.8596153,36.6120339]]},"properties":{}},{"type":"Feature","geometry":{"type":"LineString","coordinates":[[-93.89414,36.5952464],[-93.8961819,36.5942528]]},"properties":{}},{"type":"Feature","geometry":{"type":"LineString","coordinates":[[-93.9306903,36.5774544],[-93.9327311,36.5764603]]},"properties":{}},{"type":"Feature","geometry":{"type":"LineString","coordinates":[[-93.9672231,36.5596508],[-93.9692628,36.5586564]]},"properties":{}},{"type":"Feature","geometry":{"type":"LineString","coordinates":[[-94.0037386,36.5418361],[-94.0057775,36.5408408]]},"properties":{}},{"type":"Feature","geometry":{"type":"LineString","coordinates":[[-94.0402367,36.5240097],[-94.0422744,36.5230136]]},"properties":{}},{"type":"Feature","geometry":{"type":"LineString","coordinates":[[-94.0767175,36.5061717],[-94.0787544,36.5051753]]},"properties":{}},{"type":"Feature","geometry":{"type":"LineString","coordinates":[[-94.1131811,36.4883225],[-94.1152169,36.4873253]]},"properties":{}},{"type":"Feature","geometry":{"type":"LineString","coordinates":[[-94.1496272,36.4704617],[-94.1516622,36.4694639]]},"properties":{}},{"type":"Feature","geometry":{"type":"LineString","coordinates":[[-93.4862933,36.7873381],[-93.4858894,36.7854428]]},"properties":{}},{"type":"Feature","geometry":{"type":"LineString","coordinates":[[-93.4790658,36.7534019],[-93.4786625,36.7515067]]},"properties":{}},{"type":"Feature","geometry":{"type":"LineString","coordinates":[[-93.4718453,36.7194656],[-93.4714422,36.71757]]},"properties":{}},{"type":"Feature","geometry":{"type":"LineString","coordinates":[[-93.4646311,36.6855289],[-93.4642283,36.6836333]]},"properties":{}},{"type":"Feature","geometry":{"type":"LineString","coordinates":[[-93.4574233,36.6515919],[-93.4570211,36.6496964]]},"properties":{}},{"type":"Feature","geometry":{"type":"LineString","coordinates":[[-93.4502222,36.6176547],[-93.4498203,36.6157594]]},"properties":{}},{"type":"Feature","geometry":{"type":"LineString","coordinates":[[-93.4430275,36.5837178],[-93.4426258,36.5818222]]},"properties":{}},{"type":"Feature","geometry":{"type":"LineString","coordinates":[[-93.4358394,36.5497803],[-93.4354383,36.547885]]},"properties":{}},{"type":"Feature","geometry":{"type":"LineString","coordinates":[[-93.4286578,36.5158428],[-93.4282569,36.5139475]]},"properties":{}},{"type":"Feature","geometry":{"type":"LineString","coordinates":[[-93.4214828,36.4819053],[-93.4210822,36.4800097]]},"properties":{}},{"type":"Feature","geometry":{"type":"LineString","coordinates":[[-93.4143142,36.4479675],[-93.4139139,36.4460719]]},"properties":{}},{"type":"Feature","geometry":{"type":"LineString","coordinates":[[-93.1990011,36.3470867],[-93.2011036,36.3479836]]},"properties":{}},{"type":"Feature","geometry":{"type":"LineString","coordinates":[[-93.2366531,36.3631383],[-93.2387564,36.3640344]]},"properties":{}},{"type":"Feature","geometry":{"type":"LineString","coordinates":[[-93.2743211,36.3791778],[-93.2764256,36.3800733]]},"properties":{}},{"type":"Feature","geometry":{"type":"LineString","coordinates":[[-93.3120053,36.3952047],[-93.3141106,36.3960997]]},"properties":{}},{"type":"Feature","geometry":{"type":"LineString","coordinates":[[-93.3497056,36.4112197],[-93.3518114,36.4121139]]},"properties":{}},{"type":"Feature","geometry":{"type":"LineString","coordinates":[[-93.3874217,36.4272222],[-93.3895286,36.4281156]]},"properties":{}},{"type":"Feature","geometry":{"type":"LineString","coordinates":[[-93.4457183,36.2625472],[-93.445355,36.2644472]]},"properties":{}},{"type":"Feature","geometry":{"type":"LineString","coordinates":[[-93.43921,36.2965675],[-93.4388464,36.2984678]]},"properties":{}},{"type":"Feature","geometry":{"type":"LineString","coordinates":[[-93.4326958,36.3305881],[-93.4323317,36.3324881]]},"properties":{}},{"type":"Feature","geometry":{"type":"LineString","coordinates":[[-93.4261756,36.3646083],[-93.4258114,36.3665086]]},"properties":{}},{"type":"Feature","geometry":{"type":"LineString","coordinates":[[-93.4196497,36.3986289],[-93.419285,36.4005289]]},"properties":{}},{"type":"Feature","geometry":{"type":"LineString","coordinates":[[-93.6152981,36.2398372],[-93.6176275,36.2394689]]},"properties":{}},{"type":"Feature","geometry":{"type":"LineString","coordinates":[[-93.6570042,36.2332375],[-93.6593333,36.2328683]]},"properties":{}},{"type":"Feature","geometry":{"type":"LineString","coordinates":[[-93.6987031,36.2266225],[-93.7010317,36.2262525]]},"properties":{}},{"type":"Feature","geometry":{"type":"LineString","coordinates":[[-93.7403944,36.2199925],[-93.7427228,36.2196217]]},"properties":{}},{"type":"Feature","geometry":{"type":"LineString","coordinates":[[-93.7820786,36.2133472],[-93.7844067,36.2129756]]},"properties":{}},{"type":"Feature","geometry":{"type":"LineString","coordinates":[[-93.8237556,36.2066869],[-93.8260831,36.2063144]]},"properties":{}},{"type":"Feature","geometry":{"type":"LineString","coordinates":[[-93.865425,36.2000117],[-93.8677522,36.1996383]]},"properties":{}},{"type":"Feature","geometry":{"type":"LineString","coordinates":[[-93.9070872,36.1933211],[-93.9094139,36.1929469]]},"properties":{}},{"type":"Feature","geometry":{"type":"LineString","coordinates":[[-93.9487419,36.1866156],[-93.9510681,36.1862406]]},"properties":{}},{"type":"Feature","geometry":{"type":"LineString","coordinates":[[-94.1466639,36.1072414],[-94.1447678,36.1072411],[-94.1430806,36.1079425],[-94.1419733,36.1091917],[-94.1416903,36.1107128],[-94.1422936,36.1121714],[-94.1436506,36.1132458],[-94.1454625,36.1136997],[-94.1473297,36.1134331],[-94.1482281,36.1129947]]},"properties":{}},{"type":"Feature","geometry":{"type":"LineString","coordinates":[[-94.1839958,36.3182317],[-94.1840378,36.31977],[-94.1849419,36.3211233],[-94.1865097,36.3219939],[-94.1883956,36.3221897],[-94.1901842,36.3216678],[-94.1914817,36.3205431],[-94.1920019,36.3190631],[-94.1916308,36.3175542],[-94.1908414,36.3166311]]},"properties":{}},{"type":"Feature","geometry":{"type":"LineString","coordinates":[[-93.5485703,36.3496403],[-93.5480561,36.3481589],[-93.5467628,36.3470306],[-93.5449758,36.3465036],[-93.5430883,36.3466942],[-93.5415164,36.3475606],[-93.5406058,36.3489114],[-93.5405575,36.3504494],[-93.5413819,36.3518361],[-93.5428389,36.3527447]]},"properties":{}},{"type":"Feature","geometry":{"type":"LineString","coordinates":[[-93.1067664,36.2459508],[-93.1063742,36.2474564],[-93.1068731,36.2489411],[-93.1081533,36.2500778],[-93.1099328,36.2506161],[-93.1118197,36.2504378],[-93.1133981,36.2495817],[-93.1143206,36.2482364],[-93.1143836,36.2466986],[-93.1137444,36.2454919]]},"properties":{}},{"type":"Feature","geometry":{"type":"LineString","coordinates":[[-93.3695556,36.7141808],[-93.369635,36.7157183],[-93.3705769,36.7170575],[-93.3721739,36.7179028],[-93.3740742,36.7180689],[-93.3758592,36.7175183],[-93.3771356,36.7163733],[-93.3776225,36.7148853],[-93.3772128,36.7133822],[-93.3765006,36.7125564]]},"properties":{}},{"type":"Feature","geometry":{"type":"LineString","coordinates":[[-93.2679775,37.1872242],[-93.2665011,37.1882106],[-93.2657494,37.1896269],[-93.2658881,37.1911617],[-93.2668867,37.1924769],[-93.2685253,37.1932828],[-93.2704431,37.1934019],[-93.2722175,37.1928081],[-93.2734578,37.1916319],[-93.2738911,37.1901328],[-93.2737458,37.1892981]]},"properties":{}},{"type":"Feature","geometry":{"type":"LineString","coordinates":[[-93.28504,37.1749597],[-93.2869492,37.1747764],[-93.2885439,37.1739164],[-93.2894728,37.1725692],[-93.2895311,37.1710308],[-93.2887061,37.1696408],[-93.2871797,37.168705],[-93.2852881,37.1684294],[-93.2834475,37.1688747],[-93.2820633,37.1699428],[-93.2814925,37.1711008]]},"properties":{}},{"type":"Feature","geometry":{"type":"LineString","coordinates":[[-93.4330228,37.6271061],[-93.4349567,37.6271553],[-93.4367056,37.6264975],[-93.4378847,37.6252778],[-93.4382344,37.6237642],[-93.4376775,37.6222906],[-93.4363369,37.6211811],[-93.4345078,37.6206803],[-93.4325928,37.6208983],[-93.4315647,37.6213703]]},"properties":{}},{"type":"Feature","geometry":{"type":"LineString","coordinates":[[-92.6419119,37.6893553],[-92.6432514,37.6904667],[-92.6450811,37.69097],[-92.6469986,37.6907547],[-92.6485811,37.6898681],[-92.6494803,37.6885053],[-92.6494983,37.6869667],[-92.6486311,37.6855908],[-92.6470697,37.6846808],[-92.6456078,37.6844286]]},"properties":{}},{"type":"Feature","geometry":{"type":"LineString","coordinates":[[-92.1529994,37.8306203],[-92.1516789,37.8317478],[-92.1511522,37.8332286],[-92.1515353,37.8347372],[-92.1527439,37.8359411],[-92.1545117,37.836575],[-92.1564497,37.8364994],[-92.1581308,37.8357314],[-92.159185,37.8344394],[-92.15938,37.8329086]]},"properties":{}},{"type":"Feature","geometry":{"type":"LineString","coordinates":[[-91.7881078,37.9628256],[-91.7883692,37.9643503],[-91.7894803,37.9656128],[-91.7911967,37.966335],[-91.79314,37.9663578],[-91.7948825,37.9656761],[-91.7960406,37.9644403],[-91.7963589,37.9629225],[-91.7957675,37.9614567],[-91.7946092,37.9604764]]},"properties":{}},{"type":"Feature","geometry":{"type":"LineString","coordinates":[[-90.4445561,38.6360125],[-90.4449025,38.6344983],[-90.44433,38.6330272],[-90.442965,38.6319225],[-90.4411081,38.6314278],[-90.4391678,38.6316519],[-90.4375714,38.6325456],[-90.4366706,38.6339119],[-90.4366633,38.6354503],[-90.4375514,38.6368219],[-90.4391394,38.6377247],[-90.4393508,38.6377878]]},"properties":{}},{"type":"Feature","geometry":{"type":"LineString","coordinates":[[-92.3557106,37.9658383],[-92.3565283,37.9664858]]},"properties":{}},{"type":"Feature","geometry":{"type":"LineString","coordinates":[[-92.3554242,37.9659356],[-92.3564058,37.9667125]]},"properties":{}},{"type":"Feature","geometry":{"type":"LineString","coordinates":[[-92.3552197,37.9660975],[-92.3562014,37.9668744]]},"properties":{}},{"type":"Feature","geometry":{"type":"LineString","coordinates":[[-92.3550969,37.9663239],[-92.355915,37.9669714]]},"properties":{}},{"type":"Feature","geometry":{"type":"LineString","coordinates":[[-92.3553014,37.9668097],[-92.3553628,37.9668531],[-92.3554336,37.9668931],[-92.3555139,37.9669275],[-92.3556031,37.9669553],[-92.3556994,37.9669744],[-92.3558014,37.9669833],[-92.3559061,37.9669811],[-92.3560106,37.9669672],[-92.3561117,37.9669417],[-92.3562064,37.9669056],[-92.3562925,37.96686],[-92.3563678,37.9668072],[-92.3564314,37.9667492],[-92.3564831,37.9666881],[-92.3565231,37.9666256],[-92.3565519,37.9665633],[-92.3565717,37.9665011],[-92.3565828,37.9664339],[-92.3565844,37.9663628],[-92.3565742,37.9662883],[-92.3565514,37.9662128],[-92.356515,37.9661375],[-92.3564644,37.9660656],[-92.3564011,37.9659986],[-92.3563261,37.9659392],[-92.3562414,37.9658889],[-92.3561503,37.9658492],[-92.3560556,37.9658203],[-92.35596,37.9658019],[-92.3558661,37.9657942],[-92.3557761,37.9657953],[-92.3556914,37.9658042],[-92.3556128,37.9658197],[-92.3555342,37.9658425],[-92.3554553,37.9658742],[-92.3553778,37.965915],[-92.3553047,37.9659656],[-92.3552381,37.966025],[-92.3551806,37.9660931],[-92.3551347,37.9661683],[-92.3551025,37.9662483],[-92.355085,37.9663308],[-92.3550819,37.9664139],[-92.3550933,37.9664944],[-92.3551175,37.9665708],[-92.3551525,37.9666417],[-92.3551964,37.966705],[-92.3552467,37.9667611],[-92.3553014,37.9668097]]},"properties":{}},{"type":"Feature","geometry":{"type":"LineString","coordinates":[[-92.6378822,37.7072875],[-92.6275767,37.7073822],[-92.6275608,37.7062983],[-92.6387211,37.6921067],[-92.6387194,37.6919861],[-92.6267492,37.6920961]]},"properties":{}},{"type":"Feature","geometry":{"type":"LineString","coordinates":[[-92.6212114,37.70744],[-92.6210364,37.6952792],[-92.6208761,37.6946786],[-92.6197983,37.6934842],[-92.6190303,37.6927686],[-92.6178111,37.6922978],[-92.6161428,37.6921925],[-92.6137183,37.6922144],[-92.6123564,37.6923472],[-92.6105467,37.6929656],[-92.6094981,37.6938178],[-92.6089022,37.6945458],[-92.6086147,37.6956322],[-92.6087842,37.7075522]]},"properties":{}},{"type":"Feature","geometry":{"type":"LineString","coordinates":[[-92.6022028,37.6923178],[-92.6024189,37.7076094],[-92.5948414,37.7076767],[-92.5942317,37.7074414],[-92.5928608,37.7069717],[-92.59148,37.7057797],[-92.5908572,37.7045811],[-92.5908369,37.7031361],[-92.5914261,37.7019267],[-92.5927733,37.7007106],[-92.5941303,37.7002169],[-92.5947331,37.6999708],[-92.60231,37.6999033]]},"properties":{}},{"type":"Feature","geometry":{"type":"LineString","coordinates":[[-92.5760269,37.7062764],[-92.5774075,37.7074686],[-92.5777125,37.7075864],[-92.5796858,37.70781],[-92.5813497,37.7075547],[-92.5822522,37.707065],[-92.5831533,37.706455],[-92.5838958,37.7053647],[-92.5838575,37.7025956],[-92.5829331,37.7015197],[-92.5823203,37.7010433],[-92.5800372,37.7003408],[-92.5774528,37.6997614],[-92.5756244,37.6990547],[-92.5750083,37.6983375],[-92.5746819,37.6966544],[-92.5749636,37.6950867],[-92.5757078,37.6941167],[-92.5764589,37.6936286],[-92.57706,37.6932619],[-92.5778125,37.6928942],[-92.5794744,37.6925183],[-92.5803836,37.6925106],[-92.5812961,37.6927433],[-92.582515,37.6932144],[-92.5832792,37.6936894],[-92.5843533,37.6946433]]},"properties":{}},{"type":"Feature","geometry":{"type":"LineString","coordinates":[[-92.5684133,37.6926144],[-92.5602869,37.7079778],[-92.5522003,37.6927533]]},"properties":{}},{"type":"Feature","geometry":{"type":"LineString","coordinates":[[-92.5657531,37.6975747],[-92.5548428,37.6976681]]},"properties":{}},{"type":"Feature","geometry":{"type":"LineString","coordinates":[[-92.9721106,37.0464192],[-92.9618969,37.0465439],[-92.9618764,37.0454603],[-92.9728728,37.0312364],[-92.9728703,37.0311158],[-92.9610069,37.0312608]]},"properties":{}},{"type":"Feature","geometry":{"type":"LineString","coordinates":[[-92.9555883,37.0466206],[-92.9553592,37.0344603],[-92.9551978,37.03386],[-92.9541239,37.0326689],[-92.9533594,37.0319556],[-92.9521492,37.0314883],[-92.950495,37.0313881],[-92.9480922,37.0314169],[-92.9467428,37.0315536],[-92.9449519,37.0321772],[-92.9439164,37.0330328],[-92.9433294,37.0337622],[-92.9430492,37.0348494],[-92.9432717,37.0467689]]},"properties":{}},{"type":"Feature","geometry":{"type":"LineString","coordinates":[[-92.9366789,37.0315539],[-92.9369633,37.0468444],[-92.9303544,37.0469231],[-92.9285475,37.0467039],[-92.9277897,37.0463514],[-92.9265725,37.0455231],[-92.9247458,37.04422],[-92.9235153,37.0426692],[-92.9231928,37.0414686],[-92.9231197,37.0374956],[-92.9234,37.0364083],[-92.9242744,37.0349528],[-92.9253103,37.0340975],[-92.9263417,37.0330017],[-92.9278278,37.0321408],[-92.9296231,37.0317583],[-92.9306722,37.0316256],[-92.9366789,37.0315539]]},"properties":{}},{"type":"Feature","geometry":{"type":"LineString","coordinates":[[-92.9086964,37.0456133],[-92.9100703,37.0468014],[-92.9103728,37.0469183],[-92.91233,37.0471361],[-92.9139778,37.0468758],[-92.9148703,37.0463839],[-92.9157603,37.0457711],[-92.9164914,37.0446786],[-92.9164408,37.0419094],[-92.9155197,37.0408367],[-92.9149103,37.0403619],[-92.9126442,37.0396661],[-92.91008,37.0390942],[-92.9082644,37.0383928],[-92.9076506,37.0376775],[-92.9073194,37.0359953],[-92.9075914,37.0344267],[-92.9083247,37.0334547],[-92.9090669,37.0329642],[-92.9096608,37.0325961],[-92.9104053,37.0322261],[-92.9120506,37.0318456],[-92.9129517,37.031835],[-92.9138569,37.032065],[-92.9150672,37.0325325],[-92.9158269,37.0330053],[-92.9168958,37.0339561]]},"properties":{}},{"type":"Feature","geometry":{"type":"LineString","coordinates":[[-92.9012147,37.0472661],[-92.9009944,37.0351058],[-92.9008333,37.0345056],[-92.8997603,37.0333139],[-92.8989964,37.0326],[-92.8977861,37.0321325],[-92.8961322,37.0320314],[-92.8937294,37.0320592],[-92.89238,37.0321953],[-92.8905886,37.0328181],[-92.8895525,37.0336728],[-92.8889647,37.0344022],[-92.8886839,37.0354892],[-92.8888981,37.0474089]]},"properties":{}},{"type":"Feature","geometry":{"type":"LineString","coordinates":[[-91.7815983,37.9892117],[-91.7712525,37.9892306],[-91.7712494,37.9881469],[-91.7826181,37.9740383],[-91.7826175,37.9739178],[-91.7706008,37.9739397]]},"properties":{}},{"type":"Feature","geometry":{"type":"LineString","coordinates":[[-91.7540606,37.98926],[-91.7567992,37.9892556],[-91.7581681,37.9891328],[-91.7609036,37.9880444],[-91.7634844,37.9859931],[-91.7643931,37.9844261],[-91.7648442,37.9824989],[-91.7648397,37.9809336],[-91.7645317,37.9794892],[-91.7637667,37.9779253],[-91.7620881,37.9760014],[-91.7614781,37.9754006],[-91.7602592,37.97468],[-91.7576714,37.9739619],[-91.7544769,37.9739672],[-91.7529567,37.9742106],[-91.7514367,37.9746947],[-91.750525,37.9750572],[-91.7490061,37.9760231],[-91.7476408,37.97747],[-91.7471869,37.9784342],[-91.746735,37.9802408],[-91.7467422,37.9831308],[-91.7481189,37.9860183],[-91.7490342,37.9869803],[-91.7501011,37.9878214],[-91.7511678,37.9884217],[-91.7514722,37.9885417],[-91.7540606,37.98926]]},"properties":{}},{"type":"Feature","geometry":{"type":"LineString","coordinates":[[-91.74052,37.9892811],[-91.7295656,37.9892972]]},"properties":{}},{"type":"Feature","geometry":{"type":"LineString","coordinates":[[-91.735195,37.9892892],[-91.7351589,37.9739972]]},"properties":{}},{"type":"Feature","geometry":{"type":"LineString","coordinates":[[-91.7176822,37.9816075],[-91.7108214,37.9740306]]},"properties":{}},{"type":"Feature","geometry":{"type":"LineString","coordinates":[[-91.7231422,37.9740142],[-91.7231756,37.9893064],[-91.7155686,37.9893164],[-91.7149594,37.9890764],[-91.7135892,37.9885964],[-91.7122175,37.9873942],[-91.7116067,37.9861908],[-91.7116036,37.9847461],[-91.7122097,37.9835411],[-91.7135764,37.9823353],[-91.7149444,37.9818519],[-91.7155525,37.9816103],[-91.7231589,37.9816]]},"properties":{}},{"type":"Feature","geometry":{"type":"LineString","coordinates":[[-91.7046144,37.9893303],[-91.7045908,37.9771689],[-91.7044375,37.9765669],[-91.7033703,37.9753642],[-91.7026086,37.9746428],[-91.7013906,37.9741625],[-91.6997172,37.9740442],[-91.6972833,37.9740469],[-91.6959147,37.9741689],[-91.6940906,37.9747731],[-91.6930272,37.9756169],[-91.69242,37.9763403],[-91.6921178,37.9774242],[-91.6921386,37.9893447]]},"properties":{}},{"type":"Feature","geometry":{"type":"LineString","coordinates":[[-93.5352039,37.6373486],[-93.5249097,37.6375231],[-93.5248808,37.6364394],[-93.5358564,37.6221622],[-93.5358531,37.6220417],[-93.5238961,37.6222442]]},"properties":{}},{"type":"Feature","geometry":{"type":"LineString","coordinates":[[-93.5181447,37.6223411],[-93.5185517,37.6376303]]},"properties":{}},{"type":"Feature","geometry":{"type":"LineString","coordinates":[[-93.5102744,37.6224733],[-93.5055325,37.6378486],[-93.4987714,37.6226656],[-93.4938758,37.6380431],[-93.4878736,37.6228469]]},"properties":{}},{"type":"Feature","geometry":{"type":"LineString","coordinates":[[-93.4819161,37.6382414],[-93.4710161,37.6384208]]},"properties":{}},{"type":"Feature","geometry":{"type":"LineString","coordinates":[[-93.4766175,37.6383286],[-93.4762192,37.6230394]]},"properties":{}},{"type":"Feature","geometry":{"type":"LineString","coordinates":[[-93.4539092,37.6387008],[-93.4566342,37.6386564],[-93.4579936,37.6385136],[-93.4606906,37.6373858],[-93.4632114,37.6352969],[-93.4640789,37.6337172],[-93.4644833,37.6317833],[-93.4644428,37.6302183],[-93.4641028,37.6287786],[-93.4633053,37.6272261],[-93.4615906,37.6253269],[-93.4609694,37.624735],[-93.45974,37.6240325],[-93.4571481,37.6233522],[-93.4539697,37.6234039],[-93.4524622,37.6236694],[-93.4509611,37.6241756],[-93.4500622,37.6245514],[-93.4485733,37.6255392],[-93.4472481,37.6270061],[-93.4468186,37.6279764],[-93.4464108,37.6297897],[-93.446485,37.6326792],[-93.4479214,37.6355464],[-93.4488544,37.6364947],[-93.4499358,37.63732],[-93.4510111,37.637905],[-93.4513169,37.6380203],[-93.4539092,37.6387008]]},"properties":{}},{"type":"Feature","geometry":{"type":"LineString","coordinates":[[-92.1322142,37.8418472],[-92.1218894,37.8418972],[-92.1218811,37.8408133],[-92.1331594,37.8266706],[-92.1331586,37.82655],[-92.1211661,37.8266081]]},"properties":{}},{"type":"Feature","geometry":{"type":"LineString","coordinates":[[-92.1062503,37.8419708],[-92.1155122,37.8419275],[-92.1153975,37.8266353],[-92.1059856,37.8266794]]},"properties":{}},{"type":"Feature","geometry":{"type":"LineString","coordinates":[[-92.1154544,37.8342211],[-92.1064969,37.8342631]]},"properties":{}},{"type":"Feature","geometry":{"type":"LineString","coordinates":[[-92.1003286,37.8419981],[-92.0929303,37.8267394],[-92.0860561,37.8420631]]},"properties":{}},{"type":"Feature","geometry":{"type":"LineString","coordinates":[[-92.0795714,37.8267992],[-92.0796789,37.8420914],[-92.0624175,37.8268739],[-92.0625214,37.8421658]]},"properties":{}},{"type":"Feature","geometry":{"type":"LineString","coordinates":[[-92.0563453,37.8268997],[-92.0480969,37.8422267],[-92.0401019,37.8269672]]},"properties":{}},{"type":"Feature","geometry":{"type":"LineString","coordinates":[[-92.0536458,37.8318481],[-92.042715,37.8318933]]},"properties":{}},{"type":"Feature","geometry":{"type":"LineString","coordinates":[[-93.3579411,36.7336486],[-93.3477708,36.7338081],[-93.3477447,36.7327247],[-93.35862,36.7184642],[-93.3586169,36.7183439],[-93.3468039,36.7185289]]},"properties":{}},{"type":"Feature","geometry":{"type":"LineString","coordinates":[[-93.3323656,36.7340478],[-93.3414892,36.7339061],[-93.3411217,36.7186175],[-93.3318506,36.7187614]]},"properties":{}},{"type":"Feature","geometry":{"type":"LineString","coordinates":[[-93.3413039,36.7262017],[-93.3324806,36.7263386]]},"properties":{}},{"type":"Feature","geometry":{"type":"LineString","coordinates":[[-93.3261683,36.7188494],[-93.3214475,36.7342164],[-93.3148036,36.7190244],[-93.3099308,36.7343933],[-93.3040369,36.7191892]]},"properties":{}},{"type":"Feature","geometry":{"type":"LineString","coordinates":[[-93.2979061,36.7192825],[-93.2900386,36.7346961],[-93.2819056,36.7195247]]},"properties":{}},{"type":"Feature","geometry":{"type":"LineString","coordinates":[[-93.29533,36.7242592],[-93.2845625,36.7244222]]},"properties":{}},{"type":"Feature","geometry":{"type":"LineString","coordinates":[[-93.2760736,36.7196125],[-93.2634153,36.7350961]]},"properties":{}},{"type":"Feature","geometry":{"type":"LineString","coordinates":[[-93.2759792,36.7349081],[-93.2624656,36.7198161]]},"properties":{}},{"type":"Feature","geometry":{"type":"LineString","coordinates":[[-93.3921019,37.1753475],[-93.3818717,37.1755094],[-93.3818447,37.1744261],[-93.3927789,37.1601617],[-93.3927758,37.1600414],[-93.3808928,37.1602294]]},"properties":{}},{"type":"Feature","geometry":{"type":"LineString","coordinates":[[-93.3663753,37.1757533],[-93.3755528,37.1756092],[-93.3751769,37.1603197],[-93.3658508,37.1604661]]},"properties":{}},{"type":"Feature","geometry":{"type":"LineString","coordinates":[[-93.3753633,37.1679042],[-93.3664875,37.1680436]]},"properties":{}},{"type":"Feature","geometry":{"type":"LineString","coordinates":[[-93.3458642,37.1740253],[-93.3464836,37.1747383],[-93.347855,37.1754397],[-93.3487636,37.1756664],[-93.35133,37.1759881],[-93.3522328,37.1759739],[-93.3540322,37.175705],[-93.3555281,37.1753206],[-93.3558261,37.1751956],[-93.3568644,37.1745772],[-93.3579,37.1738383],[-93.3596556,37.1717636],[-93.3603608,37.1698256],[-93.3602961,37.1671769],[-93.3599603,37.1657369],[-93.3593319,37.1646628],[-93.3584061,37.1637139],[-93.3576333,37.1628828],[-93.3564036,37.1618181],[-93.3551886,37.1613553],[-93.3539733,37.1608925],[-93.3529147,37.1606681],[-93.3502069,37.16071],[-93.3487086,37.1609742],[-93.3475169,37.1614744],[-93.3461778,37.1620975],[-93.3452897,37.1627133],[-93.3438203,37.1641814],[-93.3429439,37.1652789],[-93.3426606,37.1660058],[-93.3427069,37.1679319],[-93.3490253,37.1678342]]},"properties":{}},{"type":"Feature","geometry":{"type":"LineString","coordinates":[[-93.3365186,37.1609219],[-93.3286117,37.1763386],[-93.3204233,37.1611689]]},"properties":{}},{"type":"Feature","geometry":{"type":"LineString","coordinates":[[-93.3339297,37.1658994],[-93.3230983,37.1660658]]},"properties":{}},{"type":"Feature","geometry":{"type":"LineString","coordinates":[[-93.3144689,37.176555],[-93.3036361,37.1767192]]},"properties":{}},{"type":"Feature","geometry":{"type":"LineString","coordinates":[[-93.3092031,37.176635],[-93.3088408,37.161345]]},"properties":{}},{"type":"Feature","geometry":{"type":"LineString","coordinates":[[-93.3961944,37.2014333],[-93.3906983,37.1862253],[-93.3847564,37.2016147],[-93.3791119,37.1864083],[-93.37392,37.2017856]]},"properties":{}},{"type":"Feature","geometry":{"type":"LineString","coordinates":[[-93.3569131,37.2020517],[-93.3596222,37.2020094],[-93.3609739,37.2018681],[-93.3636564,37.2007422],[-93.366165,37.1986556],[-93.3670297,37.1970761],[-93.3674339,37.1951431],[-93.3673956,37.1935778],[-93.3670594,37.1921378],[-93.3662686,37.1905847],[-93.3645664,37.1886842],[-93.3639497,37.1880917],[-93.3627283,37.1873881],[-93.3601525,37.1867058],[-93.3569925,37.186755],[-93.3554936,37.1870192],[-93.3540006,37.1875242],[-93.3531067,37.1878994],[-93.351625,37.1888858],[-93.3503058,37.1903517],[-93.3498778,37.1913219],[-93.34947,37.1931347],[-93.34954,37.1960242],[-93.3509647,37.1988925],[-93.3518911,37.1998414],[-93.352965,37.2006678],[-93.3540331,37.2012533],[-93.3543369,37.2013692],[-93.3569131,37.2020517]]},"properties":{}},{"type":"Feature","geometry":{"type":"LineString","coordinates":[[-93.3435183,37.2022594],[-93.3326819,37.2024267]]},"properties":{}},{"type":"Feature","geometry":{"type":"LineString","coordinates":[[-93.3382506,37.2023408],[-93.3378822,37.1870511]]},"properties":{}},{"type":"Feature","geometry":{"type":"LineString","coordinates":[[-93.3156747,37.2026867],[-93.3183836,37.2026456],[-93.3197353,37.2025044],[-93.3224186,37.2013794],[-93.3249283,37.1992936],[-93.3257939,37.1977147],[-93.3261992,37.1957817],[-93.3261617,37.1942167],[-93.3258261,37.1927764],[-93.3250364,37.1912228],[-93.323335,37.1893219],[-93.3227186,37.1887292],[-93.3214978,37.1880253],[-93.3189222,37.1873419],[-93.3157622,37.18739],[-93.3142633,37.1876536],[-93.31277,37.1881583],[-93.3118756,37.1885331],[-93.3103936,37.1895192],[-93.3090736,37.1909844],[-93.308645,37.1919544],[-93.3082364,37.1937669],[-93.3083047,37.1966564],[-93.3097278,37.1995253],[-93.3106536,37.2004747],[-93.3117269,37.2013014],[-93.312795,37.2018875],[-93.3130989,37.2020033],[-93.3156747,37.2026867]]},"properties":{}},{"type":"Feature","geometry":{"type":"LineString","coordinates":[[-93.3019183,37.1876],[-93.3022794,37.2028897],[-93.2956569,37.2029897],[-93.2938453,37.2027761],[-93.2930842,37.2024264],[-93.2918603,37.2016017],[-93.2900233,37.2003044],[-93.2887825,37.1987572],[-93.2884533,37.1975581],[-93.2883603,37.193585],[-93.2886358,37.1924969],[-93.289505,37.1910386],[-93.2905386,37.19018],[-93.2915664,37.1890808],[-93.2930514,37.1882153],[-93.2948489,37.1878269],[-93.2958992,37.1876908],[-93.3019183,37.1876]]},"properties":{}},{"type":"Feature","geometry":{"type":"LineString","coordinates":[[-94.1763347,36.3412986],[-94.1707389,36.3261319],[-94.1650297,36.3415594],[-94.1592872,36.3263956],[-94.1543197,36.3418056]]},"properties":{}},{"type":"Feature","geometry":{"type":"LineString","coordinates":[[-94.1375106,36.3421897],[-94.1401881,36.3421286],[-94.1415228,36.3419778],[-94.1441625,36.3408336],[-94.1466197,36.3387297],[-94.1474575,36.337145],[-94.1478367,36.3352092],[-94.1477819,36.3336447],[-94.1474342,36.3322075],[-94.1466358,36.33066],[-94.1449325,36.3287719],[-94.1443167,36.3281839],[-94.1431017,36.3274889],[-94.1405481,36.3268244],[-94.1374247,36.3268958],[-94.1359461,36.3271703],[-94.1344756,36.3276856],[-94.1335956,36.3280669],[-94.1321417,36.3290633],[-94.1308533,36.3305381],[-94.1304406,36.3315108],[-94.1300569,36.3333264],[-94.1301572,36.3362144],[-94.1315964,36.3390725],[-94.1325222,36.3400147],[-94.1335928,36.3408336],[-94.134655,36.3414117],[-94.1349567,36.341525],[-94.1375106,36.3421897]]},"properties":{}},{"type":"Feature","geometry":{"type":"LineString","coordinates":[[-94.1242714,36.3424906],[-94.1237422,36.3272067]]},"properties":{}},{"type":"Feature","geometry":{"type":"LineString","coordinates":[[-94.1140031,36.3426025],[-94.1240047,36.3347883],[-94.1133314,36.3274422]]},"properties":{}},{"type":"Feature","geometry":{"type":"LineString","coordinates":[[-94.1076106,36.3428669],[-94.1070847,36.3275831],[-94.0997969,36.3277469]]},"properties":{}},{"type":"Feature","geometry":{"type":"LineString","coordinates":[[-94.0836606,36.3434042],[-94.0863381,36.3433444],[-94.0876728,36.3431942],[-94.0903136,36.3420511],[-94.0927722,36.3399486],[-94.0936114,36.3383642],[-94.0939917,36.3364286],[-94.0939381,36.3348639],[-94.0935911,36.3334264],[-94.0927939,36.3318786],[-94.0910919,36.3299897],[-94.0904764,36.3294014],[-94.0892619,36.3287058],[-94.0867089,36.3280403],[-94.0835856,36.32811],[-94.0821064,36.3283839],[-94.0806356,36.3288986],[-94.0797553,36.3292794],[-94.0783008,36.3302756],[-94.0770114,36.3317494],[-94.0765978,36.3327222],[-94.0762131,36.3345372],[-94.0763111,36.3374256],[-94.0777483,36.3402842],[-94.0786736,36.3412272],[-94.0797436,36.3420464],[-94.0808053,36.3426247],[-94.0811069,36.3427386],[-94.0836606,36.3434042]]},"properties":{}},{"type":"Feature","geometry":{"type":"LineString","coordinates":[[-93.53483,36.365005],[-93.5293647,36.3498067],[-93.5235194,36.3652011],[-93.5179075,36.3500047],[-93.5128039,36.3653861]]},"properties":{}},{"type":"Feature","geometry":{"type":"LineString","coordinates":[[-93.497475,36.3656489],[-93.5065533,36.3654936],[-93.5061525,36.3502069],[-93.4969272,36.350365]]},"properties":{}},{"type":"Feature","geometry":{"type":"LineString","coordinates":[[-93.5063514,36.35779],[-93.4975714,36.3579403]]},"properties":{}},{"type":"Feature","geometry":{"type":"LineString","coordinates":[[-93.4861131,36.3581356],[-93.4792203,36.3506658]]},"properties":{}},{"type":"Feature","geometry":{"type":"LineString","coordinates":[[-93.4912728,36.3504614],[-93.4916706,36.3657478],[-93.4842294,36.3658744],[-93.4836278,36.3656436],[-93.4822758,36.365185],[-93.4809053,36.3640039],[-93.4802789,36.3628103],[-93.4802414,36.3613658],[-93.4808056,36.3601522],[-93.4821136,36.3589258],[-93.4834406,36.3584217],[-93.4840294,36.3581708],[-93.4914703,36.3580444]]},"properties":{}},{"type":"Feature","geometry":{"type":"LineString","coordinates":[[-93.4731194,36.3507689],[-93.4735136,36.3660556],[-93.4672628,36.3661608],[-93.4659233,36.3661836],[-93.4648631,36.3654786],[-93.4640972,36.3646486],[-93.464085,36.3641672],[-93.4640231,36.3617597],[-93.4641628,36.3613964],[-93.4645844,36.3604258],[-93.4660417,36.3591972],[-93.464535,36.3585],[-93.4637817,36.3581514],[-93.4630222,36.3575619],[-93.4625481,36.3564861],[-93.4624678,36.3533567],[-93.4628925,36.3525067],[-93.4639156,36.3517669],[-93.4646472,36.3512728],[-93.4653819,36.3508992],[-93.4731194,36.3507689]]},"properties":{}},{"type":"Feature","geometry":{"type":"LineString","coordinates":[[-93.4733336,36.3590744],[-93.4660417,36.3591972]]},"properties":{}},{"type":"Feature","geometry":{"type":"LineString","coordinates":[[-93.4459803,36.3665169],[-93.4486592,36.3664725],[-93.4499956,36.3663297],[-93.4526469,36.3652017],[-93.4551247,36.3631131],[-93.4559775,36.3615333],[-93.4563747,36.3596],[-93.4563347,36.3580353],[-93.4560003,36.3565958],[-93.4552161,36.3550436],[-93.45353,36.353145],[-93.4529194,36.3525531],[-93.4517108,36.3518508],[-93.4491628,36.3511708],[-93.4460378,36.3512228],[-93.4445561,36.3514883],[-93.4430803,36.3519944],[-93.4421964,36.3523706],[-93.4407328,36.3533581],[-93.4394303,36.3548247],[-93.4390083,36.355795],[-93.4386075,36.3576081],[-93.4386808,36.3604969],[-93.4400933,36.3633636],[-93.4410108,36.3643117],[-93.4420739,36.3651369],[-93.4431311,36.3657214],[-93.4434317,36.3658369],[-93.4459803,36.3665169]]},"properties":{}},{"type":"Feature","geometry":{"type":"LineString","coordinates":[[-92.67787,37.7386047],[-92.6776856,37.7264439],[-92.677525,37.7258433],[-92.6764456,37.7246494],[-92.6756767,37.7239344],[-92.6744567,37.7234642],[-92.6727875,37.7233597],[-92.6703622,37.7233828],[-92.6689997,37.7235161],[-92.6671897,37.7241356],[-92.6661414,37.7249883],[-92.6655458,37.7257164],[-92.6652589,37.7268031],[-92.6654375,37.7387231]]},"properties":{}},{"type":"Feature","geometry":{"type":"LineString","coordinates":[[-92.6534972,37.7311283],[-92.6465633,37.7236067]]},"properties":{}},{"type":"Feature","geometry":{"type":"LineString","coordinates":[[-92.6588417,37.7234917],[-92.6590697,37.7387831],[-92.6514889,37.7388542],[-92.6508789,37.7386192],[-92.6495072,37.7381503],[-92.648125,37.7369589],[-92.6475008,37.7357606],[-92.6474794,37.7343156],[-92.6480681,37.7331058],[-92.6494147,37.7318892],[-92.6507719,37.7313947],[-92.6513747,37.7311483],[-92.6589547,37.7310772]]},"properties":{}},{"type":"Feature","geometry":{"type":"LineString","coordinates":[[-92.6320592,37.7374686],[-92.6334414,37.7386603],[-92.6337464,37.7387778],[-92.6357208,37.7390006],[-92.637385,37.7387442],[-92.6382878,37.7382542],[-92.6391886,37.7376439],[-92.6399308,37.7365531],[-92.6398903,37.7337839],[-92.6389647,37.7327086],[-92.6383514,37.7322325],[-92.6360667,37.7315311],[-92.6334806,37.7309528],[-92.6316511,37.7302472],[-92.6310342,37.7295303],[-92.6307064,37.7278472],[-92.6309869,37.7262792],[-92.6317308,37.7253092],[-92.6324817,37.7248206],[-92.6330828,37.7244536],[-92.6338356,37.7240856],[-92.6354975,37.7237089],[-92.6364072,37.7237006],[-92.6373203,37.7239331],[-92.63854,37.7244036],[-92.639305,37.7248781],[-92.6403803,37.7258314]]},"properties":{}},{"type":"Feature","geometry":{"type":"LineString","coordinates":[[-92.6244319,37.7238103],[-92.6163139,37.7391775],[-92.6082122,37.7239572]]},"properties":{}},{"type":"Feature","geometry":{"type":"LineString","coordinates":[[-92.6217744,37.7287719],[-92.6108594,37.7288706]]},"properties":{}},{"type":"Feature","geometry":{"type":"LineString","coordinates":[[-92.5928131,37.7393878],[-92.6020617,37.7393056],[-92.6018456,37.7240142],[-92.5924469,37.7240975]]},"properties":{}},{"type":"Feature","geometry":{"type":"LineString","coordinates":[[-92.6019528,37.7315997],[-92.5930081,37.7316792]]},"properties":{}},{"type":"Feature","geometry":{"type":"LineString","coordinates":[[-93.3171192,37.2633539],[-93.3062739,37.2635183]]},"properties":{}},{"type":"Feature","geometry":{"type":"LineString","coordinates":[[-93.3118472,37.2634339],[-93.3114844,37.2481442]]},"properties":{}},{"type":"Feature","geometry":{"type":"LineString","coordinates":[[-93.2995869,37.2483239],[-93.2999475,37.2636136]]},"properties":{}},{"type":"Feature","geometry":{"type":"LineString","coordinates":[[-93.2917558,37.2484414],[-93.2921144,37.2637314],[-93.2857881,37.2638261],[-93.2844322,37.2638464],[-93.2833611,37.2631397],[-93.2825883,37.2623081],[-93.2825769,37.2618267],[-93.2825208,37.2594186],[-93.2826631,37.2590553],[-93.2830925,37.2580856],[-93.2845706,37.2568589],[-93.2830475,37.2561592],[-93.2822858,37.2558092],[-93.2815189,37.2552186],[-93.2810417,37.2541417],[-93.2809686,37.2510114],[-93.2814008,37.2501619],[-93.2824383,37.2494239],[-93.28318,37.2489311],[-93.2839247,37.2485586],[-93.2917558,37.2484414]]},"properties":{}},{"type":"Feature","geometry":{"type":"LineString","coordinates":[[-93.2919508,37.2567486],[-93.2845706,37.2568589]]},"properties":{}},{"type":"Feature","geometry":{"type":"LineString","coordinates":[[-93.2642475,37.2641458],[-93.2669589,37.2641058],[-93.2683119,37.2639653],[-93.2709981,37.2628417],[-93.2735114,37.2607572],[-93.2743789,37.2591786],[-93.2747858,37.2572456],[-93.2747494,37.2556806],[-93.2744147,37.2542403],[-93.2736253,37.2526864],[-93.2719239,37.2507844],[-93.2713075,37.2501914],[-93.2700861,37.2494869],[-93.2675089,37.2488025],[-93.2643464,37.2488492],[-93.2628458,37.2491122],[-93.2613508,37.2496158],[-93.2604556,37.2499906],[-93.2589717,37.2509758],[-93.2576494,37.2524406],[-93.25722,37.2534103],[-93.2568094,37.2552228],[-93.2568761,37.2581122],[-93.2582981,37.2609817],[-93.2592242,37.2619317],[-93.2602978,37.2627589],[-93.2613661,37.2633453],[-93.2616703,37.2634614],[-93.2642475,37.2641458]]},"properties":{}},{"type":"Feature","geometry":{"type":"LineString","coordinates":[[-93.2416525,37.2644769],[-93.2508411,37.2643431],[-93.2504908,37.2490528],[-93.2411533,37.2491892]]},"properties":{}},{"type":"Feature","geometry":{"type":"LineString","coordinates":[[-93.2506647,37.2566378],[-93.2417781,37.2567675]]},"properties":{}},{"type":"Feature","geometry":{"type":"LineString","coordinates":[[-93.3974031,36.4621806],[-93.3987742,36.4633625],[-93.399075,36.4634783],[-93.4010183,36.4636875],[-93.4026517,36.4634203],[-93.4035339,36.4629244],[-93.4044131,36.4623081],[-93.4051311,36.4612125],[-93.4050625,36.4584439],[-93.4041414,36.4573753],[-93.4035333,36.4569033],[-93.4012803,36.4562172],[-93.3987322,36.4556564],[-93.3969264,36.4549631],[-93.3963125,36.4542503],[-93.3959728,36.45257],[-93.3962319,36.4510003],[-93.3969531,36.4500253],[-93.3976864,36.4495319],[-93.3982733,36.4491611],[-93.3990094,36.4487881],[-93.4006394,36.4484003],[-93.4015333,36.4483858],[-93.4024333,36.4486122],[-93.4036372,36.4490742],[-93.4043942,36.4495436],[-93.4054611,36.4504897]]},"properties":{}},{"type":"Feature","geometry":{"type":"LineString","coordinates":[[-93.3794097,36.4640353],[-93.3820922,36.4639922],[-93.3834306,36.4638503],[-93.3860864,36.4627242],[-93.3885692,36.4606369],[-93.3894247,36.4590578],[-93.3898244,36.4571247],[-93.3897858,36.4555597],[-93.3894522,36.45412],[-93.3886686,36.4525672],[-93.3869822,36.4506675],[-93.3863714,36.4500753],[-93.3851617,36.4493722],[-93.3826111,36.4486906],[-93.3794822,36.4487406],[-93.3779981,36.4490053],[-93.3765197,36.4495106],[-93.3756347,36.4498861],[-93.3741683,36.4508728],[-93.3728625,36.4523386],[-93.3724389,36.4533086],[-93.3720361,36.4551214],[-93.3721067,36.4580103],[-93.3735183,36.4608781],[-93.3744361,36.4618267],[-93.3754997,36.4626528],[-93.3765578,36.4632378],[-93.3768586,36.4633533],[-93.3794097,36.4640353]]},"properties":{}},{"type":"Feature","geometry":{"type":"LineString","coordinates":[[-93.3661464,36.4642467],[-93.3657744,36.4489592]]},"properties":{}},{"type":"Feature","geometry":{"type":"LineString","coordinates":[[-93.3558608,36.4642892],[-93.3659589,36.4565428],[-93.3553447,36.4491244]]},"properties":{}},{"type":"Feature","geometry":{"type":"LineString","coordinates":[[-93.3410722,36.4630767],[-93.3424425,36.4642594],[-93.3427433,36.4643753],[-93.3446867,36.4645856],[-93.34632,36.4643189],[-93.3472028,36.4638233],[-93.3480822,36.4632075],[-93.3488014,36.4621125],[-93.3487344,36.4593439],[-93.3478142,36.4582744],[-93.3472067,36.4578025],[-93.3449542,36.4571153],[-93.3424064,36.4565531],[-93.3406008,36.4558589],[-93.3399875,36.4551461],[-93.3396489,36.4534656],[-93.3399094,36.4518958],[-93.3406314,36.4509211],[-93.3413647,36.4504281],[-93.3419522,36.4500575],[-93.3426886,36.4496847],[-93.3443189,36.4492981],[-93.3452128,36.4492839],[-93.3461125,36.4495106],[-93.3473161,36.4499733],[-93.3480728,36.4504431],[-93.3491389,36.4513897]]},"properties":{}},{"type":"Feature","geometry":{"type":"LineString","coordinates":[[-93.3245678,36.4648997],[-93.3336583,36.4647581],[-93.3332928,36.4494706],[-93.324055,36.4496144]]},"properties":{}},{"type":"Feature","geometry":{"type":"LineString","coordinates":[[-93.3334742,36.4570542],[-93.3246825,36.4571911]]},"properties":{}},{"type":"Feature","geometry":{"type":"LineString","coordinates":[[-91.8855525,37.9882983],[-91.8869269,37.9894986],[-91.8872319,37.9896181],[-91.8892108,37.9898533],[-91.8908833,37.9896081],[-91.8917939,37.9891239],[-91.8927042,37.9885192],[-91.89346,37.9874333],[-91.8934475,37.9846639],[-91.8925297,37.9835828],[-91.8919192,37.9831028],[-91.8896339,37.9823869],[-91.887045,37.9817919],[-91.8852164,37.9810744],[-91.8846047,37.9803539],[-91.8842931,37.9786689],[-91.8845906,37.9771028],[-91.8853469,37.9761375],[-91.8861053,37.9756536],[-91.8867122,37.9752908],[-91.8874711,37.9749275],[-91.8891428,37.9745614],[-91.8900556,37.9745589],[-91.8909692,37.9747972],[-91.8921883,37.9752756],[-91.8929508,37.975755],[-91.89402,37.9767153]]},"properties":{}},{"type":"Feature","geometry":{"type":"LineString","coordinates":[[-91.8779522,37.9898842],[-91.8778864,37.9745922],[-91.8704331,37.9746122]]},"properties":{}},{"type":"Feature","geometry":{"type":"LineString","coordinates":[[-91.8641964,37.9746283],[-91.8642592,37.9899203]]},"properties":{}},{"type":"Feature","geometry":{"type":"LineString","coordinates":[[-91.8563478,37.9899403],[-91.8453936,37.9899672]]},"properties":{}},{"type":"Feature","geometry":{"type":"LineString","coordinates":[[-91.8510228,37.9899536],[-91.8509628,37.9746617]]},"properties":{}},{"type":"Feature","geometry":{"type":"LineString","coordinates":[[-91.8304778,37.9884372],[-91.8318514,37.9896381],[-91.8321564,37.9897578],[-91.834135,37.9899939],[-91.8358078,37.9897492],[-91.8367186,37.9892656],[-91.8376294,37.9886614],[-91.8383858,37.9875758],[-91.8383756,37.9848064],[-91.8374586,37.983725],[-91.8368483,37.9832447],[-91.8345639,37.9825275],[-91.8319753,37.9819317],[-91.8301472,37.9812133],[-91.8295361,37.9804922],[-91.8292258,37.9788072],[-91.8295242,37.9772411],[-91.8302814,37.9762761],[-91.83104,37.9757928],[-91.8316472,37.97543],[-91.8324064,37.9750672],[-91.8340783,37.9747019],[-91.8349911,37.9747],[-91.8359047,37.9749386],[-91.8371233,37.9754175],[-91.8378856,37.9758972],[-91.8389542,37.9768581]]},"properties":{}},{"type":"Feature","geometry":{"type":"LineString","coordinates":[[-93.4052475,37.1463025],[-93.4066311,37.1474847],[-93.406935,37.1476003],[-93.4088961,37.1478097],[-93.4105444,37.1475422],[-93.4114347,37.1470464],[-93.4123219,37.1464297],[-93.4130467,37.1453342],[-93.4129772,37.1425653],[-93.4120478,37.1414964],[-93.4114342,37.1410244],[-93.4091606,37.1403383],[-93.4065889,37.1397775],[-93.4047664,37.1390839],[-93.4041469,37.1383711],[-93.4038042,37.1366906],[-93.4040658,37.1351208],[-93.4047936,37.1341456],[-93.4055333,37.1336519],[-93.4061258,37.1332811],[-93.4068686,37.1329081],[-93.4085136,37.1325203],[-93.4094156,37.1325058],[-93.4103239,37.1327322],[-93.4115389,37.1331944],[-93.4123028,37.1336639],[-93.4133794,37.13461]]},"properties":{}},{"type":"Feature","geometry":{"type":"LineString","coordinates":[[-93.3885931,37.1481336],[-93.3977669,37.1479875],[-93.3973867,37.1326983],[-93.3880642,37.1328464]]},"properties":{}},{"type":"Feature","geometry":{"type":"LineString","coordinates":[[-93.3975753,37.1402828],[-93.3887031,37.1404239]]},"properties":{}},{"type":"Feature","geometry":{"type":"LineString","coordinates":[[-93.3742669,37.1467944],[-93.3756503,37.1479769],[-93.3759539,37.1480925],[-93.377915,37.1483025],[-93.3795633,37.1480356],[-93.3804539,37.1475397],[-93.3813414,37.1469236],[-93.3820667,37.1458283],[-93.3819983,37.1430592],[-93.3810692,37.14199],[-93.3804558,37.1415181],[-93.3781822,37.1408311],[-93.3756111,37.1402694],[-93.3737889,37.1395756],[-93.3731694,37.1388628],[-93.3728275,37.1371819],[-93.3730897,37.1356122],[-93.3738181,37.1346372],[-93.3745581,37.1341439],[-93.3751506,37.1337733],[-93.3758936,37.1334003],[-93.3775386,37.1330131],[-93.3784408,37.1329989],[-93.3793489,37.1332253],[-93.3805636,37.1336878],[-93.3813275,37.1341575],[-93.3824036,37.1351039]]},"properties":{}},{"type":"Feature","geometry":{"type":"LineString","coordinates":[[-93.3667858,37.1484775],[-93.3559572,37.1486469]]},"properties":{}},{"type":"Feature","geometry":{"type":"LineString","coordinates":[[-93.3615219,37.14856],[-93.3611489,37.1332703]]},"properties":{}},{"type":"Feature","geometry":{"type":"LineString","coordinates":[[-93.3404661,37.1488872],[-93.3496406,37.1487453],[-93.34927,37.1334556],[-93.3399469,37.1336]]},"properties":{}},{"type":"Feature","geometry":{"type":"LineString","coordinates":[[-93.3494536,37.1410403],[-93.3405811,37.1411778]]},"properties":{}},{"type":"Feature","geometry":{"type":"LineString","coordinates":[[-93.6341672,36.3409817],[-93.63554,36.3421606],[-93.6358408,36.3422756],[-93.6377817,36.3424808],[-93.6394114,36.3422103],[-93.6402906,36.3417122],[-93.6411664,36.3410942],[-93.6418797,36.3399972],[-93.6418022,36.3372289],[-93.6408792,36.3361622],[-93.6402706,36.3356917],[-93.6380189,36.3350103],[-93.6354733,36.3344547],[-93.6336681,36.3337653],[-93.6330528,36.3330542],[-93.6327081,36.3313744],[-93.6329619,36.3298044],[-93.6336789,36.3288278],[-93.6344092,36.3283328],[-93.6349939,36.3279608],[-93.6357275,36.3275861],[-93.6373539,36.327195],[-93.6382461,36.3271786],[-93.6391456,36.3274031],[-93.6403489,36.3278628],[-93.6411061,36.3283306],[-93.6421744,36.3292742]]},"properties":{}},{"type":"Feature","geometry":{"type":"LineString","coordinates":[[-93.6264953,36.3273936],[-93.6187383,36.3428283],[-93.6105792,36.3276825]]},"properties":{}},{"type":"Feature","geometry":{"type":"LineString","coordinates":[[-93.623955,36.3323772],[-93.6132444,36.3325717]]},"properties":{}},{"type":"Feature","geometry":{"type":"LineString","coordinates":[[-93.6043319,36.3277956],[-93.6047531,36.3430814],[-93.5973142,36.3432156],[-93.5967125,36.3429856],[-93.5953603,36.3425281],[-93.5939883,36.3413483],[-93.5933603,36.3401556],[-93.5933206,36.3387111],[-93.5938828,36.3374969],[-93.5951886,36.3362692],[-93.5965142,36.3357636],[-93.5971025,36.3355122],[-93.6045408,36.3353783]]},"properties":{}},{"type":"Feature","geometry":{"type":"LineString","coordinates":[[-93.5871972,36.3433969],[-93.5867794,36.3281108]]},"properties":{}},{"type":"Feature","geometry":{"type":"LineString","coordinates":[[-93.5769281,36.3434597],[-93.5869867,36.3356936],[-93.5763669,36.3282967]]},"properties":{}},{"type":"Feature","geometry":{"type":"LineString","coordinates":[[-93.5614581,36.3438547],[-93.5705339,36.3436939],[-93.5701192,36.3284078],[-93.5608967,36.3285711]]},"properties":{}},{"type":"Feature","geometry":{"type":"LineString","coordinates":[[-93.570325,36.3359906],[-93.5615478,36.3361461]]},"properties":{}},{"type":"Feature","geometry":{"type":"LineString","coordinates":[[-93.0854708,36.2477092],[-93.0786292,36.2402156]]},"properties":{}},{"type":"Feature","geometry":{"type":"LineString","coordinates":[[-93.090665,36.2400539],[-93.0909789,36.2553411],[-93.0835478,36.2554408],[-93.0829483,36.2552083],[-93.0816011,36.2547447],[-93.0802389,36.2535589],[-93.07962,36.2523631],[-93.0795903,36.2509186],[-93.0801603,36.2497069],[-93.0814733,36.2484853],[-93.0828008,36.2479858],[-93.0833903,36.2477372],[-93.0908208,36.2476372]]},"properties":{}},{"type":"Feature","geometry":{"type":"LineString","coordinates":[[-93.0728469,36.2555839],[-93.0726003,36.2434264],[-93.0724394,36.2428264],[-93.071375,36.2416367],[-93.0706172,36.2409244],[-93.0694186,36.2404586],[-93.0677817,36.24036],[-93.0654042,36.2403914],[-93.0640694,36.2405294],[-93.0622983,36.241155],[-93.0612753,36.2420114],[-93.0606953,36.2427417],[-93.06042,36.2438289],[-93.06066,36.2557456]]},"properties":{}},{"type":"Feature","geometry":{"type":"LineString","coordinates":[[-93.0541111,36.2405406],[-93.0544178,36.2558281],[-93.0481756,36.25591],[-93.0468381,36.2559275],[-93.0457833,36.2552189],[-93.0450233,36.2543861],[-93.0450139,36.2539044],[-93.0449658,36.2514969],[-93.0451072,36.2511339],[-93.0455339,36.2501653],[-93.0469958,36.2489419],[-93.0454953,36.2482392],[-93.0447453,36.2478878],[-93.04399,36.2472956],[-93.0435228,36.2462181],[-93.0434603,36.2430886],[-93.0438894,36.24224],[-93.044915,36.2415042],[-93.0456486,36.2410131],[-93.0463842,36.2406422],[-93.0541111,36.2405406]]},"properties":{}},{"type":"Feature","geometry":{"type":"LineString","coordinates":[[-93.0542778,36.2488464],[-93.0469958,36.2489419]]},"properties":{}},{"type":"Feature","geometry":{"type":"LineString","coordinates":[[-93.0371714,36.2407625],[-93.0374747,36.2560497],[-93.0312325,36.2561308],[-93.029895,36.2561483],[-93.0288403,36.2554394],[-93.0280806,36.2546064],[-93.0280711,36.254125],[-93.0280236,36.2517175],[-93.028165,36.2513544],[-93.0285919,36.2503856],[-93.0300542,36.2491628],[-93.0285539,36.2484597],[-93.0278036,36.2481083],[-93.0270489,36.2475158],[-93.0265817,36.2464383],[-93.02652,36.2433086],[-93.0269492,36.2424603],[-93.0279753,36.2417247],[-93.0287086,36.2412336],[-93.0294444,36.2408628],[-93.0371714,36.2407625]]},"properties":{}},{"type":"Feature","geometry":{"type":"LineString","coordinates":[[-93.0373361,36.2490681],[-93.0300542,36.2491628]]},"properties":{}},{"type":"Feature","geometry":{"type":"LineString","coordinates":[[-93.0099792,36.2564044],[-93.0126544,36.2563703],[-93.0139897,36.2562328],[-93.0166436,36.255115],[-93.0191303,36.2530364],[-93.0199911,36.25146],[-93.0203992,36.2495283],[-93.0203686,36.2479633],[-93.0200431,36.2465228],[-93.0192692,36.2449675],[-93.0175969,36.2430625],[-93.0169908,36.2424683],[-93.0157878,36.2417614],[-93.0132475,36.2410714],[-93.0101269,36.2411114],[-93.0086458,36.2413711],[-93.0071692,36.2418717],[-93.0062844,36.2422442],[-93.0048172,36.2432261],[-93.0035081,36.2446875],[-93.0030808,36.2456561],[-93.00267,36.2474675],[-93.0027261,36.2503564],[-93.0041197,36.2532283],[-93.00503,36.25418],[-93.0060867,36.2550094],[-93.0071389,36.2555981],[-93.0074383,36.2557144],[-93.0099792,36.2564044]]},"properties":{}},{"type":"Feature","geometry":{"type":"LineString","coordinates":[[-92.8306519,37.7591842],[-92.8309158,37.7744753],[-92.8233317,37.7745575],[-92.8227208,37.7743233],[-92.8213472,37.7738564],[-92.8199614,37.7726672],[-92.8193342,37.7714697],[-92.8193094,37.7700247],[-92.8198956,37.7688142],[-92.82124,37.7675956],[-92.8225967,37.7670992],[-92.8231994,37.7668517],[-92.8307828,37.7667694]]},"properties":{}},{"type":"Feature","geometry":{"type":"LineString","coordinates":[[-92.8130169,37.7746686],[-92.81281,37.7625081],[-92.8126481,37.7619075],[-92.8115661,37.760715],[-92.8107956,37.7600006],[-92.8095739,37.7595319],[-92.8079036,37.7594294],[-92.8054772,37.7594553],[-92.8041144,37.7595903],[-92.8023047,37.7602117],[-92.8012572,37.7610658],[-92.8006628,37.7617947],[-92.8003778,37.7628814],[-92.8005786,37.7748014]]},"properties":{}},{"type":"Feature","geometry":{"type":"LineString","coordinates":[[-92.7942078,37.7748689],[-92.7832864,37.7749836]]},"properties":{}},{"type":"Feature","geometry":{"type":"LineString","coordinates":[[-92.7888986,37.7749247],[-92.7886436,37.7596336]]},"properties":{}},{"type":"Feature","geometry":{"type":"LineString","coordinates":[[-92.7676625,37.7751461],[-92.7769153,37.7750503],[-92.7766625,37.7597592],[-92.7672597,37.7598567]]},"properties":{}},{"type":"Feature","geometry":{"type":"LineString","coordinates":[[-92.7767881,37.7673444],[-92.7678394,37.7674372]]},"properties":{}},{"type":"Feature","geometry":{"type":"LineString","coordinates":[[-92.7524936,37.7753022],[-92.7617467,37.7752072],[-92.7614969,37.7599161],[-92.7520942,37.7600125]]},"properties":{}},{"type":"Feature","geometry":{"type":"LineString","coordinates":[[-92.7616208,37.7675014],[-92.7526719,37.7675931]]},"properties":{}},{"type":"Feature","geometry":{"type":"LineString","coordinates":[[-90.4182358,38.6252742],[-90.4179978,38.6405628],[-90.4103233,38.6404889],[-90.4097133,38.6402422],[-90.4083394,38.6397472],[-90.4069769,38.6385303],[-90.4063819,38.6373203],[-90.4064047,38.6358758],[-90.4070375,38.6346781],[-90.4084378,38.6334875],[-90.4098264,38.6330194],[-90.4104442,38.6327844],[-90.4181178,38.6328583]]},"properties":{}},{"type":"Feature","geometry":{"type":"LineString","coordinates":[[-90.3889883,38.6402811],[-90.3917511,38.6403083],[-90.3931344,38.6402014],[-90.3959144,38.639145],[-90.3985561,38.6371239],[-90.3995019,38.6355681],[-90.3999928,38.6336464],[-90.4000175,38.6320814],[-90.3997333,38.6306339],[-90.3989908,38.6290614],[-90.3973333,38.6271189],[-90.3967289,38.6265111],[-90.3955128,38.6257769],[-90.3929156,38.6250289],[-90.3896928,38.6249975],[-90.3881544,38.6252231],[-90.3866122,38.6256894],[-90.3856858,38.6260417],[-90.3841356,38.6269894],[-90.3827314,38.6284206],[-90.3822556,38.6293789],[-90.3817661,38.63118],[-90.3817197,38.6340692],[-90.3830544,38.6369719],[-90.38396,38.6379442],[-90.3850208,38.6387972],[-90.3860856,38.6394097],[-90.3863908,38.6395333],[-90.3889883,38.6402811]]},"properties":{}},{"type":"Feature","geometry":{"type":"LineString","coordinates":[[-90.3604733,38.6379508],[-90.3610753,38.6386792],[-90.362445,38.6394153],[-90.3633619,38.6396653],[-90.3659653,38.6400528],[-90.3668861,38.6400619],[-90.3687319,38.6398397],[-90.3702728,38.6394939],[-90.3705817,38.6393764],[-90.3716658,38.6387853],[-90.3727519,38.6380739],[-90.3746267,38.6360456],[-90.3754253,38.6341272],[-90.3754681,38.6314789],[-90.3751844,38.6300311],[-90.3745881,38.6289417],[-90.3736831,38.6279694],[-90.3729292,38.6271192],[-90.3717192,38.6260236],[-90.3704992,38.6255297],[-90.3692794,38.6250361],[-90.3682092,38.6247844],[-90.3654469,38.6247569],[-90.3639086,38.6249822],[-90.3626731,38.6254514],[-90.3612822,38.6260394],[-90.3603514,38.6266319],[-90.3587933,38.6280611],[-90.3578547,38.6291353],[-90.3575358,38.6298544],[-90.3575044,38.6317806],[-90.36395,38.6318453]]},"properties":{}},{"type":"Feature","geometry":{"type":"LineString","coordinates":[[-90.3513292,38.6246144],[-90.3458586,38.6398494],[-90.3396669,38.6244956],[-90.3340403,38.6397286],[-90.3286183,38.6243819]]},"properties":{}},{"type":"Feature","geometry":{"type":"LineString","coordinates":[[-90.3125525,38.6395056],[-90.321915,38.6396031],[-90.3221733,38.6243153],[-90.3126594,38.6242158]]},"properties":{}},{"type":"Feature","geometry":{"type":"LineString","coordinates":[[-90.3220453,38.6318989],[-90.3129906,38.6318044]]},"properties":{}},{"type":"Feature","geometry":{"type":"LineString","coordinates":[[-93.5479017,37.5747422],[-93.5483147,37.5900311],[-93.5407503,37.5901603],[-93.5401386,37.5899297],[-93.5387642,37.5894714],[-93.5373703,37.5882908],[-93.5367328,37.5870972],[-93.5366939,37.5856525],[-93.5372667,37.5844383],[-93.5385958,37.5832114],[-93.5399444,37.5827067],[-93.5405431,37.5824556],[-93.5481064,37.5823264]]},"properties":{}},{"type":"Feature","geometry":{"type":"LineString","coordinates":[[-93.5302047,37.5750436],[-93.5222933,37.5904733],[-93.5140203,37.5753167]]},"properties":{}},{"type":"Feature","geometry":{"type":"LineString","coordinates":[[-93.5276142,37.5800256],[-93.5167228,37.5802094]]},"properties":{}},{"type":"Feature","geometry":{"type":"LineString","coordinates":[[-93.5076672,37.5754233],[-93.5080719,37.5907125],[-93.5017178,37.5908189],[-93.5003561,37.5908417],[-93.4992781,37.5901372],[-93.4984994,37.5893069],[-93.4984869,37.5888256],[-93.4984233,37.5864178],[-93.4985653,37.5860539],[-93.4989936,37.5850833],[-93.5004747,37.5838542],[-93.4989428,37.5831569],[-93.4981769,37.5828086],[-93.4974047,37.5822192],[-93.4969225,37.5811433],[-93.49684,37.5780131],[-93.4972717,37.5771631],[-93.4983114,37.5764231],[-93.499055,37.5759289],[-93.4998019,37.575555],[-93.5076672,37.5754233]]},"properties":{}},{"type":"Feature","geometry":{"type":"LineString","coordinates":[[-93.5078872,37.58373],[-93.5004747,37.5838542]]},"properties":{}},{"type":"Feature","geometry":{"type":"LineString","coordinates":[[-93.490825,37.5910006],[-93.4904236,37.5757111]]},"properties":{}},{"type":"Feature","geometry":{"type":"LineString","coordinates":[[-93.4803825,37.5910531],[-93.4906228,37.5832956],[-93.4798356,37.5758867]]},"properties":{}},{"type":"Feature","geometry":{"type":"LineString","coordinates":[[-93.4646514,37.5914325],[-93.4738803,37.5912808],[-93.4734825,37.5759914],[-93.4641044,37.5761456]]},"properties":{}},{"type":"Feature","geometry":{"type":"LineString","coordinates":[[-93.4736797,37.5835761],[-93.4647544,37.5837228]]},"properties":{}},{"type":"Feature","geometry":{"type":"LineString","coordinates":[[-93.5262472,37.5213475],[-93.5289681,37.5213014],[-93.530325,37.5211581],[-93.5330167,37.5200283],[-93.5355311,37.5179381],[-93.5363961,37.5163575],[-93.5367978,37.5144236],[-93.5367558,37.5128586],[-93.5364147,37.5114192],[-93.5356172,37.5098669],[-93.5339031,37.5079692],[-93.5332825,37.5073775],[-93.5320542,37.5066756],[-93.5294658,37.5059969],[-93.5262925,37.5060508],[-93.5247878,37.5063172],[-93.5232894,37.5068242],[-93.5223922,37.5072008],[-93.5209069,37.5081894],[-93.5195853,37.5096569],[-93.5191575,37.5106278],[-93.5187519,37.5124411],[-93.5188289,37.5153306],[-93.5202661,37.5181969],[-93.5211986,37.5191447],[-93.5222789,37.5199694],[-93.5233531,37.5205536],[-93.5236586,37.5206689],[-93.5262472,37.5213475]]},"properties":{}},{"type":"Feature","geometry":{"type":"LineString","coordinates":[[-93.50715,37.5139614],[-93.5001492,37.5064908]]},"properties":{}},{"type":"Feature","geometry":{"type":"LineString","coordinates":[[-93.5123897,37.5062856],[-93.5127953,37.5215747],[-93.5052378,37.5217017],[-93.5046267,37.5214708],[-93.5032539,37.5210122],[-93.5018617,37.5198311],[-93.5012253,37.5186372],[-93.5011872,37.5171928],[-93.50176,37.5159786],[-93.5030886,37.5147519],[-93.5044361,37.5142478],[-93.5050342,37.5139967],[-93.5125908,37.51387]]},"properties":{}},{"type":"Feature","geometry":{"type":"LineString","coordinates":[[-93.4887117,37.5142692],[-93.4817128,37.5067975]]},"properties":{}},{"type":"Feature","geometry":{"type":"LineString","coordinates":[[-93.4939533,37.5065942],[-93.494355,37.5218836],[-93.4867975,37.5220092],[-93.4861867,37.5217786],[-93.4848136,37.5213194],[-93.4834219,37.5201383],[-93.4827858,37.5189444],[-93.4827481,37.5174997],[-93.4833211,37.5162858],[-93.48465,37.5150594],[-93.4859975,37.5145553],[-93.4865958,37.5143044],[-93.4941525,37.5141786]]},"properties":{}},{"type":"Feature","geometry":{"type":"LineString","coordinates":[[-93.4755167,37.5069],[-93.4759147,37.5221894]]},"properties":{}},{"type":"Feature","geometry":{"type":"LineString","coordinates":[[-93.4680547,37.5223189],[-93.4676586,37.5070294],[-93.4602536,37.5071511]]},"properties":{}},{"type":"Feature","geometry":{"type":"LineString","coordinates":[[-93.340055,37.2290967],[-93.342765,37.2290547],[-93.3441172,37.2289136],[-93.3468011,37.2277881],[-93.3493108,37.2257019],[-93.3501764,37.2241228],[-93.3505811,37.2221894],[-93.3505433,37.2206244],[-93.3502072,37.2191844],[-93.3494167,37.2176311],[-93.3477142,37.2157303],[-93.3470975,37.2151378],[-93.3458756,37.2144339],[-93.3432992,37.2137511],[-93.3401381,37.2138],[-93.3386386,37.2140639],[-93.337145,37.2145689],[-93.3362503,37.2149439],[-93.3347683,37.21593],[-93.3334481,37.2173956],[-93.3330197,37.2183656],[-93.3326114,37.2201783],[-93.3326808,37.2230678],[-93.334105,37.2259364],[-93.3350317,37.2268858],[-93.3361058,37.2277122],[-93.3371742,37.2282981],[-93.3374781,37.2284136],[-93.340055,37.2290967]]},"properties":{}},{"type":"Feature","geometry":{"type":"LineString","coordinates":[[-93.3266553,37.2293025],[-93.3262894,37.2140128]]},"properties":{}},{"type":"Feature","geometry":{"type":"LineString","coordinates":[[-93.3162636,37.2293406],[-93.3264708,37.2215975],[-93.3157522,37.2141736]]},"properties":{}},{"type":"Feature","geometry":{"type":"LineString","coordinates":[[-93.3013239,37.2281217],[-93.3027075,37.229305],[-93.3030114,37.2294208],[-93.3049744,37.2296322],[-93.306625,37.2293664],[-93.3075169,37.2288711],[-93.3084058,37.2282556],[-93.3091331,37.2271606],[-93.3090675,37.2243917],[-93.3081386,37.2233217],[-93.307525,37.2228492],[-93.3052497,37.2221611],[-93.3026761,37.2215978],[-93.3008525,37.2209028],[-93.3002333,37.2201894],[-93.2998925,37.2185083],[-93.3001567,37.2169389],[-93.3008867,37.2159644],[-93.3016278,37.2154714],[-93.3022217,37.2151011],[-93.3029656,37.2147286],[-93.3046131,37.2143425],[-93.3055161,37.2143286],[-93.306425,37.2145558],[-93.3076408,37.2150192],[-93.3084047,37.2154894],[-93.3094814,37.2164364]]},"properties":{}},{"type":"Feature","geometry":{"type":"LineString","coordinates":[[-93.2846483,37.2299378],[-93.2938328,37.2298],[-93.2934736,37.2145103],[-93.2841406,37.21465]]},"properties":{}},{"type":"Feature","geometry":{"type":"LineString","coordinates":[[-93.2936517,37.222095],[-93.2847694,37.2222281]]},"properties":{}},{"type":"Feature","geometry":{"type":"LineString","coordinates":[[-93.2695919,37.2301617],[-93.2787764,37.2300253],[-93.2784203,37.2147353],[-93.2690872,37.2148742]]},"properties":{}},{"type":"Feature","geometry":{"type":"LineString","coordinates":[[-93.2785969,37.2223203],[-93.2697147,37.2224522]]},"properties":{}},{"type":"Feature","geometry":{"type":"LineString","coordinates":[[-93.3610953,36.776015],[-93.3637889,36.7759725],[-93.3651331,36.7758308],[-93.3678,36.774705],[-93.3702942,36.7726183],[-93.3711536,36.7710392],[-93.3715556,36.7691058],[-93.3715172,36.7675408],[-93.3711825,36.7661011],[-93.3703964,36.7645478],[-93.3687033,36.7626478],[-93.3680903,36.7620553],[-93.3668758,36.7613519],[-93.3643144,36.7606697],[-93.3611728,36.7607192],[-93.3596822,36.7609833],[-93.3581978,36.7614886],[-93.3573089,36.7618639],[-93.3558361,36.7628503],[-93.3545244,36.7643161],[-93.3540989,36.7652861],[-93.3536936,36.7670989],[-93.3537636,36.7699881],[-93.3551803,36.7728561],[-93.3561017,36.7738053],[-93.3571694,36.7746314],[-93.3582317,36.7752169],[-93.3585339,36.7753325],[-93.3610953,36.776015]]},"properties":{}},{"type":"Feature","geometry":{"type":"LineString","coordinates":[[-93.3477767,36.7762236],[-93.3474078,36.760935]]},"properties":{}},{"type":"Feature","geometry":{"type":"LineString","coordinates":[[-93.3374481,36.7762642],[-93.3475908,36.7685192],[-93.3369344,36.7610981]]},"properties":{}},{"type":"Feature","geometry":{"type":"LineString","coordinates":[[-93.3203908,36.7766483],[-93.3230847,36.7766067],[-93.3244286,36.7764656],[-93.3270964,36.7753406],[-93.3295917,36.7732547],[-93.3304519,36.7716758],[-93.330855,36.7697428],[-93.3308175,36.7681778],[-93.3304836,36.7667378],[-93.3296981,36.7651844],[-93.3280061,36.7632836],[-93.3273933,36.7626908],[-93.3261792,36.7619872],[-93.3236183,36.7613042],[-93.3204764,36.7613525],[-93.3189858,36.7616164],[-93.3175011,36.7621208],[-93.3166119,36.7624958],[-93.3151386,36.7634817],[-93.3138261,36.7649469],[-93.3134,36.7659169],[-93.3129939,36.7677297],[-93.3130625,36.7706189],[-93.3144775,36.7734875],[-93.3153983,36.7744367],[-93.3164658,36.7752633],[-93.3175275,36.7758492],[-93.3178297,36.775965],[-93.3203908,36.7766483]]},"properties":{}},{"type":"Feature","geometry":{"type":"LineString","coordinates":[[-93.2986547,36.775415],[-93.30003,36.7765983],[-93.3003322,36.7767142],[-93.3022833,36.7769256],[-93.3039236,36.7766594],[-93.3048103,36.7761644],[-93.3056939,36.7755486],[-93.3064167,36.7744539],[-93.3063514,36.771685],[-93.3054281,36.7706153],[-93.3048181,36.7701428],[-93.3025564,36.7694547],[-93.2999983,36.7688917],[-93.2981858,36.7681967],[-93.2975703,36.7674833],[-93.2972317,36.7658025],[-93.2974942,36.7642328],[-93.2982197,36.7632583],[-93.2989564,36.7627656],[-93.2995464,36.7623953],[-93.3002861,36.7620228],[-93.3019233,36.7616367],[-93.3028211,36.7616228],[-93.3037244,36.76185],[-93.3049328,36.7623133],[-93.3056922,36.7627833],[-93.3067625,36.7637306]]},"properties":{}},{"type":"Feature","geometry":{"type":"LineString","coordinates":[[-93.2820803,36.7772314],[-93.2912089,36.7770936],[-93.2908514,36.7618047],[-93.2815747,36.7619447]]},"properties":{}},{"type":"Feature","geometry":{"type":"LineString","coordinates":[[-93.2910289,36.7693889],[-93.2822003,36.7695222]]},"properties":{}},{"type":"Feature","geometry":{"type":"LineString","coordinates":[[-92.2170156,37.8889883],[-92.2197503,37.8889731],[-92.2211167,37.8888447],[-92.2238417,37.8877458],[-92.2264058,37.8856842],[-92.2273033,37.8841136],[-92.2277417,37.8821844],[-92.2277275,37.8806192],[-92.2274106,37.8791761],[-92.2266369,37.877615],[-92.2249486,37.8756981],[-92.2243356,37.8750994],[-92.2231139,37.8743839],[-92.220525,37.8736758],[-92.217335,37.8736939],[-92.2158181,37.8739431],[-92.2143033,37.8744333],[-92.2133953,37.8747994],[-92.2118847,37.8757714],[-92.2105303,37.8772239],[-92.2100831,37.8781894],[-92.2096433,37.8799981],[-92.2096686,37.8828881],[-92.2110614,37.8857703],[-92.2119814,37.8867283],[-92.2130525,37.8875653],[-92.2141214,37.8881614],[-92.2144261,37.8882803],[-92.2170156,37.8889883]]},"properties":{}},{"type":"Feature","geometry":{"type":"LineString","coordinates":[[-92.2033603,37.8737711],[-92.2034936,37.8890631],[-92.1968086,37.8890994],[-92.1949833,37.8888686],[-92.1942206,37.8885114],[-92.1929978,37.8876753],[-92.1911633,37.8863606],[-92.1899344,37.8848017],[-92.1896206,37.8835992],[-92.1895867,37.8796258],[-92.1898811,37.8785406],[-92.1907803,37.8770906],[-92.1918364,37.8762422],[-92.1928903,37.8751528],[-92.1944022,37.8743017],[-92.1962219,37.8739306],[-92.1972842,37.8738044],[-92.2033603,37.8737711]]},"properties":{}},{"type":"Feature","geometry":{"type":"LineString","coordinates":[[-92.1833092,37.8738794],[-92.1834386,37.8891714],[-92.1767533,37.8892067],[-92.1749283,37.8889753],[-92.1741656,37.8886181],[-92.1729431,37.8877817],[-92.1711089,37.8864667],[-92.1698806,37.8849075],[-92.1695669,37.883705],[-92.1695339,37.8797317],[-92.1698289,37.8786464],[-92.1707283,37.8771967],[-92.1717847,37.8763483],[-92.1728392,37.8752592],[-92.1743511,37.8744083],[-92.1761708,37.8740375],[-92.1772333,37.8739114],[-92.1833092,37.8738794]]},"properties":{}},{"type":"Feature","geometry":{"type":"LineString","coordinates":[[-92.1541156,37.8893233],[-92.1633833,37.8892761],[-92.1632583,37.8739842],[-92.1538403,37.8740322]]},"properties":{}},{"type":"Feature","geometry":{"type":"LineString","coordinates":[[-92.1633203,37.8815697],[-92.1543572,37.8816156]]},"properties":{}},{"type":"Feature","geometry":{"type":"LineString","coordinates":[[-92.1426597,37.8816742],[-92.1357642,37.8741222]]},"properties":{}},{"type":"Feature","geometry":{"type":"LineString","coordinates":[[-92.1480681,37.8740611],[-92.14819,37.8893531],[-92.1405933,37.8893908],[-92.1399839,37.8891531],[-92.1386128,37.8886783],[-92.1372358,37.8874808],[-92.1366186,37.8862797],[-92.1366075,37.884835],[-92.1372056,37.8836278],[-92.1385636,37.8824169],[-92.1399269,37.8819286],[-92.1405328,37.8816847],[-92.1481286,37.8816469]]},"properties":{}},{"type":"Feature","geometry":{"type":"LineString","coordinates":[[-94.1397344,36.077045],[-94.1424025,36.0769839],[-94.1437325,36.0768331],[-94.1463628,36.0756889],[-94.1488114,36.0735853],[-94.1496461,36.0720006],[-94.1500236,36.070065],[-94.1499689,36.0685006],[-94.1496222,36.0670636],[-94.1488267,36.0655161],[-94.1471292,36.0636283],[-94.1465153,36.0630403],[-94.1453047,36.0623456],[-94.14276,36.0616814],[-94.1396478,36.0617528],[-94.1381742,36.0620275],[-94.1367089,36.0625428],[-94.1358322,36.0629242],[-94.1343836,36.0639206],[-94.1330997,36.065395],[-94.1326883,36.0663678],[-94.1323064,36.0681831],[-94.1324067,36.0710708],[-94.1338406,36.0739286],[-94.1347633,36.0748708],[-94.1358303,36.0756894],[-94.1368889,36.0762672],[-94.1371894,36.0763808],[-94.1397344,36.077045]]},"properties":{}},{"type":"Feature","geometry":{"type":"LineString","coordinates":[[-94.1260131,36.0620644],[-94.1265417,36.0773467],[-94.1203161,36.0774883],[-94.1189819,36.0775189],[-94.1179194,36.0768203],[-94.1171492,36.075995],[-94.1171325,36.0755136],[-94.1170497,36.0731069],[-94.1171853,36.0727425],[-94.1175969,36.0717697],[-94.1190375,36.0705328],[-94.1175306,36.0698444],[-94.1167769,36.0695003],[-94.116015,36.0689156],[-94.1155331,36.0678425],[-94.1154253,36.0647139],[-94.1158411,36.0638614],[-94.1168536,36.0631158],[-94.1175781,36.0626178],[-94.1183067,36.06224],[-94.1260131,36.0620644]]},"properties":{}},{"type":"Feature","geometry":{"type":"LineString","coordinates":[[-94.1263003,36.0703675],[-94.1190375,36.0705328]]},"properties":{}},{"type":"Feature","geometry":{"type":"LineString","coordinates":[[-94.0991186,36.0779686],[-94.1017867,36.0779086],[-94.1031167,36.0777581],[-94.1057478,36.0766147],[-94.1081975,36.0745119],[-94.1090331,36.0729275],[-94.1094117,36.0709922],[-94.1093578,36.0694278],[-94.1090117,36.0679906],[-94.1082169,36.0664428],[-94.1065206,36.0645544],[-94.1059069,36.0639661],[-94.1046964,36.0632711],[-94.1021522,36.0626061],[-94.09904,36.0626764],[-94.0975661,36.0629503],[-94.0961006,36.0634653],[-94.0952236,36.0638461],[-94.0937744,36.0648422],[-94.0924897,36.0663164],[-94.0920781,36.0672889],[-94.091695,36.0691042],[-94.0917936,36.0719919],[-94.0932264,36.07485],[-94.0941486,36.0757928],[-94.095215,36.0766117],[-94.0962731,36.07719],[-94.0965739,36.0773036],[-94.0991186,36.0779686]]},"properties":{}},{"type":"Feature","geometry":{"type":"LineString","coordinates":[[-94.0854047,36.0629833],[-94.0808853,36.0783789],[-94.0741411,36.0632356],[-94.0694711,36.0786342],[-94.06347,36.0634736]]},"properties":{}},{"type":"Feature","geometry":{"type":"LineString","coordinates":[[-94.0487175,36.0790953],[-94.05776,36.0788947],[-94.057245,36.0636122],[-94.0480558,36.0638158]]},"properties":{}},{"type":"Feature","geometry":{"type":"LineString","coordinates":[[-94.0575006,36.0711933],[-94.0487553,36.0713872]]},"properties":{}},{"type":"Feature","geometry":{"type":"LineString","coordinates":[[-94.4084644,36.0874503],[-94.4090517,36.1027311],[-94.3917133,36.0878731],[-94.3922972,36.1031542]]},"properties":{}},{"type":"Feature","geometry":{"type":"LineString","coordinates":[[-94.3771736,36.1035336],[-94.3862181,36.1033069],[-94.3856353,36.0880258],[-94.3764444,36.0882564]]},"properties":{}},{"type":"Feature","geometry":{"type":"LineString","coordinates":[[-94.3859244,36.0956061],[-94.3771772,36.0958256]]},"properties":{}},{"type":"Feature","geometry":{"type":"LineString","coordinates":[[-94.3709594,36.0883936],[-94.3633842,36.1038783],[-94.3550972,36.0887889]]},"properties":{}},{"type":"Feature","geometry":{"type":"LineString","coordinates":[[-94.3684781,36.0933933],[-94.3578036,36.0936594]]},"properties":{}},{"type":"Feature","geometry":{"type":"LineString","coordinates":[[-94.3438189,36.0966561],[-94.3368628,36.0892406]]},"properties":{}},{"type":"Feature","geometry":{"type":"LineString","coordinates":[[-94.3488708,36.0889433],[-94.3494464,36.1042247],[-94.3420325,36.1044083],[-94.3414303,36.1041825],[-94.3400778,36.1037342],[-94.3386981,36.1025639],[-94.33806,36.1013753],[-94.3380058,36.0999314],[-94.3385536,36.0987133],[-94.3398428,36.0974772],[-94.3411592,36.0969628],[-94.3417431,36.0967075],[-94.3491561,36.0965239]]},"properties":{}},{"type":"Feature","geometry":{"type":"LineString","coordinates":[[-94.3229944,36.1033122],[-94.3243739,36.1044828],[-94.324675,36.1045958],[-94.3266117,36.1047889],[-94.3282336,36.1045081],[-94.3291053,36.104005],[-94.3299725,36.1033814],[-94.3306733,36.1022803],[-94.3305697,36.0995128],[-94.3296397,36.0984517],[-94.3290286,36.097985],[-94.3267778,36.0973178],[-94.3242347,36.0967781],[-94.3224286,36.0961],[-94.3218086,36.0953925],[-94.3214492,36.0937153],[-94.3216875,36.0921436],[-94.3223928,36.0911628],[-94.3231161,36.0906633],[-94.3236956,36.0902878],[-94.3244233,36.0899086],[-94.3260406,36.0895075],[-94.3269303,36.0894856],[-94.3278286,36.0897042],[-94.3290328,36.0901564],[-94.3297919,36.0906194],[-94.3308656,36.0915564]]},"properties":{}},{"type":"Feature","geometry":{"type":"LineString","coordinates":[[-93.6577356,36.2855192],[-93.6581675,36.3008047],[-93.6409367,36.2858289],[-93.6413653,36.3011147]]},"properties":{}},{"type":"Feature","geometry":{"type":"LineString","coordinates":[[-93.63499,36.2859381],[-93.6272392,36.3013733],[-93.6190831,36.2862283]]},"properties":{}},{"type":"Feature","geometry":{"type":"LineString","coordinates":[[-93.6324519,36.2909219],[-93.6217472,36.2911172]]},"properties":{}},{"type":"Feature","geometry":{"type":"LineString","coordinates":[[-93.6129875,36.2863392],[-93.6052322,36.3017728],[-93.5970803,36.2866264]]},"properties":{}},{"type":"Feature","geometry":{"type":"LineString","coordinates":[[-93.6104481,36.2913222],[-93.5997433,36.2915158]]},"properties":{}},{"type":"Feature","geometry":{"type":"LineString","coordinates":[[-93.5908361,36.2867386],[-93.5912547,36.3020244],[-93.5740367,36.2870389],[-93.5744519,36.302325]]},"properties":{}},{"type":"Feature","geometry":{"type":"LineString","coordinates":[[-93.5599858,36.3010161],[-93.5613564,36.3021961],[-93.5616572,36.3023111],[-93.5635967,36.3025175],[-93.5652258,36.3022481],[-93.566105,36.3017506],[-93.5669811,36.3011331],[-93.5676953,36.3000367],[-93.5676203,36.2972683],[-93.5666986,36.2962008],[-93.5660908,36.29573],[-93.5638411,36.2950472],[-93.5612972,36.2944903],[-93.5594936,36.2937994],[-93.5588792,36.2930878],[-93.5585364,36.2914081],[-93.5587917,36.2898381],[-93.5595092,36.2888619],[-93.5602394,36.2883675],[-93.5608244,36.2879958],[-93.5615581,36.2876217],[-93.5631836,36.2872317],[-93.5640756,36.2872158],[-93.5649742,36.2874408],[-93.5661767,36.2879011],[-93.5669331,36.2883694],[-93.5679997,36.2893139]]},"properties":{}},{"type":"Feature","geometry":{"type":"LineString","coordinates":[[-93.4238886,37.0546461],[-93.4191661,37.0700178],[-93.4124731,37.0548303],[-93.4075981,37.0702042],[-93.4016583,37.0550039]]},"properties":{}},{"type":"Feature","geometry":{"type":"LineString","coordinates":[[-93.386565,37.07054],[-93.3957294,37.0703942],[-93.3953497,37.0551047],[-93.3860367,37.0552531]]},"properties":{}},{"type":"Feature","geometry":{"type":"LineString","coordinates":[[-93.3955381,37.0626892],[-93.3866747,37.0628303]]},"properties":{}},{"type":"Feature","geometry":{"type":"LineString","coordinates":[[-93.3715411,37.0707775],[-93.3807056,37.0706328],[-93.3803289,37.0553433],[-93.3710158,37.0554906]]},"properties":{}},{"type":"Feature","geometry":{"type":"LineString","coordinates":[[-93.3805158,37.0629278],[-93.3716525,37.0630678]]},"properties":{}},{"type":"Feature","geometry":{"type":"LineString","coordinates":[[-93.3653081,37.0555803],[-93.3656817,37.0708694],[-93.3590711,37.0709731],[-93.3572625,37.0707606],[-93.3565025,37.0704111],[-93.35528,37.0695872],[-93.353445,37.0682911],[-93.3522053,37.0667447],[-93.3518756,37.0655456],[-93.3517792,37.0615725],[-93.3520533,37.0604844],[-93.3529194,37.0590258],[-93.3539506,37.0581667],[-93.3549758,37.0570667],[-93.3564575,37.0562006],[-93.3582511,37.0558111],[-93.3592997,37.0556744],[-93.3653081,37.0555803]]},"properties":{}},{"type":"Feature","geometry":{"type":"LineString","coordinates":[[-93.3373989,37.0697444],[-93.33878,37.0709275],[-93.3390833,37.0710433],[-93.3410422,37.0712539],[-93.3426892,37.0709875],[-93.3435789,37.0704919],[-93.3444658,37.0698758],[-93.3451908,37.0687808],[-93.3451239,37.0660119],[-93.3441964,37.0649422],[-93.3435839,37.06447],[-93.3413131,37.0637825],[-93.3387444,37.0632203],[-93.3369244,37.0625258],[-93.3363061,37.0618128],[-93.3359653,37.0601319],[-93.3362281,37.0585622],[-93.3369558,37.0575875],[-93.3376953,37.0570942],[-93.3382875,37.0567239],[-93.33903,37.0563511],[-93.3406736,37.0559642],[-93.3415747,37.0559503],[-93.3424819,37.0561772],[-93.3436953,37.05664],[-93.3444578,37.05711],[-93.3455328,37.0580567]]},"properties":{}},{"type":"Feature","geometry":{"type":"LineString","coordinates":[[-93.9986022,36.1343425],[-93.9981,36.1190594],[-93.9908322,36.1192164]]},"properties":{}},{"type":"Feature","geometry":{"type":"LineString","coordinates":[[-93.9747178,36.1348567],[-93.9773881,36.1347994],[-93.9787192,36.1346503],[-93.9813542,36.13351],[-93.9838094,36.13141],[-93.9846483,36.1298264],[-93.9850303,36.1278914],[-93.9849792,36.1263269],[-93.9846353,36.1248894],[-93.9838425,36.1233408],[-93.9821481,36.1214506],[-93.9815353,36.1208617],[-93.980325,36.120165],[-93.97778,36.1194969],[-93.9746653,36.1195639],[-93.9731897,36.1198361],[-93.9717222,36.1203494],[-93.9708439,36.1207294],[-93.9693919,36.1217239],[-93.9681039,36.1231964],[-93.9676903,36.1241686],[-93.9673039,36.1259833],[-93.9673975,36.1288714],[-93.9688264,36.1317311],[-93.9697478,36.1326747],[-93.9708136,36.133495],[-93.9718717,36.1340744],[-93.9721722,36.1341886],[-93.9747178,36.1348567]]},"properties":{}},{"type":"Feature","geometry":{"type":"LineString","coordinates":[[-93.9470581,36.1333986],[-93.9476744,36.1341081],[-93.9490331,36.1348019],[-93.9499308,36.1350236],[-93.9524644,36.1353311],[-93.9533547,36.1353122],[-93.9551272,36.1350336],[-93.9565992,36.1346411],[-93.9568919,36.1345144],[-93.9579108,36.1338906],[-93.9589261,36.1331467],[-93.96064,36.1310628],[-93.9613194,36.1291217],[-93.9612336,36.1264742],[-93.9608903,36.1250364],[-93.9602619,36.1239658],[-93.9593408,36.1230222],[-93.9585719,36.1221956],[-93.9573503,36.1211375],[-93.9561481,36.1206817],[-93.9549458,36.1202253],[-93.9538997,36.1200067],[-93.95123,36.1200633],[-93.9497544,36.1203356],[-93.9485833,36.1208422],[-93.9472678,36.1214722],[-93.9463972,36.1220928],[-93.9449603,36.1235681],[-93.9441053,36.12467],[-93.9438317,36.1253983],[-93.9438936,36.1273239],[-93.9501239,36.1271919]]},"properties":{}},{"type":"Feature","geometry":{"type":"LineString","coordinates":[[-93.9375839,36.1203522],[-93.9380742,36.1356358],[-93.9306564,36.1357919],[-93.9300553,36.1355639],[-93.9287044,36.1351106],[-93.9273308,36.1339353],[-93.9266992,36.1327442],[-93.9266531,36.1313003],[-93.9272078,36.1300842],[-93.9285047,36.1288528],[-93.9298242,36.1283433],[-93.93041,36.1280903],[-93.9378269,36.1279339]]},"properties":{}},{"type":"Feature","geometry":{"type":"LineString","coordinates":[[-93.9115181,36.1361933],[-93.9205681,36.1360039],[-93.9200811,36.1207203],[-93.9108847,36.1209128]]},"properties":{}},{"type":"Feature","geometry":{"type":"LineString","coordinates":[[-93.9203228,36.1283019],[-93.9115703,36.128485]]},"properties":{}},{"type":"Feature","geometry":{"type":"LineString","coordinates":[[-93.0994356,36.3101492],[-93.0991197,36.2948617]]},"properties":{}},{"type":"Feature","geometry":{"type":"LineString","coordinates":[[-93.0891708,36.3101672],[-93.0992764,36.3024453],[-93.0887108,36.2950022]]},"properties":{}},{"type":"Feature","geometry":{"type":"LineString","coordinates":[[-93.0827778,36.3103736],[-93.0825292,36.2982158],[-93.0823683,36.2976158],[-93.0813028,36.2964261],[-93.0805444,36.2957139],[-93.079345,36.2952481],[-93.0777069,36.2951497],[-93.0753278,36.2951814],[-93.0739917,36.2953197],[-93.0722197,36.2959453],[-93.0711958,36.2968017],[-93.0706156,36.2975319],[-93.0703403,36.2986192],[-93.0705819,36.3105364]]},"properties":{}},{"type":"Feature","geometry":{"type":"LineString","coordinates":[[-93.0559747,36.3091642],[-93.0573375,36.3103503],[-93.0576375,36.3104667],[-93.0595758,36.3106819],[-93.0612069,36.3104197],[-93.0620897,36.3099264],[-93.06297,36.3093128],[-93.0636917,36.3082194],[-93.0636358,36.3054508],[-93.0627217,36.3043792],[-93.0621169,36.3039056],[-93.0598717,36.3032128],[-93.0573314,36.3026444],[-93.0555322,36.3019456],[-93.0549228,36.3012311],[-93.0545917,36.2995497],[-93.0548575,36.2979811],[-93.0555817,36.2970083],[-93.0563156,36.2965169],[-93.0569033,36.2961481],[-93.0576394,36.2957772],[-93.0592678,36.2953944],[-93.06016,36.2953825],[-93.0610572,36.2956117],[-93.0622564,36.2960775],[-93.0630097,36.2965489],[-93.06407,36.2974983]]},"properties":{}},{"type":"Feature","geometry":{"type":"LineString","coordinates":[[-93.0341019,36.3089686],[-93.0347114,36.3096831],[-93.0360642,36.3103881],[-93.0369614,36.3106169],[-93.0394969,36.3109453],[-93.0403894,36.3109336],[-93.0421694,36.3106697],[-93.0436494,36.3102892],[-93.0439444,36.3101647],[-93.0449736,36.3095494],[-93.0460003,36.3088136],[-93.0477442,36.3067436],[-93.0484492,36.3048081],[-93.0483964,36.3021597],[-93.04807,36.3007192],[-93.0474536,36.2996436],[-93.0465419,36.2986922],[-93.0457817,36.2978594],[-93.0445703,36.2967914],[-93.0433711,36.2963256],[-93.0421719,36.2958597],[-93.0411261,36.2956325],[-93.0384494,36.2956672],[-93.0369672,36.2959275],[-93.0357872,36.2964244],[-93.0344608,36.2970436],[-93.0335806,36.2976572],[-93.0321219,36.2991208],[-93.0312511,36.3002158],[-93.0309681,36.3009419],[-93.0310061,36.3028681],[-93.0372522,36.3027869]]},"properties":{}},{"type":"Feature","geometry":{"type":"LineString","coordinates":[[-93.0159972,36.3112492],[-93.02507,36.3111322],[-93.0247689,36.2958447],[-93.0155492,36.2959633]]},"properties":{}},{"type":"Feature","geometry":{"type":"LineString","coordinates":[[-93.0249181,36.3034283],[-93.0161439,36.3035411]]},"properties":{}},{"type":"Feature","geometry":{"type":"LineString","coordinates":[[-94.121255,36.1477425],[-94.1207272,36.13246]]},"properties":{}},{"type":"Feature","geometry":{"type":"LineString","coordinates":[[-94.1110131,36.1478544],[-94.1209889,36.1400411],[-94.1103433,36.1326953]]},"properties":{}},{"type":"Feature","geometry":{"type":"LineString","coordinates":[[-94.1041128,36.1328361],[-94.1046372,36.1481189]]},"properties":{}},{"type":"Feature","geometry":{"type":"LineString","coordinates":[[-94.0969219,36.1482928],[-94.0963989,36.13301],[-94.08913,36.1331733]]},"properties":{}},{"type":"Feature","geometry":{"type":"LineString","coordinates":[[-94.0830478,36.1333097],[-94.0835681,36.1485928],[-94.0761494,36.1487586],[-94.0755478,36.1485314],[-94.0741958,36.1480797],[-94.0728197,36.1469061],[-94.0721856,36.1457161],[-94.0721364,36.1442719],[-94.0726892,36.1430553],[-94.0739836,36.1418222],[-94.0753025,36.1413108],[-94.0758878,36.1410569],[-94.0833058,36.1408911]]},"properties":{}},{"type":"Feature","geometry":{"type":"LineString","coordinates":[[-94.0570086,36.1491847],[-94.0660597,36.1489836],[-94.0655428,36.1337006],[-94.0563453,36.1339047]]},"properties":{}},{"type":"Feature","geometry":{"type":"LineString","coordinates":[[-94.0657992,36.1412819],[-94.0570458,36.1414764]]},"properties":{}},{"type":"Feature","geometry":{"type":"LineString","coordinates":[[-94.4103447,35.9862383],[-94.40985,35.9733644],[-94.4099703,35.9726389],[-94.4106828,35.9718983],[-94.4115475,35.9712742],[-94.4121303,35.9710183],[-94.4130139,35.9708756],[-94.4144939,35.9708381],[-94.4153867,35.9709356],[-94.4167511,35.9717439],[-94.4170611,35.9720975]]},"properties":{}},{"type":"Feature","geometry":{"type":"LineString","coordinates":[[-94.3937642,35.9866581],[-94.3964289,35.9865908],[-94.3977567,35.9864369],[-94.40038,35.9852867],[-94.4028183,35.9831775],[-94.4036464,35.9815908],[-94.4040167,35.9796547],[-94.4039567,35.9780906],[-94.4036053,35.9766542],[-94.4028053,35.9751089],[-94.4011033,35.973225],[-94.4004881,35.9726383],[-94.3992764,35.9719464],[-94.3967325,35.9712883],[-94.3936244,35.9713667],[-94.3921533,35.9716447],[-94.3906917,35.9721633],[-94.3898172,35.9725467],[-94.3883739,35.9735464],[-94.3870967,35.9750239],[-94.3866894,35.9759975],[-94.3863142,35.9778136],[-94.3864242,35.9807011],[-94.3878667,35.9835553],[-94.3887917,35.9844953],[-94.38986,35.9853114],[-94.3909192,35.9858869],[-94.39122,35.9859997],[-94.3937642,35.9866581]]},"properties":{}},{"type":"Feature","geometry":{"type":"LineString","coordinates":[[-94.3800069,35.9717097],[-94.3805883,35.98699],[-94.3632814,35.9721289],[-94.3638594,35.9874094]]},"properties":{}},{"type":"Feature","geometry":{"type":"LineString","coordinates":[[-94.3433519,35.9858728],[-94.3439714,35.98658],[-94.3453308,35.9872689],[-94.3462283,35.9874875],[-94.3487586,35.9877858],[-94.3496469,35.9877639],[-94.3514144,35.9874789],[-94.3528814,35.9870811],[-94.3531728,35.9869533],[-94.3541864,35.9863261],[-94.3551956,35.9855783],[-94.3568947,35.9834886],[-94.3575622,35.981545],[-94.3574625,35.9788981],[-94.3571119,35.9774614],[-94.3564789,35.9763933],[-94.3555544,35.9754531],[-94.3547825,35.9746292],[-94.3535575,35.9735758],[-94.3523553,35.9731239],[-94.3511531,35.9726722],[-94.3501078,35.9724572],[-94.3474433,35.9725236],[-94.3459722,35.9728011],[-94.3448061,35.9733117],[-94.3434967,35.9739464],[-94.3426311,35.97457],[-94.341205,35.9760506],[-94.3403575,35.9771556],[-94.3400886,35.9778847],[-94.3401608,35.97981],[-94.3463783,35.9796556]]},"properties":{}},{"type":"Feature","geometry":{"type":"LineString","coordinates":[[-94.3338256,35.9728614],[-94.3343981,35.9881419]]},"properties":{}},{"type":"Feature","geometry":{"type":"LineString","coordinates":[[-93.4547606,36.8321417],[-93.4544308,36.8192608],[-93.4545622,36.8185358],[-93.4552922,36.8178014],[-93.4561753,36.8171844],[-93.4567681,36.8169339],[-93.4576633,36.8167986],[-93.4591606,36.8167739],[-93.4600619,36.8168792],[-93.4614311,36.8176994],[-93.46174,36.8180558]]},"properties":{}},{"type":"Feature","geometry":{"type":"LineString","coordinates":[[-93.4379878,36.8324178],[-93.4406833,36.8323736],[-93.4420281,36.8322311],[-93.4446961,36.8311033],[-93.44719,36.8290147],[-93.4480483,36.827435],[-93.4484486,36.8255017],[-93.4484086,36.8239367],[-93.4480722,36.8224969],[-93.4472836,36.8209444],[-93.4455875,36.8190453],[-93.4449733,36.8184533],[-93.4437572,36.8177508],[-93.4411933,36.8170703],[-93.4380492,36.8171219],[-93.4365581,36.8173872],[-93.4350728,36.8178933],[-93.4341836,36.8182692],[-93.4327106,36.8192567],[-93.4313997,36.8207233],[-93.4309747,36.8216936],[-93.4305711,36.8235067],[-93.4306442,36.8263958],[-93.432065,36.8292631],[-93.4329878,36.8302114],[-93.4340575,36.8310369],[-93.4351211,36.8316217],[-93.4354236,36.8317372],[-93.4379878,36.8324178]]},"properties":{}},{"type":"Feature","geometry":{"type":"LineString","coordinates":[[-93.4242742,36.8173469],[-93.4246592,36.8326356],[-93.4183694,36.8327378],[-93.4170217,36.8327597],[-93.4159553,36.8320544],[-93.4151853,36.8312239],[-93.4151731,36.8307422],[-93.4151128,36.8283347],[-93.4152536,36.8279711],[-93.4156786,36.8270008],[-93.4171458,36.8257725],[-93.4156303,36.8250744],[-93.4148725,36.8247256],[-93.4141086,36.8241358],[-93.4136325,36.8230597],[-93.4135539,36.8199297],[-93.4139819,36.8190797],[-93.4150119,36.8183406],[-93.4157486,36.8178467],[-93.4164883,36.8174733],[-93.4242742,36.8173469]]},"properties":{}},{"type":"Feature","geometry":{"type":"LineString","coordinates":[[-93.4244833,36.8256533],[-93.4171458,36.8257725]]},"properties":{}},{"type":"Feature","geometry":{"type":"LineString","coordinates":[[-93.4075867,36.8329122],[-93.4072831,36.8207536],[-93.4071183,36.8201542],[-93.4060403,36.8189672],[-93.4052736,36.8182569],[-93.4040636,36.8177947],[-93.4024136,36.8177008],[-93.4000181,36.8177394],[-93.3986733,36.8178814],[-93.3968917,36.8185122],[-93.3958644,36.8193717],[-93.3952833,36.8201036],[-93.3950108,36.8211919],[-93.3953064,36.83311]]},"properties":{}},{"type":"Feature","geometry":{"type":"LineString","coordinates":[[-93.3890164,36.8332106],[-93.3814514,36.8180364],[-93.3749389,36.8334347]]},"properties":{}},{"type":"Feature","geometry":{"type":"LineString","coordinates":[[-94.2194425,36.1600514],[-94.2189806,36.1471758],[-94.2191031,36.1464503],[-94.2198192,36.1457106],[-94.2206878,36.1450881],[-94.2212725,36.1448333],[-94.2221583,36.1446919],[-94.2236419,36.1446569],[-94.2245364,36.1447561],[-94.2259019,36.1455669],[-94.2262117,36.1459211]]},"properties":{}},{"type":"Feature","geometry":{"type":"LineString","coordinates":[[-94.2128117,36.1449125],[-94.2133586,36.1601947]]},"properties":{}},{"type":"Feature","geometry":{"type":"LineString","coordinates":[[-94.2056422,36.1603761],[-94.1949578,36.1606264]]},"properties":{}},{"type":"Feature","geometry":{"type":"LineString","coordinates":[[-94.2004483,36.1604978],[-94.1999039,36.1452156]]},"properties":{}},{"type":"Feature","geometry":{"type":"LineString","coordinates":[[-94.1881831,36.1454894],[-94.1887253,36.1607719],[-94.1824928,36.1609172],[-94.1811572,36.1609483],[-94.1800928,36.1602506],[-94.1793211,36.1594256],[-94.1793042,36.1589442],[-94.1792189,36.1565372],[-94.1793547,36.1561731],[-94.1797658,36.1552],[-94.1812069,36.1539619],[-94.1796975,36.1532744],[-94.1789431,36.1529308],[-94.1781797,36.1523464],[-94.1776964,36.1512736],[-94.1775858,36.148145],[-94.1780011,36.1472922],[-94.1790144,36.1465461],[-94.1797392,36.1460475],[-94.1804681,36.1456692],[-94.1881831,36.1454894]]},"properties":{}},{"type":"Feature","geometry":{"type":"LineString","coordinates":[[-94.1884778,36.1537925],[-94.1812069,36.1539619]]},"properties":{}},{"type":"Feature","geometry":{"type":"LineString","coordinates":[[-94.1714178,36.1458794],[-94.1637947,36.1613511],[-94.1555425,36.1462464]]},"properties":{}},{"type":"Feature","geometry":{"type":"LineString","coordinates":[[-94.1689211,36.150875],[-94.1582378,36.1511222]]},"properties":{}},{"type":"Feature","geometry":{"type":"LineString","coordinates":[[-94.1120783,36.0844728],[-94.1283869,36.1064261]]},"properties":{}},{"type":"Feature","geometry":{"type":"LineString","coordinates":[[-94.12798,36.0991414],[-94.1283869,36.1064261],[-94.1206375,36.1027342]]},"properties":{}},{"type":"Feature","geometry":{"type":"LineString","coordinates":[[-92.0928128,37.9482606],[-92.0927197,37.9353769],[-92.0928664,37.9346539],[-92.0936214,37.9339278],[-92.0945292,37.9333217],[-92.0951356,37.9330781],[-92.0960467,37.9329536],[-92.0975669,37.9329467],[-92.09848,37.9330628],[-92.0998544,37.9338994],[-92.1001611,37.9342592]]},"properties":{}},{"type":"Feature","geometry":{"type":"LineString","coordinates":[[-92.0864692,37.9329969],[-92.0865783,37.9482886]]},"properties":{}},{"type":"Feature","geometry":{"type":"LineString","coordinates":[[-92.0701456,37.9467958],[-92.0715225,37.9479939],[-92.0718272,37.9481131],[-92.0738058,37.9483453],[-92.0754767,37.9480969],[-92.0763856,37.9476114],[-92.0772936,37.9470053],[-92.0780464,37.9459183],[-92.0780269,37.9431489],[-92.0771069,37.9420692],[-92.0764956,37.9415903],[-92.0742097,37.9408778],[-92.0716211,37.9402872],[-92.0697914,37.9395725],[-92.0691783,37.9388528],[-92.0688628,37.9371683],[-92.0691561,37.9356017],[-92.0699094,37.9346353],[-92.0706664,37.9341503],[-92.0712719,37.9337864],[-92.0720294,37.9334219],[-92.0736992,37.9330533],[-92.0746114,37.9330492],[-92.0755253,37.9332861],[-92.0767447,37.9337625],[-92.0775083,37.9342408],[-92.0785792,37.9351992]]},"properties":{}},{"type":"Feature","geometry":{"type":"LineString","coordinates":[[-92.0624494,37.9331019],[-92.0625536,37.9483936],[-92.0452708,37.9331739],[-92.0453714,37.9484658]]},"properties":{}},{"type":"Feature","geometry":{"type":"LineString","coordinates":[[-92.0391369,37.9484914],[-92.0390581,37.9363303],[-92.0389019,37.9357286],[-92.03783,37.9345289],[-92.0370653,37.9338097],[-92.0358458,37.9333331],[-92.0341728,37.9332192],[-92.0317406,37.9332289],[-92.0303731,37.933355],[-92.0285525,37.9339642],[-92.0274936,37.9348114],[-92.0268903,37.9355361],[-92.0265931,37.9366211],[-92.0266683,37.9485417]]},"properties":{}},{"type":"Feature","geometry":{"type":"LineString","coordinates":[[-93.2048819,37.3057211],[-93.204595,37.2928389],[-93.2047297,37.2921142],[-93.2054669,37.2913811],[-93.2063578,37.2907664],[-93.2069553,37.2905169],[-93.2078567,37.2903836],[-93.2093636,37.2903622],[-93.2102703,37.2904697],[-93.2116453,37.2912931],[-93.2119547,37.29165]]},"properties":{}},{"type":"Feature","geometry":{"type":"LineString","coordinates":[[-93.1983633,37.2905186],[-93.1987025,37.3058089]]},"properties":{}},{"type":"Feature","geometry":{"type":"LineString","coordinates":[[-93.1905275,37.2906292],[-93.1908653,37.3059194],[-93.1833292,37.3060256],[-93.1827208,37.3057933],[-93.1813539,37.3053306],[-93.1799711,37.3041458],[-93.1793417,37.3029503],[-93.17931,37.3015056],[-93.1798864,37.3002931],[-93.1812164,37.29907],[-93.1825622,37.2985694],[-93.1831597,37.2983203],[-93.190695,37.2982142]]},"properties":{}},{"type":"Feature","geometry":{"type":"LineString","coordinates":[[-93.1638861,37.3062969],[-93.1730803,37.3061689],[-93.1727461,37.2908786],[-93.1634033,37.2910086]]},"properties":{}},{"type":"Feature","geometry":{"type":"LineString","coordinates":[[-93.1729117,37.2984636],[-93.16402,37.2985872]]},"properties":{}},{"type":"Feature","geometry":{"type":"LineString","coordinates":[[-93.1576769,37.2910878],[-93.1580081,37.3063783],[-93.1504719,37.3064819],[-93.1498639,37.3062494],[-93.1484969,37.3057867],[-93.1471144,37.3046014],[-93.1464858,37.3034056],[-93.1464547,37.3019608],[-93.1470317,37.3007486],[-93.1483622,37.2995261],[-93.1497081,37.2990258],[-93.1503058,37.2987767],[-93.1578411,37.2986728]]},"properties":{}},{"type":"Feature","geometry":{"type":"LineString","coordinates":[[-91.9464889,38.0631878],[-91.9464214,38.0503042],[-91.94657,38.0495811],[-91.9473275,38.0488561],[-91.9482378,38.0482511],[-91.9488458,38.0480083],[-91.9497586,38.047885],[-91.9512814,38.04788],[-91.9521956,38.0479972],[-91.9535703,38.0488356],[-91.9538769,38.0491958]]},"properties":{}},{"type":"Feature","geometry":{"type":"LineString","coordinates":[[-91.9401661,38.0479161],[-91.940245,38.0632081]]},"properties":{}},{"type":"Feature","geometry":{"type":"LineString","coordinates":[[-91.9322483,38.0479414],[-91.9323256,38.0632333],[-91.9150428,38.0479944],[-91.9151164,38.0632864]]},"properties":{}},{"type":"Feature","geometry":{"type":"LineString","coordinates":[[-91.9089522,38.0480128],[-91.9006483,38.0633289],[-91.89266,38.0480597]]},"properties":{}},{"type":"Feature","geometry":{"type":"LineString","coordinates":[[-91.9062347,38.0529575],[-91.8952711,38.0529892]]},"properties":{}},{"type":"Feature","geometry":{"type":"LineString","coordinates":[[-91.886265,38.0480775],[-91.8811547,38.0633836],[-91.8746931,38.0481092],[-91.8694281,38.0634147],[-91.86373,38.0481378]]},"properties":{}},{"type":"Feature","geometry":{"type":"LineString","coordinates":[[-94.3293039,36.3701811],[-94.3288222,36.357305],[-94.3289439,36.3565792],[-94.3296608,36.3558392],[-94.3305311,36.3552156],[-94.3311169,36.3549603],[-94.3320053,36.3548181],[-94.3334928,36.3547817],[-94.33439,36.35488],[-94.3357606,36.3556897],[-94.3360717,36.3560433]]},"properties":{}},{"type":"Feature","geometry":{"type":"LineString","coordinates":[[-94.3227814,36.3550436],[-94.3151678,36.3705261],[-94.3068628,36.3554311]]},"properties":{}},{"type":"Feature","geometry":{"type":"LineString","coordinates":[[-94.3202875,36.3600428],[-94.3095753,36.3603036]]},"properties":{}},{"type":"Feature","geometry":{"type":"LineString","coordinates":[[-94.3011803,36.3708658],[-94.2904664,36.3711247]]},"properties":{}},{"type":"Feature","geometry":{"type":"LineString","coordinates":[[-94.2959722,36.3709917],[-94.2954072,36.3557086]]},"properties":{}},{"type":"Feature","geometry":{"type":"LineString","coordinates":[[-94.2842167,36.3712756],[-94.2765128,36.3561639],[-94.2702289,36.3716114]]},"properties":{}},{"type":"Feature","geometry":{"type":"LineString","coordinates":[[-94.2534136,36.3720133],[-94.2560922,36.3719494],[-94.2574269,36.3717972],[-94.2600661,36.37065],[-94.2625211,36.3685439],[-94.2633567,36.3669581],[-94.2637325,36.3650219],[-94.2636756,36.3634575],[-94.263325,36.3620206],[-94.2625239,36.3604739],[-94.2608169,36.3585875],[-94.2602,36.358],[-94.2589833,36.3573064],[-94.2564278,36.3566447],[-94.2533033,36.3567192],[-94.2518244,36.3569953],[-94.2503542,36.3575122],[-94.2494744,36.3578944],[-94.2480217,36.3588925],[-94.246735,36.3603683],[-94.2463236,36.3613417],[-94.2459428,36.3631575],[-94.2460478,36.3660458],[-94.2474919,36.3689022],[-94.2484197,36.3698436],[-94.2494919,36.3706614],[-94.2505556,36.3712381],[-94.2508575,36.3713514],[-94.2534136,36.3720133]]},"properties":{}},{"type":"Feature","geometry":{"type":"LineString","coordinates":[[-93.5507167,36.2410844],[-93.5503717,36.2282061],[-93.5505011,36.2274814],[-93.5512244,36.2267461],[-93.5520994,36.2261286],[-93.5526872,36.2258775],[-93.5535753,36.2257414],[-93.5550608,36.2257153],[-93.5559553,36.2258197],[-93.557315,36.2266386],[-93.5576217,36.2269947]]},"properties":{}},{"type":"Feature","geometry":{"type":"LineString","coordinates":[[-93.5443653,36.2259031],[-93.5366017,36.2413319],[-93.5284706,36.2261808]]},"properties":{}},{"type":"Feature","geometry":{"type":"LineString","coordinates":[[-93.5418231,36.2308847],[-93.5311267,36.2310717]]},"properties":{}},{"type":"Feature","geometry":{"type":"LineString","coordinates":[[-93.5170833,36.2339644],[-93.5101986,36.2264972]]},"properties":{}},{"type":"Feature","geometry":{"type":"LineString","coordinates":[[-93.5222314,36.2262892],[-93.5226353,36.241575],[-93.5152061,36.2417036],[-93.5146056,36.2414731],[-93.5132556,36.2410147],[-93.5118867,36.2398342],[-93.5112608,36.2386408],[-93.5112228,36.2371964],[-93.5117856,36.2359828],[-93.5130911,36.2347558],[-93.5144156,36.2342514],[-93.5150033,36.2340006],[-93.5224317,36.2338719]]},"properties":{}},{"type":"Feature","geometry":{"type":"LineString","coordinates":[[-93.4954447,36.2420433],[-93.5045083,36.2418881],[-93.5041081,36.2266019],[-93.4948978,36.22676]]},"properties":{}},{"type":"Feature","geometry":{"type":"LineString","coordinates":[[-93.5043067,36.2341847],[-93.4955411,36.2343353]]},"properties":{}},{"type":"Feature","geometry":{"type":"LineString","coordinates":[[-93.48965,36.2421425],[-93.4892528,36.2268564]]},"properties":{}},{"type":"Feature","geometry":{"type":"LineString","coordinates":[[-93.4793947,36.2421967],[-93.4894497,36.2344392],[-93.4788539,36.2270333]]},"properties":{}},{"type":"Feature","geometry":{"type":"LineString","coordinates":[[-93.1966856,36.270565],[-93.1964022,36.2576856],[-93.196535,36.2569611],[-93.1972622,36.2562281],[-93.1981408,36.2556133],[-93.19873,36.2553642],[-93.1996189,36.2552308],[-93.2011053,36.2552094],[-93.2019997,36.2553169],[-93.2033558,36.25614],[-93.2036608,36.2564969]]},"properties":{}},{"type":"Feature","geometry":{"type":"LineString","coordinates":[[-93.1904047,36.2553636],[-93.1825639,36.2707678],[-93.1745025,36.2555911]]},"properties":{}},{"type":"Feature","geometry":{"type":"LineString","coordinates":[[-93.1878375,36.2603372],[-93.1771361,36.2604903]]},"properties":{}},{"type":"Feature","geometry":{"type":"LineString","coordinates":[[-93.1682603,36.2556797],[-93.1685908,36.2709667],[-93.1620503,36.2710594],[-93.1602611,36.2708439],[-93.1595103,36.2704931],[-93.1583028,36.2696672],[-93.1564908,36.2683683],[-93.1552681,36.2668203],[-93.154945,36.2656208],[-93.1548597,36.2616486],[-93.1551336,36.2605608],[-93.1559944,36.2591039],[-93.1570169,36.2582467],[-93.1580339,36.2571486],[-93.1595019,36.256285],[-93.1612778,36.2558989],[-93.1623156,36.2557639],[-93.1682603,36.2556797]]},"properties":{}},{"type":"Feature","geometry":{"type":"LineString","coordinates":[[-93.1486422,36.2559561],[-93.1489689,36.2712433]]},"properties":{}},{"type":"Feature","geometry":{"type":"LineString","coordinates":[[-93.1412392,36.2713514],[-93.1409139,36.2560642]]},"properties":{}},{"type":"Feature","geometry":{"type":"LineString","coordinates":[[-93.1309794,36.2713736],[-93.1410753,36.2636475],[-93.1305103,36.2562089]]},"properties":{}},{"type":"Feature","geometry":{"type":"LineString","coordinates":[[-93.1483194,36.3701881],[-93.1479958,36.3550208]]},"properties":{}},{"type":"Feature","geometry":{"type":"LineString","coordinates":[[-93.1356675,36.3703639],[-93.1353464,36.3551967]]},"properties":{}},{"type":"Feature","geometry":{"type":"LineString","coordinates":[[-93.1481681,36.3630858],[-93.1355172,36.3632617]]},"properties":{}},{"type":"Feature","geometry":{"type":"LineString","coordinates":[[-93.1295672,36.3705686],[-93.1293108,36.3584106],[-93.1291494,36.3578108],[-93.1280822,36.3566214],[-93.1273231,36.3559094],[-93.1261222,36.3554444],[-93.1244828,36.3553467],[-93.1221017,36.3553792],[-93.1207647,36.3555181],[-93.1189917,36.3561444],[-93.1179675,36.3570014],[-93.1173872,36.3577317],[-93.1171122,36.3588192],[-93.1173617,36.3707364]]},"properties":{}},{"type":"Feature","geometry":{"type":"LineString","coordinates":[[-93.1111103,36.3708219],[-93.1003931,36.3709675]]},"properties":{}},{"type":"Feature","geometry":{"type":"LineString","coordinates":[[-93.1059006,36.3708928],[-93.1055828,36.355605]]},"properties":{}},{"type":"Feature","geometry":{"type":"LineString","coordinates":[[-93.0835731,36.3711942],[-93.0862522,36.3711583],[-93.0875894,36.37102],[-93.0902464,36.3699006],[-93.0927347,36.36782],[-93.0935956,36.3662431],[-93.0940022,36.3643111],[-93.09397,36.3627461],[-93.0936425,36.3613056],[-93.0928661,36.3597508],[-93.0911892,36.3578467],[-93.0905817,36.3572528],[-93.0893761,36.3565467],[-93.0868314,36.3558583],[-93.0837061,36.3559003],[-93.0822228,36.3561611],[-93.0807444,36.3566625],[-93.0798589,36.3570356],[-93.0783903,36.3580186],[-93.0770803,36.3594808],[-93.0766536,36.36045],[-93.0762439,36.3622614],[-93.0763028,36.3651506],[-93.0777014,36.3680217],[-93.0786142,36.3689728],[-93.0796733,36.3698014],[-93.0807275,36.3703894],[-93.0810278,36.3705058],[-93.0835731,36.3711942]]},"properties":{}},{"type":"Feature","geometry":{"type":"LineString","coordinates":[[-93.0703253,36.3713711],[-93.0700144,36.3560831]]},"properties":{}},{"type":"Feature","geometry":{"type":"LineString","coordinates":[[-93.0600519,36.3713867],[-93.0701686,36.3636669],[-93.0595969,36.3562211]]},"properties":{}},{"type":"Feature","geometry":{"type":"LineString","coordinates":[[-91.8413328,38.1138089],[-91.841275,38.0986375]]},"properties":{}},{"type":"Feature","geometry":{"type":"LineString","coordinates":[[-91.8283786,38.1138389],[-91.8283236,38.0986678]]},"properties":{}},{"type":"Feature","geometry":{"type":"LineString","coordinates":[[-91.8413056,38.1067047],[-91.8283528,38.106735]]},"properties":{}},{"type":"Feature","geometry":{"type":"LineString","coordinates":[[-91.8221308,38.1139733],[-91.8220875,38.1018122],[-91.8219331,38.1012106],[-91.8208622,38.1000089],[-91.8200978,38.0992881],[-91.8188772,38.0988092],[-91.8172006,38.0986925],[-91.8147628,38.0986978],[-91.8133919,38.0988211],[-91.8115656,38.0994269],[-91.8105017,38.1002719],[-91.8098947,38.1009958],[-91.8095936,38.10208],[-91.8096339,38.1140003]]},"properties":{}},{"type":"Feature","geometry":{"type":"LineString","coordinates":[[-91.8032331,38.1140136],[-91.8031828,38.0987219],[-91.7957167,38.0987372]]},"properties":{}},{"type":"Feature","geometry":{"type":"LineString","coordinates":[[-91.7895172,38.1140411],[-91.7785444,38.1140619]]},"properties":{}},{"type":"Feature","geometry":{"type":"LineString","coordinates":[[-91.7841831,38.1140514],[-91.7841367,38.0987597]]},"properties":{}},{"type":"Feature","geometry":{"type":"LineString","coordinates":[[-91.7720997,38.0987819],[-91.7721436,38.1140733]]},"properties":{}},{"type":"Feature","geometry":{"type":"LineString","coordinates":[[-90.4159478,38.5974108],[-90.4161844,38.5822425]]},"properties":{}},{"type":"Feature","geometry":{"type":"LineString","coordinates":[[-90.4029089,38.5972847],[-90.4031481,38.5821164]]},"properties":{}},{"type":"Feature","geometry":{"type":"LineString","coordinates":[[-90.4160586,38.5903081],[-90.4030208,38.5901822]]},"properties":{}},{"type":"Feature","geometry":{"type":"LineString","coordinates":[[-90.3857264,38.5972367],[-90.3884875,38.5972639],[-90.38987,38.5971572],[-90.3926483,38.5961008],[-90.3952886,38.59408],[-90.3962339,38.5925239],[-90.3967244,38.5906022],[-90.3967494,38.5890375],[-90.3964656,38.5875897],[-90.3957236,38.5860172],[-90.3940669,38.5840747],[-90.3934631,38.5834667],[-90.3922478,38.5827325],[-90.3896519,38.5819844],[-90.3864314,38.5819528],[-90.3848936,38.5821783],[-90.3833525,38.5826447],[-90.3824264,38.5829969],[-90.3808772,38.5839447],[-90.3794736,38.5853756],[-90.3789981,38.5863342],[-90.3785089,38.5881353],[-90.3784622,38.5910244],[-90.3797961,38.5939272],[-90.3807011,38.5948994],[-90.3817611,38.5957528],[-90.3828253,38.5963653],[-90.3831303,38.5964886],[-90.3857264,38.5972367]]},"properties":{}},{"type":"Feature","geometry":{"type":"LineString","coordinates":[[-90.3727817,38.5818175],[-90.3591886,38.5969719]]},"properties":{}},{"type":"Feature","geometry":{"type":"LineString","coordinates":[[-90.3720739,38.5971011],[-90.3588256,38.5816775]]},"properties":{}},{"type":"Feature","geometry":{"type":"LineString","coordinates":[[-90.3531511,38.58162],[-90.3444628,38.5968225],[-90.3367414,38.5814525]]},"properties":{}},{"type":"Feature","geometry":{"type":"LineString","coordinates":[[-90.3503092,38.5865275],[-90.3392664,38.5864147]]},"properties":{}},{"type":"Feature","geometry":{"type":"LineString","coordinates":[[-90.3246514,38.5889128],[-90.3178781,38.5812569]]},"properties":{}},{"type":"Feature","geometry":{"type":"LineString","coordinates":[[-90.3303003,38.5813861],[-90.3300436,38.5966742],[-90.3223739,38.5965947],[-90.3217644,38.5963475],[-90.3203922,38.5958517],[-90.3190319,38.5946333],[-90.3184389,38.5934233],[-90.3184633,38.5919786],[-90.3190972,38.5907814],[-90.3204981,38.5895919],[-90.3218867,38.5891247],[-90.3225042,38.5888906],[-90.3301731,38.58897]]},"properties":{}},{"type":"Feature","geometry":{"type":"LineString","coordinates":[[-93.3028314,36.8469108],[-93.3024747,36.8317422]]},"properties":{}},{"type":"Feature","geometry":{"type":"LineString","coordinates":[[-93.2900992,36.8471036],[-93.289745,36.8319347]]},"properties":{}},{"type":"Feature","geometry":{"type":"LineString","coordinates":[[-93.3026644,36.8398081],[-93.2899333,36.8400008]]},"properties":{}},{"type":"Feature","geometry":{"type":"LineString","coordinates":[[-93.2733253,36.8474758],[-93.2760217,36.8474356],[-93.2773669,36.847295],[-93.2800381,36.8461711],[-93.2825369,36.8440864],[-93.2833992,36.8425078],[-93.2838036,36.8405747],[-93.2837672,36.8390097],[-93.2834342,36.8375697],[-93.2826489,36.8360158],[-93.2809567,36.8341144],[-93.2803436,36.8335214],[-93.2791286,36.8328172],[-93.2765658,36.8321331],[-93.2734208,36.83218],[-93.2719289,36.8324431],[-93.2704422,36.8329469],[-93.2695519,36.8333217],[-93.2680767,36.8343069],[-93.2667619,36.8357717],[-93.266335,36.8367417],[-93.2659272,36.8385542],[-93.2659936,36.8414433],[-93.2674083,36.8443125],[-93.2683294,36.8452622],[-93.2693972,36.8460894],[-93.2704597,36.8466756],[-93.2707622,36.8467917],[-93.2733253,36.8474758]]},"properties":{}},{"type":"Feature","geometry":{"type":"LineString","coordinates":[[-93.2515694,36.8462333],[-93.252945,36.8474175],[-93.2532475,36.8475333],[-93.2552003,36.8477453],[-93.2568425,36.8474803],[-93.2577303,36.8469853],[-93.2586153,36.84637],[-93.2593392,36.8452756],[-93.2592758,36.8425067],[-93.2583522,36.8414364],[-93.2577419,36.8409639],[-93.2554786,36.8402747],[-93.2529186,36.8397103],[-93.2511047,36.8390147],[-93.2504892,36.8383011],[-93.2501511,36.83662],[-93.250415,36.8350506],[-93.2511419,36.8340767],[-93.2518797,36.8335839],[-93.2524706,36.8332139],[-93.2532111,36.8328417],[-93.2548503,36.8324561],[-93.2557489,36.8324428],[-93.2566528,36.8326703],[-93.2578619,36.8331342],[-93.2586219,36.8336044],[-93.2596925,36.8345522]]},"properties":{}},{"type":"Feature","geometry":{"type":"LineString","coordinates":[[-93.2441156,36.8479089],[-93.2437675,36.8326194]]},"properties":{}},{"type":"Feature","geometry":{"type":"LineString","coordinates":[[-93.2337769,36.84794],[-93.2439403,36.8402039],[-93.2332839,36.8327733]]},"properties":{}},{"type":"Feature","geometry":{"type":"LineString","coordinates":[[-93.2269939,36.832865],[-93.2273383,36.8481542]]},"properties":{}},{"type":"Feature","geometry":{"type":"LineString","coordinates":[[-92.73917,37.83556],[-92.7389269,37.8203892]]},"properties":{}},{"type":"Feature","geometry":{"type":"LineString","coordinates":[[-92.7262658,37.8356892],[-92.7260256,37.8205186]]},"properties":{}},{"type":"Feature","geometry":{"type":"LineString","coordinates":[[-92.7390561,37.8284561],[-92.7261533,37.8285856]]},"properties":{}},{"type":"Feature","geometry":{"type":"LineString","coordinates":[[-92.7092644,37.8359781],[-92.7119972,37.8359511],[-92.7133617,37.8358172],[-92.7160772,37.8347067],[-92.7186258,37.8326342],[-92.7195119,37.83106],[-92.7199369,37.8291292],[-92.7199125,37.8275639],[-92.7195861,37.8261219],[-92.7188025,37.8245642],[-92.7171025,37.8226544],[-92.7164858,37.8220583],[-92.7152603,37.8213478],[-92.7126686,37.8206508],[-92.7094811,37.8206822],[-92.7079669,37.8209381],[-92.7064567,37.8214344],[-92.7055517,37.8218047],[-92.7040489,37.8227828],[-92.702705,37.8242408],[-92.7022647,37.8252086],[-92.7018372,37.8270192],[-92.7018822,37.8299086],[-92.7032933,37.832785],[-92.7042192,37.8337394],[-92.7052947,37.8345717],[-92.7063669,37.8351633],[-92.7066725,37.8352808],[-92.7092644,37.8359781]]},"properties":{}},{"type":"Feature","geometry":{"type":"LineString","coordinates":[[-92.6957531,37.8361097],[-92.6955169,37.8208186]]},"properties":{}},{"type":"Feature","geometry":{"type":"LineString","coordinates":[[-92.6852758,37.8360906],[-92.6956342,37.8284042],[-92.6848922,37.8209214]]},"properties":{}},{"type":"Feature","geometry":{"type":"LineString","coordinates":[[-92.6679706,37.8363764],[-92.6707033,37.8363503],[-92.6720681,37.8362169],[-92.6747842,37.8351072],[-92.6773339,37.8330358],[-92.6782211,37.8314619],[-92.6786472,37.8295311],[-92.6786233,37.8279658],[-92.6782978,37.8265239],[-92.677515,37.8249658],[-92.6758161,37.8230556],[-92.6751997,37.8224592],[-92.6739747,37.8217483],[-92.6713833,37.8210506],[-92.6681958,37.8210808],[-92.6666817,37.8213358],[-92.6651708,37.8218319],[-92.6642656,37.8222017],[-92.6627622,37.8231792],[-92.6614178,37.8246369],[-92.6609767,37.8256044],[-92.6605483,37.8274147],[-92.6605917,37.8303044],[-92.6620011,37.8331814],[-92.6629264,37.8341361],[-92.6640019,37.8349689],[-92.6650736,37.8355608],[-92.6653789,37.8356783],[-92.6679706,37.8363764]]},"properties":{}},{"type":"Feature","geometry":{"type":"LineString","coordinates":[[-92.6542317,37.8212122],[-92.6544592,37.8365036],[-92.6480828,37.8365631],[-92.6467164,37.8365758],[-92.6456431,37.8358631],[-92.6448714,37.8350275],[-92.6448644,37.8345458],[-92.6448289,37.8321378],[-92.6449753,37.831775],[-92.6454164,37.8308075],[-92.6469167,37.8295894],[-92.6453881,37.8288811],[-92.6446239,37.8285269],[-92.6438558,37.8279319],[-92.6433844,37.8268525],[-92.6433383,37.8237222],[-92.6437814,37.822875],[-92.6448333,37.8221428],[-92.645585,37.8216542],[-92.6463386,37.8212858],[-92.6542317,37.8212122]]},"properties":{}},{"type":"Feature","geometry":{"type":"LineString","coordinates":[[-92.6543553,37.82952],[-92.6469167,37.8295894]]},"properties":{}},{"type":"Feature","geometry":{"type":"LineString","coordinates":[[-93.5192869,37.1351222],[-93.5188847,37.1199536]]},"properties":{}},{"type":"Feature","geometry":{"type":"LineString","coordinates":[[-93.5065061,37.1353389],[-93.5061064,37.1201703]]},"properties":{}},{"type":"Feature","geometry":{"type":"LineString","coordinates":[[-93.5190986,37.1280194],[-93.5063189,37.1282361]]},"properties":{}},{"type":"Feature","geometry":{"type":"LineString","coordinates":[[-93.4999425,37.1202742],[-93.5003442,37.1355631]]},"properties":{}},{"type":"Feature","geometry":{"type":"LineString","coordinates":[[-93.4840639,37.1342706],[-93.4854486,37.1354519],[-93.4857525,37.1355672],[-93.4877136,37.1357753],[-93.4893614,37.1355067],[-93.4902508,37.1350103],[-93.4911372,37.1343931],[-93.4918608,37.1332969],[-93.4917883,37.1305281],[-93.4908578,37.1294597],[-93.4902439,37.1289883],[-93.4879697,37.1283039],[-93.4853981,37.1277447],[-93.483575,37.1270525],[-93.4829547,37.1263403],[-93.4826103,37.1246597],[-93.4828703,37.1230897],[-93.4835967,37.1221142],[-93.4843358,37.12162],[-93.4849278,37.1212486],[-93.48567,37.120875],[-93.4873144,37.1204861],[-93.4882164,37.1204711],[-93.4891247,37.1206967],[-93.49034,37.1211581],[-93.4911044,37.1216272],[-93.4921819,37.1225725]]},"properties":{}},{"type":"Feature","geometry":{"type":"LineString","coordinates":[[-93.4761894,37.1206719],[-93.4765864,37.1359611],[-93.4702711,37.1360658],[-93.4689178,37.1360883],[-93.4678464,37.1353836],[-93.4670728,37.1345533],[-93.4670606,37.1340717],[-93.4669983,37.1316639],[-93.4671392,37.1313003],[-93.4675653,37.1303297],[-93.4690378,37.1291008],[-93.4675156,37.1284036],[-93.4667544,37.1280547],[-93.4659872,37.1274653],[-93.4655083,37.1263894],[-93.4654275,37.1232592],[-93.4658567,37.1224092],[-93.4668903,37.1216694],[-93.4676297,37.1211753],[-93.4683719,37.1208017],[-93.4761894,37.1206719]]},"properties":{}},{"type":"Feature","geometry":{"type":"LineString","coordinates":[[-93.4764053,37.1289786],[-93.4690378,37.1291008]]},"properties":{}},{"type":"Feature","geometry":{"type":"LineString","coordinates":[[-93.4594444,37.136245],[-93.4591317,37.1240858],[-93.4589658,37.1234864],[-93.4578825,37.1223],[-93.4571122,37.12159],[-93.4558969,37.1211283],[-93.4542403,37.121035],[-93.451835,37.1210747],[-93.450485,37.1212172],[-93.4486961,37.1218489],[-93.4476653,37.1227089],[-93.4470825,37.1234411],[-93.4468094,37.1245294],[-93.4471142,37.1364478]]},"properties":{}},{"type":"Feature","geometry":{"type":"LineString","coordinates":[[-92.0083133,37.8675817],[-92.0082217,37.85241]]},"properties":{}},{"type":"Feature","geometry":{"type":"LineString","coordinates":[[-91.9954028,37.86763],[-91.9953136,37.8524583]]},"properties":{}},{"type":"Feature","geometry":{"type":"LineString","coordinates":[[-92.0082706,37.8604775],[-91.9953611,37.8605258]]},"properties":{}},{"type":"Feature","geometry":{"type":"LineString","coordinates":[[-91.9890875,37.8524811],[-91.9891761,37.8677733]]},"properties":{}},{"type":"Feature","geometry":{"type":"LineString","coordinates":[[-91.9811908,37.8525097],[-91.9812778,37.8678017],[-91.9640308,37.8525697],[-91.9641142,37.8678619]]},"properties":{}},{"type":"Feature","geometry":{"type":"LineString","coordinates":[[-91.9578044,37.8525908],[-91.9578867,37.8678831]]},"properties":{}},{"type":"Feature","geometry":{"type":"LineString","coordinates":[[-91.9499883,37.8679094],[-91.9499078,37.8526175],[-91.9424667,37.8526417]]},"properties":{}},{"type":"Feature","geometry":{"type":"LineString","coordinates":[[-94.1979108,36.4186553],[-94.1973708,36.4034919]]},"properties":{}},{"type":"Feature","geometry":{"type":"LineString","coordinates":[[-94.1852542,36.4189492],[-94.1847167,36.4037856]]},"properties":{}},{"type":"Feature","geometry":{"type":"LineString","coordinates":[[-94.1976581,36.4115547],[-94.1850022,36.4118486]]},"properties":{}},{"type":"Feature","geometry":{"type":"LineString","coordinates":[[-94.1786128,36.4039267],[-94.1791533,36.4192106]]},"properties":{}},{"type":"Feature","geometry":{"type":"LineString","coordinates":[[-94.1708711,36.4041056],[-94.1714103,36.4193894],[-94.1648583,36.4195403],[-94.1630631,36.4193406],[-94.1623058,36.4189967],[-94.161085,36.4181817],[-94.1592517,36.4168989],[-94.1580056,36.4153617],[-94.1576656,36.414165],[-94.1575261,36.4101936],[-94.1577858,36.4091036],[-94.1586286,36.4076389],[-94.1596411,36.4067725],[-94.1606453,36.4056656],[-94.1621044,36.4047889],[-94.1638781,36.4043869],[-94.1649161,36.4042425],[-94.1708711,36.4041056]]},"properties":{}},{"type":"Feature","geometry":{"type":"LineString","coordinates":[[-94.1411822,36.4200822],[-94.1438625,36.4200211],[-94.1451986,36.4198703],[-94.1478408,36.4187258],[-94.1503006,36.4166222],[-94.1511394,36.4150372],[-94.1515186,36.4131014],[-94.1514639,36.4115369],[-94.1511156,36.4100994],[-94.1503161,36.4085519],[-94.1486111,36.4066639],[-94.1479944,36.4060758],[-94.1467783,36.4053808],[-94.1442222,36.4047167],[-94.1410956,36.4047878],[-94.1396153,36.4050625],[-94.1381431,36.4055778],[-94.1372625,36.4059592],[-94.1358072,36.4069558],[-94.1345175,36.4084306],[-94.1341044,36.4094033],[-94.1337206,36.4112189],[-94.1338208,36.4141072],[-94.1352617,36.416965],[-94.1361886,36.4179075],[-94.1372603,36.4187264],[-94.1383236,36.4193042],[-94.1386256,36.4194178],[-94.1411822,36.4200822]]},"properties":{}},{"type":"Feature","geometry":{"type":"LineString","coordinates":[[-94.1279292,36.4203836],[-94.1273986,36.4050994],[-94.1201033,36.4052644]]},"properties":{}},{"type":"Feature","geometry":{"type":"LineString","coordinates":[[-93.6635575,37.5373725],[-93.6631242,37.5222042]]},"properties":{}},{"type":"Feature","geometry":{"type":"LineString","coordinates":[[-93.6507075,37.5376044],[-93.6502769,37.5224364]]},"properties":{}},{"type":"Feature","geometry":{"type":"LineString","coordinates":[[-93.6633547,37.53027],[-93.6505058,37.5305019]]},"properties":{}},{"type":"Feature","geometry":{"type":"LineString","coordinates":[[-93.6442311,37.522545],[-93.6363492,37.5379828],[-93.6280586,37.5228342]]},"properties":{}},{"type":"Feature","geometry":{"type":"LineString","coordinates":[[-93.64165,37.5275294],[-93.6307669,37.5277242]]},"properties":{}},{"type":"Feature","geometry":{"type":"LineString","coordinates":[[-93.6136289,37.5368211],[-93.6150231,37.5380008],[-93.6153289,37.5381158],[-93.6173008,37.5383219],[-93.6189569,37.5380517],[-93.6198506,37.5375539],[-93.6207408,37.5369361],[-93.6214664,37.5358392],[-93.6213889,37.5330703],[-93.6204517,37.5320031],[-93.6198333,37.5315322],[-93.6175458,37.53085],[-93.6149592,37.5302936],[-93.613125,37.5296033],[-93.6125003,37.5288919],[-93.6121508,37.5272117],[-93.6124097,37.5256414],[-93.6131386,37.524665],[-93.6138808,37.52417],[-93.6144753,37.5237981],[-93.6152211,37.5234236],[-93.6168736,37.5230331],[-93.6177806,37.5230169],[-93.6186942,37.5232417],[-93.6199167,37.5237017],[-93.6206861,37.5241697],[-93.6217711,37.5251142]]},"properties":{}},{"type":"Feature","geometry":{"type":"LineString","coordinates":[[-93.5953797,37.5387086],[-93.5981011,37.5386606],[-93.5994583,37.5385164],[-93.6021494,37.537385],[-93.6046628,37.5352933],[-93.6055261,37.5337122],[-93.6059261,37.5317781],[-93.6058828,37.5302131],[-93.6055403,37.5287739],[-93.6047408,37.5272222],[-93.6030247,37.5253253],[-93.6024033,37.5247339],[-93.6011742,37.5240331],[-93.5985844,37.5233558],[-93.5954106,37.5234117],[-93.5939056,37.5236789],[-93.5924072,37.5241869],[-93.5915106,37.5245639],[-93.5900256,37.5255533],[-93.588705,37.5270219],[-93.5882781,37.5279928],[-93.5878742,37.5298067],[-93.5879539,37.5326958],[-93.5893942,37.5355614],[-93.5903278,37.5365086],[-93.5914092,37.5373328],[-93.5924842,37.5379161],[-93.5927897,37.5380311],[-93.5953797,37.5387086]]},"properties":{}},{"type":"Feature","geometry":{"type":"LineString","coordinates":[[-93.5815044,37.5236547],[-93.5819247,37.5389436],[-93.575575,37.5390542],[-93.5742144,37.5390778],[-93.5731364,37.5383739],[-93.5723572,37.5375442],[-93.5723442,37.5370628],[-93.5722783,37.534655],[-93.5724197,37.5342911],[-93.5728467,37.5333203],[-93.5743256,37.53209],[-93.5727942,37.5313942],[-93.5720283,37.5310461],[-93.5712561,37.5304572],[-93.5707731,37.5293817],[-93.5706875,37.5262517],[-93.5711178,37.5254008],[-93.5721561,37.5246603],[-93.5728989,37.5241656],[-93.5736447,37.5237914],[-93.5815044,37.5236547]]},"properties":{}},{"type":"Feature","geometry":{"type":"LineString","coordinates":[[-93.5817328,37.5319614],[-93.5743256,37.53209]]},"properties":{}},{"type":"Feature","geometry":{"type":"LineString","coordinates":[[-93.0573719,37.1344775],[-93.057065,37.1193075]]},"properties":{}},{"type":"Feature","geometry":{"type":"LineString","coordinates":[[-93.04459,37.1346425],[-93.0442856,37.1194725]]},"properties":{}},{"type":"Feature","geometry":{"type":"LineString","coordinates":[[-93.0572281,37.1273739],[-93.0444475,37.1275392]]},"properties":{}},{"type":"Feature","geometry":{"type":"LineString","coordinates":[[-93.0382717,37.1195497],[-93.0303064,37.1349458],[-93.0221844,37.1197547]]},"properties":{}},{"type":"Feature","geometry":{"type":"LineString","coordinates":[[-93.0356639,37.1245206],[-93.0248381,37.1246586]]},"properties":{}},{"type":"Feature","geometry":{"type":"LineString","coordinates":[[-93.0106061,37.1274878],[-93.0036917,37.1199875]]},"properties":{}},{"type":"Feature","geometry":{"type":"LineString","coordinates":[[-93.01587,37.1198344],[-93.0161708,37.135125],[-93.0086519,37.1352197],[-93.0080456,37.1349864],[-93.0066828,37.1345217],[-93.0053058,37.1333347],[-93.0046808,37.1321383],[-93.0046525,37.1306936],[-93.0052306,37.1294819],[-93.0065603,37.1282611],[-93.0079042,37.1277625],[-93.0085008,37.1275142],[-93.0160192,37.1274194]]},"properties":{}},{"type":"Feature","geometry":{"type":"LineString","coordinates":[[-92.9871475,37.1354878],[-92.9898544,37.1354542],[-92.9912056,37.1353169],[-92.9938914,37.1341997],[-92.9964081,37.1321211],[-92.9972797,37.1305447],[-92.9976933,37.1286128],[-92.9976631,37.1270475],[-92.9973342,37.1256067],[-92.9965519,37.1240508],[-92.9948606,37.122145],[-92.9942475,37.1215506],[-92.9930308,37.1208431],[-92.9904608,37.1201525],[-92.9873036,37.1201914],[-92.9858047,37.1204508],[-92.9843103,37.1209511],[-92.9834153,37.1213233],[-92.9819303,37.122305],[-92.9806047,37.1237667],[-92.9801722,37.1247353],[-92.9797558,37.1265469],[-92.9798114,37.1294364],[-92.9812203,37.1323094],[-92.9821408,37.1332614],[-92.9832097,37.1340911],[-92.9842739,37.1346803],[-92.9845772,37.1347969],[-92.9871475,37.1354878]]},"properties":{}},{"type":"Feature","geometry":{"type":"LineString","coordinates":[[-92.9737636,37.1356525],[-92.9734711,37.1203619]]},"properties":{}},{"type":"Feature","geometry":{"type":"LineString","coordinates":[[-92.963385,37.1356589],[-92.9736161,37.1279469],[-92.9629467,37.1204903]]},"properties":{}},{"type":"Feature","geometry":{"type":"LineString","coordinates":[[-93.2508431,37.0409842],[-93.2514603,37.0416978],[-93.2528283,37.0424003],[-93.253735,37.0426278],[-93.2562964,37.0429514],[-93.2571975,37.0429381],[-93.2589944,37.0426706],[-93.2604878,37.0422875],[-93.2607856,37.0421625],[-93.2618228,37.041545],[-93.2628575,37.0408072],[-93.2646125,37.0387339],[-93.2653192,37.0367964],[-93.2652581,37.0341478],[-93.2649244,37.0327078],[-93.2642989,37.0316331],[-93.2633756,37.0306833],[-93.2626056,37.0298517],[-93.2613792,37.0287858],[-93.2601669,37.0283219],[-93.2589547,37.0278583],[-93.2578981,37.0276328],[-93.2551953,37.0276728],[-93.2536992,37.0279356],[-93.2525089,37.028435],[-93.2511714,37.0290567],[-93.2502842,37.0296719],[-93.2488153,37.0311386],[-93.2479392,37.0322353],[-93.2476553,37.0329622],[-93.2476992,37.0348883],[-93.2540064,37.0347958]]},"properties":{}},{"type":"Feature","geometry":{"type":"LineString","coordinates":[[-93.2417283,37.043165],[-93.2413808,37.0278753],[-93.2340231,37.0279828]]},"properties":{}},{"type":"Feature","geometry":{"type":"LineString","coordinates":[[-93.2278667,37.0280722],[-93.2282117,37.0433619]]},"properties":{}},{"type":"Feature","geometry":{"type":"LineString","coordinates":[[-93.2200583,37.028185],[-93.2152953,37.0435483],[-93.2086464,37.0283492],[-93.2037308,37.0437142],[-93.197835,37.0285036]]},"properties":{}},{"type":"Feature","geometry":{"type":"LineString","coordinates":[[-93.1834206,37.0424372],[-93.1847989,37.0436219],[-93.1851019,37.0437381],[-93.1870597,37.0439514],[-93.1887064,37.0436872],[-93.1895969,37.0431928],[-93.1904847,37.0425781],[-93.1912119,37.0414839],[-93.1911508,37.0387147],[-93.1902256,37.0376442],[-93.1896144,37.0371711],[-93.1873458,37.0364806],[-93.1847794,37.0359147],[-93.1829617,37.0352178],[-93.182345,37.0345039],[-93.1820078,37.0328225],[-93.1822736,37.0312533],[-93.1830033,37.0302794],[-93.1837436,37.0297872],[-93.1843364,37.0294178],[-93.1850792,37.0290458],[-93.1867231,37.0286614],[-93.1876239,37.0286486],[-93.1885303,37.0288767],[-93.1897422,37.0293411],[-93.1905036,37.0298122],[-93.1915761,37.0307603]]},"properties":{}},{"type":"Feature","geometry":{"type":"LineString","coordinates":[[-93.0080086,36.35456],[-92.9995258,36.3546675]]},"properties":{}},{"type":"Feature","geometry":{"type":"LineString","coordinates":[[-92.9992281,36.3623775],[-93.0081583,36.3622642],[-93.0078611,36.3469761]]},"properties":{}},{"type":"Feature","geometry":{"type":"LineString","coordinates":[[-92.9844933,36.3625628],[-92.9935725,36.3624486],[-92.9932783,36.3471608],[-92.9840522,36.3472764]]},"properties":{}},{"type":"Feature","geometry":{"type":"LineString","coordinates":[[-92.9934242,36.3547444],[-92.9846436,36.3548547]]},"properties":{}},{"type":"Feature","geometry":{"type":"LineString","coordinates":[[-92.9786889,36.3626353],[-92.9783975,36.3473472]]},"properties":{}},{"type":"Feature","geometry":{"type":"LineString","coordinates":[[-92.9684169,36.3626422],[-92.9785419,36.3549308],[-92.9679811,36.3474764]]},"properties":{}},{"type":"Feature","geometry":{"type":"LineString","coordinates":[[-92.95294,36.3629533],[-92.9620192,36.3628417],[-92.9617311,36.3475536],[-92.952505,36.3476669]]},"properties":{}},{"type":"Feature","geometry":{"type":"LineString","coordinates":[[-92.9618739,36.3551375],[-92.9530936,36.3552453]]},"properties":{}},{"type":"Feature","geometry":{"type":"LineString","coordinates":[[-92.9468506,36.3477361],[-92.9471353,36.3630242],[-92.9405864,36.3631039],[-92.9387961,36.3628847],[-92.938045,36.3625328],[-92.9368389,36.3617044],[-92.9350283,36.3604019],[-92.9338089,36.3588514],[-92.9334889,36.3576511],[-92.9334156,36.3536786],[-92.9336931,36.3525917],[-92.9345594,36.3511361],[-92.9355856,36.3502808],[-92.9366072,36.349185],[-92.9380797,36.3483242],[-92.9398586,36.3479414],[-92.9408981,36.3478083],[-92.9468506,36.3477361]]},"properties":{}},{"type":"Feature","geometry":{"type":"LineString","coordinates":[[-90.4059006,38.5344533],[-90.3971642,38.5343681]]},"properties":{}},{"type":"Feature","geometry":{"type":"LineString","coordinates":[[-90.3965822,38.5420683],[-90.4057792,38.5421581],[-90.4060197,38.5268689]]},"properties":{}},{"type":"Feature","geometry":{"type":"LineString","coordinates":[[-90.3911544,38.5267236],[-90.3824803,38.5419292],[-90.3747569,38.5265611]]},"properties":{}},{"type":"Feature","geometry":{"type":"LineString","coordinates":[[-90.3883172,38.5316322],[-90.3772825,38.5315231]]},"properties":{}},{"type":"Feature","geometry":{"type":"LineString","coordinates":[[-90.3626797,38.5340256],[-90.3559072,38.5263717]]},"properties":{}},{"type":"Feature","geometry":{"type":"LineString","coordinates":[[-90.3683206,38.5264969],[-90.3680717,38.5417856],[-90.3604078,38.5417083],[-90.3597986,38.5414614],[-90.3584269,38.5409658],[-90.3570672,38.5397481],[-90.3564739,38.5385381],[-90.3564975,38.5370936],[-90.3571306,38.5358958],[-90.3585297,38.5347061],[-90.3599169,38.5342386],[-90.3605339,38.5340039],[-90.3681972,38.5340811]]},"properties":{}},{"type":"Feature","geometry":{"type":"LineString","coordinates":[[-90.3496242,38.5263078],[-90.3493717,38.5415964],[-90.3323072,38.52613],[-90.3320511,38.5414186]]},"properties":{}},{"type":"Feature","geometry":{"type":"LineString","coordinates":[[-90.3148842,38.54124],[-90.3176431,38.5412689],[-90.3190247,38.5411628],[-90.3218019,38.5401083],[-90.3244419,38.5380889],[-90.3253881,38.5365333],[-90.3258803,38.5346122],[-90.3259067,38.5330472],[-90.3256244,38.5315994],[-90.3248847,38.5300264],[-90.3232314,38.5280828],[-90.3226286,38.5274744],[-90.3214147,38.5267394],[-90.3188217,38.52599],[-90.3156036,38.5259561],[-90.3140669,38.5261808],[-90.3125264,38.5266464],[-90.3116008,38.5269978],[-90.3100519,38.5279447],[-90.3086481,38.529375],[-90.3081717,38.5303331],[-90.3076811,38.5321339],[-90.3076317,38.5350231],[-90.3089619,38.5379267],[-90.309865,38.5388994],[-90.3109236,38.5397533],[-90.3119861,38.5403667],[-90.3122908,38.5404903],[-90.3148842,38.54124]]},"properties":{}},{"type":"Feature","geometry":{"type":"LineString","coordinates":[[-93.1002197,37.2495528],[-93.091635,37.2496669]]},"properties":{}},{"type":"Feature","geometry":{"type":"LineString","coordinates":[[-93.0913428,37.2573783],[-93.1003803,37.2572583],[-93.1000617,37.2419678]]},"properties":{}},{"type":"Feature","geometry":{"type":"LineString","coordinates":[[-93.0854542,37.2421614],[-93.0774856,37.2575608],[-93.0693406,37.2423728]]},"properties":{}},{"type":"Feature","geometry":{"type":"LineString","coordinates":[[-93.0828453,37.2471333],[-93.0720017,37.2472758]]},"properties":{}},{"type":"Feature","geometry":{"type":"LineString","coordinates":[[-93.0630156,37.2424553],[-93.0633267,37.2577458],[-93.0557956,37.2578436],[-93.0551881,37.2576106],[-93.0538228,37.2571464],[-93.0524428,37.25596],[-93.0518158,37.2547639],[-93.0517867,37.2533192],[-93.0523647,37.2521072],[-93.0536961,37.2508858],[-93.0550417,37.2503867],[-93.0556394,37.2501381],[-93.06317,37.2500406]]},"properties":{}},{"type":"Feature","geometry":{"type":"LineString","coordinates":[[-93.0370864,37.2565186],[-93.0384661,37.2577053],[-93.0387697,37.2578217],[-93.0407328,37.2580375],[-93.0423847,37.2577756],[-93.0432789,37.2572822],[-93.0441706,37.2566686],[-93.0449019,37.2555753],[-93.0448461,37.2528064],[-93.0439208,37.2517342],[-93.0433086,37.2512603],[-93.041035,37.2505669],[-93.0384625,37.2499978],[-93.0366406,37.2492986],[-93.0360239,37.2485839],[-93.0356889,37.2469019],[-93.0359589,37.2453331],[-93.0366925,37.2443603],[-93.0374358,37.2438689],[-93.0380311,37.2435],[-93.0387769,37.2431292],[-93.0404261,37.2427469],[-93.0413297,37.2427353],[-93.0422381,37.2429644],[-93.0434525,37.2434306],[-93.0442153,37.2439025],[-93.0452889,37.2448522]]},"properties":{}},{"type":"Feature","geometry":{"type":"LineString","coordinates":[[-93.0295864,37.2581797],[-93.0293444,37.2460194],[-93.0291817,37.2454194],[-93.0281036,37.2442289],[-93.0273361,37.2435161],[-93.0261219,37.2430497],[-93.0244631,37.2429503],[-93.0220533,37.2429808],[-93.0207003,37.2431183],[-93.018905,37.2437431],[-93.0178675,37.2445992],[-93.0172794,37.2453292],[-93.0169994,37.2464167],[-93.0172347,37.2583361]]},"properties":{}},{"type":"Feature","geometry":{"type":"LineString","coordinates":[[-93.6785956,36.2033803],[-93.6790314,36.2186653],[-93.6724961,36.2187875],[-93.6707069,36.21858],[-93.6699542,36.2182331],[-93.6687419,36.2174125],[-93.6669219,36.2161219],[-93.6656894,36.2145794],[-93.6653583,36.2133814],[-93.6652456,36.2094097],[-93.6655119,36.2083211],[-93.6663619,36.2068603],[-93.6673778,36.2059983],[-93.6683864,36.2048958],[-93.6698475,36.2040256],[-93.6716194,36.2036311],[-93.6726556,36.2034914],[-93.6785956,36.2033803]]},"properties":{}},{"type":"Feature","geometry":{"type":"LineString","coordinates":[[-93.650365,36.2191989],[-93.6594256,36.2190311],[-93.6589933,36.2037458],[-93.6497861,36.2039164]]},"properties":{}},{"type":"Feature","geometry":{"type":"LineString","coordinates":[[-93.6592078,36.2113283],[-93.6504453,36.2114906]]},"properties":{}},{"type":"Feature","geometry":{"type":"LineString","coordinates":[[-93.6441431,36.2040206],[-93.6445722,36.2193058],[-93.6383339,36.2194206],[-93.6369972,36.2194453],[-93.6359372,36.2187422],[-93.6351711,36.2179133],[-93.6351575,36.2174319],[-93.6350903,36.2150247],[-93.6352286,36.2146611],[-93.6356472,36.21369],[-93.6370989,36.2124592],[-93.6355933,36.2117642],[-93.6348408,36.2114169],[-93.6340814,36.2108286],[-93.6336056,36.2097536],[-93.6335181,36.2066244],[-93.63394,36.2057739],[-93.6349594,36.2050325],[-93.6356886,36.2045375],[-93.6364208,36.2041628],[-93.6441431,36.2040206]]},"properties":{}},{"type":"Feature","geometry":{"type":"LineString","coordinates":[[-93.6443764,36.2123253],[-93.6370989,36.2124592]]},"properties":{}},{"type":"Feature","geometry":{"type":"LineString","coordinates":[[-93.613175,36.2178333],[-93.6137892,36.2185447],[-93.6151461,36.2192428],[-93.6160439,36.2194672],[-93.6185789,36.2197822],[-93.6194703,36.2197661],[-93.6212458,36.2194928],[-93.6227211,36.2191047],[-93.623015,36.2189789],[-93.6240381,36.2183581],[-93.6250575,36.2176169],[-93.6267828,36.2155383],[-93.6274719,36.2135989],[-93.6273981,36.2109511],[-93.6270608,36.2095122],[-93.6264367,36.20844],[-93.6255189,36.2074933],[-93.6247528,36.2066644],[-93.6235344,36.2056031],[-93.6223331,36.2051433],[-93.6211317,36.2046836],[-93.6200856,36.2044617],[-93.6174125,36.2045106],[-93.6159339,36.2047781],[-93.6147594,36.2052814],[-93.6134394,36.2059072],[-93.612565,36.2065253],[-93.6111197,36.2079967],[-93.6102586,36.2090958],[-93.6099817,36.2098236],[-93.6100347,36.2117492],[-93.6162728,36.2116358]]},"properties":{}},{"type":"Feature","geometry":{"type":"LineString","coordinates":[[-93.5951103,36.2202075],[-93.6041711,36.2200439],[-93.60375,36.2047583],[-93.5945425,36.2049247]]},"properties":{}},{"type":"Feature","geometry":{"type":"LineString","coordinates":[[-93.6039589,36.2123411],[-93.5951961,36.2124992]]},"properties":{}},{"type":"Feature","geometry":{"type":"LineString","coordinates":[[-93.3344694,37.3445028],[-93.3353858,37.3449703],[-93.3364472,37.345195],[-93.3400664,37.3451394],[-93.3414178,37.3448778],[-93.3418672,37.3447503],[-93.3441028,37.3436319],[-93.3454308,37.3424072],[-93.3458542,37.3411964],[-93.3468569,37.3390131],[-93.34679,37.3362439],[-93.3464564,37.3349242],[-93.3459778,37.3338478],[-93.3453456,37.3326531],[-93.3438058,37.3313519],[-93.3409122,37.3301922],[-93.3389436,37.3298611],[-93.3372853,37.3298867],[-93.3351833,37.3302803],[-93.3344381,37.3306531],[-93.3338408,37.3309031]]},"properties":{}},{"type":"Feature","geometry":{"type":"LineString","coordinates":[[-93.3280028,37.3453244],[-93.3277114,37.3331647],[-93.3275461,37.332565],[-93.3264619,37.3313772],[-93.3256908,37.3306664],[-93.3244731,37.3302033],[-93.3228119,37.3301081],[-93.3203994,37.330145],[-93.3190456,37.3302858],[-93.3172508,37.3309153],[-93.3162156,37.3317742],[-93.3156294,37.3325056],[-93.3153539,37.3335936],[-93.3156375,37.3455125]]},"properties":{}},{"type":"Feature","geometry":{"type":"LineString","coordinates":[[-93.3093039,37.3456086],[-93.3017047,37.3304278],[-93.2951292,37.3458219]]},"properties":{}},{"type":"Feature","geometry":{"type":"LineString","coordinates":[[-93.2884372,37.3306269],[-93.2887956,37.3459169]]},"properties":{}},{"type":"Feature","geometry":{"type":"LineString","coordinates":[[-93.2724728,37.3445939],[-93.2738581,37.3457778],[-93.2741625,37.3458936],[-93.2761283,37.3461056],[-93.2777817,37.34584],[-93.2786753,37.345345],[-93.2795658,37.3447297],[-93.2802947,37.3436347],[-93.28023,37.3408658],[-93.2793,37.3397958],[-93.2786856,37.3393231],[-93.2764069,37.3386344],[-93.2738297,37.3380703],[-93.2720036,37.3373747],[-93.2713836,37.3366614],[-93.2710428,37.3349803],[-93.2713081,37.3334108],[-93.2720397,37.3324364],[-93.2727822,37.3319436],[-93.2733769,37.3315736],[-93.2741225,37.3312011],[-93.2757725,37.3308153],[-93.2766772,37.3308019],[-93.2775872,37.3310294],[-93.2788047,37.3314931],[-93.2795697,37.3319633],[-93.2806478,37.3329108]]},"properties":{}},{"type":"Feature","geometry":{"type":"LineString","coordinates":[[-93.4596428,37.4884922],[-93.4605617,37.4889589],[-93.4616256,37.4891825],[-93.4652514,37.4891228],[-93.466605,37.4888597],[-93.4670553,37.4887319],[-93.4692933,37.4876111],[-93.4706219,37.486385],[-93.4710439,37.4851736],[-93.4720453,37.4829892],[-93.4719733,37.4802203],[-93.4716367,37.4789011],[-93.4711556,37.477825],[-93.47052,37.4766311],[-93.4689753,37.4753317],[-93.4660739,37.474175],[-93.4641011,37.4738458],[-93.4624394,37.4738733],[-93.4603339,37.4742692],[-93.4595881,37.4746425],[-93.45899,37.4748933]]},"properties":{}},{"type":"Feature","geometry":{"type":"LineString","coordinates":[[-93.4531647,37.4893208],[-93.4528525,37.4771614],[-93.4526858,37.4765619],[-93.4515975,37.4753753],[-93.4508239,37.4746653],[-93.4496031,37.4742033],[-93.4479383,37.47411],[-93.4455214,37.4741494],[-93.444165,37.4742919],[-93.4423678,37.4749233],[-93.4413319,37.4757831],[-93.4407461,37.4765153],[-93.4404717,37.4776036],[-93.4407758,37.4895222]]},"properties":{}},{"type":"Feature","geometry":{"type":"LineString","coordinates":[[-93.4340414,37.4743356],[-93.4292933,37.4897078],[-93.4225611,37.4745203],[-93.4176597,37.4898947],[-93.411685,37.4746944]]},"properties":{}},{"type":"Feature","geometry":{"type":"LineString","coordinates":[[-93.4053406,37.4747956],[-93.4057239,37.4900853],[-93.3981694,37.4902053],[-93.3975592,37.4899742],[-93.3961872,37.4895142],[-93.3947975,37.4883317],[-93.3941631,37.4871372],[-93.3941272,37.4856928],[-93.3947014,37.4844792],[-93.3960311,37.4832536],[-93.3973789,37.4827506],[-93.3979772,37.4825003],[-93.4055308,37.4823803]]},"properties":{}},{"type":"Feature","geometry":{"type":"LineString","coordinates":[[-93.3771681,37.4905364],[-93.3798875,37.4904936],[-93.3812444,37.4903519],[-93.3839372,37.4892256],[-93.386455,37.4871386],[-93.3873225,37.4855592],[-93.3877281,37.4836258],[-93.3876892,37.4820608],[-93.3873511,37.4806208],[-93.3865569,37.4790675],[-93.3848475,37.4771675],[-93.3842283,37.476575],[-93.3830019,37.4758717],[-93.3804161,37.4751897],[-93.3772439,37.4752394],[-93.3757392,37.4755039],[-93.3742406,37.4760092],[-93.3733431,37.4763844],[-93.3718561,37.4773711],[-93.3705319,37.4788372],[-93.3701025,37.4798075],[-93.3696936,37.4816203],[-93.3697647,37.4845097],[-93.3711956,37.4873781],[-93.3721256,37.4883269],[-93.3732042,37.4891531],[-93.3742764,37.4897386],[-93.3745817,37.4898542],[-93.3771681,37.4905364]]},"properties":{}},{"type":"Feature","geometry":{"type":"LineString","coordinates":[[-93.9789358,36.0530278],[-93.9798406,36.05349],[-93.9808858,36.0537083],[-93.9844425,36.0536317],[-93.9857683,36.0533622],[-93.9862089,36.0532325],[-93.9883964,36.0521014],[-93.9896906,36.0508694],[-93.9900958,36.0496564],[-93.9910622,36.0474681],[-93.9909717,36.0447003],[-93.9906319,36.0433831],[-93.9901519,36.0423094],[-93.98952,36.0411189],[-93.987995,36.0398272],[-93.9851406,36.0386844],[-93.9832025,36.038365],[-93.9815728,36.0384],[-93.9795103,36.0388058],[-93.9787811,36.0391825],[-93.9781964,36.0394361]]},"properties":{}},{"type":"Feature","geometry":{"type":"LineString","coordinates":[[-93.9620653,36.0541114],[-93.9647328,36.0540544],[-93.9660625,36.0539056],[-93.9686947,36.0527656],[-93.9711475,36.0506658],[-93.9719858,36.0490825],[-93.9723678,36.0471475],[-93.9723169,36.0455831],[-93.9719739,36.0441456],[-93.9711822,36.0425969],[-93.9694897,36.0407064],[-93.9688775,36.0401175],[-93.9676689,36.0394208],[-93.9651267,36.0387528],[-93.962015,36.0388192],[-93.9605411,36.0390914],[-93.959075,36.0396044],[-93.9581978,36.0399844],[-93.9567472,36.0409786],[-93.9554603,36.0424511],[-93.9550469,36.0434233],[-93.9546606,36.0452378],[-93.9547536,36.0481258],[-93.9561806,36.0509856],[-93.9571008,36.0519294],[-93.9581656,36.0527497],[-93.9592222,36.0533292],[-93.9595225,36.0534433],[-93.9620653,36.0541114]]},"properties":{}},{"type":"Feature","geometry":{"type":"LineString","coordinates":[[-93.9488758,36.0543922],[-93.9421981,36.0450206],[-93.9362792,36.0546589]]},"properties":{}},{"type":"Feature","geometry":{"type":"LineString","coordinates":[[-93.9421981,36.0450206],[-93.9420164,36.0393647]]},"properties":{}},{"type":"Feature","geometry":{"type":"LineString","coordinates":[[-93.9297147,36.0395042],[-93.9302031,36.0547872],[-93.9227931,36.0549431],[-93.9221928,36.0547147],[-93.9208436,36.0542614],[-93.9194714,36.0530861],[-93.9188403,36.051895],[-93.9187944,36.0504511],[-93.9193489,36.0492353],[-93.9206444,36.0480039],[-93.9219628,36.0474944],[-93.9225478,36.0472414],[-93.9299569,36.0470856]]},"properties":{}},{"type":"Feature","geometry":{"type":"LineString","coordinates":[[-93.9127156,36.0551544],[-93.91233,36.043],[-93.9121628,36.0424014],[-93.9110872,36.0412197],[-93.9103236,36.0405131],[-93.9091231,36.0400567],[-93.9074892,36.0399703],[-93.9051186,36.0400197],[-93.9037889,36.0401678],[-93.9020297,36.0408067],[-93.9010192,36.0416706],[-93.9004492,36.042405],[-93.9001869,36.0434942],[-93.9005631,36.0554081]]},"properties":{}},{"type":"Feature","geometry":{"type":"LineString","coordinates":[[-93.4222428,36.2484414],[-93.4231464,36.2489083],[-93.4241925,36.2491319],[-93.4277589,36.2490731],[-93.4290903,36.2488103],[-93.4295331,36.2486828],[-93.4317347,36.2475625],[-93.4330417,36.2463369],[-93.4334572,36.2451258],[-93.4344428,36.2429422],[-93.4343731,36.2401739],[-93.4340425,36.2388547],[-93.4335694,36.2377789],[-93.4329447,36.236585],[-93.4314258,36.2352856],[-93.4285725,36.2341286],[-93.4266322,36.2337992],[-93.4249981,36.2338261],[-93.4229269,36.2342214],[-93.4221933,36.2345947],[-93.421605,36.2348453]]},"properties":{}},{"type":"Feature","geometry":{"type":"LineString","coordinates":[[-93.4053206,36.2494408],[-93.4079953,36.2493972],[-93.4093297,36.249255],[-93.4119775,36.2481281],[-93.4144525,36.2460406],[-93.415305,36.2444611],[-93.4157028,36.2425281],[-93.4156636,36.2409633],[-93.4153306,36.2395239],[-93.4145486,36.2379714],[-93.4128661,36.2360722],[-93.4122569,36.23548],[-93.4110503,36.2347775],[-93.4085067,36.2340964],[-93.4053867,36.2341472],[-93.4039069,36.2344122],[-93.4024333,36.2349178],[-93.4015506,36.2352933],[-93.4000889,36.2362806],[-93.3987872,36.2377467],[-93.3983656,36.2387167],[-93.3979644,36.2405294],[-93.3980358,36.2434181],[-93.3994447,36.2462853],[-93.40036,36.2472336],[-93.4014211,36.2480592],[-93.4024761,36.2486442],[-93.4027764,36.2487597],[-93.4053206,36.2494408]]},"properties":{}},{"type":"Feature","geometry":{"type":"LineString","coordinates":[[-93.3776306,36.2478417],[-93.3782428,36.2485542],[-93.3795978,36.249255],[-93.3804953,36.2494814],[-93.3830303,36.2498017],[-93.3839219,36.2497875],[-93.3856992,36.2495181],[-93.3871764,36.2491328],[-93.3874706,36.2490078],[-93.3884961,36.2483892],[-93.3895183,36.2476503],[-93.3912511,36.245575],[-93.3919467,36.2436372],[-93.3918814,36.2409892],[-93.3915486,36.2395497],[-93.3909275,36.2384761],[-93.3900122,36.2375275],[-93.3892486,36.2366969],[-93.3880336,36.2356328],[-93.3868331,36.2351706],[-93.3856325,36.2347083],[-93.3845867,36.2344844],[-93.3819125,36.2345275],[-93.3804325,36.2347919],[-93.3792558,36.2352928],[-93.3779333,36.2359158],[-93.3770567,36.2365319],[-93.3756061,36.2380003],[-93.3747411,36.2390978],[-93.3744617,36.2398247],[-93.3745086,36.2417506],[-93.3807492,36.2416506]]},"properties":{}},{"type":"Feature","geometry":{"type":"LineString","coordinates":[[-93.3686158,36.2500331],[-93.36832,36.2378761],[-93.3681567,36.2372767],[-93.3670872,36.2360897],[-93.3663269,36.2353792],[-93.3651267,36.2349167],[-93.3634894,36.2348225],[-93.3611122,36.2348603],[-93.3597778,36.2350019],[-93.3580097,36.2356322],[-93.35699,36.2364911],[-93.3564131,36.2372228],[-93.3561422,36.2383108],[-93.3564306,36.2502269]]},"properties":{}},{"type":"Feature","geometry":{"type":"LineString","coordinates":[[-93.3498206,36.2350394],[-93.3501892,36.2503258],[-93.3427589,36.2504433],[-93.3421586,36.2502119],[-93.3408097,36.2497514],[-93.3394433,36.2485689],[-93.33882,36.2473744],[-93.3387856,36.2459303],[-93.3393511,36.2447172],[-93.3406594,36.2434925],[-93.3419853,36.24299],[-93.3425739,36.2427397],[-93.3500033,36.2426225]]},"properties":{}},{"type":"Feature","geometry":{"type":"LineString","coordinates":[[-93.0167703,37.3852606],[-93.0176853,37.3857306],[-93.0187461,37.3859581],[-93.0223675,37.3859125],[-93.0237206,37.3856547],[-93.0241708,37.3855286],[-93.0264128,37.3844164],[-93.0277467,37.3831953],[-93.0281753,37.3819856],[-93.0291883,37.379805],[-93.0291333,37.3770358],[-93.0288053,37.3757153],[-93.0283311,37.3746372],[-93.0277039,37.3734408],[-93.0261689,37.3721356],[-93.0232786,37.3709678],[-93.0213103,37.3706314],[-93.0196511,37.3706522],[-93.0175461,37.37104],[-93.0167989,37.3714108],[-93.0162003,37.3716592]]},"properties":{}},{"type":"Feature","geometry":{"type":"LineString","coordinates":[[-92.9995833,37.3861978],[-93.0022994,37.3861639],[-93.003655,37.3860267],[-93.0063497,37.3849092],[-93.0088747,37.3828303],[-93.0097492,37.3812539],[-93.0101642,37.3793217],[-93.0101333,37.3777567],[-93.0098033,37.3763156],[-93.0090181,37.3747597],[-93.0073208,37.3728542],[-93.0067056,37.3722597],[-93.0054847,37.3715522],[-93.0029058,37.3708619],[-92.9997378,37.3709014],[-92.9982339,37.3711608],[-92.9967347,37.3716611],[-92.9958367,37.3720336],[-92.9943469,37.3730153],[-92.9930169,37.3744769],[-92.9925831,37.3754458],[-92.9921656,37.3772572],[-92.9922217,37.3801469],[-92.9936356,37.3830197],[-92.9945597,37.3839717],[-92.9956322,37.3848014],[-92.9967003,37.3853903],[-92.9970042,37.3855072],[-92.9995833,37.3861978]]},"properties":{}},{"type":"Feature","geometry":{"type":"LineString","coordinates":[[-92.9714789,37.3844961],[-92.9720964,37.3852111],[-92.9734681,37.3859169],[-92.9743781,37.3861467],[-92.97695,37.3864764],[-92.9778556,37.3864656],[-92.9796617,37.3862025],[-92.9811633,37.3858228],[-92.9814628,37.3856986],[-92.9825075,37.3850836],[-92.9835497,37.3843483],[-92.9853208,37.3822792],[-92.9860381,37.3803436],[-92.9859869,37.3776947],[-92.9856572,37.3762536],[-92.9850328,37.3751775],[-92.9841092,37.3742256],[-92.9833386,37.3733919],[-92.9821108,37.3723231],[-92.9808944,37.3718564],[-92.9796783,37.3713894],[-92.9786178,37.3711617],[-92.9759025,37.371195],[-92.9743983,37.3714542],[-92.9732008,37.3719503],[-92.9718544,37.3725689],[-92.9709608,37.3731819],[-92.9694797,37.3746453],[-92.9685953,37.3757397],[-92.9683072,37.3764658],[-92.9683442,37.3783922],[-92.9746808,37.378315]]},"properties":{}},{"type":"Feature","geometry":{"type":"LineString","coordinates":[[-92.9531094,37.3867656],[-92.9623139,37.3866544],[-92.9620233,37.3713636],[-92.95267,37.3714764]]},"properties":{}},{"type":"Feature","geometry":{"type":"LineString","coordinates":[[-92.9621675,37.3789489],[-92.9532658,37.3790561]]},"properties":{}},{"type":"Feature","geometry":{"type":"LineString","coordinates":[[-92.9469372,37.3715453],[-92.9472247,37.3868361],[-92.9408875,37.3869119],[-92.9395294,37.3869281],[-92.9384594,37.3862181],[-92.9376894,37.3853844],[-92.9376806,37.3849028],[-92.9376356,37.3824947],[-92.9377794,37.3821317],[-92.9382142,37.3811631],[-92.9397006,37.3799411],[-92.9381783,37.3792367],[-92.9374172,37.3788844],[-92.9366514,37.3782914],[-92.9361786,37.3772131],[-92.9361203,37.3740828],[-92.9365572,37.3732344],[-92.9375997,37.3724994],[-92.938345,37.3720089],[-92.9390925,37.3716389],[-92.9469372,37.3715453]]},"properties":{}},{"type":"Feature","geometry":{"type":"LineString","coordinates":[[-92.9470936,37.3798528],[-92.9397006,37.3799411]]},"properties":{}},{"type":"Feature","geometry":{"type":"LineString","coordinates":[[-92.0285203,38.0206358],[-92.0294367,38.0211139],[-92.0305036,38.0213506],[-92.0341564,38.0213358],[-92.0355247,38.0210894],[-92.0359806,38.0209672],[-92.0382567,38.0198744],[-92.0396186,38.0186647],[-92.0400675,38.0174589],[-92.0411186,38.0152872],[-92.0411006,38.0125178],[-92.0407878,38.0111944],[-92.0403239,38.0101128],[-92.0397075,38.0089111],[-92.0381769,38.0075928],[-92.0352778,38.0064006],[-92.0332972,38.0060472],[-92.0316233,38.0060539],[-92.0294953,38.0064236],[-92.0287367,38.0067878],[-92.0281294,38.0070311]]},"properties":{}},{"type":"Feature","geometry":{"type":"LineString","coordinates":[[-92.0111733,38.0214261],[-92.0139131,38.0214156],[-92.0152819,38.02129],[-92.018015,38.0201956],[-92.0205897,38.0181386],[-92.0214931,38.0165697],[-92.0219378,38.0146414],[-92.0219278,38.0130761],[-92.0216144,38.0116325],[-92.0208439,38.01007],[-92.0191578,38.00815],[-92.0185453,38.0075503],[-92.0173233,38.0068328],[-92.0147319,38.0061203],[-92.0115361,38.0061325],[-92.0100158,38.0063792],[-92.0084969,38.0068667],[-92.0075861,38.0072314],[-92.0060703,38.0082003],[-92.0047094,38.0096506],[-92.0042586,38.0106153],[-92.0038128,38.0124233],[-92.0038303,38.0153131],[-92.0052175,38.0181978],[-92.0061364,38.0191575],[-92.0072069,38.0199964],[-92.0082761,38.0205942],[-92.0085814,38.0207136],[-92.0111733,38.0214261]]},"properties":{}},{"type":"Feature","geometry":{"type":"LineString","coordinates":[[-91.9975361,38.0061853],[-91.9976267,38.0214772],[-91.9909297,38.0215019],[-91.9891017,38.0212678],[-91.9883386,38.0209092],[-91.9871161,38.0200708],[-91.9852819,38.0187531],[-91.9840553,38.0171919],[-91.9837442,38.0159889],[-91.9837214,38.0120156],[-91.9840194,38.0109308],[-91.9849242,38.0094825],[-91.9859847,38.0086358],[-91.9870436,38.0075483],[-91.9885606,38.0067],[-91.9903844,38.0063322],[-91.9914489,38.0062078],[-91.9975361,38.0061853]]},"properties":{}},{"type":"Feature","geometry":{"type":"LineString","coordinates":[[-91.9775353,38.02155],[-91.9774667,38.0093889],[-91.9773108,38.0087875],[-91.9762389,38.0075869],[-91.9754739,38.0068672],[-91.9742539,38.00639],[-91.9725792,38.0062756],[-91.9701444,38.0062839],[-91.9687756,38.0064092],[-91.9669528,38.0070175],[-91.9658919,38.0078639],[-91.9652872,38.0085886],[-91.9649889,38.0096733],[-91.9650544,38.0215936]]},"properties":{}},{"type":"Feature","geometry":{"type":"LineString","coordinates":[[-91.9590356,38.0063222],[-91.9458761,38.0216581]]},"properties":{}},{"type":"Feature","geometry":{"type":"LineString","coordinates":[[-91.9586617,38.0216156],[-91.9451875,38.0063683]]},"properties":{}},{"type":"Feature","geometry":{"type":"LineString","coordinates":[[-92.8728131,37.7297661],[-92.8737311,37.7302375],[-92.8747967,37.7304664],[-92.878435,37.7304253],[-92.879795,37.7301692],[-92.8802475,37.7300436],[-92.8825019,37.7289342],[-92.8838447,37.7277147],[-92.8842778,37.7265056],[-92.8853,37.7243264],[-92.88525,37.7215572],[-92.8849231,37.7202361],[-92.8844489,37.7191578],[-92.8838208,37.7179606],[-92.8822814,37.7166533],[-92.8793803,37.7154819],[-92.8774033,37.7151431],[-92.8757361,37.7151617],[-92.8736208,37.7155469],[-92.8728694,37.7159167],[-92.8722675,37.7161642]]},"properties":{}},{"type":"Feature","geometry":{"type":"LineString","coordinates":[[-92.8660361,37.7152708],[-92.8663075,37.7305617]]},"properties":{}},{"type":"Feature","geometry":{"type":"LineString","coordinates":[[-92.8586094,37.7153536],[-92.8456906,37.7307906]]},"properties":{}},{"type":"Feature","geometry":{"type":"LineString","coordinates":[[-92.8584244,37.7306497],[-92.8448172,37.7155064]]},"properties":{}},{"type":"Feature","geometry":{"type":"LineString","coordinates":[[-92.8393233,37.7308606],[-92.8391122,37.7187],[-92.83895,37.7180997],[-92.8378681,37.7169072],[-92.8370978,37.7161931],[-92.8358769,37.7157247],[-92.8342078,37.7156225],[-92.8317825,37.7156492],[-92.8304206,37.7157844],[-92.8286122,37.7164061],[-92.8275658,37.7172606],[-92.8269719,37.7179894],[-92.8266875,37.7190764],[-92.8268925,37.7309961]]},"properties":{}},{"type":"Feature","geometry":{"type":"LineString","coordinates":[[-92.8202636,37.7157742],[-92.8205256,37.7310653],[-92.8141583,37.7311339],[-92.8127939,37.7311483],[-92.8117206,37.7304375],[-92.8109483,37.7296028],[-92.81094,37.7291211],[-92.8108992,37.7267131],[-92.8110444,37.7263503],[-92.8114831,37.7253822],[-92.8129783,37.7241619],[-92.8114503,37.7234556],[-92.8106861,37.7231025],[-92.8099181,37.7225086],[-92.809445,37.72143],[-92.8093917,37.7182994],[-92.8098322,37.7174517],[-92.8108808,37.7167181],[-92.8116306,37.7162283],[-92.8123822,37.7158589],[-92.8202636,37.7157742]]},"properties":{}},{"type":"Feature","geometry":{"type":"LineString","coordinates":[[-92.8204058,37.7240817],[-92.8129783,37.7241619]]},"properties":{}},{"type":"Feature","geometry":{"type":"LineString","coordinates":[[-92.2014417,37.9796819],[-92.2023586,37.9801586],[-92.2034256,37.9803936],[-92.2070764,37.9803736],[-92.2084433,37.9801253],[-92.2088986,37.9800022],[-92.2111711,37.9789061],[-92.2125294,37.9776944],[-92.212975,37.9764878],[-92.2140206,37.9743144],[-92.2139961,37.9715453],[-92.21368,37.9702222],[-92.2132142,37.9691411],[-92.212595,37.9679406],[-92.2110625,37.9666244],[-92.2081622,37.9654364],[-92.2061817,37.9650861],[-92.2045089,37.9650953],[-92.2023828,37.9654681],[-92.2016253,37.9658336],[-92.2010192,37.9660775]]},"properties":{}},{"type":"Feature","geometry":{"type":"LineString","coordinates":[[-92.194775,37.9651483],[-92.1949069,37.98044]]},"properties":{}},{"type":"Feature","geometry":{"type":"LineString","coordinates":[[-92.1869967,37.9804825],[-92.1760439,37.9805403]]},"properties":{}},{"type":"Feature","geometry":{"type":"LineString","coordinates":[[-92.1816722,37.9805106],[-92.1815433,37.9652189]]},"properties":{}},{"type":"Feature","geometry":{"type":"LineString","coordinates":[[-92.1695283,37.9652819],[-92.1696547,37.9805736],[-92.1620486,37.9806128],[-92.1614383,37.980375],[-92.1600653,37.9799006],[-92.1586864,37.9787033],[-92.1580681,37.9775022],[-92.1580564,37.9760575],[-92.158655,37.9748503],[-92.1600142,37.9736392],[-92.1613792,37.9731506],[-92.1619858,37.9729067],[-92.1695911,37.9728675]]},"properties":{}},{"type":"Feature","geometry":{"type":"LineString","coordinates":[[-92.1517044,37.9806653],[-92.1516067,37.9685042],[-92.1514497,37.9679028],[-92.1503756,37.9667042],[-92.1496092,37.9659856],[-92.1483886,37.96551],[-92.1467147,37.9653981],[-92.1442814,37.96541],[-92.1429133,37.9655372],[-92.1410931,37.9661483],[-92.140035,37.9669964],[-92.1394325,37.9677219],[-92.1391367,37.9688072],[-92.1392306,37.9807275]]},"properties":{}},{"type":"Feature","geometry":{"type":"LineString","coordinates":[[-94.1304847,36.4647869],[-94.1313953,36.4652481],[-94.1324467,36.4654653],[-94.1360228,36.4653842],[-94.1373553,36.4651128],[-94.1377981,36.4649825],[-94.1399953,36.4638483],[-94.1412942,36.4626144],[-94.1416992,36.4614008],[-94.1426667,36.4592108],[-94.14257,36.4564428],[-94.1422261,36.4551258],[-94.1417414,36.4540528],[-94.1411033,36.4528628],[-94.1395675,36.4515731],[-94.1366953,36.4504339],[-94.1347461,36.4501167],[-94.1331075,36.4501539],[-94.1310344,36.4505622],[-94.1303022,36.45094],[-94.1297147,36.4511944]]},"properties":{}},{"type":"Feature","geometry":{"type":"LineString","coordinates":[[-94.1235736,36.4503697],[-94.1241028,36.4656542]]},"properties":{}},{"type":"Feature","geometry":{"type":"LineString","coordinates":[[-94.1158269,36.4505444],[-94.1163547,36.4658289],[-94.0989933,36.4509225],[-94.0995178,36.4662072]]},"properties":{}},{"type":"Feature","geometry":{"type":"LineString","coordinates":[[-94.0934086,36.4663439],[-94.0857347,36.4512186],[-94.0794025,36.4666558]]},"properties":{}},{"type":"Feature","geometry":{"type":"LineString","coordinates":[[-94.0625647,36.4670289],[-94.0652469,36.4669697],[-94.0665839,36.4668194],[-94.0692292,36.4656769],[-94.0716928,36.463575],[-94.0725336,36.4619906],[-94.0729153,36.460055],[-94.0728619,36.4584906],[-94.072515,36.4570528],[-94.0717169,36.4555047],[-94.0700128,36.4536156],[-94.0693964,36.4530269],[-94.0681803,36.4523311],[-94.0656231,36.451665],[-94.0624947,36.4517342],[-94.0610131,36.4520078],[-94.0595394,36.4525219],[-94.0586578,36.4529028],[-94.0572006,36.4538983],[-94.0559083,36.4553722],[-94.0554939,36.456345],[-94.0551078,36.45816],[-94.0552053,36.4610486],[-94.0566439,36.4639075],[-94.0575703,36.4648506],[-94.0586419,36.46567],[-94.0597053,36.4662489],[-94.0600072,36.4663625],[-94.0625647,36.4670289]]},"properties":{}},{"type":"Feature","geometry":{"type":"LineString","coordinates":[[-90.4134369,38.4639583],[-90.4143481,38.4644486],[-90.4154161,38.4646997],[-90.4190911,38.4647353],[-90.4204728,38.4645078],[-90.4209342,38.4643917],[-90.4232478,38.4633303],[-90.4246444,38.4621397],[-90.4251225,38.4609403],[-90.4262278,38.4587833],[-90.4262706,38.4560144],[-90.425985,38.4546872],[-90.4255425,38.4535994],[-90.4249486,38.4523897],[-90.4234383,38.4510508],[-90.4205481,38.4498189],[-90.4185636,38.4494386],[-90.4168797,38.4494225],[-90.4147308,38.4497628],[-90.4139597,38.4501167],[-90.4133436,38.4503514]]},"properties":{}},{"type":"Feature","geometry":{"type":"LineString","coordinates":[[-90.4070819,38.4493275],[-90.4068414,38.4646167]]},"properties":{}},{"type":"Feature","geometry":{"type":"LineString","coordinates":[[-90.3988792,38.4645389],[-90.3991217,38.4492497],[-90.3916203,38.4491761]]},"properties":{}},{"type":"Feature","geometry":{"type":"LineString","coordinates":[[-90.3853436,38.4491139],[-90.3850986,38.4644031]]},"properties":{}},{"type":"Feature","geometry":{"type":"LineString","coordinates":[[-90.3778425,38.4490394],[-90.3642744,38.4641947]]},"properties":{}},{"type":"Feature","geometry":{"type":"LineString","coordinates":[[-90.3771364,38.4643239],[-90.3639117,38.4488994]]},"properties":{}},{"type":"Feature","geometry":{"type":"LineString","coordinates":[[-93.5619303,36.8140997],[-93.5628417,36.8145656],[-93.5638961,36.8147878],[-93.5674894,36.814725],[-93.5688303,36.8144606],[-93.5692761,36.8143322],[-93.5714925,36.8132094],[-93.5728072,36.8119819],[-93.5732236,36.8107703],[-93.5742125,36.808585],[-93.5741372,36.8058164],[-93.5738017,36.8044975],[-93.5733231,36.8034219],[-93.5726917,36.8022286],[-93.5711586,36.8009308],[-93.5682819,36.7997769],[-93.5663261,36.79945],[-93.5646797,36.7994789],[-93.5625939,36.7998767],[-93.5618553,36.8002508],[-93.5612628,36.8005022]]},"properties":{}},{"type":"Feature","geometry":{"type":"LineString","coordinates":[[-93.5550997,36.7996464],[-93.5555119,36.8149344]]},"properties":{}},{"type":"Feature","geometry":{"type":"LineString","coordinates":[[-93.5477264,36.81507],[-93.5473158,36.7997817]]},"properties":{}},{"type":"Feature","geometry":{"type":"LineString","coordinates":[[-93.5373928,36.8151286],[-93.5475194,36.8073656],[-93.5368375,36.7999633]]},"properties":{}},{"type":"Feature","geometry":{"type":"LineString","coordinates":[[-93.5309578,36.81536],[-93.5201781,36.8155453]]},"properties":{}},{"type":"Feature","geometry":{"type":"LineString","coordinates":[[-93.5257178,36.8154503],[-93.5253114,36.8001619]]},"properties":{}},{"type":"Feature","geometry":{"type":"LineString","coordinates":[[-93.5136356,36.8003619],[-93.5058047,36.8157906],[-93.4976183,36.8006344]]},"properties":{}},{"type":"Feature","geometry":{"type":"LineString","coordinates":[[-93.5110711,36.8053436],[-93.5002925,36.8055269]]},"properties":{}},{"type":"Feature","geometry":{"type":"LineString","coordinates":[[-93.2767211,36.3291622],[-93.2776247,36.3296303],[-93.2786717,36.3298553],[-93.2822419,36.3298011],[-93.283575,36.3295403],[-93.2840186,36.3294131],[-93.286225,36.3282958],[-93.2875358,36.3270717],[-93.2879542,36.3258611],[-93.288945,36.3236789],[-93.2888808,36.3209103],[-93.2885525,36.3195908],[-93.2880811,36.3185142],[-93.2874581,36.3173194],[-93.28594,36.3160181],[-93.2830861,36.3148572],[-93.2811444,36.3145256],[-93.2795083,36.3145503],[-93.2774344,36.3149428],[-93.2766989,36.3153153],[-93.2761097,36.315565]]},"properties":{}},{"type":"Feature","geometry":{"type":"LineString","coordinates":[[-93.2701381,36.3146917],[-93.2623075,36.3301017],[-93.2542236,36.3149303]]},"properties":{}},{"type":"Feature","geometry":{"type":"LineString","coordinates":[[-93.2675742,36.3196672],[-93.2568644,36.3198278]]},"properties":{}},{"type":"Feature","geometry":{"type":"LineString","coordinates":[[-93.2483239,36.3303106],[-93.2376128,36.3304692]]},"properties":{}},{"type":"Feature","geometry":{"type":"LineString","coordinates":[[-93.2431169,36.3303878],[-93.2427708,36.3151006]]},"properties":{}},{"type":"Feature","geometry":{"type":"LineString","coordinates":[[-93.2208022,36.3307167],[-93.22348,36.3306772],[-93.2248161,36.3305372],[-93.2274697,36.3294147],[-93.2299525,36.3273311],[-93.23081,36.3257531],[-93.2312131,36.3238206],[-93.2311778,36.3222558],[-93.2308478,36.3208158],[-93.2300689,36.3192619],[-93.2283894,36.31736],[-93.2277808,36.3167669],[-93.2265747,36.3160622],[-93.22403,36.3153769],[-93.2209067,36.3154228],[-93.2194247,36.3156853],[-93.2179481,36.3161886],[-93.2170636,36.3165628],[-93.2155978,36.3175475],[-93.2142911,36.3190114],[-93.2138664,36.3199808],[-93.2134603,36.3217931],[-93.2135247,36.3246819],[-93.2149278,36.3275514],[-93.2158419,36.3285011],[-93.2169019,36.3293286],[-93.2179567,36.3299153],[-93.2182569,36.3300314],[-93.2208022,36.3307167]]},"properties":{}},{"type":"Feature","geometry":{"type":"LineString","coordinates":[[-93.2075619,36.3309097],[-93.2000833,36.3157258],[-93.1935775,36.3311119]]},"properties":{}},{"type":"Feature","geometry":{"type":"LineString","coordinates":[[-94.3834939,36.4822711],[-94.3758794,36.4977581],[-94.3675486,36.4826667]]},"properties":{}},{"type":"Feature","geometry":{"type":"LineString","coordinates":[[-94.3809994,36.4872717],[-94.3702694,36.4875381]]},"properties":{}},{"type":"Feature","geometry":{"type":"LineString","coordinates":[[-94.3612897,36.4828214],[-94.3618686,36.4981047],[-94.3544158,36.4982886],[-94.3538106,36.4980625],[-94.3524508,36.4976142],[-94.3510639,36.4964439],[-94.3504225,36.495255],[-94.3503681,36.4938111],[-94.3509186,36.4925928],[-94.3522147,36.4913564],[-94.3535378,36.4908419],[-94.354125,36.4905867],[-94.3615767,36.4904031]]},"properties":{}},{"type":"Feature","geometry":{"type":"LineString","coordinates":[[-94.3438539,36.4832508],[-94.3362314,36.498735],[-94.3279081,36.4836411]]},"properties":{}},{"type":"Feature","geometry":{"type":"LineString","coordinates":[[-94.3413569,36.4882506],[-94.3306264,36.4885131]]},"properties":{}},{"type":"Feature","geometry":{"type":"LineString","coordinates":[[-94.3076853,36.4973828],[-94.3083083,36.4980903],[-94.3096769,36.4987797],[-94.31058,36.4989989],[-94.3131275,36.4992983],[-94.3140219,36.4992767],[-94.3158017,36.4989925],[-94.3172786,36.4985953],[-94.3175722,36.4984678],[-94.3185933,36.4978406],[-94.3196097,36.4970931],[-94.3213219,36.4950036],[-94.3219953,36.49306],[-94.3218964,36.4904125],[-94.3215442,36.4889756],[-94.3209078,36.4879069],[-94.3199775,36.4869661],[-94.3192008,36.4861419],[-94.3179683,36.4850878],[-94.3167581,36.4846353],[-94.3155478,36.4841831],[-94.3144958,36.4839675],[-94.3118131,36.4840328],[-94.3103319,36.4843097],[-94.3091575,36.48482],[-94.3078386,36.4854542],[-94.3069667,36.4860775],[-94.30553,36.4875578],[-94.3046761,36.4886625],[-94.304405,36.4893917],[-94.3044764,36.4913172],[-94.3107361,36.4911656]]},"properties":{}},{"type":"Feature","geometry":{"type":"LineString","coordinates":[[-94.2895761,36.4998678],[-94.2986689,36.4996486],[-94.2981025,36.4843647],[-94.2888625,36.4845875]]},"properties":{}},{"type":"Feature","geometry":{"type":"LineString","coordinates":[[-94.2983833,36.4919464],[-94.2895897,36.4921586]]},"properties":{}},{"type":"Feature","geometry":{"type":"LineString","coordinates":[[-94.0627583,36.1935106],[-94.0551069,36.2089747],[-94.0468728,36.1938617]]},"properties":{}},{"type":"Feature","geometry":{"type":"LineString","coordinates":[[-94.0602525,36.1985039],[-94.0495622,36.19874]]},"properties":{}},{"type":"Feature","geometry":{"type":"LineString","coordinates":[[-94.0406372,36.1939989],[-94.0360994,36.2093931],[-94.0293536,36.1942461],[-94.0246653,36.2096433],[-94.0186639,36.1944797]]},"properties":{}},{"type":"Feature","geometry":{"type":"LineString","coordinates":[[-94.0023906,36.2101275],[-94.0050633,36.2100697],[-94.0063961,36.2099203],[-94.0090331,36.2087794],[-94.01149,36.2066786],[-94.0123292,36.2050947],[-94.0127108,36.2031597],[-94.0126592,36.2015953],[-94.0123144,36.2001575],[-94.0115203,36.1986092],[-94.0098233,36.1967192],[-94.0092094,36.1961303],[-94.0079981,36.1954342],[-94.00545,36.1947667],[-94.0023322,36.1948344],[-94.0008556,36.1951072],[-93.9993867,36.1956206],[-93.9985075,36.1960008],[-93.9970544,36.1969958],[-93.9957658,36.1984686],[-93.9953519,36.1994411],[-93.9949658,36.2012558],[-93.9950608,36.2041442],[-93.9964919,36.2070036],[-93.9974147,36.2079469],[-93.9984819,36.2087669],[-93.9995411,36.2093464],[-93.9998422,36.2094603],[-94.0023906,36.2101275]]},"properties":{}},{"type":"Feature","geometry":{"type":"LineString","coordinates":[[-93.9886728,36.1951292],[-93.9891739,36.2104131],[-93.9817489,36.2105725],[-93.9811469,36.2103447],[-93.9797947,36.2098919],[-93.9784189,36.2087172],[-93.9777856,36.2075264],[-93.9777383,36.2060825],[-93.9782931,36.2048661],[-93.9795903,36.2036342],[-93.9809108,36.2031239],[-93.9814969,36.2028706],[-93.9889214,36.2027108]]},"properties":{}},{"type":"Feature","geometry":{"type":"LineString","coordinates":[[-93.9625919,36.2109825],[-93.9716506,36.2107889],[-93.9711531,36.195505],[-93.9619475,36.1957017]]},"properties":{}},{"type":"Feature","geometry":{"type":"LineString","coordinates":[[-93.9713997,36.2030869],[-93.9626389,36.2032739]]},"properties":{}},{"type":"Feature","geometry":{"type":"LineString","coordinates":[[-90.4329617,38.5902725],[-90.432725,38.5917994],[-90.4334019,38.5932433],[-90.4348436,38.5942856],[-90.4367322,38.5946972],[-90.4386522,38.5943875],[-90.4401808,38.5934244],[-90.4409814,38.5920203],[-90.4408775,38.5904842],[-90.4398925,38.5891542],[-90.4382431,38.5883231],[-90.4362925,38.5881742],[-90.4344697,38.58874],[-90.4331764,38.5898958],[-90.4329617,38.5902725]]},"properties":{}},{"type":"Feature","geometry":{"type":"LineString","coordinates":[[-90.4271961,38.5913961],[-90.4302028,38.5909406],[-90.4328978,38.5897994],[-90.4350339,38.5880775],[-90.436415,38.5859325],[-90.4369053,38.583825],[-90.4374858,38.5861844],[-90.43894,38.5882997],[-90.4411342,38.5899761],[-90.4438672,38.59106],[-90.4465525,38.5914444]]},"properties":{}},{"type":"Feature","geometry":{"type":"LineString","coordinates":[[-90.4368436,38.5990164],[-90.4374433,38.5966597],[-90.4389147,38.5945519],[-90.4411225,38.5928864],[-90.4438642,38.5918161],[-90.4465525,38.5914444]]},"properties":{}},{"type":"Feature","geometry":{"type":"LineString","coordinates":[[-90.4368436,38.5990164],[-90.4362628,38.5966567],[-90.4348086,38.5945417],[-90.4326144,38.5928653],[-90.4298817,38.5917811],[-90.4271961,38.5913961]]},"properties":{}},{"type":"Feature","geometry":{"type":"LineString","coordinates":[[-90.4285236,38.5401361],[-90.4282606,38.5416606],[-90.4289117,38.5431114],[-90.4303339,38.5441692],[-90.4322139,38.5446011],[-90.4341378,38.5443119],[-90.4356819,38.5433656],[-90.4365064,38.54197],[-90.4364297,38.5404328],[-90.4354686,38.5390922],[-90.433835,38.5382436],[-90.4318883,38.5380736],[-90.4300572,38.5386197],[-90.4287447,38.5397617],[-90.4285236,38.5401361]]},"properties":{}},{"type":"Feature","geometry":{"type":"LineString","coordinates":[[-90.4227417,38.5413014],[-90.4257464,38.5408458],[-90.4284394,38.5397047],[-90.4305742,38.5379828],[-90.4319544,38.5358381],[-90.4324444,38.5337303],[-90.4330247,38.53609],[-90.4344775,38.5382053],[-90.4366703,38.5398817],[-90.4394011,38.5409656],[-90.4420847,38.5413503]]},"properties":{}},{"type":"Feature","geometry":{"type":"LineString","coordinates":[[-90.4323819,38.5489222],[-90.4329817,38.5465653],[-90.4344519,38.5444578],[-90.4366583,38.5427922],[-90.4393981,38.5417219],[-90.4420847,38.5413503]]},"properties":{}},{"type":"Feature","geometry":{"type":"LineString","coordinates":[[-90.4323819,38.5489222],[-90.4318017,38.5465625],[-90.4303486,38.5444472],[-90.4281564,38.5427706],[-90.4254253,38.5416864],[-90.4227417,38.5413014]]},"properties":{}},{"type":"Feature","geometry":{"type":"LineString","coordinates":[[-90.4395222,38.4737225],[-90.4392172,38.4752422],[-90.4398275,38.4767039],[-90.4412189,38.4777858],[-90.4430847,38.4782497],[-90.4450144,38.4779936],[-90.4465831,38.4770736],[-90.447445,38.4756925],[-90.4474108,38.4741544],[-90.4464881,38.4727978],[-90.4448797,38.4719214],[-90.44294,38.4717183],[-90.4410958,38.4722328],[-90.4397533,38.4733522],[-90.4395222,38.4737225]]},"properties":{}},{"type":"Feature","geometry":{"type":"LineString","coordinates":[[-90.4337117,38.474955],[-90.4367133,38.4744992],[-90.4394039,38.4733578],[-90.4415364,38.4716358],[-90.4429153,38.4694906],[-90.4434044,38.4673831],[-90.4439844,38.4697428],[-90.4454364,38.4718578],[-90.4476272,38.4735339],[-90.4503558,38.4746178],[-90.4530372,38.4750022]]},"properties":{}},{"type":"Feature","geometry":{"type":"LineString","coordinates":[[-90.4433442,38.482575],[-90.4439431,38.4802181],[-90.4454117,38.4781103],[-90.4476158,38.4764447],[-90.4503531,38.4753739],[-90.4530372,38.4750022]]},"properties":{}},{"type":"Feature","geometry":{"type":"LineString","coordinates":[[-90.4433442,38.482575],[-90.4427642,38.4802153],[-90.4413122,38.4781003],[-90.4391214,38.4764239],[-90.4363928,38.4753397],[-90.4337117,38.474955]]},"properties":{}},{"type":"Feature","geometry":{"type":"LineString","coordinates":[[-91.7960044,38.0777067],[-91.7950386,38.0790428],[-91.7949497,38.0805797],[-91.7957578,38.0819794],[-91.797285,38.0829339],[-91.7991947,38.0832325],[-91.8010664,38.0828097],[-91.8024881,38.0817586],[-91.8031464,38.0803106],[-91.8028967,38.0787847],[-91.8017942,38.0775167],[-91.8000811,38.0767861],[-91.798135,38.0767533],[-91.7963842,38.0774261],[-91.7960044,38.0777067]]},"properties":{}},{"type":"Feature","geometry":{"type":"LineString","coordinates":[[-91.7894122,38.0800431],[-91.7923894,38.0795528],[-91.7950442,38.0783806],[-91.7971333,38.0766336],[-91.798465,38.0744728],[-91.7989125,38.07236],[-91.7995328,38.0747133],[-91.8010158,38.0768117],[-91.8032258,38.0784631],[-91.80596,38.0795156],[-91.8086328,38.0798689]]},"properties":{}},{"type":"Feature","geometry":{"type":"LineString","coordinates":[[-91.7991325,38.0875528],[-91.7996847,38.0851889],[-91.8011067,38.0830639],[-91.8032683,38.0813731],[-91.8059711,38.0802711],[-91.8086328,38.0798689]]},"properties":{}},{"type":"Feature","geometry":{"type":"LineString","coordinates":[[-91.7991325,38.0875528],[-91.7985122,38.0851994],[-91.7970289,38.0831008],[-91.7948189,38.0814497],[-91.7920847,38.0803969],[-91.7894122,38.0800431]]},"properties":{}},{"type":"Feature","geometry":{"type":"LineString","coordinates":[[-91.9298411,38.0011789],[-91.9314453,38.0020486],[-91.9333742,38.0022433],[-91.9352031,38.0017206],[-91.9365289,38.000595],[-91.9370603,37.999115],[-91.9366797,37.9976058],[-91.9354711,37.9964006],[-91.9337008,37.9957639],[-91.9317589,37.9958364],[-91.9300722,37.9966022],[-91.9290125,37.9978922],[-91.9288133,37.9994228],[-91.9295183,38.0008569],[-91.9298411,38.0011789]]},"properties":{}},{"type":"Feature","geometry":{"type":"LineString","coordinates":[[-91.9233203,37.9990817],[-91.9262933,37.9985881],[-91.9289431,37.9974128],[-91.9310267,37.9956636],[-91.9323531,37.9935008],[-91.9327961,37.9913878],[-91.93342,37.9937403],[-91.9349053,37.9958372],[-91.9371158,37.9974861],[-91.9398489,37.9985353],[-91.9425192,37.9988858]]},"properties":{}},{"type":"Feature","geometry":{"type":"LineString","coordinates":[[-91.9330436,38.0065806],[-91.9335908,38.0042158],[-91.9350075,38.0020894],[-91.9371636,38.0003961],[-91.9398614,37.9992911],[-91.9425192,37.9988858]]},"properties":{}},{"type":"Feature","geometry":{"type":"LineString","coordinates":[[-91.9330436,38.0065806],[-91.9324194,38.0042278],[-91.9309339,38.0021311],[-91.9287233,38.0004822],[-91.9259906,37.9994325],[-91.9233203,37.9990817]]},"properties":{}},{"type":"Feature","geometry":{"type":"LineString","coordinates":[[-91.8585814,38.0371628],[-91.8602361,38.0379722],[-91.8621753,38.0380953],[-91.8639719,38.037505],[-91.8652306,38.0363317],[-91.8656736,38.0348333],[-91.8652039,38.0333403],[-91.8639247,38.0321808],[-91.8621181,38.0316108],[-91.8601811,38.0317553],[-91.8585411,38.0325825],[-91.8575586,38.0339106],[-91.85745,38.0354469],[-91.8582397,38.0368533],[-91.8585814,38.0371628]]},"properties":{}},{"type":"Feature","geometry":{"type":"LineString","coordinates":[[-91.8519236,38.0349481],[-91.8548986,38.0344564],[-91.8575508,38.0332825],[-91.8596372,38.0315347],[-91.8609661,38.0293728],[-91.8614117,38.02726],[-91.8620336,38.0296131],[-91.8635175,38.0317108],[-91.8657278,38.0333608],[-91.8684611,38.0344117],[-91.8711325,38.0347639]]},"properties":{}},{"type":"Feature","geometry":{"type":"LineString","coordinates":[[-91.8616444,38.0424528],[-91.8621942,38.0400886],[-91.8636136,38.0379631],[-91.8657725,38.0362708],[-91.8684728,38.0351675],[-91.8711325,38.0347639]]},"properties":{}},{"type":"Feature","geometry":{"type":"LineString","coordinates":[[-91.8616444,38.0424528],[-91.8610225,38.0400997],[-91.8595383,38.0380019],[-91.8573281,38.0363519],[-91.854595,38.0353006],[-91.8519236,38.0349481]]},"properties":{}},{"type":"Feature","geometry":{"type":"LineString","coordinates":[[-91.8199722,37.9972383],[-91.8216103,37.9980672],[-91.8235458,37.9982136],[-91.8253528,37.9976453],[-91.8266331,37.9964872],[-91.8271047,37.9949944],[-91.8266639,37.9934958],[-91.8254081,37.9923214],[-91.8236133,37.9917294],[-91.821675,37.9918506],[-91.82002,37.9926581],[-91.8190125,37.9939739],[-91.8188747,37.9955089],[-91.8196367,37.9969244],[-91.8199722,37.9972383]]},"properties":{}},{"type":"Feature","geometry":{"type":"LineString","coordinates":[[-91.8133622,37.9950561],[-91.8163358,37.9945653],[-91.8189872,37.9933925],[-91.8210733,37.9916453],[-91.8224028,37.9894836],[-91.8228489,37.9873711],[-91.8234694,37.9897242],[-91.8249514,37.9918225],[-91.8271594,37.9934733],[-91.8298908,37.9945253],[-91.8325606,37.9948781]]},"properties":{}},{"type":"Feature","geometry":{"type":"LineString","coordinates":[[-91.8230736,38.0025639],[-91.8236244,38.0002],[-91.8250442,37.9980747],[-91.8272028,37.9963833],[-91.8299019,37.9952808],[-91.8325606,37.9948781]]},"properties":{}},{"type":"Feature","geometry":{"type":"LineString","coordinates":[[-91.8230736,38.0025639],[-91.8224533,38.0002108],[-91.8209708,37.9981125],[-91.8187631,37.9964617],[-91.8160317,37.9954094],[-91.8133622,37.9950561]]},"properties":{}},{"type":"Feature","geometry":{"type":"LineString","coordinates":[[-92.0143828,37.88468],[-92.0158814,37.8856586],[-92.0177778,37.8859875],[-92.019655,37.8855944],[-92.0210992,37.8845661],[-92.0217925,37.8831286],[-92.0215819,37.8815989],[-92.0205144,37.8803139],[-92.018825,37.8795561],[-92.0168853,37.8794925],[-92.0151225,37.8801375],[-92.013925,37.8813486],[-92.0135564,37.8828592],[-92.0140978,37.8843369],[-92.0143828,37.88468]]},"properties":{}},{"type":"Feature","geometry":{"type":"LineString","coordinates":[[-92.008105,37.8828136],[-92.0110728,37.8823178],[-92.0137169,37.8811406],[-92.0157953,37.8793897],[-92.0171169,37.8772261],[-92.0175569,37.8751128],[-92.0181825,37.877465],[-92.0196681,37.8795608],[-92.0218772,37.8812081],[-92.0246069,37.8822553],[-92.0272736,37.8826039]]},"properties":{}},{"type":"Feature","geometry":{"type":"LineString","coordinates":[[-92.0178214,37.8903056],[-92.018365,37.8879406],[-92.0197772,37.8858131],[-92.0219281,37.8841181],[-92.0246203,37.8830108],[-92.0272736,37.8826039]]},"properties":{}},{"type":"Feature","geometry":{"type":"LineString","coordinates":[[-92.0178214,37.8903056],[-92.0171958,37.8879533],[-92.0157103,37.8858575],[-92.0135011,37.88421],[-92.0107714,37.8831625],[-92.008105,37.8828136]]},"properties":{}},{"type":"Feature","geometry":{"type":"LineString","coordinates":[[-92.0896853,37.9148189],[-92.0911592,37.9158208],[-92.0930481,37.9161797],[-92.0949353,37.9158167],[-92.0964058,37.9148114],[-92.0971356,37.9133853],[-92.0969639,37.9118525],[-92.0959283,37.9105508],[-92.0942578,37.9097664],[-92.0923192,37.9096722],[-92.0905397,37.9102889],[-92.0893114,37.9114808],[-92.0889044,37.9129853],[-92.0894086,37.9144714],[-92.0896853,37.9148189]]},"properties":{}},{"type":"Feature","geometry":{"type":"LineString","coordinates":[[-92.0834539,37.9130114],[-92.0864225,37.9125136],[-92.0890667,37.9113347],[-92.0911442,37.9095828],[-92.0924639,37.9074181],[-92.0929019,37.9053044],[-92.0935303,37.9076564],[-92.0950186,37.9097511],[-92.0972303,37.9113969],[-92.0999622,37.9124425],[-92.1026303,37.9127894]]},"properties":{}},{"type":"Feature","geometry":{"type":"LineString","coordinates":[[-92.0931822,37.9204969],[-92.0937236,37.9181317],[-92.0951339,37.9160033],[-92.0972839,37.9143069],[-92.0999764,37.9131981],[-92.1026303,37.9127894]]},"properties":{}},{"type":"Feature","geometry":{"type":"LineString","coordinates":[[-92.0931822,37.9204969],[-92.0925536,37.9181453],[-92.0910656,37.9160503],[-92.0888539,37.9144044],[-92.0861217,37.9133586],[-92.0834539,37.9130114]]},"properties":{}},{"type":"Feature","geometry":{"type":"LineString","coordinates":[[-92.1572042,37.9547128],[-92.1585997,37.9557836],[-92.1604586,37.9562325],[-92.1623714,37.9559603],[-92.1639167,37.9550272],[-92.1647544,37.9536389],[-92.1647,37.9521008],[-92.1637656,37.9507517],[-92.1621567,37.9498886],[-92.1602278,37.9497017],[-92.1584036,37.9502319],[-92.1570858,37.9513628],[-92.1565647,37.9528453],[-92.1569547,37.9543525],[-92.1572042,37.9547128]]},"properties":{}},{"type":"Feature","geometry":{"type":"LineString","coordinates":[[-92.15111,37.9530753],[-92.1540797,37.9525758],[-92.1567242,37.9513953],[-92.1588011,37.9496422],[-92.1601197,37.9474769],[-92.1605561,37.9453631],[-92.1611869,37.9477144],[-92.1626778,37.9498083],[-92.1648922,37.9514528],[-92.1676267,37.9524969],[-92.1702964,37.9528422]]},"properties":{}},{"type":"Feature","geometry":{"type":"LineString","coordinates":[[-92.1608503,37.9605553],[-92.16139,37.9581894],[-92.1627992,37.9560603],[-92.1649486,37.9543628],[-92.1676414,37.9532525],[-92.1702964,37.9528422]]},"properties":{}},{"type":"Feature","geometry":{"type":"LineString","coordinates":[[-92.1608503,37.9605553],[-92.1602194,37.9582039],[-92.1587283,37.9561097],[-92.1565142,37.9544653],[-92.1537797,37.9534208],[-92.15111,37.9530753]]},"properties":{}},{"type":"Feature","geometry":{"type":"LineString","coordinates":[[-92.1229878,37.8720175],[-92.1244031,37.8730708],[-92.1262686,37.8734961],[-92.1281736,37.8732003],[-92.1296983,37.8722481],[-92.1305072,37.8708492],[-92.1304222,37.8693119],[-92.1294619,37.8679747],[-92.1278381,37.8671319],[-92.1259078,37.8669692],[-92.1240967,37.8675222],[-92.1228028,37.8686694],[-92.1223119,37.8701583],[-92.1227317,37.8716606],[-92.1229878,37.8720175]]},"properties":{}},{"type":"Feature","geometry":{"type":"LineString","coordinates":[[-92.116865,37.8703336],[-92.1198317,37.869835],[-92.1224739,37.8686553],[-92.1245492,37.8669025],[-92.1258675,37.8647378],[-92.1263042,37.8626239],[-92.1269331,37.8649756],[-92.1284214,37.86707],[-92.1306325,37.8687153],[-92.1333636,37.86976],[-92.13603,37.8701061]]},"properties":{}},{"type":"Feature","geometry":{"type":"LineString","coordinates":[[-92.1265911,37.8778164],[-92.1271311,37.8754508],[-92.1285397,37.8733219],[-92.1306878,37.871625],[-92.1333781,37.8705156],[-92.13603,37.8701061]]},"properties":{}},{"type":"Feature","geometry":{"type":"LineString","coordinates":[[-92.1265911,37.8778164],[-92.1259619,37.8754647],[-92.1244736,37.8733703],[-92.1222625,37.871725],[-92.1195314,37.87068],[-92.116865,37.8703336]]},"properties":{}},{"type":"Feature","geometry":{"type":"LineString","coordinates":[[-92.6798089,37.8041339],[-92.6806531,37.8055194],[-92.6822006,37.8064469],[-92.6841111,37.8067119],[-92.6859636,37.8062564],[-92.68735,37.8051806],[-92.6879656,37.8037214],[-92.6876742,37.8022],[-92.6865403,37.8009517],[-92.6848136,37.8002511],[-92.6828744,37.8002528],[-92.6811494,37.8009558],[-92.6800189,37.8022061],[-92.6797314,37.8037278],[-92.6798089,37.8041339]]},"properties":{}},{"type":"Feature","geometry":{"type":"LineString","coordinates":[[-92.6742753,37.8035983],[-92.6772353,37.8030858],[-92.6798661,37.8018936],[-92.6819264,37.8001308],[-92.6832269,37.7979597],[-92.6836472,37.7958439],[-92.6842936,37.7981925],[-92.6857964,37.80028],[-92.6880178,37.8019147],[-92.6907542,37.8029464],[-92.6934208,37.80328]]},"properties":{}},{"type":"Feature","geometry":{"type":"LineString","coordinates":[[-92.6840486,37.811035],[-92.6845703,37.8086669],[-92.6859617,37.8065314],[-92.6880947,37.8048242],[-92.6907742,37.8037019],[-92.6934208,37.80328]]},"properties":{}},{"type":"Feature","geometry":{"type":"LineString","coordinates":[[-92.6840486,37.811035],[-92.6834025,37.8086864],[-92.6818994,37.8065989],[-92.6796781,37.8049642],[-92.6769417,37.8039319],[-92.6742753,37.8035983]]},"properties":{}},{"type":"Feature","geometry":{"type":"LineString","coordinates":[[-92.7298144,37.7501094],[-92.7305606,37.7515297],[-92.7320406,37.7525231],[-92.7339283,37.7528711],[-92.7358081,37.7524972],[-92.7372661,37.7514836],[-92.7379811,37.7500533],[-92.7377958,37.7485217],[-92.7367508,37.7472256],[-92.7350767,37.7464508],[-92.7331417,37.7463678],[-92.7313719,37.7469947],[-92.7301572,37.7481936],[-92.729765,37.7497006],[-92.7298144,37.7501094]]},"properties":{}},{"type":"Feature","geometry":{"type":"LineString","coordinates":[[-92.7243267,37.7497553],[-92.7272842,37.7492414],[-92.7299125,37.7480481],[-92.73197,37.7462844],[-92.7332681,37.7441128],[-92.7336867,37.7419969],[-92.7343342,37.7443453],[-92.7358372,37.7464319],[-92.7380581,37.7480656],[-92.7407933,37.7490964],[-92.7434583,37.7494286]]},"properties":{}},{"type":"Feature","geometry":{"type":"LineString","coordinates":[[-92.7340983,37.7571878],[-92.7346178,37.7548194],[-92.7360067,37.7526833],[-92.7381372,37.7509753],[-92.7408139,37.7498517],[-92.7434583,37.7494286]]},"properties":{}},{"type":"Feature","geometry":{"type":"LineString","coordinates":[[-92.7340983,37.7571878],[-92.7334508,37.7548394],[-92.7319475,37.7527525],[-92.7297267,37.7511189],[-92.7269914,37.7500878],[-92.7243267,37.7497553]]},"properties":{}},{"type":"Feature","geometry":{"type":"LineString","coordinates":[[-92.7908092,37.7039933],[-92.7915781,37.7054056],[-92.7930733,37.7063836],[-92.7949653,37.7067122],[-92.7968378,37.7063189],[-92.7982781,37.70529],[-92.7989692,37.7038525],[-92.7987589,37.7023228],[-92.7976933,37.7010378],[-92.7960075,37.7002806],[-92.7940725,37.7002175],[-92.7923144,37.7008628],[-92.7911203,37.7020742],[-92.7907531,37.703585],[-92.7908092,37.7039933]]},"properties":{}},{"type":"Feature","geometry":{"type":"LineString","coordinates":[[-92.7853161,37.7036017],[-92.7882714,37.7030864],[-92.7908969,37.7018917],[-92.7929517,37.7001272],[-92.7942475,37.6979547],[-92.7946639,37.6958386],[-92.7953128,37.6981867],[-92.7968167,37.7002725],[-92.7990378,37.701905],[-92.8017719,37.7029344],[-92.8044356,37.7032653]]},"properties":{}},{"type":"Feature","geometry":{"type":"LineString","coordinates":[[-92.7950878,37.7110292],[-92.795605,37.7086606],[-92.7969914,37.7065239],[-92.7991189,37.7048147],[-92.8017931,37.7036897],[-92.8044356,37.7032653]]},"properties":{}},{"type":"Feature","geometry":{"type":"LineString","coordinates":[[-92.7950878,37.7110292],[-92.7944386,37.7086811],[-92.7929347,37.7065953],[-92.7907139,37.7049625],[-92.7879797,37.7039331],[-92.7853161,37.7036017]]},"properties":{}},{"type":"Feature","geometry":{"type":"LineString","coordinates":[[-92.6824117,37.7170836],[-92.6832558,37.7184686],[-92.6848028,37.719395],[-92.6867111,37.7196589],[-92.6885611,37.7192022],[-92.689945,37.7181256],[-92.6905581,37.7166658],[-92.6902656,37.7151447],[-92.6891317,37.7138972],[-92.6874064,37.7131978],[-92.6854694,37.7132006],[-92.6837472,37.7139047],[-92.6826192,37.7151558],[-92.6823336,37.7166778],[-92.6824117,37.7170836]]},"properties":{}},{"type":"Feature","geometry":{"type":"LineString","coordinates":[[-92.6768836,37.7165458],[-92.6798403,37.7160331],[-92.6824681,37.7148408],[-92.6845258,37.7130781],[-92.6858247,37.7109069],[-92.6862444,37.7087911],[-92.68689,37.7111397],[-92.6883911,37.7132272],[-92.69061,37.7148617],[-92.6933433,37.7158936],[-92.6960067,37.7162269]]},"properties":{}},{"type":"Feature","geometry":{"type":"LineString","coordinates":[[-92.6866458,37.7239822],[-92.6871669,37.7216142],[-92.6885564,37.7194786],[-92.6906872,37.7177714],[-92.6933633,37.7166492],[-92.6960067,37.7162269]]},"properties":{}},{"type":"Feature","geometry":{"type":"LineString","coordinates":[[-92.6866458,37.7239822],[-92.6860003,37.7216336],[-92.6844992,37.7195461],[-92.6822803,37.7179114],[-92.6795469,37.7168794],[-92.6768836,37.7165458]]},"properties":{}},{"type":"Feature","geometry":{"type":"LineString","coordinates":[[-93.5488692,37.5505536],[-93.5492972,37.5520542],[-93.5505381,37.5532339],[-93.5523183,37.5538331],[-93.5542458,37.55372],[-93.5558961,37.5529192],[-93.5569061,37.5516072],[-93.5570531,37.5500728],[-93.5563047,37.5486542],[-93.5548261,37.5476633],[-93.5529425,37.5473186],[-93.5510689,37.5476958],[-93.5496178,37.5487122],[-93.5489086,37.5501436],[-93.5488692,37.5505536]]},"properties":{}},{"type":"Feature","geometry":{"type":"LineString","coordinates":[[-93.5434494,37.5508272],[-93.5463933,37.5502928],[-93.5490011,37.5490811],[-93.5510336,37.5473033],[-93.5523042,37.5451228],[-93.5526983,37.5430039],[-93.55337,37.5453475],[-93.5548919,37.5474236],[-93.5571247,37.5490417],[-93.5598636,37.5500533],[-93.5625253,37.5503669]]},"properties":{}},{"type":"Feature","geometry":{"type":"LineString","coordinates":[[-93.5532767,37.5581914],[-93.5537686,37.5558194],[-93.55513,37.5536739],[-93.5572358,37.5519508],[-93.5598925,37.5508089],[-93.5625253,37.5503669]]},"properties":{}},{"type":"Feature","geometry":{"type":"LineString","coordinates":[[-93.5532767,37.5581914],[-93.552605,37.5558478],[-93.5510828,37.5537714],[-93.54885,37.5521533],[-93.5461111,37.5511414],[-93.5434494,37.5508272]]},"properties":{}},{"type":"Feature","geometry":{"type":"LineString","coordinates":[[-93.4671139,37.5351219],[-93.4675703,37.5366172],[-93.4688328,37.5377822],[-93.4706236,37.5383603],[-93.4725483,37.5382242],[-93.4741833,37.5374036],[-93.4751681,37.5360797],[-93.4752861,37.5345439],[-93.4745114,37.5331342],[-93.4730147,37.5321611],[-93.4711253,37.5318389],[-93.4692594,37.5322386],[-93.4678278,37.5332719],[-93.4671456,37.5347117],[-93.4671139,37.5351219]]},"properties":{}},{"type":"Feature","geometry":{"type":"LineString","coordinates":[[-93.4616956,37.53534],[-93.4646394,37.5348078],[-93.4672481,37.5335978],[-93.4692819,37.5318214],[-93.4705547,37.5296417],[-93.4709511,37.5275231],[-93.47162,37.5298672],[-93.4731394,37.5319444],[-93.47537,37.5335642],[-93.4781072,37.5345775],[-93.4807681,37.5348931]]},"properties":{}},{"type":"Feature","geometry":{"type":"LineString","coordinates":[[-93.4715125,37.5427111],[-93.4720072,37.5403394],[-93.4733706,37.5381947],[-93.4754778,37.5364733],[-93.4781353,37.5353331],[-93.4807681,37.5348931]]},"properties":{}},{"type":"Feature","geometry":{"type":"LineString","coordinates":[[-93.4715125,37.5427111],[-93.4708436,37.5403669],[-93.4693242,37.5382894],[-93.4670933,37.5366697],[-93.4643561,37.5356561],[-93.4616956,37.53534]]},"properties":{}},{"type":"Feature","geometry":{"type":"LineString","coordinates":[[-93.3900344,37.5086817],[-93.3905814,37.5101575],[-93.3919133,37.5112722],[-93.3937367,37.51178],[-93.3956503,37.5115694],[-93.3972325,37.5106864],[-93.3981347,37.5093258],[-93.3981586,37.5077872],[-93.3972989,37.5064094],[-93.395745,37.5054956],[-93.3938386,37.5052469],[-93.392,37.5057186],[-93.3906339,37.5068064],[-93.3900408,37.5082708],[-93.3900344,37.5086817]]},"properties":{}},{"type":"Feature","geometry":{"type":"LineString","coordinates":[[-93.3846128,37.5087339],[-93.3875558,37.5082033],[-93.3901647,37.5069953],[-93.3922,37.5052203],[-93.3934744,37.5030411],[-93.3938731,37.5009228],[-93.3945392,37.5032675],[-93.3960558,37.5053458],[-93.3982842,37.5069669],[-93.4010194,37.5079822],[-93.4036786,37.5082994]]},"properties":{}},{"type":"Feature","geometry":{"type":"LineString","coordinates":[[-93.3944183,37.5161111],[-93.3949153,37.51374],[-93.3962803,37.5115961],[-93.3983886,37.5098761],[-93.4010467,37.5087375],[-93.4036786,37.5082994]]},"properties":{}},{"type":"Feature","geometry":{"type":"LineString","coordinates":[[-93.3944183,37.5161111],[-93.3937519,37.5137667],[-93.3922353,37.5116883],[-93.3900069,37.5100669],[-93.3872719,37.5090514],[-93.3846128,37.5087339]]},"properties":{}},{"type":"Feature","geometry":{"type":"LineString","coordinates":[[-93.4472031,37.5827558],[-93.4476439,37.5842542],[-93.448895,37.5854272],[-93.4506808,37.5860172],[-93.4526083,37.5858939],[-93.4542528,37.5850844],[-93.4552522,37.5837669],[-93.4553864,37.5822319],[-93.4546258,37.5808172],[-93.4531383,37.5798342],[-93.4512514,37.5794994],[-93.44938,37.5798867],[-93.4479367,37.5809106],[-93.4472392,37.5823456],[-93.4472031,37.5827558]]},"properties":{}},{"type":"Feature","geometry":{"type":"LineString","coordinates":[[-93.4417811,37.5829997],[-93.4447269,37.5824678],[-93.4473375,37.5812583],[-93.4493733,37.5794822],[-93.4506475,37.5773028],[-93.4510447,37.5751842],[-93.4517133,37.5775283],[-93.4532331,37.5796058],[-93.4554647,37.5812258],[-93.4582036,37.58224],[-93.4608658,37.5825558]]},"properties":{}},{"type":"Feature","geometry":{"type":"LineString","coordinates":[[-93.4516022,37.5903722],[-93.4520978,37.5880008],[-93.4534628,37.5858561],[-93.4555717,37.584135],[-93.4582314,37.5829953],[-93.4608658,37.5825558]]},"properties":{}},{"type":"Feature","geometry":{"type":"LineString","coordinates":[[-93.4516022,37.5903722],[-93.4509336,37.5880278],[-93.4494136,37.5859503],[-93.4471819,37.5843303],[-93.4444433,37.5833158],[-93.4417811,37.5829997]]},"properties":{}},{"type":"Feature","geometry":{"type":"LineString","coordinates":[[-93.1261972,37.2451631],[-93.1269372,37.2465836],[-93.1284064,37.2475778],[-93.1302814,37.2479267],[-93.1321486,37.2475536],[-93.1335975,37.2465403],[-93.1343089,37.2451106],[-93.1341256,37.2435786],[-93.1330886,37.2422822],[-93.1314261,37.2415067],[-93.1295044,37.2414228],[-93.1277464,37.2420492],[-93.1265389,37.2432478],[-93.1261486,37.2447544],[-93.1261972,37.2451631]]},"properties":{}},{"type":"Feature","geometry":{"type":"LineString","coordinates":[[-93.1207483,37.2448431],[-93.1236831,37.2443192],[-93.1262869,37.2431167],[-93.1283211,37.2413464],[-93.1295989,37.23917],[-93.1300033,37.2370531],[-93.1306589,37.2393992],[-93.1321628,37.2414808],[-93.1343775,37.2431069],[-93.1370997,37.2441283],[-93.1397481,37.2444517]]},"properties":{}},{"type":"Feature","geometry":{"type":"LineString","coordinates":[[-93.1304928,37.2522425],[-93.1309964,37.2498722],[-93.1323644,37.2477314],[-93.1344714,37.2460161],[-93.1371242,37.2448836],[-93.1397481,37.2444517]]},"properties":{}},{"type":"Feature","geometry":{"type":"LineString","coordinates":[[-93.1304928,37.2522425],[-93.1298372,37.2498961],[-93.1283331,37.2478144],[-93.1261183,37.2461883],[-93.1233964,37.2451664],[-93.1207483,37.2448431]]},"properties":{}},{"type":"Feature","geometry":{"type":"LineString","coordinates":[[-93.2038481,37.2701017],[-93.2045622,37.2715308],[-93.2060136,37.2725419],[-93.2078825,37.2729128],[-93.2097572,37.2725617],[-93.2112247,37.2715656],[-93.2119625,37.2701442],[-93.2118072,37.2686103],[-93.2107939,37.2673019],[-93.2091453,37.2665069],[-93.2072244,37.2664006],[-93.2054544,37.2670064],[-93.204225,37.2681906],[-93.2038069,37.2696925],[-93.2038481,37.2701017]]},"properties":{}},{"type":"Feature","geometry":{"type":"LineString","coordinates":[[-93.1984064,37.2698353],[-93.2013417,37.2693097],[-93.2039453,37.2681056],[-93.2059783,37.2663336],[-93.2072542,37.2641567],[-93.2076564,37.2620392],[-93.2083147,37.264385],[-93.2098214,37.2664656],[-93.2120383,37.2680903],[-93.2147625,37.26911],[-93.2174122,37.2694314]]},"properties":{}},{"type":"Feature","geometry":{"type":"LineString","coordinates":[[-93.2081622,37.2772283],[-93.2086633,37.2748578],[-93.2100294,37.2727161],[-93.2121356,37.2709994],[-93.2147878,37.2698653],[-93.2174122,37.2694314]]},"properties":{}},{"type":"Feature","geometry":{"type":"LineString","coordinates":[[-93.2081622,37.2772283],[-93.2075039,37.2748825],[-93.2059969,37.2728019],[-93.20378,37.2711769],[-93.2010558,37.2701572],[-93.1984064,37.2698353]]},"properties":{}},{"type":"Feature","geometry":{"type":"LineString","coordinates":[[-93.2610772,37.3188497],[-93.2617386,37.320295],[-93.2631525,37.3213403],[-93.2650081,37.3217553],[-93.2668961,37.3214486],[-93.2684011,37.3204878],[-93.2691917,37.3190842],[-93.2690936,37.3175475],[-93.2681283,37.3162156],[-93.2665089,37.3153819],[-93.2645917,37.3152303],[-93.2627989,37.3157936],[-93.2615253,37.3169481],[-93.2610511,37.3184397],[-93.2610772,37.3188497]]},"properties":{}},{"type":"Feature","geometry":{"type":"LineString","coordinates":[[-93.2556475,37.3186844],[-93.2585844,37.3181572],[-93.2611886,37.3169519],[-93.2632217,37.3151792],[-93.2644967,37.3130014],[-93.2648978,37.3108836],[-93.2655581,37.3132292],[-93.2670675,37.3153092],[-93.2692872,37.3169328],[-93.2720139,37.3179511],[-93.2746656,37.3182711]]},"properties":{}},{"type":"Feature","geometry":{"type":"LineString","coordinates":[[-93.2654153,37.3260728],[-93.2659153,37.3237019],[-93.2672806,37.3215594],[-93.2693864,37.3198417],[-93.2720397,37.3187064],[-93.2746656,37.3182711]]},"properties":{}},{"type":"Feature","geometry":{"type":"LineString","coordinates":[[-93.2654153,37.3260728],[-93.264755,37.3237272],[-93.2632456,37.3216472],[-93.2610258,37.3200236],[-93.2582992,37.319005],[-93.2556475,37.3186844]]},"properties":{}},{"type":"Feature","geometry":{"type":"LineString","coordinates":[[-93.2370697,37.2275058],[-93.2378072,37.2289272],[-93.2392744,37.2299231],[-93.2411481,37.2302739],[-93.2430158,37.2299028],[-93.2444658,37.2288911],[-93.2451794,37.2274619],[-93.2449989,37.22593],[-93.2439642,37.2246325],[-93.2423036,37.2238553],[-93.2403822,37.2237692],[-93.2386233,37.2243936],[-93.2374144,37.2255908],[-93.2370217,37.2270972],[-93.2370697,37.2275058]]},"properties":{}},{"type":"Feature","geometry":{"type":"LineString","coordinates":[[-93.2316231,37.2271992],[-93.2345564,37.2266725],[-93.2371578,37.2254678],[-93.2391889,37.2236953],[-93.2404633,37.2215181],[-93.2408644,37.2194003],[-93.2415233,37.2217458],[-93.24303,37.2238261],[-93.2452467,37.2254503],[-93.2479694,37.2264692],[-93.2506178,37.2267897]]},"properties":{}},{"type":"Feature","geometry":{"type":"LineString","coordinates":[[-93.2413764,37.2345894],[-93.2418764,37.2322189],[-93.2432408,37.2300767],[-93.2453447,37.2283592],[-93.247995,37.2272244],[-93.2506178,37.2267897]]},"properties":{}},{"type":"Feature","geometry":{"type":"LineString","coordinates":[[-93.2413764,37.2345894],[-93.2407175,37.2322439],[-93.2392106,37.2301636],[-93.2369942,37.2285394],[-93.2342711,37.2275203],[-93.2316231,37.2271992]]},"properties":{}},{"type":"Feature","geometry":{"type":"LineString","coordinates":[[-93.2481017,37.213345],[-93.2488406,37.2147656],[-93.2503086,37.2157603],[-93.2521825,37.21611],[-93.2540492,37.2157375],[-93.2554981,37.214725],[-93.2562097,37.2132953],[-93.2560275,37.2117633],[-93.2549917,37.2104667],[-93.2533303,37.2096906],[-93.2514094,37.2096058],[-93.2496517,37.2102317],[-93.2484442,37.2114297],[-93.2480531,37.2129364],[-93.2481017,37.213345]]},"properties":{}},{"type":"Feature","geometry":{"type":"LineString","coordinates":[[-93.2426556,37.2130361],[-93.2455881,37.2125092],[-93.2481889,37.2113042],[-93.2502194,37.2095317],[-93.2514931,37.2073542],[-93.2518939,37.2052364],[-93.2525528,37.2075819],[-93.2540597,37.2096622],[-93.2562761,37.2112861],[-93.2589986,37.2123044],[-93.2616464,37.212625]]},"properties":{}},{"type":"Feature","geometry":{"type":"LineString","coordinates":[[-93.2524081,37.2204256],[-93.2529075,37.2180547],[-93.2542714,37.2159125],[-93.2563747,37.214195],[-93.2590244,37.2130597],[-93.2616464,37.212625]]},"properties":{}},{"type":"Feature","geometry":{"type":"LineString","coordinates":[[-93.2524081,37.2204256],[-93.2517489,37.21808],[-93.2502419,37.2159997],[-93.2480256,37.2143758],[-93.2453031,37.2133569],[-93.2426556,37.2130361]]},"properties":{}},{"type":"Feature","geometry":{"type":"LineString","coordinates":[[-93.3130875,37.1369097],[-93.3137881,37.1383425],[-93.3152281,37.1393619],[-93.3170903,37.1397431],[-93.3189644,37.1394022],[-93.3204383,37.1384144],[-93.3211867,37.1369969],[-93.3210453,37.1354625],[-93.320045,37.1341483],[-93.3184061,37.1333444],[-93.3164897,37.1332275],[-93.3147178,37.1338233],[-93.3134803,37.1350008],[-93.31305,37.1365006],[-93.3130875,37.1369097]]},"properties":{}},{"type":"Feature","geometry":{"type":"LineString","coordinates":[[-93.3076597,37.1366747],[-93.3105892,37.1361464],[-93.3131861,37.1349397],[-93.3152131,37.1331661],[-93.3164833,37.1309878],[-93.3168819,37.12887],[-93.3175425,37.1312153],[-93.3190494,37.1332944],[-93.321265,37.1349169],[-93.3239858,37.1359342],[-93.3266308,37.1362531]]},"properties":{}},{"type":"Feature","geometry":{"type":"LineString","coordinates":[[-93.3174089,37.1440586],[-93.3179058,37.1416878],[-93.3192664,37.1395447],[-93.3213661,37.1378258],[-93.3240119,37.1366892],[-93.3266308,37.1362531]]},"properties":{}},{"type":"Feature","geometry":{"type":"LineString","coordinates":[[-93.3174089,37.1440586],[-93.3167483,37.1417133],[-93.3152411,37.1396342],[-93.3130256,37.1380114],[-93.310305,37.1369942],[-93.3076597,37.1366747]]},"properties":{}},{"type":"Feature","geometry":{"type":"LineString","coordinates":[[-93.3496789,37.0961172],[-93.3503803,37.0975497],[-93.35182,37.0985683],[-93.3536817,37.0989486],[-93.3555547,37.0986069],[-93.3570269,37.0976183],[-93.3577739,37.0962006],[-93.3576314,37.0946661],[-93.3566306,37.0933525],[-93.3549919,37.0925494],[-93.3530764,37.0924333],[-93.3513058,37.09303],[-93.35007,37.0942081],[-93.3496411,37.0957081],[-93.3496789,37.0961172]]},"properties":{}},{"type":"Feature","geometry":{"type":"LineString","coordinates":[[-93.3442539,37.0958833],[-93.3471814,37.0953539],[-93.3497767,37.0941467],[-93.3518014,37.0923722],[-93.35307,37.0901936],[-93.3534672,37.0880756],[-93.3541286,37.0904206],[-93.3556358,37.0924994],[-93.3578508,37.0941214],[-93.3605706,37.0951375],[-93.3632144,37.0954556]]},"properties":{}},{"type":"Feature","geometry":{"type":"LineString","coordinates":[[-93.3540014,37.1032639],[-93.3544969,37.1008931],[-93.3558558,37.0987494],[-93.3579533,37.09703],[-93.3605972,37.0958928],[-93.3632144,37.0954556]]},"properties":{}},{"type":"Feature","geometry":{"type":"LineString","coordinates":[[-93.3540014,37.1032639],[-93.35334,37.1009192],[-93.3518328,37.0988403],[-93.3496175,37.0972183],[-93.3468978,37.0962017],[-93.3442539,37.0958833]]},"properties":{}},{"type":"Feature","geometry":{"type":"LineString","coordinates":[[-93.4278367,37.1196786],[-93.4285017,37.1211222],[-93.4299156,37.1221642],[-93.4317678,37.122575],[-93.4336497,37.1222636],[-93.4351472,37.1212994],[-93.4359303,37.1198942],[-93.4358267,37.1183575],[-93.4348594,37.1170281],[-93.4332411,37.1161983],[-93.4313283,37.1160511],[-93.4295425,37.1166186],[-93.4282764,37.1177764],[-93.4278092,37.1192689],[-93.4278367,37.1196786]]},"properties":{}},{"type":"Feature","geometry":{"type":"LineString","coordinates":[[-93.4224208,37.1195175],[-93.4253486,37.1189861],[-93.4279431,37.1177769],[-93.4299667,37.1160014],[-93.4312336,37.1138217],[-93.4316289,37.1117036],[-93.4322925,37.1140481],[-93.4338025,37.1161258],[-93.43602,37.1177464],[-93.4387417,37.1187606],[-93.4413869,37.1190769]]},"properties":{}},{"type":"Feature","geometry":{"type":"LineString","coordinates":[[-93.4321789,37.1268917],[-93.4326719,37.1245203],[-93.4340292,37.1223758],[-93.4361256,37.120655],[-93.4387692,37.1195158],[-93.4413869,37.1190769]]},"properties":{}},{"type":"Feature","geometry":{"type":"LineString","coordinates":[[-93.4321789,37.1268917],[-93.431515,37.1245472],[-93.430005,37.1224692],[-93.4277875,37.1208489],[-93.4250658,37.1198342],[-93.4224208,37.1195175]]},"properties":{}},{"type":"Feature","geometry":{"type":"LineString","coordinates":[[-93.2827553,37.05619],[-93.2835022,37.0576075],[-93.2849736,37.0585961],[-93.2868458,37.0589375],[-93.2887064,37.0585569],[-93.2901453,37.0575381],[-93.2908458,37.0561053],[-93.2906536,37.0545744],[-93.2896114,37.0532822],[-93.2879483,37.0525131],[-93.2860306,37.0524369],[-93.2842808,37.0530703],[-93.2830842,37.0542736],[-93.2827042,37.0557819],[-93.2827553,37.05619]]},"properties":{}},{"type":"Feature","geometry":{"type":"LineString","coordinates":[[-93.2773172,37.0558669],[-93.2802436,37.0553389],[-93.2828383,37.0541331],[-93.2848636,37.05236],[-93.2861336,37.0501819],[-93.2865325,37.0480644],[-93.2871914,37.0504097],[-93.2886958,37.0524894],[-93.2909083,37.0541125],[-93.2936258,37.0551303],[-93.2962678,37.05545]]},"properties":{}},{"type":"Feature","geometry":{"type":"LineString","coordinates":[[-93.2870528,37.0632531],[-93.28755,37.0608822],[-93.28891,37.0587394],[-93.2910081,37.0570214],[-93.2936517,37.0558856],[-93.2962678,37.05545]]},"properties":{}},{"type":"Feature","geometry":{"type":"LineString","coordinates":[[-93.2870528,37.0632531],[-93.2863939,37.0609078],[-93.2848892,37.0588281],[-93.2826767,37.0572047],[-93.2799592,37.0561867],[-93.2773172,37.0558669]]},"properties":{}},{"type":"Feature","geometry":{"type":"LineString","coordinates":[[-93.3238981,36.8293411],[-93.3246647,36.8307511],[-93.3261469,36.831725],[-93.3280186,36.8320478],[-93.3298675,36.8316486],[-93.3312861,36.8306156],[-93.3319622,36.8291758],[-93.3317469,36.8276469],[-93.3306878,36.8263653],[-93.3290178,36.8256131],[-93.327105,36.8255561],[-93.3253706,36.8262069],[-93.3241964,36.8274222],[-93.3238408,36.8289342],[-93.3238981,36.8293411]]},"properties":{}},{"type":"Feature","geometry":{"type":"LineString","coordinates":[[-93.3184681,36.8289814],[-93.3213853,36.8284525],[-93.3239717,36.8272456],[-93.32599,36.8254717],[-93.3272547,36.8232933],[-93.3276514,36.8211758],[-93.3283094,36.8235211],[-93.3298106,36.8256],[-93.3320175,36.8272225],[-93.3347272,36.8282392],[-93.3373611,36.8285578]]},"properties":{}},{"type":"Feature","geometry":{"type":"LineString","coordinates":[[-93.3281783,36.8363639],[-93.3286728,36.8339928],[-93.3300275,36.8318497],[-93.3321183,36.8301308],[-93.3347536,36.8289942],[-93.3373611,36.8285578]]},"properties":{}},{"type":"Feature","geometry":{"type":"LineString","coordinates":[[-93.3281783,36.8363639],[-93.32752,36.8340186],[-93.3260186,36.8319397],[-93.3238119,36.8303172],[-93.3211022,36.8293003],[-93.3184681,36.8289814]]},"properties":{}},{"type":"Feature","geometry":{"type":"LineString","coordinates":[[-93.4016197,36.8053858],[-93.4023875,36.8067953],[-93.4038706,36.8077678],[-93.4057419,36.8080892],[-93.4075897,36.8076889],[-93.4090067,36.8066547],[-93.4096808,36.8052144],[-93.4094639,36.8036856],[-93.4084036,36.8024047],[-93.4067333,36.8016539],[-93.4048211,36.8015983],[-93.4030878,36.8022506],[-93.4019153,36.8034667],[-93.4015619,36.8049789],[-93.4016197,36.8053858]]},"properties":{}},{"type":"Feature","geometry":{"type":"LineString","coordinates":[[-93.3961908,36.8050292],[-93.3991067,36.8044983],[-93.4016908,36.80329],[-93.4037067,36.8015147],[-93.4049689,36.7993356],[-93.4053631,36.7972178],[-93.4060233,36.7995625],[-93.4075261,36.8016406],[-93.4097339,36.8032614],[-93.4124439,36.8042761],[-93.4150775,36.8045931]]},"properties":{}},{"type":"Feature","geometry":{"type":"LineString","coordinates":[[-93.4059056,36.8124053],[-93.4063975,36.8100339],[-93.4077497,36.80789],[-93.4098381,36.8061697],[-93.4124711,36.8050311],[-93.4150775,36.8045931]]},"properties":{}},{"type":"Feature","geometry":{"type":"LineString","coordinates":[[-93.4059056,36.8124053],[-93.405245,36.8100606],[-93.4037419,36.8079825],[-93.4015344,36.8063617],[-93.3988244,36.8053464],[-93.3961908,36.8050292]]},"properties":{}},{"type":"Feature","geometry":{"type":"LineString","coordinates":[[-93.4832892,36.7925461],[-93.4840339,36.7939636],[-93.4855006,36.7949517],[-93.4873664,36.7952928],[-93.48922,36.7949119],[-93.4906536,36.7938928],[-93.4913511,36.79246],[-93.4911592,36.7909289],[-93.49012,36.7896369],[-93.4884622,36.7888686],[-93.4865514,36.7887928],[-93.4848081,36.7894267],[-93.4836161,36.7906303],[-93.4832381,36.7921386],[-93.4832892,36.7925461]]},"properties":{}},{"type":"Feature","geometry":{"type":"LineString","coordinates":[[-93.4778706,36.7922386],[-93.4807853,36.7917058],[-93.4833678,36.7904956],[-93.4853811,36.7887189],[-93.4866408,36.7865386],[-93.4870325,36.7844208],[-93.4876953,36.786765],[-93.4892003,36.7888419],[-93.4914094,36.7904611],[-93.49412,36.7914742],[-93.4967533,36.7917892]]},"properties":{}},{"type":"Feature","geometry":{"type":"LineString","coordinates":[[-93.4875917,36.7996078],[-93.4880808,36.7972361],[-93.4894306,36.7950911],[-93.4915167,36.7933694],[-93.4941478,36.7922292],[-93.4967533,36.7917892]]},"properties":{}},{"type":"Feature","geometry":{"type":"LineString","coordinates":[[-93.4875917,36.7996078],[-93.4869286,36.7972636],[-93.4854236,36.7951867],[-93.4832144,36.7935672],[-93.4805039,36.7925539],[-93.4778706,36.7922386]]},"properties":{}},{"type":"Feature","geometry":{"type":"LineString","coordinates":[[-93.3844017,36.757095],[-93.3851664,36.7585053],[-93.3866467,36.7594797],[-93.3885164,36.7598033],[-93.3903636,36.759405],[-93.3917817,36.7583725],[-93.3924581,36.7569333],[-93.3922439,36.7554042],[-93.3911867,36.7541219],[-93.3895189,36.7533692],[-93.3876078,36.7533114],[-93.3858747,36.7539614],[-93.3847008,36.7551761],[-93.3843447,36.7566881],[-93.3844017,36.757095]]},"properties":{}},{"type":"Feature","geometry":{"type":"LineString","coordinates":[[-93.3789775,36.7567417],[-93.3818914,36.7562114],[-93.3844744,36.7550033],[-93.3864892,36.7532283],[-93.3877511,36.7510492],[-93.3881453,36.7489317],[-93.3888047,36.7512764],[-93.3903061,36.7533547],[-93.3925122,36.7549758],[-93.3952203,36.7559911],[-93.3978519,36.7563083]]},"properties":{}},{"type":"Feature","geometry":{"type":"LineString","coordinates":[[-93.3886842,36.7641192],[-93.3891761,36.7617481],[-93.3905281,36.7596042],[-93.3926156,36.7578842],[-93.3952472,36.7567461],[-93.3978519,36.7563083]]},"properties":{}},{"type":"Feature","geometry":{"type":"LineString","coordinates":[[-93.3886842,36.7641192],[-93.3880247,36.7617744],[-93.3865231,36.7596961],[-93.3843169,36.7580747],[-93.3816092,36.7570592],[-93.3789775,36.7567417]]},"properties":{}},{"type":"Feature","geometry":{"type":"LineString","coordinates":[[-93.0264644,36.3489103],[-93.0273758,36.3502611],[-93.0289483,36.3511267],[-93.0308361,36.3513164],[-93.0326228,36.3507886],[-93.0339153,36.3496594],[-93.0344283,36.3481778],[-93.0340494,36.34667],[-93.0328619,36.3454681],[-93.0311272,36.3448367],[-93.0292278,36.344915],[-93.0275814,36.3456858],[-93.0265514,36.3469794],[-93.0263639,36.3485106],[-93.0264644,36.3489103]]},"properties":{}},{"type":"Feature","geometry":{"type":"LineString","coordinates":[[-93.0209911,36.3482458],[-93.0238919,36.3477244],[-93.0264667,36.3465244],[-93.0284792,36.3447556],[-93.0297444,36.3425806],[-93.0301464,36.3404653],[-93.0307911,36.3428119],[-93.0322747,36.3448947],[-93.0344614,36.3465225],[-93.03715,36.3475458],[-93.039765,36.3478708]]},"properties":{}},{"type":"Feature","geometry":{"type":"LineString","coordinates":[[-93.03061,36.3556525],[-93.0311108,36.3532831],[-93.0324656,36.3511433],[-93.0345503,36.3494303],[-93.0371731,36.3483003],[-93.039765,36.3478708]]},"properties":{}},{"type":"Feature","geometry":{"type":"LineString","coordinates":[[-93.03061,36.3556525],[-93.0299653,36.3533058],[-93.0284814,36.3512231],[-93.026295,36.349595],[-93.0236061,36.3485714],[-93.0209911,36.3482458]]},"properties":{}},{"type":"Feature","geometry":{"type":"LineString","coordinates":[[-93.1087361,36.3418492],[-93.1096589,36.3431944],[-93.1112389,36.3440511],[-93.1131278,36.3442303],[-93.11491,36.3436925],[-93.1161925,36.3425564],[-93.1166928,36.3410717],[-93.1163011,36.3395661],[-93.1151033,36.3383708],[-93.1133636,36.3377492],[-93.1114647,36.3378383],[-93.1098256,36.3386183],[-93.1088064,36.3399175],[-93.1086322,36.3414497],[-93.1087361,36.3418492]]},"properties":{}},{"type":"Feature","geometry":{"type":"LineString","coordinates":[[-93.1032561,36.3411692],[-93.1061561,36.3406458],[-93.1087294,36.3394439],[-93.1107397,36.3376736],[-93.1120025,36.3354978],[-93.1124019,36.3333819],[-93.1130492,36.3357281],[-93.114535,36.33781],[-93.1167231,36.3394361],[-93.1194128,36.3404578],[-93.1220281,36.3407808]]},"properties":{}},{"type":"Feature","geometry":{"type":"LineString","coordinates":[[-93.1128822,36.3485689],[-93.1133803,36.3461989],[-93.1147328,36.3440586],[-93.1168153,36.3423439],[-93.1194367,36.3412122],[-93.1220281,36.3407808]]},"properties":{}},{"type":"Feature","geometry":{"type":"LineString","coordinates":[[-93.1128822,36.3485689],[-93.112235,36.3462228],[-93.1107489,36.3441411],[-93.1085608,36.3425147],[-93.1058714,36.3414928],[-93.1032561,36.3411692]]},"properties":{}},{"type":"Feature","geometry":{"type":"LineString","coordinates":[[-93.19126,36.3463347],[-93.1921636,36.3476889],[-93.1937314,36.3485603],[-93.1956178,36.3487569],[-93.1974075,36.3482358],[-93.1987061,36.3471114],[-93.1992275,36.3456317],[-93.1988572,36.3441225],[-93.1976764,36.3429161],[-93.1959456,36.3422783],[-93.1940456,36.3423497],[-93.1923953,36.3431144],[-93.1913578,36.3444042],[-93.1911617,36.3459347],[-93.19126,36.3463347]]},"properties":{}},{"type":"Feature","geometry":{"type":"LineString","coordinates":[[-93.1857919,36.3456983],[-93.1886917,36.3451728],[-93.1912636,36.3439689],[-93.1932719,36.3421972],[-93.1945325,36.3400203],[-93.19493,36.3379044],[-93.1955797,36.34025],[-93.1970678,36.3423308],[-93.1992578,36.3439553],[-93.2019489,36.344975],[-93.2045644,36.3452964]]},"properties":{}},{"type":"Feature","geometry":{"type":"LineString","coordinates":[[-93.1954267,36.3530908],[-93.1959222,36.3507208],[-93.1972725,36.3485792],[-93.1993531,36.3468631],[-93.2019736,36.3457294],[-93.2045644,36.3452964]]},"properties":{}},{"type":"Feature","geometry":{"type":"LineString","coordinates":[[-93.1954267,36.3530908],[-93.1947767,36.3507453],[-93.1932886,36.3486644],[-93.1910986,36.3470397],[-93.1884078,36.34602],[-93.1857919,36.3456983]]},"properties":{}},{"type":"Feature","geometry":{"type":"LineString","coordinates":[[-93.1075428,36.2916086],[-93.1084583,36.2929569],[-93.1100331,36.2938189],[-93.1119197,36.2940042],[-93.1137033,36.2934719],[-93.1149906,36.29234],[-93.1154981,36.2908569],[-93.1151139,36.28935],[-93.1139228,36.2881511],[-93.1121872,36.2875239],[-93.1102894,36.2876069],[-93.1086472,36.2883817],[-93.1076225,36.2896775],[-93.1074408,36.2912092],[-93.1075428,36.2916086]]},"properties":{}},{"type":"Feature","geometry":{"type":"LineString","coordinates":[[-93.1020708,36.2909414],[-93.1049689,36.2904181],[-93.1075403,36.2892161],[-93.1095492,36.2874458],[-93.1108114,36.28527],[-93.1112106,36.2831544],[-93.1118575,36.2855006],[-93.1133422,36.2875822],[-93.1155289,36.2892086],[-93.1182167,36.29023],[-93.12083,36.2905533]]},"properties":{}},{"type":"Feature","geometry":{"type":"LineString","coordinates":[[-93.1116903,36.2983411],[-93.1121881,36.2959711],[-93.1135397,36.2938308],[-93.1156208,36.2921161],[-93.1182406,36.2909844],[-93.12083,36.2905533]]},"properties":{}},{"type":"Feature","geometry":{"type":"LineString","coordinates":[[-93.1116903,36.2983411],[-93.1110433,36.2959947],[-93.1095586,36.2939131],[-93.1073719,36.2922867],[-93.1046842,36.291265],[-93.1020708,36.2909414]]},"properties":{}},{"type":"Feature","geometry":{"type":"LineString","coordinates":[[-93.1067622,36.2582614],[-93.1076922,36.2596033],[-93.1092756,36.2604539],[-93.1111636,36.2606256],[-93.1129403,36.2600808],[-93.1142144,36.2589394],[-93.1147056,36.2574531],[-93.114305,36.2559489],[-93.1131014,36.2547583],[-93.1113597,36.2541439],[-93.1094639,36.2542403],[-93.1078308,36.2550269],[-93.1068208,36.25633],[-93.1066564,36.2578631],[-93.1067622,36.2582614]]},"properties":{}},{"type":"Feature","geometry":{"type":"LineString","coordinates":[[-93.1012833,36.2575664],[-93.10418,36.2570431],[-93.1067506,36.2558411],[-93.1087586,36.2540708],[-93.11002,36.251895],[-93.1104192,36.2497794],[-93.1110656,36.2521256],[-93.1125497,36.2542072],[-93.1147353,36.2558336],[-93.1174222,36.256855],[-93.1200342,36.2571783]]},"properties":{}},{"type":"Feature","geometry":{"type":"LineString","coordinates":[[-93.1108983,36.2649658],[-93.1113961,36.2625961],[-93.1127469,36.2604556],[-93.1148272,36.2587411],[-93.1174458,36.2576094],[-93.1200342,36.2571783]]},"properties":{}},{"type":"Feature","geometry":{"type":"LineString","coordinates":[[-93.1108983,36.2649658],[-93.1102517,36.2626197],[-93.1087675,36.2605381],[-93.1065819,36.2589117],[-93.1038953,36.25789],[-93.1012833,36.2575664]]},"properties":{}},{"type":"Feature","geometry":{"type":"LineString","coordinates":[[-93.5386617,36.338815],[-93.5394586,36.3402119],[-93.5409556,36.3411611],[-93.5428228,36.3414533],[-93.5446492,36.3410239],[-93.5460322,36.3399678],[-93.5466675,36.3385175],[-93.5464147,36.3369925],[-93.5453303,36.3357286],[-93.5436522,36.3350042],[-93.5417508,36.3349789],[-93.5400444,36.3356583],[-93.5389092,36.3368925],[-93.5385947,36.33841],[-93.5386617,36.338815]]},"properties":{}},{"type":"Feature","geometry":{"type":"LineString","coordinates":[[-93.5332525,36.3384069],[-93.5361494,36.3378728],[-93.5387156,36.3366611],[-93.5407156,36.3348836],[-93.5419658,36.3327031],[-93.5423536,36.3305856],[-93.5430139,36.3329294],[-93.5445117,36.3350056],[-93.5467089,36.3366233],[-93.5494042,36.337635],[-93.5520211,36.3379483]]},"properties":{}},{"type":"Feature","geometry":{"type":"LineString","coordinates":[[-93.5429203,36.3457706],[-93.543405,36.3433989],[-93.544745,36.3412533],[-93.5468175,36.3395308],[-93.5494322,36.3383894],[-93.5520211,36.3379483]]},"properties":{}},{"type":"Feature","geometry":{"type":"LineString","coordinates":[[-93.5429203,36.3457706],[-93.5422597,36.3434269],[-93.5407619,36.3413508],[-93.5385647,36.3397325],[-93.5358694,36.3387208],[-93.5332525,36.3384069]]},"properties":{}},{"type":"Feature","geometry":{"type":"LineString","coordinates":[[-93.5332722,36.3056878],[-93.5340514,36.3070914],[-93.5355356,36.3080528],[-93.5373983,36.30836],[-93.5392292,36.3079458],[-93.540625,36.3069008],[-93.5412778,36.3054558],[-93.5410444,36.3039289],[-93.5399761,36.3026561],[-93.5383081,36.3019181],[-93.5364078,36.3018775],[-93.5346939,36.3025428],[-93.5335436,36.3037678],[-93.5332106,36.3052828],[-93.5332722,36.3056878]]},"properties":{}},{"type":"Feature","geometry":{"type":"LineString","coordinates":[[-93.5278733,36.3053122],[-93.5307689,36.3047781],[-93.5333339,36.3035667],[-93.5353333,36.3017892],[-93.5365833,36.2996086],[-93.5369708,36.2974914],[-93.5376308,36.299835],[-93.5391278,36.3019111],[-93.5413239,36.3035292],[-93.5440178,36.3045408],[-93.5466336,36.3048544]]},"properties":{}},{"type":"Feature","geometry":{"type":"LineString","coordinates":[[-93.5375364,36.3126761],[-93.5380208,36.3103044],[-93.5393606,36.3081592],[-93.5414322,36.3064367],[-93.5440461,36.3052953],[-93.5466336,36.3048544]]},"properties":{}},{"type":"Feature","geometry":{"type":"LineString","coordinates":[[-93.5375364,36.3126761],[-93.5368761,36.3103325],[-93.5353792,36.3082561],[-93.5331831,36.3066378],[-93.5304892,36.3056261],[-93.5278733,36.3053122]]},"properties":{}},{"type":"Feature","geometry":{"type":"LineString","coordinates":[[-93.4426456,36.2588653],[-93.4434744,36.2602497],[-93.4449919,36.2611756],[-93.4468636,36.2614386],[-93.4486778,36.2609811],[-93.4500342,36.2599036],[-93.4506342,36.2584439],[-93.4503458,36.2569228],[-93.4492325,36.2556761],[-93.4475397,36.2549781],[-93.44564,36.2549822],[-93.4439517,36.2556881],[-93.4428469,36.2569397],[-93.4425692,36.2584619],[-93.4426456,36.2588653]]},"properties":{}},{"type":"Feature","geometry":{"type":"LineString","coordinates":[[-93.4372261,36.2583881],[-93.4401206,36.2578564],[-93.4426856,36.2566469],[-93.4446856,36.2548708],[-93.4459375,36.2526914],[-93.4463272,36.2505744],[-93.4469842,36.2529186],[-93.4484775,36.2549961],[-93.4506703,36.2566158],[-93.4533617,36.2576297],[-93.4559753,36.2579453]]},"properties":{}},{"type":"Feature","geometry":{"type":"LineString","coordinates":[[-93.4468742,36.2657594],[-93.4473614,36.2633883],[-93.4487028,36.2612439],[-93.4507753,36.2595233],[-93.4533889,36.2583839],[-93.4559753,36.2579453]]},"properties":{}},{"type":"Feature","geometry":{"type":"LineString","coordinates":[[-93.4468742,36.2657594],[-93.4462172,36.2634153],[-93.4447236,36.2613381],[-93.4425308,36.2597181],[-93.4398397,36.2587042],[-93.4372261,36.2583881]]},"properties":{}},{"type":"Feature","geometry":{"type":"LineString","coordinates":[[-93.5251894,36.2559197],[-93.5259881,36.2573158],[-93.527485,36.2582631],[-93.5293508,36.2585528],[-93.5311744,36.2581214],[-93.5325542,36.2570636],[-93.5331858,36.2556125],[-93.5329306,36.2540878],[-93.5318447,36.2528253],[-93.5301675,36.2521031],[-93.5282678,36.25208],[-93.5265647,36.2527617],[-93.5254328,36.2539972],[-93.5251217,36.2555153],[-93.5251894,36.2559197]]},"properties":{}},{"type":"Feature","geometry":{"type":"LineString","coordinates":[[-93.519785,36.2555058],[-93.5226789,36.2549719],[-93.5252422,36.2537608],[-93.5272406,36.2519833],[-93.5284897,36.2498031],[-93.5288772,36.2476858],[-93.5295367,36.2500294],[-93.5310322,36.2521058],[-93.5332269,36.2537242],[-93.5359192,36.2547358],[-93.5385331,36.2550494]]},"properties":{}},{"type":"Feature","geometry":{"type":"LineString","coordinates":[[-93.5294408,36.2628703],[-93.5299253,36.2604989],[-93.5312644,36.2583536],[-93.533335,36.2566314],[-93.5359472,36.2554903],[-93.5385331,36.2550494]]},"properties":{}},{"type":"Feature","geometry":{"type":"LineString","coordinates":[[-93.5294408,36.2628703],[-93.5287814,36.2605267],[-93.5272856,36.2584503],[-93.5250911,36.2568319],[-93.5223989,36.25582],[-93.519785,36.2555058]]},"properties":{}},{"type":"Feature","geometry":{"type":"LineString","coordinates":[[-93.6058606,36.2414417],[-93.6066781,36.2428306],[-93.6081878,36.2437642],[-93.6100572,36.2440369],[-93.6118742,36.2435889],[-93.6132389,36.2425189],[-93.6138506,36.2410619],[-93.6135744,36.2395397],[-93.6124714,36.2382872],[-93.6107844,36.2375803],[-93.6088853,36.2375744],[-93.6071917,36.2382714],[-93.6060772,36.2395172],[-93.6057872,36.2410378],[-93.6058606,36.2414417]]},"properties":{}},{"type":"Feature","geometry":{"type":"LineString","coordinates":[[-93.6004481,36.2409986],[-93.6033408,36.2404628],[-93.6059025,36.2392497],[-93.6078983,36.2374708],[-93.6091453,36.2352894],[-93.6095306,36.2331722],[-93.6101922,36.2355153],[-93.6116897,36.2375906],[-93.6138856,36.2392072],[-93.6165783,36.2402172],[-93.6191922,36.2405292]]},"properties":{}},{"type":"Feature","geometry":{"type":"LineString","coordinates":[[-93.61011,36.2483561],[-93.6105919,36.2459844],[-93.6119283,36.2438381],[-93.6139967,36.2421144],[-93.6166072,36.2409717],[-93.6191922,36.2405292]]},"properties":{}},{"type":"Feature","geometry":{"type":"LineString","coordinates":[[-93.61011,36.2483561],[-93.6094481,36.2460131],[-93.6079506,36.2439378],[-93.6057547,36.2423208],[-93.6030619,36.2413108],[-93.6004481,36.2409986]]},"properties":{}},{"type":"Feature","geometry":{"type":"LineString","coordinates":[[-93.9772292,36.181935],[-93.97795,36.1833583],[-93.9793922,36.1843583],[-93.9812386,36.1847147],[-93.9830822,36.1843489],[-93.9845169,36.1833417],[-93.9852267,36.1819147],[-93.9850553,36.1803825],[-93.9840406,36.1790822],[-93.9824058,36.1783006],[-93.9805114,36.1782094],[-93.9787744,36.1788292],[-93.9775772,36.1800231],[-93.9771836,36.1815281],[-93.9772292,36.181935]]},"properties":{}},{"type":"Feature","geometry":{"type":"LineString","coordinates":[[-93.9718625,36.1817011],[-93.9747503,36.1811558],[-93.9773039,36.1799344],[-93.9792894,36.1781494],[-93.9805244,36.1759642],[-93.9808992,36.1738456],[-93.9815719,36.1761864],[-93.9830783,36.1782567],[-93.9852803,36.1798664],[-93.9879758,36.1808675],[-93.9905894,36.1811708]]},"properties":{}},{"type":"Feature","geometry":{"type":"LineString","coordinates":[[-93.9815531,36.1890272],[-93.9820228,36.1866539],[-93.9833475,36.1845033],[-93.9854058,36.1827731],[-93.9880083,36.1816217],[-93.9905894,36.1811708]]},"properties":{}},{"type":"Feature","geometry":{"type":"LineString","coordinates":[[-93.9815531,36.1890272],[-93.98088,36.1866861],[-93.9793736,36.1846158],[-93.9771714,36.1830061],[-93.9744761,36.1820047],[-93.9718625,36.1817011]]},"properties":{}},{"type":"Feature","geometry":{"type":"LineString","coordinates":[[-94.0286178,36.1295367],[-94.0293208,36.1309656],[-94.0307503,36.1319769],[-94.0325911,36.1323478],[-94.0344375,36.1319967],[-94.0358833,36.1310008],[-94.0366097,36.1295797],[-94.0364567,36.1280461],[-94.0354583,36.1267381],[-94.0338342,36.1259433],[-94.0319422,36.1258375],[-94.0301992,36.1264433],[-94.0289886,36.1276278],[-94.0285772,36.1291297],[-94.0286178,36.1295367]]},"properties":{}},{"type":"Feature","geometry":{"type":"LineString","coordinates":[[-94.0232608,36.1293386],[-94.0261464,36.1287919],[-94.0286975,36.1275694],[-94.0306803,36.1257836],[-94.0319131,36.1235978],[-94.0322858,36.1214792],[-94.0329597,36.1238197],[-94.0344667,36.1258892],[-94.0366683,36.1274978],[-94.0393625,36.1284978],[-94.0419744,36.1288]]},"properties":{}},{"type":"Feature","geometry":{"type":"LineString","coordinates":[[-94.0329497,36.1366603],[-94.0334175,36.1342867],[-94.03474,36.1321358],[-94.0367956,36.1304044],[-94.0393956,36.1292519],[-94.0419744,36.1288]]},"properties":{}},{"type":"Feature","geometry":{"type":"LineString","coordinates":[[-94.0329497,36.1366603],[-94.0322756,36.1343194],[-94.0307686,36.13225],[-94.0285669,36.1306414],[-94.0258728,36.1296411],[-94.0232608,36.1293386]]},"properties":{}},{"type":"Feature","geometry":{"type":"LineString","coordinates":[[-94.0893061,36.1195428],[-94.0900139,36.1209703],[-94.0914467,36.1219783],[-94.0932883,36.122345],[-94.0951333,36.1219897],[-94.0965756,36.1209906],[-94.0972969,36.1195678],[-94.0971389,36.1180347],[-94.0961361,36.1167289],[-94.0945097,36.1159378],[-94.0926175,36.1158361],[-94.0908767,36.1164458],[-94.0896703,36.1176331],[-94.0892642,36.1191358],[-94.0893061,36.1195428]]},"properties":{}},{"type":"Feature","geometry":{"type":"LineString","coordinates":[[-94.0839486,36.1193406],[-94.0868331,36.1187925],[-94.0893828,36.1175689],[-94.0913642,36.1157819],[-94.0925947,36.1135956],[-94.0929658,36.1114764],[-94.0936417,36.1138167],[-94.09515,36.1158856],[-94.0973525,36.1174928],[-94.1000472,36.1184914],[-94.1026592,36.1187922]]},"properties":{}},{"type":"Feature","geometry":{"type":"LineString","coordinates":[[-94.0936419,36.1266572],[-94.0941078,36.1242833],[-94.0954283,36.1221317],[-94.0974822,36.1203994],[-94.1000808,36.1192456],[-94.1026592,36.1187922]]},"properties":{}},{"type":"Feature","geometry":{"type":"LineString","coordinates":[[-94.0936419,36.1266572],[-94.0929661,36.1243169],[-94.0914575,36.1222481],[-94.089255,36.1206406],[-94.0865603,36.1196419],[-94.0839486,36.1193406]]},"properties":{}},{"type":"Feature","geometry":{"type":"LineString","coordinates":[[-94.12962,36.1128803],[-94.1303181,36.1143108],[-94.1317436,36.1153253],[-94.1335825,36.1157006],[-94.1354297,36.1153536],[-94.1368786,36.1143611],[-94.1376097,36.1129414],[-94.1374622,36.1114075],[-94.1364686,36.1100972],[-94.1348478,36.1092989],[-94.1329567,36.1091886],[-94.1312117,36.1097906],[-94.1299972,36.1109722],[-94.1295808,36.1124731],[-94.12962,36.1128803]]},"properties":{}},{"type":"Feature","geometry":{"type":"LineString","coordinates":[[-94.1242661,36.1126994],[-94.12715,36.1121503],[-94.1296992,36.1109258],[-94.1316792,36.1091381],[-94.1329086,36.1069514],[-94.1332786,36.1048322],[-94.1339556,36.1071722],[-94.1354647,36.1092403],[-94.1376681,36.1108469],[-94.1403631,36.1118444],[-94.1429747,36.1121444]]},"properties":{}},{"type":"Feature","geometry":{"type":"LineString","coordinates":[[-94.1339625,36.1200125],[-94.1344272,36.1176386],[-94.1357464,36.1154867],[-94.1377992,36.1137536],[-94.1403972,36.1125989],[-94.1429747,36.1121444]]},"properties":{}},{"type":"Feature","geometry":{"type":"LineString","coordinates":[[-94.1339625,36.1200125],[-94.1332856,36.1176725],[-94.1317761,36.1156044],[-94.1295728,36.1139975],[-94.1268778,36.1129997],[-94.1242661,36.1126994]]},"properties":{}},{"type":"Feature","geometry":{"type":"LineString","coordinates":[[-94.0052183,36.0654061],[-94.005945,36.0668272],[-94.00739,36.0678225],[-94.0092353,36.0681728],[-94.0110742,36.0678011],[-94.0125017,36.0667892],[-94.0132033,36.06536],[-94.0130247,36.0638283],[-94.012005,36.0625314],[-94.0103689,36.0617553],[-94.0084769,36.0616703],[-94.0067456,36.0622958],[-94.0055564,36.0634936],[-94.0051708,36.065],[-94.0052183,36.0654061]]},"properties":{}},{"type":"Feature","geometry":{"type":"LineString","coordinates":[[-93.9998578,36.0651617],[-94.0027408,36.0646156],[-94.00529,36.0633939],[-94.0072719,36.0616083],[-94.0085042,36.0594228],[-94.0088772,36.0573042],[-94.00955,36.059645],[-94.011055,36.0617147],[-94.0132542,36.0633236],[-94.0159458,36.0643242],[-94.0185553,36.0646269]]},"properties":{}},{"type":"Feature","geometry":{"type":"LineString","coordinates":[[-94.0095358,36.072485],[-94.0100042,36.0701117],[-94.0113261,36.0679611],[-94.0133806,36.0662303],[-94.0159789,36.0650783],[-94.0185553,36.0646269]]},"properties":{}},{"type":"Feature","geometry":{"type":"LineString","coordinates":[[-94.0095358,36.072485],[-94.0088631,36.0701444],[-94.0073581,36.0680744],[-94.0051586,36.0664653],[-94.0024669,36.0654647],[-93.9998578,36.0651617]]},"properties":{}},{"type":"Feature","geometry":{"type":"LineString","coordinates":[[-94.2588575,36.4856161],[-94.2594686,36.4870733],[-94.2608358,36.488145],[-94.2626581,36.488595],[-94.2645339,36.4883244],[-94.26605,36.4873925],[-94.2668728,36.4860047],[-94.2668208,36.4844667],[-94.2659058,36.4831169],[-94.2643292,36.4822531],[-94.2624383,36.482065],[-94.2606492,36.4825944],[-94.2593561,36.4837244],[-94.2588436,36.4852064],[-94.2588575,36.4856161]]},"properties":{}},{"type":"Feature","geometry":{"type":"LineString","coordinates":[[-94.2535011,36.48561],[-94.2563983,36.4850578],[-94.2589575,36.4838303],[-94.2609444,36.4820403],[-94.2621764,36.4798519],[-94.2625447,36.4777317],[-94.2632289,36.4800708],[-94.2647489,36.4821375],[-94.2669656,36.4837419],[-94.2696756,36.4847367],[-94.2723014,36.4850339]]},"properties":{}},{"type":"Feature","geometry":{"type":"LineString","coordinates":[[-94.2632581,36.4929131],[-94.2637208,36.4905386],[-94.2650428,36.4883847],[-94.2671025,36.4866494],[-94.2697111,36.4854914],[-94.2723014,36.4850339]]},"properties":{}},{"type":"Feature","geometry":{"type":"LineString","coordinates":[[-94.2632581,36.4929131],[-94.2625739,36.4905736],[-94.2610536,36.4885069],[-94.2588369,36.4869028],[-94.2561269,36.4859078],[-94.2535011,36.48561]]},"properties":{}},{"type":"Feature","geometry":{"type":"LineString","coordinates":[[-94.1634825,36.4620383],[-94.1640872,36.4634972],[-94.1654494,36.4645728],[-94.1672692,36.4650278],[-94.1691456,36.4647622],[-94.1706653,36.4638344],[-94.1714936,36.4624489],[-94.1714481,36.4609108],[-94.1705392,36.4595586],[-94.1689664,36.4586903],[-94.1670769,36.4584972],[-94.1652861,36.4590217],[-94.1639886,36.4601481],[-94.1634703,36.4616286],[-94.1634825,36.4620383]]},"properties":{}},{"type":"Feature","geometry":{"type":"LineString","coordinates":[[-94.1581286,36.4620356],[-94.1610256,36.4614856],[-94.1635856,36.4602603],[-94.1655742,36.4584719],[-94.1668083,36.4562847],[-94.1671794,36.4541647],[-94.1678603,36.4565047],[-94.1693775,36.4585725],[-94.1715914,36.4601786],[-94.1742992,36.4611756],[-94.1769239,36.461475]]},"properties":{}},{"type":"Feature","geometry":{"type":"LineString","coordinates":[[-94.1678733,36.4693467],[-94.1683389,36.4669725],[-94.1696631,36.46482],[-94.1717244,36.4630861],[-94.1743339,36.4619303],[-94.1769239,36.461475]]},"properties":{}},{"type":"Feature","geometry":{"type":"LineString","coordinates":[[-94.1678733,36.4693467],[-94.1671922,36.4670067],[-94.165675,36.4649389],[-94.1634611,36.4633325],[-94.1607533,36.4623353],[-94.1581286,36.4620356]]},"properties":{}},{"type":"Feature","geometry":{"type":"LineString","coordinates":[[-94.2305183,36.4227475],[-94.2311389,36.4242022],[-94.2325119,36.4252681],[-94.2343356,36.42571],[-94.2362081,36.4254311],[-94.2377167,36.4244925],[-94.2385294,36.4231011],[-94.2384672,36.4215633],[-94.2375439,36.4202178],[-94.2359628,36.4193608],[-94.2340722,36.4191811],[-94.2322881,36.4197183],[-94.2310039,36.4208539],[-94.2305019,36.4223381],[-94.2305183,36.4227475]]},"properties":{}},{"type":"Feature","geometry":{"type":"LineString","coordinates":[[-94.2251644,36.4227217],[-94.2280592,36.42217],[-94.2306169,36.4209431],[-94.2326028,36.4191536],[-94.2338344,36.4169658],[-94.2342033,36.4148456],[-94.2348861,36.417185],[-94.2364042,36.4192519],[-94.2386183,36.4208569],[-94.2413258,36.4218522],[-94.2439492,36.42215]]},"properties":{}},{"type":"Feature","geometry":{"type":"LineString","coordinates":[[-94.2349106,36.4300269],[-94.2353736,36.4276525],[-94.2366953,36.4254992],[-94.2387542,36.4237642],[-94.2413608,36.4226069],[-94.2439492,36.42215]]},"properties":{}},{"type":"Feature","geometry":{"type":"LineString","coordinates":[[-94.2349106,36.4300269],[-94.2342275,36.4276875],[-94.2327094,36.4256203],[-94.230495,36.4240156],[-94.2277878,36.42302],[-94.2251644,36.4227217]]},"properties":{}},{"type":"Feature","geometry":{"type":"LineString","coordinates":[[-94.2043911,36.3647469],[-94.2050244,36.3661978],[-94.2064064,36.3672553],[-94.2082328,36.3676861],[-94.2101011,36.3673958],[-94.2116,36.3664483],[-94.2123992,36.3650519],[-94.2123228,36.3635147],[-94.2113875,36.3621747],[-94.2097997,36.3613275],[-94.2079089,36.3611592],[-94.2061314,36.3617072],[-94.2048583,36.3628506],[-94.2043708,36.3643378],[-94.2043911,36.3647469]]},"properties":{}},{"type":"Feature","geometry":{"type":"LineString","coordinates":[[-94.1990381,36.3646944],[-94.2019311,36.3641436],[-94.2044872,36.3629172],[-94.2064722,36.3611283],[-94.2077036,36.3589406],[-94.2080728,36.3568206],[-94.2087542,36.3591603],[-94.2102706,36.3612275],[-94.2124825,36.3628328],[-94.2151875,36.3638289],[-94.2178089,36.3641272]]},"properties":{}},{"type":"Feature","geometry":{"type":"LineString","coordinates":[[-94.2087742,36.3720019],[-94.2092381,36.3696278],[-94.2105592,36.3674744],[-94.2126169,36.36574],[-94.2152225,36.3645833],[-94.2178089,36.3641272]]},"properties":{}},{"type":"Feature","geometry":{"type":"LineString","coordinates":[[-94.2087742,36.3720019],[-94.2080928,36.3696622],[-94.2065764,36.367595],[-94.2043642,36.3659894],[-94.2016594,36.3649933],[-94.1990381,36.3646944]]},"properties":{}},{"type":"Feature","geometry":{"type":"LineString","coordinates":[[-93.0437283,37.39236],[-93.0445122,37.3937661],[-93.0460139,37.3947317],[-93.0479022,37.3950447],[-93.0497617,37.3946356],[-93.0511825,37.393595],[-93.0518517,37.3921519],[-93.0516222,37.3906239],[-93.0505447,37.3893478],[-93.0488561,37.3886044],[-93.0469283,37.3885575],[-93.0451861,37.3892175],[-93.0440128,37.3904386],[-93.0436669,37.3919525],[-93.0437283,37.39236]]},"properties":{}},{"type":"Feature","geometry":{"type":"LineString","coordinates":[[-93.0382514,37.3919558],[-93.0411925,37.3914339],[-93.0438031,37.3902333],[-93.0458431,37.3884644],[-93.0471258,37.3862892],[-93.0475336,37.3841722],[-93.0481878,37.3865189],[-93.0496925,37.3886017],[-93.0519094,37.3902294],[-93.0546358,37.3912528],[-93.0572892,37.3915778]]},"properties":{}},{"type":"Feature","geometry":{"type":"LineString","coordinates":[[-93.0480072,37.3993622],[-93.0485144,37.3969925],[-93.0498875,37.3948525],[-93.0520006,37.3931386],[-93.0546594,37.3920081],[-93.0572892,37.3915778]]},"properties":{}},{"type":"Feature","geometry":{"type":"LineString","coordinates":[[-93.0480072,37.3993622],[-93.0473528,37.3970153],[-93.0458481,37.3949325],[-93.0436308,37.3933047],[-93.0409047,37.3922811],[-93.0382514,37.3919558]]},"properties":{}},{"type":"Feature","geometry":{"type":"LineString","coordinates":[[-93.0754664,37.12738],[-93.0762828,37.1287731],[-93.0778028,37.1297147],[-93.0796919,37.1299975],[-93.0815342,37.1295589],[-93.0829236,37.1284956],[-93.0835544,37.1270422],[-93.0832875,37.1255181],[-93.0821817,37.1242594],[-93.0804808,37.1235433],[-93.0785592,37.1235272],[-93.07684,37.124215],[-93.0757019,37.1254547],[-93.0753953,37.1269739],[-93.0754664,37.12738]]},"properties":{}},{"type":"Feature","geometry":{"type":"LineString","coordinates":[[-93.0699936,37.1269139],[-93.0729242,37.1263914],[-93.0755247,37.12519],[-93.0775569,37.1234203],[-93.0788342,37.1212447],[-93.0792394,37.1191281],[-93.0798922,37.1214744],[-93.0813925,37.1235567],[-93.0836025,37.1251839],[-93.0863197,37.1262067],[-93.0889636,37.1265308]]},"properties":{}},{"type":"Feature","geometry":{"type":"LineString","coordinates":[[-93.0797178,37.1343175],[-93.0802222,37.1319475],[-93.0815894,37.1298072],[-93.0836944,37.1280928],[-93.0863436,37.1269617],[-93.0889636,37.1265308]]},"properties":{}},{"type":"Feature","geometry":{"type":"LineString","coordinates":[[-93.0797178,37.1343175],[-93.0790647,37.1319708],[-93.0775644,37.1298886],[-93.0753544,37.1282614],[-93.0726372,37.1272383],[-93.0699936,37.1269139]]},"properties":{}},{"type":"Feature","geometry":{"type":"LineString","coordinates":[[-92.9767661,37.0211186],[-92.9776497,37.0224844],[-92.9792133,37.0233769],[-92.9811125,37.0235992],[-92.9829289,37.0231019],[-92.9842622,37.0219956],[-92.9848194,37.0205228],[-92.9844772,37.0190086],[-92.9833114,37.0177864],[-92.9815786,37.017125],[-92.9796606,37.0171703],[-92.9779794,37.0179125],[-92.9769053,37.0191878],[-92.9766753,37.0207153],[-92.9767661,37.0211186]]},"properties":{}},{"type":"Feature","geometry":{"type":"LineString","coordinates":[[-92.971265,37.0205169],[-92.9741922,37.0199967],[-92.9767908,37.0187978],[-92.9788225,37.0170297],[-92.9801006,37.0148553],[-92.9805081,37.0127389],[-92.9811569,37.0150861],[-92.9826522,37.0171697],[-92.9848569,37.0187986],[-92.9875692,37.0198236],[-92.9902083,37.02015]]},"properties":{}},{"type":"Feature","geometry":{"type":"LineString","coordinates":[[-92.9809656,37.0279286],[-92.9814725,37.0255592],[-92.9828408,37.0234203],[-92.984945,37.0217075],[-92.9875919,37.0205786],[-92.9902083,37.02015]]},"properties":{}},{"type":"Feature","geometry":{"type":"LineString","coordinates":[[-92.9809656,37.0279286],[-92.9803167,37.0255817],[-92.9788211,37.0234981],[-92.9766164,37.0218689],[-92.9739044,37.0208439],[-92.971265,37.0205169]]},"properties":{}},{"type":"Feature","geometry":{"type":"LineString","coordinates":[[-93.4082078,36.4384231],[-93.4090206,36.4398147],[-93.4105294,36.4407533],[-93.4124022,36.4410325],[-93.4142264,36.4405906],[-93.4156,36.4395247],[-93.4162206,36.43807],[-93.4159517,36.4365469],[-93.4148522,36.4352906],[-93.4131644,36.4345778],[-93.4112603,36.4345656],[-93.4095589,36.4352567],[-93.408435,36.4364989],[-93.4081364,36.4380186],[-93.4082078,36.4384231]]},"properties":{}},{"type":"Feature","geometry":{"type":"LineString","coordinates":[[-93.4027842,36.4379769],[-93.4056856,36.4374461],[-93.4082572,36.4362372],[-93.4102631,36.4344619],[-93.4115189,36.4322828],[-93.4119108,36.4301658],[-93.4125681,36.4325103],[-93.4140639,36.4345881],[-93.4162611,36.4362086],[-93.4189583,36.4372233],[-93.4215783,36.4375397]]},"properties":{}},{"type":"Feature","geometry":{"type":"LineString","coordinates":[[-93.4124519,36.4453517],[-93.4129411,36.4429806],[-93.4142867,36.4408367],[-93.416365,36.4391164],[-93.4189853,36.4379778],[-93.4215783,36.4375397]]},"properties":{}},{"type":"Feature","geometry":{"type":"LineString","coordinates":[[-93.4124519,36.4453517],[-93.4117944,36.4430072],[-93.4102983,36.4409294],[-93.4081011,36.4393086],[-93.4054042,36.4382939],[-93.4027842,36.4379769]]},"properties":{}},{"type":"Feature","geometry":{"type":"LineString","coordinates":[[-94.4160344,35.9996472],[-94.4167136,36.0010833],[-94.4181242,36.0021094],[-94.4199556,36.0024997],[-94.4218044,36.0021681],[-94.4232633,36.0011875],[-94.4240111,35.9997742],[-94.4238831,35.9982392],[-94.4229075,35.9969208],[-94.4212989,35.9961094],[-94.4194122,35.9959833],[-94.4176625,35.9965708],[-94.416435,35.9977422],[-94.4160006,35.9992397],[-94.4160344,35.9996472]]},"properties":{}},{"type":"Feature","geometry":{"type":"LineString","coordinates":[[-94.4106953,35.9995228],[-94.4135728,35.9989664],[-94.4161133,35.9977356],[-94.4180836,35.9959431],[-94.4193031,35.9937533],[-94.4196644,35.9916333],[-94.4203492,35.9939714],[-94.4218639,35.9960358],[-94.42407,35.9976367],[-94.4267647,35.9986275],[-94.4293736,35.9989211]]},"properties":{}},{"type":"Feature","geometry":{"type":"LineString","coordinates":[[-94.420405,36.0068114],[-94.4208597,36.0044364],[-94.4221689,36.0022811],[-94.4242119,36.0005431],[-94.4268017,35.9993817],[-94.4293736,35.9989211]]},"properties":{}},{"type":"Feature","geometry":{"type":"LineString","coordinates":[[-94.420405,36.0068114],[-94.41972,36.0044731],[-94.418205,36.0024086],[-94.4159992,36.0008075],[-94.4133044,35.9998167],[-94.4106953,35.9995228]]},"properties":{}},{"type":"Feature","geometry":{"type":"LineString","coordinates":[[-94.3013131,36.0784525],[-94.3019911,36.0798892],[-94.3034019,36.0809164],[-94.3052347,36.0813081],[-94.3070858,36.0809781],[-94.3085475,36.0799986],[-94.3092981,36.0785858],[-94.3091717,36.0770508],[-94.3081964,36.0757314],[-94.3065875,36.0749186],[-94.3046989,36.0747911],[-94.3029464,36.0753772],[-94.3017164,36.0765475],[-94.3012794,36.0780447],[-94.3013131,36.0784525]]},"properties":{}},{"type":"Feature","geometry":{"type":"LineString","coordinates":[[-94.2959683,36.0783217],[-94.2988497,36.0777683],[-94.3013947,36.07654],[-94.30337,36.0747494],[-94.3045939,36.0725608],[-94.3049589,36.0704411],[-94.3056408,36.07278],[-94.3071539,36.0748458],[-94.3093597,36.0764492],[-94.3120558,36.0774428],[-94.3146672,36.0777389]]},"properties":{}},{"type":"Feature","geometry":{"type":"LineString","coordinates":[[-94.3056769,36.0856203],[-94.3061358,36.0832458],[-94.3074497,36.0810917],[-94.3094975,36.0793556],[-94.3120917,36.0781969],[-94.3146672,36.0777389]]},"properties":{}},{"type":"Feature","geometry":{"type":"LineString","coordinates":[[-94.3056769,36.0856203],[-94.304995,36.0832814],[-94.3034817,36.0812153],[-94.3012758,36.0796119],[-94.2985797,36.0786183],[-94.2959683,36.0783217]]},"properties":{}},{"type":"Feature","geometry":{"type":"LineString","coordinates":[[-94.154415,36.1024439],[-94.1546853,36.1137944]]},"properties":{}},{"type":"Feature","geometry":{"type":"LineString","coordinates":[[-94.1628078,36.1136667],[-94.1625361,36.1023164]]},"properties":{}},{"type":"Feature","geometry":{"type":"LineString","coordinates":[[-94.1626719,36.1079914],[-94.15455,36.1081192]]},"properties":{}},{"type":"Feature","geometry":{"type":"LineString","coordinates":[[-94.1706192,36.1078661],[-94.1705219,36.1068044],[-94.1702642,36.1056972],[-94.1698247,36.1045656],[-94.1691869,36.1034369],[-94.1683425,36.1023442],[-94.1672944,36.1013228],[-94.1660572,36.1004089],[-94.1646592,36.0996356],[-94.1631381,36.0990283],[-94.1615406,36.0986039],[-94.1599156,36.0983672],[-94.15831,36.0983125],[-94.1567656,36.0984253],[-94.1553147,36.0986839],[-94.1539806,36.0990631],[-94.1527772,36.0995367],[-94.1516811,36.1000956],[-94.1506142,36.1007842],[-94.1496006,36.1016119],[-94.1486764,36.1025792],[-94.1478806,36.1036781],[-94.1472511,36.1048922],[-94.1468214,36.1061958],[-94.1466164,36.1075553],[-94.1466492,36.1089311],[-94.1469183,36.1102831],[-94.1474094,36.1115722],[-94.1480964,36.1127658],[-94.1489439,36.1138392],[-94.1499133,36.1147767],[-94.1509658,36.1155722],[-94.152065,36.1162267],[-94.1531869,36.1167511],[-94.1544125,36.1171867],[-94.1557636,36.1175236],[-94.1572261,36.1177364],[-94.1587753,36.1178006],[-94.1603775,36.1176956],[-94.1619906,36.1174078],[-94.1635667,36.1169331],[-94.1650578,36.1162786],[-94.1664183,36.1154617],[-94.1676108,36.1145094],[-94.1686094,36.1134558],[-94.1694006,36.1123369],[-94.1699839,36.1111892],[-94.1703686,36.1100444],[-94.1705731,36.10893],[-94.1706192,36.1078661]]},"properties":{}},{"type":"Feature","geometry":{"type":"LineString","coordinates":[[-94.1667319,36.1402975],[-94.1504047,36.1183494]]},"properties":{}},{"type":"Feature","geometry":{"type":"LineString","coordinates":[[-94.1508139,36.1256342],[-94.1504047,36.1183494],[-94.1581572,36.1220392]]},"properties":{}},{"type":"Feature","geometry":{"type":"LineString","coordinates":[[-94.1799572,36.3028889],[-94.1802322,36.3142403]]},"properties":{}},{"type":"Feature","geometry":{"type":"LineString","coordinates":[[-94.1883764,36.3141106],[-94.1881003,36.3027594]]},"properties":{}},{"type":"Feature","geometry":{"type":"LineString","coordinates":[[-94.1882383,36.308435],[-94.1800947,36.3085644]]},"properties":{}},{"type":"Feature","geometry":{"type":"LineString","coordinates":[[-94.1962067,36.3083078],[-94.1961086,36.3072461],[-94.19585,36.3061389],[-94.1954089,36.3050072],[-94.1947689,36.3038786],[-94.1939219,36.3027858],[-94.1928708,36.3017647],[-94.19163,36.3008511],[-94.1902278,36.3000781],[-94.1887028,36.2994711],[-94.1871008,36.2990469],[-94.1854714,36.2988106],[-94.1838614,36.2987564],[-94.1823128,36.2988694],[-94.1808581,36.2991283],[-94.1795208,36.2995078],[-94.1783142,36.2999817],[-94.1772156,36.3005408],[-94.1761458,36.3012297],[-94.1751297,36.3020578],[-94.1742036,36.3030253],[-94.1734058,36.3041244],[-94.1727753,36.3053389],[-94.172345,36.3066428],[-94.17214,36.3080022],[-94.1721731,36.3093783],[-94.1724436,36.3107303],[-94.1729364,36.3120194],[-94.1736253,36.3132131],[-94.1744756,36.3142861],[-94.1754481,36.3152236],[-94.1765036,36.3160189],[-94.1776058,36.3166733],[-94.1787308,36.3171972],[-94.1799597,36.3176325],[-94.181315,36.3179694],[-94.1827814,36.3181819],[-94.1843347,36.3182456],[-94.1859408,36.3181403],[-94.1875581,36.3178519],[-94.1891386,36.3173772],[-94.1906333,36.3167222],[-94.1919972,36.315905],[-94.1931925,36.3149525],[-94.1941933,36.3138983],[-94.1949864,36.3127794],[-94.1955708,36.3116311],[-94.1959561,36.3104864],[-94.1961606,36.3093717],[-94.1962067,36.3083078]]},"properties":{}},{"type":"Feature","geometry":{"type":"LineString","coordinates":[[-93.5479461,36.3533103],[-93.5481261,36.3646631]]},"properties":{}},{"type":"Feature","geometry":{"type":"LineString","coordinates":[[-93.5562764,36.3645783],[-93.5560953,36.3532256]]},"properties":{}},{"type":"Feature","geometry":{"type":"LineString","coordinates":[[-93.5561858,36.3589019],[-93.5480361,36.3589867]]},"properties":{}},{"type":"Feature","geometry":{"type":"LineString","coordinates":[[-93.5641606,36.3588183],[-93.5640714,36.3577561],[-93.5638219,36.3566475],[-93.56339,36.3555136],[-93.5627592,36.3543814],[-93.5619208,36.3532842],[-93.5608775,36.3522569],[-93.5596436,36.3513367],[-93.5582469,36.3505558],[-93.5567258,36.3499406],[-93.5551264,36.3495078],[-93.5534981,36.3492622],[-93.5518875,36.3491992],[-93.5503369,36.3493036],[-93.5488792,36.3495547],[-93.5475378,36.3499267],[-93.5463264,36.3503939],[-93.5452222,36.3509472],[-93.5441464,36.3516303],[-93.5431225,36.3524528],[-93.5421875,36.353415],[-93.5413803,36.35451],[-93.5407389,36.3557208],[-93.5402972,36.3570222],[-93.5400808,36.3583806],[-93.5401025,36.3597569],[-93.5403617,36.3611103],[-93.5408442,36.3624022],[-93.5415236,36.3635994],[-93.5423653,36.3646772],[-93.5433303,36.36562],[-93.54438,36.3664211],[-93.5454775,36.3670817],[-93.5465989,36.3676119],[-93.547825,36.3680539],[-93.5491781,36.3683981],[-93.5506436,36.3686186],[-93.5521975,36.3686908],[-93.5538056,36.3685944],[-93.5554264,36.368315],[-93.5570117,36.3678489],[-93.5585128,36.3672022],[-93.5598844,36.3663925],[-93.5610886,36.3654464],[-93.5620989,36.3643981],[-93.5629019,36.3632833],[-93.5634964,36.3621383],[-93.5638917,36.3609958],[-93.5641056,36.3598822],[-93.5641606,36.3588183]]},"properties":{}},{"type":"Feature","geometry":{"type":"LineString","coordinates":[[-93.1052083,36.2307944],[-93.1053211,36.2421472]]},"properties":{}},{"type":"Feature","geometry":{"type":"LineString","coordinates":[[-93.1134586,36.2420939],[-93.1133447,36.2307411]]},"properties":{}},{"type":"Feature","geometry":{"type":"LineString","coordinates":[[-93.1134017,36.2364175],[-93.1052647,36.2364708]]},"properties":{}},{"type":"Feature","geometry":{"type":"LineString","coordinates":[[-93.1213636,36.2363647],[-93.1212811,36.2353022],[-93.1210383,36.2341928],[-93.1206139,36.2330572],[-93.1199908,36.2319228],[-93.1191603,36.2308222],[-93.1181244,36.2297911],[-93.1168983,36.2288661],[-93.1155083,36.22808],[-93.1139933,36.2274589],[-93.1123992,36.2270197],[-93.1107747,36.2267681],[-93.1091672,36.2266989],[-93.1076186,36.2267975],[-93.1061619,36.2270428],[-93.1048206,36.2274097],[-93.1036083,36.2278722],[-93.1025028,36.2284211],[-93.1014244,36.2291],[-93.1003975,36.2299183],[-93.0994586,36.2308772],[-93.0986461,36.2319689],[-93.0979986,36.2331772],[-93.0975503,36.2344769],[-93.0973261,36.2358342],[-93.0973394,36.2372106],[-93.0975906,36.238565],[-93.0980644,36.2398586],[-93.0987356,36.2410586],[-93.0995697,36.2421394],[-93.1005278,36.2430861],[-93.1015708,36.2438911],[-93.1026628,36.2445556],[-93.1037792,36.2450903],[-93.1050006,36.2455369],[-93.1063494,36.2458864],[-93.1078114,36.2461125],[-93.1093622,36.2461908],[-93.1109683,36.2461003],[-93.1125881,36.2458275],[-93.1141736,36.2453672],[-93.1156761,36.2447264],[-93.1170503,36.2439219],[-93.1182581,36.2429806],[-93.1192728,36.2419361],[-93.1200808,36.2408244],[-93.1206811,36.2396819],[-93.1210825,36.2385408],[-93.1213028,36.2374283],[-93.1213636,36.2363647]]},"properties":{}},{"type":"Feature","geometry":{"type":"LineString","coordinates":[[-93.3655517,36.6988031],[-93.3657047,36.7101572]]},"properties":{}},{"type":"Feature","geometry":{"type":"LineString","coordinates":[[-93.3738931,36.7100853],[-93.3737386,36.6987314]]},"properties":{}},{"type":"Feature","geometry":{"type":"LineString","coordinates":[[-93.3738158,36.7044083],[-93.3656283,36.70448]]},"properties":{}},{"type":"Feature","geometry":{"type":"LineString","coordinates":[[-93.3818272,36.7043375],[-93.3817406,36.703275],[-93.3814925,36.7021658],[-93.3810614,36.7010311],[-93.3804303,36.6998978],[-93.3795908,36.6987992],[-93.3785453,36.6977703],[-93.3773081,36.6968478],[-93.3759067,36.6960647],[-93.3743803,36.6954469],[-93.3727744,36.6950114],[-93.3711389,36.6947636],[-93.3695214,36.6946978],[-93.3679633,36.6948],[-93.3664983,36.6950486],[-93.3651497,36.6954186],[-93.3639317,36.6958839],[-93.3628211,36.6964356],[-93.3617386,36.6971169],[-93.3607081,36.6979378],[-93.3597664,36.6988989],[-93.3589528,36.6999925],[-93.3583056,36.7012025],[-93.3578586,36.7025033],[-93.3576378,36.7038614],[-93.3576561,36.7052378],[-93.3579133,36.7065919],[-93.3583947,36.7078847],[-93.3590744,36.7090831],[-93.3599172,36.7101625],[-93.3608847,36.7111067],[-93.3619372,36.7119094],[-93.3630381,36.7125719],[-93.3641633,36.7131039],[-93.3653939,36.7135481],[-93.3667525,36.7138942],[-93.3682244,36.7141172],[-93.369785,36.7141919],[-93.3714011,36.7140978],[-93.3730297,36.7138211],[-93.3746236,36.7133575],[-93.3761333,36.7127131],[-93.3775133,36.7119053],[-93.3787253,36.7109614],[-93.3797428,36.7099142],[-93.3805522,36.7088008],[-93.3811519,36.7076567],[-93.3815522,36.7065144],[-93.3817697,36.7054011],[-93.3818272,36.7043375]]},"properties":{}},{"type":"Feature","geometry":{"type":"LineString","coordinates":[[-93.2695881,37.1729939],[-93.2697275,37.1843486]]},"properties":{}},{"type":"Feature","geometry":{"type":"LineString","coordinates":[[-93.2779678,37.1842836],[-93.2778272,37.1729286]]},"properties":{}},{"type":"Feature","geometry":{"type":"LineString","coordinates":[[-93.2778975,37.1786061],[-93.2696578,37.1786711]]},"properties":{}},{"type":"Feature","geometry":{"type":"LineString","coordinates":[[-93.28596,37.1785419],[-93.2858742,37.1774794],[-93.2856261,37.17637],[-93.2851936,37.1752347],[-93.28456,37.1741008],[-93.2837167,37.1730014],[-93.2826656,37.1719717],[-93.2814217,37.1710481],[-93.2800125,37.1702636],[-93.2784769,37.1696447],[-93.2768617,37.1692078],[-93.2752161,37.1689583],[-93.2735881,37.1688914],[-93.27202,37.1689922],[-93.2705456,37.1692397],[-93.2691878,37.1696086],[-93.2679614,37.1700731],[-93.2668431,37.1706239],[-93.2657528,37.1713042],[-93.2647147,37.1721242],[-93.2637658,37.1730844],[-93.2629453,37.1741778],[-93.2622925,37.1753872],[-93.2618411,37.1766878],[-93.2616172,37.1780458],[-93.2616339,37.1794225],[-93.2618908,37.1807767],[-93.2623739,37.18207],[-93.2630561,37.1832692],[-93.2639031,37.1843492],[-93.2648756,37.1852944],[-93.2659336,37.1860981],[-93.2670406,37.1867614],[-93.2681725,37.1872944],[-93.2694103,37.1877394],[-93.2707769,37.1880869],[-93.2722578,37.1883111],[-93.2738286,37.1883872],[-93.2754547,37.1882944],[-93.2770944,37.1880192],[-93.2786989,37.1875567],[-93.2802192,37.1869133],[-93.2816089,37.1861069],[-93.2828297,37.1851636],[-93.283855,37.1841175],[-93.2846711,37.1830044],[-93.2852764,37.1818608],[-93.2856803,37.1807189],[-93.2859008,37.1796058],[-93.28596,37.1785419]]},"properties":{}},{"type":"Feature","geometry":{"type":"LineString","coordinates":[[-93.4166072,37.6204711],[-93.4167697,37.6318261]]},"properties":{}},{"type":"Feature","geometry":{"type":"LineString","coordinates":[[-93.42506,37.6317506],[-93.4248958,37.6203958]]},"properties":{}},{"type":"Feature","geometry":{"type":"LineString","coordinates":[[-93.4249781,37.6260731],[-93.4166883,37.6261486]]},"properties":{}},{"type":"Feature","geometry":{"type":"LineString","coordinates":[[-93.4330892,37.6259986],[-93.4330006,37.6249364],[-93.4327486,37.6238272],[-93.4323114,37.6226925],[-93.4316717,37.6215594],[-93.4308211,37.6204608],[-93.4297614,37.6194325],[-93.4285083,37.6185106],[-93.4270892,37.6177281],[-93.4255431,37.6171111],[-93.4239169,37.6166761],[-93.4222611,37.6164289],[-93.4206233,37.6163639],[-93.4190458,37.6164667],[-93.4175628,37.6167158],[-93.4161978,37.6170867],[-93.4149647,37.6175525],[-93.4138408,37.6181047],[-93.412745,37.6187864],[-93.4117025,37.6196078],[-93.4107497,37.6205694],[-93.4099267,37.6216636],[-93.4092722,37.6228739],[-93.4088208,37.624175],[-93.4085981,37.6255333],[-93.4086175,37.62691],[-93.4088789,37.6282639],[-93.4093672,37.6295567],[-93.4100561,37.6307547],[-93.4109103,37.6318339],[-93.4118903,37.6327778],[-93.4129564,37.6335803],[-93.4140717,37.6342419],[-93.4152114,37.6347736],[-93.4164575,37.6352172],[-93.4178333,37.6355631],[-93.4193233,37.6357853],[-93.4209036,37.6358594],[-93.4225397,37.6357644],[-93.4241886,37.6354872],[-93.4258019,37.6350225],[-93.42733,37.6343775],[-93.4287264,37.6335692],[-93.4299531,37.6326244],[-93.4309825,37.6315769],[-93.4318011,37.6304631],[-93.4324078,37.6293186],[-93.4328119,37.6281761],[-93.4330314,37.6270625],[-93.4330892,37.6259986]]},"properties":{}},{"type":"Feature","geometry":{"type":"LineString","coordinates":[[-92.6294975,37.6764986],[-92.6295394,37.6878542]]},"properties":{}},{"type":"Feature","geometry":{"type":"LineString","coordinates":[[-92.6378364,37.6878344],[-92.6377931,37.6764789]]},"properties":{}},{"type":"Feature","geometry":{"type":"LineString","coordinates":[[-92.6378147,37.6821567],[-92.6295183,37.6821764]]},"properties":{}},{"type":"Feature","geometry":{"type":"LineString","coordinates":[[-92.6459325,37.6821367],[-92.6458553,37.6810736],[-92.645615,37.6799628],[-92.6451894,37.6788253],[-92.6445614,37.6776881],[-92.6437217,37.6765839],[-92.6426725,37.6755483],[-92.6414281,37.6746181],[-92.6400161,37.6738261],[-92.6384756,37.6731986],[-92.6368531,37.6727528],[-92.6351983,37.6724944],[-92.63356,37.6724183],[-92.6319806,37.6725106],[-92.6304936,37.6727497],[-92.6291236,37.6731114],[-92.627885,37.6735689],[-92.6267542,37.6741136],[-92.6256506,37.6747878],[-92.6245983,37.6756022],[-92.6236347,37.6765572],[-92.6227994,37.6776458],[-92.6221317,37.6788519],[-92.6216658,37.6801497],[-92.6214286,37.6815067],[-92.6214336,37.6828833],[-92.6216806,37.6842389],[-92.6221556,37.6855347],[-92.6228322,37.6867378],[-92.6236756,37.6878225],[-92.6246464,37.6887731],[-92.6257047,37.6895825],[-92.6268133,37.6902519],[-92.6279483,37.6907911],[-92.6291908,37.6912431],[-92.6305636,37.6915981],[-92.6320528,37.6918303],[-92.6336333,37.691915],[-92.6352714,37.6918311],[-92.6369244,37.691565],[-92.6385439,37.6911114],[-92.64008,37.6904764],[-92.6414861,37.6896775],[-92.6427236,37.6887411],[-92.643765,37.6877006],[-92.6445961,37.6865922],[-92.6452153,37.6854519],[-92.6456319,37.6843122],[-92.6458636,37.6832003],[-92.6459325,37.6821367]]},"properties":{}},{"type":"Feature","geometry":{"type":"LineString","coordinates":[[-92.1568592,37.8175375],[-92.1568283,37.8288928]]},"properties":{}},{"type":"Feature","geometry":{"type":"LineString","coordinates":[[-92.1651411,37.8289067],[-92.1651706,37.8175511]]},"properties":{}},{"type":"Feature","geometry":{"type":"LineString","coordinates":[[-92.1651558,37.8232289],[-92.1568439,37.823215]]},"properties":{}},{"type":"Feature","geometry":{"type":"LineString","coordinates":[[-92.1732894,37.8232419],[-92.1732186,37.8221786],[-92.172985,37.8210667],[-92.1725658,37.8199275],[-92.1719439,37.8187878],[-92.1711097,37.81768],[-92.1700653,37.8166406],[-92.1688244,37.8157053],[-92.167415,37.8149075],[-92.1658756,37.8142739],[-92.1642528,37.8138214],[-92.1625967,37.8135564],[-92.1609556,37.8134736],[-92.1593725,37.8135594],[-92.1578814,37.8137928],[-92.1565064,37.8141489],[-92.1552625,37.8146014],[-92.1541261,37.8151414],[-92.1530161,37.8158114],[-92.1519567,37.8166214],[-92.150985,37.8175725],[-92.1501411,37.8186578],[-92.1494642,37.8198608],[-92.1489894,37.8211569],[-92.1487431,37.8225128],[-92.1487392,37.8238894],[-92.1489781,37.8252461],[-92.1494456,37.8265439],[-92.1501158,37.8277494],[-92.1509536,37.8288375],[-92.1519203,37.8297919],[-92.1529753,37.8306058],[-92.1540819,37.8312794],[-92.1552156,37.8318233],[-92.1564575,37.8322803],[-92.1578308,37.8326408],[-92.1593211,37.8328792],[-92.1609042,37.8329703],[-92.1625461,37.8328931],[-92.1642039,37.8326333],[-92.1658294,37.8321864],[-92.1673725,37.8315578],[-92.1687864,37.8307644],[-92.1700319,37.8298331],[-92.1710819,37.8287967],[-92.1719219,37.8276917],[-92.1725494,37.8265539],[-92.1729742,37.8254158],[-92.1732133,37.824305],[-92.1732894,37.8232419]]},"properties":{}},{"type":"Feature","geometry":{"type":"LineString","coordinates":[[-91.7823808,37.9474689],[-91.7822922,37.9588236]]},"properties":{}},{"type":"Feature","geometry":{"type":"LineString","coordinates":[[-91.7906197,37.9588642],[-91.7907067,37.9475092]]},"properties":{}},{"type":"Feature","geometry":{"type":"LineString","coordinates":[[-91.7906631,37.9531867],[-91.7823364,37.9531464]]},"properties":{}},{"type":"Feature","geometry":{"type":"LineString","coordinates":[[-91.7988108,37.9532256],[-91.7987456,37.9521619],[-91.7985169,37.9510494],[-91.7981031,37.9499089],[-91.7974858,37.9487672],[-91.7966558,37.9476569],[-91.7956144,37.9466142],[-91.7943764,37.9456747],[-91.7929683,37.9448725],[-91.7914294,37.9442342],[-91.7898061,37.9437764],[-91.7881486,37.9435061],[-91.786505,37.9434183],[-91.7849186,37.9434992],[-91.7834239,37.9437275],[-91.7820447,37.9440792],[-91.7807961,37.9445278],[-91.779655,37.9450642],[-91.7785397,37.9457306],[-91.7774742,37.9465372],[-91.7764961,37.9474853],[-91.7756453,37.9485675],[-91.7749611,37.9497686],[-91.7744789,37.9510631],[-91.774225,37.9524181],[-91.7742142,37.9537947],[-91.7744467,37.9551519],[-91.7749083,37.9564514],[-91.7755736,37.9576589],[-91.7764075,37.9587497],[-91.7773708,37.9597072],[-91.7784236,37.9605244],[-91.7795289,37.9612017],[-91.7806617,37.9617492],[-91.7819033,37.96221],[-91.7832772,37.962575],[-91.7847689,37.9628181],[-91.7863544,37.9629142],[-91.7879994,37.9628422],[-91.7896617,37.9625878],[-91.7912922,37.9621458],[-91.7928411,37.9615222],[-91.7942617,37.9607336],[-91.7955142,37.9598061],[-91.7965714,37.9587731],[-91.7974183,37.9576708],[-91.7980528,37.9565353],[-91.7984842,37.9553986],[-91.7987294,37.9542883],[-91.7988108,37.9532256]]},"properties":{}},{"type":"Feature","geometry":{"type":"LineString","coordinates":[[-90.4427244,38.6398403],[-90.4424267,38.6511908]]},"properties":{}},{"type":"Feature","geometry":{"type":"LineString","coordinates":[[-90.4508314,38.6513261],[-90.4511278,38.6399753]]},"properties":{}},{"type":"Feature","geometry":{"type":"LineString","coordinates":[[-90.4509797,38.6456508],[-90.4425756,38.6455156]]},"properties":{}},{"type":"Feature","geometry":{"type":"LineString","coordinates":[[-90.4592031,38.6457825],[-90.4591567,38.6447186],[-90.4589464,38.6436039],[-90.4585494,38.6424589],[-90.4579472,38.6413103],[-90.45713,38.6401908],[-90.4560981,38.6391364],[-90.4548656,38.6381833],[-90.4534592,38.6373653],[-90.4519175,38.6367094],[-90.4502872,38.6362333],[-90.4486189,38.6359444],[-90.4469617,38.6358378],[-90.4453592,38.6359006],[-90.4438458,38.6361117],[-90.4424472,38.6364475],[-90.4411789,38.6368819],[-90.4400172,38.637405],[-90.4388792,38.6380586],[-90.4377889,38.6388528],[-90.4367842,38.6397894],[-90.4359056,38.6408617],[-90.4351931,38.6420547],[-90.4346825,38.6433433],[-90.4344014,38.644695],[-90.4343653,38.6460711],[-90.4345747,38.6474308],[-90.4350172,38.648735],[-90.4356664,38.6499497],[-90.4364881,38.6510497],[-90.4374428,38.6520181],[-90.4384906,38.6528469],[-90.4395936,38.6535367],[-90.4407272,38.6540967],[-90.4419719,38.6545717],[-90.4433519,38.6549522],[-90.4448533,38.6552122],[-90.4464519,38.6553264],[-90.4481136,38.6552731],[-90.4497961,38.6550378],[-90.4514503,38.6546147],[-90.453025,38.6540089],[-90.4544733,38.6532364],[-90.4557547,38.6523236],[-90.4568408,38.6513031],[-90.4577158,38.6502108],[-90.4583772,38.6490825],[-90.4588333,38.6479511],[-90.4591014,38.6468442],[-90.4592031,38.6457825]]},"properties":{}},{"type":"Feature","geometry":{"type":"LineString","coordinates":[[-94.2616061,36.0876083],[-94.2771719,36.0872336],[-94.2647039,36.1054183],[-94.2638878,36.0830372]]},"properties":{}},{"type":"Feature","geometry":{"type":"LineString","coordinates":[[-94.2523119,36.0829533],[-94.2409111,36.1061681],[-94.2285194,36.0835203]]},"properties":{}},{"type":"Feature","geometry":{"type":"LineString","coordinates":[[-94.2485778,36.0904494],[-94.2325664,36.0908308]]},"properties":{}},{"type":"Feature","geometry":{"type":"LineString","coordinates":[[-94.2115819,36.0953014],[-94.2011686,36.0841656]]},"properties":{}},{"type":"Feature","geometry":{"type":"LineString","coordinates":[[-94.2191803,36.0837414],[-94.2200031,36.1066642],[-94.2088817,36.1069267],[-94.2079789,36.1065867],[-94.2059514,36.1059117],[-94.203885,36.1041539],[-94.2029308,36.1023697],[-94.2028536,36.1002039],[-94.2036789,36.0983781],[-94.2056161,36.0965258],[-94.2075919,36.0957569],[-94.2084686,36.095375],[-94.2195883,36.0951125]]},"properties":{}},{"type":"Feature","geometry":{"type":"LineString","coordinates":[[-94.1878108,36.0965822],[-94.1813611,36.0967328],[-94.1779231,36.0939225],[-94.17744,36.0928497],[-94.1769633,36.0919575],[-94.1768867,36.0897917],[-94.1777189,36.0881464],[-94.1789958,36.0864908],[-94.1803044,36.0857378],[-94.1811747,36.0851756],[-94.1829344,36.0845925],[-94.1869372,36.0844992],[-94.1887353,36.0849989],[-94.1901017,36.0858703],[-94.1912583,36.0871078],[-94.1919769,36.0885361],[-94.1922442,36.0897944],[-94.1923083,36.0915994],[-94.1921178,36.0925072],[-94.1914892,36.0936058],[-94.1906189,36.0941681],[-94.1878108,36.0965822],[-94.1898639,36.0979792],[-94.1910272,36.0993972],[-94.1915042,36.1002894],[-94.1916067,36.1031772],[-94.1905717,36.1053692],[-94.1899236,36.1059264],[-94.1879472,36.1066953],[-94.1866319,36.1072678],[-94.1837403,36.1073353],[-94.1817192,36.1068406],[-94.1787572,36.1049225],[-94.1782806,36.1040303],[-94.1781656,36.1007814],[-94.1787689,36.0989608],[-94.178985,36.098775],[-94.1800714,36.0980272],[-94.1813611,36.0967328]]},"properties":{}},{"type":"Feature","geometry":{"type":"LineString","coordinates":[[-94.2271458,36.2930478],[-94.2374028,36.2928053],[-94.2397258,36.2829944],[-94.2377453,36.2837639],[-94.2359944,36.2847089],[-94.2319811,36.2848036],[-94.2299617,36.28449],[-94.2279161,36.2834544],[-94.2255956,36.28098],[-94.2250719,36.2788244],[-94.2249744,36.2761169],[-94.2262406,36.2740997],[-94.2277294,36.2720772],[-94.2283789,36.27152],[-94.2296839,36.2705858],[-94.2319,36.2701722],[-94.2343519,36.2701142],[-94.2361483,36.2704331],[-94.2384033,36.2711022],[-94.2404619,36.2724986],[-94.2407044,36.273035]]},"properties":{}},{"type":"Feature","geometry":{"type":"LineString","coordinates":[[-94.2149108,36.2879158],[-94.2147394,36.2893653],[-94.2143258,36.2902783],[-94.2128233,36.2919394],[-94.2115114,36.2926928],[-94.2101994,36.2934464],[-94.2082053,36.2938544],[-94.2070906,36.2938806],[-94.2046247,36.2935769],[-94.2025728,36.2923603],[-94.20119,36.2911281],[-94.2009283,36.2900503],[-94.2007997,36.28644],[-94.2016528,36.2853361],[-94.2031683,36.2840361],[-94.2051233,36.282545],[-94.2066842,36.2825086]]},"properties":{}},{"type":"Feature","geometry":{"type":"LineString","coordinates":[[-94.2051233,36.282545],[-94.2024028,36.2813442],[-94.2014853,36.2806428],[-94.2003256,36.2794053],[-94.2000833,36.2788692],[-94.1998025,36.2772497],[-94.1997833,36.2767081],[-94.1999547,36.2752589],[-94.2003619,36.2741653],[-94.2014314,36.2728758],[-94.2027369,36.2719419],[-94.2049272,36.2708067],[-94.2100544,36.2706867],[-94.2116342,36.2711914],[-94.2141381,36.2725781],[-94.2145967,36.2729286],[-94.2153303,36.2747178],[-94.2153561,36.27544]]},"properties":{}},{"type":"Feature","geometry":{"type":"LineString","coordinates":[[-94.1906606,36.27114],[-94.1792111,36.2943497],[-94.1668081,36.2716931]]},"properties":{}},{"type":"Feature","geometry":{"type":"LineString","coordinates":[[-94.1869106,36.2786342],[-94.1708589,36.2790064]]},"properties":{}},{"type":"Feature","geometry":{"type":"LineString","coordinates":[[-94.1498181,36.2834656],[-94.1393883,36.2723228]]},"properties":{}},{"type":"Feature","geometry":{"type":"LineString","coordinates":[[-94.1574453,36.2719086],[-94.15825,36.2948339],[-94.1471006,36.29509],[-94.1461958,36.2947494],[-94.1441639,36.2940733],[-94.1420939,36.2923139],[-94.1411389,36.2905292],[-94.1410633,36.2883631],[-94.1418922,36.2865375],[-94.1438358,36.2846864],[-94.1458175,36.2839186],[-94.1466967,36.2835369],[-94.1578444,36.2832811]]},"properties":{}},{"type":"Feature","geometry":{"type":"LineString","coordinates":[[-93.6483347,36.3733703],[-93.6366972,36.3965244],[-93.6244461,36.3738072]]},"properties":{}},{"type":"Feature","geometry":{"type":"LineString","coordinates":[[-93.6445239,36.3808464],[-93.6284478,36.3811406]]},"properties":{}},{"type":"Feature","geometry":{"type":"LineString","coordinates":[[-93.6073458,36.3854972],[-93.5969853,36.3743036]]},"properties":{}},{"type":"Feature","geometry":{"type":"LineString","coordinates":[[-93.6150694,36.3739775],[-93.6157047,36.3969067],[-93.6045383,36.3971086],[-93.6036353,36.3967636],[-93.6016053,36.3960775],[-93.5995458,36.3943083],[-93.5986028,36.3925189],[-93.5985433,36.3903522],[-93.5993869,36.3885308],[-93.6013469,36.3866892],[-93.6033367,36.3859308],[-93.6042197,36.3855536],[-93.6153844,36.3853519]]},"properties":{}},{"type":"Feature","geometry":{"type":"LineString","coordinates":[[-93.5723353,36.3796211],[-93.5879647,36.3793425],[-93.5752775,36.3974517],[-93.5746689,36.3750636]]},"properties":{}},{"type":"Feature","geometry":{"type":"LineString","coordinates":[[-93.5609794,36.3975244],[-93.5576294,36.3975833],[-93.5570258,36.3751953]]},"properties":{}},{"type":"Feature","geometry":{"type":"LineString","coordinates":[[-93.1708833,36.2015556],[-93.1591231,36.2246589],[-93.1470469,36.2018914]]},"properties":{}},{"type":"Feature","geometry":{"type":"LineString","coordinates":[[-93.1670331,36.209015],[-93.1509922,36.2092411]]},"properties":{}},{"type":"Feature","geometry":{"type":"LineString","coordinates":[[-93.1299103,36.2135081],[-93.1196458,36.2022717]]},"properties":{}},{"type":"Feature","geometry":{"type":"LineString","coordinates":[[-93.1376906,36.2020219],[-93.1381764,36.2249522],[-93.1270344,36.2251067],[-93.1261353,36.2247581],[-93.1241147,36.2240633],[-93.1220711,36.2222856],[-93.1211419,36.2204922],[-93.1210967,36.2183256],[-93.12195,36.2165078],[-93.1239175,36.2146747],[-93.1259075,36.2139247],[-93.1267911,36.2135514],[-93.1379314,36.2133969]]},"properties":{}},{"type":"Feature","geometry":{"type":"LineString","coordinates":[[-93.106085,36.2145581],[-93.0996233,36.2146461],[-93.0962217,36.2118025],[-93.0957536,36.2107253],[-93.0952894,36.2098283],[-93.0952447,36.2076617],[-93.0961022,36.2060247],[-93.0974056,36.2043817],[-93.0987272,36.2036411],[-93.0996072,36.2030875],[-93.1013781,36.2025217],[-93.1053881,36.2024669],[-93.1071817,36.2029842],[-93.1085369,36.2038689],[-93.1096772,36.2051175],[-93.1103758,36.2065528],[-93.1106247,36.2078136],[-93.1106625,36.2096192],[-93.1104583,36.210525],[-93.1098125,36.2116175],[-93.1089328,36.2121714],[-93.106085,36.2145581],[-93.1081203,36.215975],[-93.1092644,36.2174044],[-93.1097289,36.2183008],[-93.1097892,36.2211897],[-93.10872,36.2233717],[-93.1080628,36.2239225],[-93.1060722,36.2246722],[-93.1047464,36.2252319],[-93.1018494,36.2252714],[-93.0998328,36.2247572],[-93.0968947,36.2228103],[-93.0964303,36.2219136],[-93.0963633,36.2186636],[-93.0969944,36.2168489],[-93.0972136,36.2166653],[-93.0983128,36.2159281],[-93.0996233,36.2146461]]},"properties":{}},{"type":"Feature","geometry":{"type":"LineString","coordinates":[[-93.0710336,36.2115994],[-93.0711436,36.2170161],[-93.0718744,36.2200767],[-93.0723497,36.2215153],[-93.0730403,36.2225897],[-93.0757583,36.2247206],[-93.0784508,36.2255875],[-93.0793422,36.2255756],[-93.0819981,36.2246369],[-93.0844047,36.2224372],[-93.0852739,36.2213419],[-93.08569,36.2198914],[-93.0862956,36.2168131],[-93.0861842,36.2113964],[-93.0854531,36.2083358],[-93.0849778,36.2068975],[-93.0840644,36.2058261],[-93.0815694,36.2036925],[-93.0788775,36.2028256],[-93.0779864,36.2028375],[-93.0753314,36.2037761],[-93.0727022,36.2059783],[-93.0720558,36.2070708],[-93.0716397,36.2085211],[-93.0710336,36.2115994]]},"properties":{}},{"type":"Feature","geometry":{"type":"LineString","coordinates":[[-93.4286231,36.6841819],[-93.4286503,36.6852653],[-93.4282336,36.6865367],[-93.4273778,36.6881764],[-93.4265083,36.6892744],[-93.4251814,36.6900189],[-93.4233967,36.6904092],[-93.4200336,36.6904639],[-93.4175581,36.6901428],[-93.4164236,36.6896194],[-93.4148225,36.6883808],[-93.4143514,36.6874853],[-93.4138669,36.6860481],[-93.4137947,36.6831589],[-93.4142161,36.6820683],[-93.4161386,36.6782436],[-93.4187656,36.6756719],[-93.4229383,36.6721717],[-93.4279803,36.6675733],[-93.4138592,36.6678033]]},"properties":{}},{"type":"Feature","geometry":{"type":"LineString","coordinates":[[-93.3891931,36.6768717],[-93.3893267,36.6822889],[-93.390075,36.6853478],[-93.3905592,36.6867853],[-93.3912586,36.6878578],[-93.3940025,36.6899814],[-93.3967156,36.6908411],[-93.3976122,36.6908267],[-93.4002806,36.6898806],[-93.4026931,36.6876739],[-93.4035628,36.6865761],[-93.4039753,36.6851244],[-93.4045714,36.6820439],[-93.4044367,36.6766267],[-93.4036878,36.6735678],[-93.4032036,36.6721306],[-93.40228,36.6710617],[-93.3997606,36.6689344],[-93.3970483,36.668075],[-93.3961517,36.6680894],[-93.3934844,36.6690353],[-93.3908481,36.6712456],[-93.3902025,36.6723397],[-93.3897897,36.6737914],[-93.3891931,36.6768717]]},"properties":{}},{"type":"Feature","geometry":{"type":"LineString","coordinates":[[-93.3795647,36.6683547],[-93.3725047,36.6914086],[-93.3625294,36.668625],[-93.35524,36.6916811],[-93.3463906,36.6688786]]},"properties":{}},{"type":"Feature","geometry":{"type":"LineString","coordinates":[[-93.3216069,36.6922053],[-93.3256431,36.6921428],[-93.3276567,36.6919311],[-93.3316536,36.6902433],[-93.3353917,36.6871144],[-93.3366806,36.6847458],[-93.3372839,36.6818464],[-93.3372275,36.6794989],[-93.3367272,36.6773389],[-93.33555,36.6750089],[-93.333015,36.6721581],[-93.3320967,36.6712692],[-93.3302775,36.6702136],[-93.3264408,36.6691892],[-93.3217336,36.6692619],[-93.3195008,36.6696578],[-93.3172764,36.6704147],[-93.3159442,36.6709769],[-93.3137369,36.6724561],[-93.3117706,36.6746539],[-93.3111322,36.6761089],[-93.3105239,36.6788278],[-93.3106264,36.6831617],[-93.3127467,36.6874644],[-93.3141264,36.6888883],[-93.3157258,36.6901283],[-93.3173167,36.6910069],[-93.3177694,36.6911806],[-93.3216069,36.6922053]]},"properties":{}},{"type":"Feature","geometry":{"type":"LineString","coordinates":[[-93.2475036,37.1650692],[-93.24096,37.1651647],[-93.2375097,37.1623244],[-93.2370336,37.1612475],[-93.2365619,37.1603511],[-93.2365128,37.1581842],[-93.2373783,37.1565456],[-93.2386953,37.1549006],[-93.2400325,37.1541586],[-93.2409228,37.1536036],[-93.2427153,37.1530356],[-93.2467764,37.1529764],[-93.2485936,37.1534917],[-93.2499681,37.1543747],[-93.251125,37.1556225],[-93.2518347,37.1570572],[-93.2520894,37.1583181],[-93.2521308,37.1601239],[-93.2519258,37.1610303],[-93.2512736,37.1621236],[-93.2503836,37.1626786],[-93.2475036,37.1650692],[-93.2495675,37.1664842],[-93.2507289,37.1679122],[-93.2512008,37.1688086],[-93.2512669,37.1716981],[-93.2501881,37.1738817],[-93.2495236,37.1744333],[-93.2475089,37.1751856],[-93.2461672,37.1757469],[-93.2432333,37.1757897],[-93.24119,37.1752778],[-93.2382111,37.1733339],[-93.2377392,37.1724375],[-93.2376653,37.1691869],[-93.2383014,37.1673711],[-93.2385228,37.1671872],[-93.2396347,37.1664486],[-93.24096,37.1651647]]},"properties":{}},{"type":"Feature","geometry":{"type":"LineString","coordinates":[[-93.2251747,37.1758711],[-93.2217894,37.17592],[-93.2212861,37.1535267]]},"properties":{}},{"type":"Feature","geometry":{"type":"LineString","coordinates":[[-93.20955,37.1535144],[-93.2023886,37.1765592],[-93.1924031,37.1537586],[-93.1850108,37.1768053],[-93.1761583,37.1539872]]},"properties":{}},{"type":"Feature","geometry":{"type":"LineString","coordinates":[[-93.1671814,37.177055],[-93.1667844,37.1588153],[-93.1665392,37.1579153],[-93.1649206,37.1561314],[-93.1637689,37.1550636],[-93.1619481,37.1543664],[-93.1594625,37.1542203],[-93.1558525,37.1542703],[-93.1538258,37.1544789],[-93.1511378,37.1554194],[-93.1495856,37.1567053],[-93.1487064,37.1578014],[-93.14829,37.1594328],[-93.1486747,37.1773117]]},"properties":{}},{"type":"Feature","geometry":{"type":"LineString","coordinates":[[-93.3985017,37.6268814],[-93.3810186,37.6271564],[-93.3927086,37.6040294]]},"properties":{}},{"type":"Feature","geometry":{"type":"LineString","coordinates":[[-93.3598939,37.6271236],[-93.3630064,37.6243658],[-93.3656689,37.6217953],[-93.3678817,37.6194125],[-93.3692083,37.6179467],[-93.3702989,37.6161231],[-93.3707086,37.61431],[-93.3708956,37.6126811],[-93.3708156,37.6094308],[-93.3701036,37.6081772],[-93.3691689,37.6071078],[-93.36823,37.6058578],[-93.3634278,37.6044872],[-93.3607039,37.6045294],[-93.3577842,37.6058392],[-93.3573389,37.6062072],[-93.3555583,37.60768],[-93.35534,37.6080447],[-93.3544936,37.6105869],[-93.3545378,37.6123928],[-93.3550225,37.61365],[-93.3555031,37.6147264],[-93.3564419,37.6159764],[-93.3582889,37.6172125],[-93.3601228,37.6179067],[-93.3612622,37.6180697],[-93.3628517,37.6180453],[-93.3639822,37.6178469],[-93.3678061,37.6163425],[-93.3707131,37.6144906]]},"properties":{}},{"type":"Feature","geometry":{"type":"LineString","coordinates":[[-93.344815,37.6047742],[-93.3376514,37.6278269],[-93.3275639,37.6050378],[-93.3201681,37.6280931],[-93.3112208,37.605285]]},"properties":{}},{"type":"Feature","geometry":{"type":"LineString","coordinates":[[-93.2861089,37.6286036],[-93.2901961,37.6285428],[-93.2922353,37.6283317],[-93.2962839,37.6266456],[-93.3000714,37.6235178],[-93.3013781,37.6211497],[-93.3019908,37.61825],[-93.3019353,37.6159025],[-93.3014297,37.6137422],[-93.3002392,37.6114114],[-93.2976739,37.6085594],[-93.2967447,37.60767],[-93.2949031,37.6066136],[-93.2910186,37.6055875],[-93.2862519,37.6056583],[-93.2839903,37.6060533],[-93.2817372,37.6068092],[-93.2803881,37.6073711],[-93.2781517,37.6088494],[-93.2761592,37.6110467],[-93.2755119,37.6125017],[-93.2748942,37.6152206],[-93.274995,37.6195547],[-93.2771394,37.6238586],[-93.2785356,37.6252833],[-93.2801544,37.6265239],[-93.281765,37.6274033],[-93.2822233,37.6275772],[-93.2861089,37.6286036]]},"properties":{}},{"type":"Feature","geometry":{"type":"LineString","coordinates":[[-92.6814267,37.6434897],[-92.6973258,37.6433358],[-92.6841975,37.6613458],[-92.6838564,37.6389506]]},"properties":{}},{"type":"Feature","geometry":{"type":"LineString","coordinates":[[-92.6603403,37.6613925],[-92.6634803,37.6586533],[-92.6661686,37.6560992],[-92.668405,37.6537297],[-92.6697461,37.6522719],[-92.670855,37.650455],[-92.6712819,37.6486444],[-92.6714847,37.6470169],[-92.6714356,37.6437661],[-92.6707353,37.6425083],[-92.6698103,37.6414331],[-92.6688828,37.6401775],[-92.6640917,37.6387781],[-92.6613664,37.6388036],[-92.6584325,37.6400958],[-92.6579839,37.6404614],[-92.6561883,37.6419233],[-92.6559664,37.6422867],[-92.6550956,37.6448236],[-92.6551222,37.6466297],[-92.6555953,37.6478897],[-92.6560658,37.6489692],[-92.6569931,37.6502247],[-92.6588292,37.6514719],[-92.6606572,37.6521772],[-92.6617958,37.6523472],[-92.6633858,37.6523322],[-92.6645189,37.6521408],[-92.6683589,37.6506594],[-92.6712847,37.6488253]]},"properties":{}},{"type":"Feature","geometry":{"type":"LineString","coordinates":[[-92.6454681,37.6389528],[-92.6380814,37.6619617],[-92.6282072,37.6391119],[-92.6205878,37.6621219],[-92.6118544,37.6392606]]},"properties":{}},{"type":"Feature","geometry":{"type":"LineString","coordinates":[[-92.5865094,37.6624269],[-92.5905989,37.6623908],[-92.5926408,37.6621922],[-92.5967075,37.6605303],[-92.6005264,37.6574256],[-92.6018561,37.6550656],[-92.6024969,37.6521697],[-92.6024636,37.6498217],[-92.6019786,37.6476586],[-92.6008097,37.6453208],[-92.5982706,37.6424533],[-92.5973494,37.6415583],[-92.5955172,37.6404908],[-92.5916408,37.6394414],[-92.5868714,37.6394833],[-92.584605,37.6398647],[-92.5823439,37.6406069],[-92.5809886,37.6411608],[-92.5787375,37.6426256],[-92.5767231,37.6448106],[-92.5760617,37.6462617],[-92.5754175,37.6489767],[-92.5754772,37.6533114],[-92.5775814,37.6576281],[-92.5789647,37.6590611],[-92.5805725,37.6603114],[-92.5821753,37.6612006],[-92.5826319,37.6613772],[-92.5865094,37.6624269]]},"properties":{}},{"type":"Feature","geometry":{"type":"LineString","coordinates":[[-92.3056372,37.7817525],[-92.2981292,37.8047392],[-92.2883422,37.7818611],[-92.2806014,37.8048483],[-92.2719575,37.7819619]]},"properties":{}},{"type":"Feature","geometry":{"type":"LineString","coordinates":[[-92.2464558,37.8050531],[-92.2505533,37.8050292],[-92.2526003,37.8048364],[-92.2566825,37.8031867],[-92.2605231,37.8000931],[-92.2618664,37.7977369],[-92.2625217,37.7948431],[-92.2624994,37.792495],[-92.2620236,37.7903306],[-92.2608633,37.7879892],[-92.2583325,37.7851144],[-92.2574139,37.7842167],[-92.2555831,37.7831439],[-92.2517042,37.7820831],[-92.2469253,37.7821111],[-92.2446528,37.7824858],[-92.2423839,37.7832214],[-92.2410233,37.7837711],[-92.2387611,37.7852294],[-92.2367328,37.7874086],[-92.2360631,37.7888575],[-92.2354053,37.7915706],[-92.2354447,37.7959053],[-92.2375331,37.8002283],[-92.2389122,37.8016653],[-92.2405172,37.8029203],[-92.2421189,37.8038142],[-92.2425758,37.8039919],[-92.2464558,37.8050531]]},"properties":{}},{"type":"Feature","geometry":{"type":"LineString","coordinates":[[-92.2261958,37.80517],[-92.2086678,37.8052683],[-92.220755,37.7822617]]},"properties":{}},{"type":"Feature","geometry":{"type":"LineString","coordinates":[[-92.1874942,37.8050222],[-92.1906581,37.8022961],[-92.1933678,37.7997528],[-92.1956239,37.7973925],[-92.1969772,37.79594],[-92.1980994,37.7941278],[-92.1985392,37.7923192],[-92.1987528,37.7906922],[-92.1987244,37.7874411],[-92.1980308,37.7861806],[-92.1971111,37.7851019],[-92.19619,37.7838425],[-92.1913986,37.7824236],[-92.1886678,37.7824381],[-92.18572,37.7837183],[-92.1852681,37.7840819],[-92.1834594,37.7855367],[-92.183235,37.7858992],[-92.1823461,37.7884325],[-92.1823614,37.7902386],[-92.1828272,37.7915006],[-92.1832914,37.7925817],[-92.1842125,37.7938411],[-92.1860442,37.7950958],[-92.1878711,37.7958086],[-92.1890108,37.7959831],[-92.1906039,37.7959744],[-92.1917406,37.7957878],[-92.1955975,37.7943219],[-92.1985408,37.7924997]]},"properties":{}},{"type":"Feature","geometry":{"type":"LineString","coordinates":[[-91.8201381,37.9106894],[-91.8360958,37.9106533],[-91.8227086,37.9285647],[-91.8226297,37.9061686]]},"properties":{}},{"type":"Feature","geometry":{"type":"LineString","coordinates":[[-91.8106239,37.9287717],[-91.7930661,37.9288072],[-91.8053039,37.9058444]]},"properties":{}},{"type":"Feature","geometry":{"type":"LineString","coordinates":[[-91.7836481,37.9058872],[-91.7759642,37.9288397],[-91.7663236,37.9059186],[-91.7584061,37.9288703],[-91.7499108,37.9059458]]},"properties":{}},{"type":"Feature","geometry":{"type":"LineString","coordinates":[[-91.7242022,37.9289222],[-91.7283067,37.9289167],[-91.7303586,37.9287331],[-91.7344592,37.9271017],[-91.7383281,37.9240253],[-91.7396906,37.9216753],[-91.7403675,37.9187844],[-91.7403619,37.9164364],[-91.7399008,37.9142697],[-91.7387553,37.9119236],[-91.7362408,37.9090372],[-91.7353267,37.9081356],[-91.7335006,37.9070547],[-91.7296228,37.9059764],[-91.7248358,37.9059833],[-91.7225569,37.9063475],[-91.7202789,37.9070731],[-91.7189125,37.9076169],[-91.7166358,37.9090647],[-91.7145886,37.9112347],[-91.7139075,37.9126806],[-91.7132292,37.9153908],[-91.7132381,37.9197256],[-91.7152992,37.9240575],[-91.7166703,37.9255008],[-91.7182689,37.9267631],[-91.7198669,37.9276639],[-91.7203236,37.9278439],[-91.7242022,37.9289222]]},"properties":{}},{"type":"Feature","geometry":{"type":"LineString","coordinates":[[-90.5787417,38.6797253],[-90.5720611,38.6796703],[-90.5686447,38.6767525],[-90.5681986,38.6756653],[-90.56775,38.6747586],[-90.5677794,38.6725917],[-90.5687228,38.6709742],[-90.5701267,38.6693606],[-90.5715183,38.6686497],[-90.5724469,38.6681156],[-90.5742969,38.6675892],[-90.5784428,38.6676231],[-90.5802781,38.66818],[-90.5816481,38.6690942],[-90.5827828,38.6703678],[-90.5834547,38.6718178],[-90.5836681,38.6730839],[-90.5836442,38.6748894],[-90.5834017,38.6757906],[-90.5826964,38.6768683],[-90.5817678,38.6774025],[-90.5787417,38.6797253],[-90.5807956,38.6811869],[-90.5819283,38.6826408],[-90.5823769,38.6835475],[-90.5823383,38.6864367],[-90.5811575,38.6885942],[-90.5804592,38.6891303],[-90.5783761,38.6898356],[-90.5769864,38.6903658],[-90.5739911,38.6903411],[-90.571925,38.6897822],[-90.5689567,38.6877711],[-90.5685081,38.6868644],[-90.5685519,38.6836142],[-90.5692675,38.6818142],[-90.5695003,38.6816356],[-90.5706619,38.6809228],[-90.5720611,38.6796703]]},"properties":{}},{"type":"Feature","geometry":{"type":"LineString","coordinates":[[-90.5584044,38.6674569],[-90.5502581,38.6903233],[-90.5409,38.6673086],[-90.5325175,38.6901719],[-90.5243169,38.6671661]]},"properties":{}},{"type":"Feature","geometry":{"type":"LineString","coordinates":[[-90.4979589,38.6898694],[-90.5021058,38.6899064],[-90.5041819,38.6897442],[-90.5083522,38.6881556],[-90.5123128,38.6851206],[-90.5137283,38.6827853],[-90.5144608,38.6799022],[-90.5144942,38.6775547],[-90.5140644,38.6753839],[-90.5129461,38.6730264],[-90.5104539,38.670115],[-90.5095456,38.6692042],[-90.5077183,38.6681044],[-90.5038186,38.6669864],[-90.4989817,38.6669436],[-90.4966733,38.6672842],[-90.4943597,38.6679858],[-90.49297,38.6685153],[-90.4906456,38.6699392],[-90.4885411,38.6720875],[-90.4878289,38.6735258],[-90.4870983,38.6762281],[-90.487035,38.6805617],[-90.4890447,38.6849139],[-90.4904061,38.6863708],[-90.4920003,38.6876492],[-90.4935997,38.6885664],[-90.4940581,38.6887511],[-90.4979589,38.6898694]]},"properties":{}},{"type":"Feature","geometry":{"type":"LineString","coordinates":[[-90.4727231,38.6668878],[-90.4694583,38.6695669],[-90.4666567,38.6720694],[-90.4643183,38.6743958],[-90.4629147,38.6758275],[-90.4617358,38.6776225],[-90.4612481,38.6794242],[-90.4609936,38.6810469],[-90.4609447,38.6842972],[-90.4616169,38.6855675],[-90.4625222,38.6866594],[-90.4634247,38.6879319],[-90.4682414,38.6894208],[-90.4710058,38.6894461],[-90.4740197,38.6882094],[-90.4744858,38.6878525],[-90.4763503,38.6864247],[-90.4765861,38.6860656],[-90.4775447,38.6835461],[-90.4775714,38.6817403],[-90.4771294,38.6804722],[-90.4766847,38.6793847],[-90.4757819,38.6781122],[-90.4739578,38.6768317],[-90.4721258,38.6760925],[-90.4709767,38.6759014],[-90.4693644,38.6758867],[-90.46821,38.6760567],[-90.4642725,38.6774653],[-90.4612508,38.6792436]]},"properties":{}}]}