{"type":"FeatureCollection","features":[
{"type":"Feature","geometry":{"type":"Point","coordinates":[-102.667222,40.935433]},"properties":{"isLineDefaults":true,"bcg":15,"filters":[15],"style":"Solid","thickness":1}},
{"type":"Feature","geometry":{"type":"LineString","coordinates":[[-96.039736,36.089306],[-96.013275,36.109519]]},"properties":{}},{"type":"Feature","geometry":{"type":"LineString","coordinates":[[-96.013275,36.109519],[-96.013275,36.145456]]},"properties":{}},{"type":"Feature","geometry":{"type":"LineString","coordinates":[[-96.013275,36.145456],[-96.012936,36.155708]]},"properties":{}},{"type":"Feature","geometry":{"type":"LineString","coordinates":[[-97.235389,37.674569],[-97.323278,37.600847]]},"properties":{}},{"type":"Feature","geometry":{"type":"LineString","coordinates":[[-97.343875,36.534931],[-97.327403,36.481069]]},"properties":{}},{"type":"Feature","geometry":{"type":"LineString","coordinates":[[-97.327403,36.481069],[-97.324653,36.157097]]},"properties":{}},{"type":"Feature","geometry":{"type":"LineString","coordinates":[[-97.324653,36.157097],[-97.343875,36.116292]]},"properties":{}},{"type":"Feature","geometry":{"type":"LineString","coordinates":[[-97.343875,36.116292],[-97.349375,35.986614]]},"properties":{}},{"type":"Feature","geometry":{"type":"LineString","coordinates":[[-97.349375,35.986614],[-97.393319,35.902347]]},"properties":{}},{"type":"Feature","geometry":{"type":"LineString","coordinates":[[-97.393319,35.902347],[-97.393319,35.841375]]},"properties":{}},{"type":"Feature","geometry":{"type":"LineString","coordinates":[[-97.393319,35.841375],[-97.416667,35.816]]},"properties":{}},{"type":"Feature","geometry":{"type":"LineString","coordinates":[[-97.416667,35.816],[-97.415292,35.683611]]},"properties":{}},{"type":"Feature","geometry":{"type":"LineString","coordinates":[[-97.415292,35.683611],[-97.424903,35.605722]]},"properties":{}},{"type":"Feature","geometry":{"type":"LineString","coordinates":[[-97.424903,35.605722],[-97.459236,35.538931]]},"properties":{}},{"type":"Feature","geometry":{"type":"LineString","coordinates":[[-97.323278,37.600847],[-97.322194,37.415875]]},"properties":{}},{"type":"Feature","geometry":{"type":"LineString","coordinates":[[-97.459236,35.538931],[-97.467475,35.466931]]},"properties":{}},{"type":"Feature","geometry":{"type":"LineString","coordinates":[[-97.467475,35.466931],[-97.492972,35.462014]]},"properties":{}},{"type":"Feature","geometry":{"type":"LineString","coordinates":[[-97.492972,35.462014],[-97.486014,35.434722]]},"properties":{}},{"type":"Feature","geometry":{"type":"LineString","coordinates":[[-97.486014,35.434722],[-97.494944,35.401833]]},"properties":{}},{"type":"Feature","geometry":{"type":"LineString","coordinates":[[-97.322194,37.415875],[-97.326028,37.392097]]},"properties":{}},{"type":"Feature","geometry":{"type":"LineString","coordinates":[[-97.326028,37.392097],[-97.321903,37.343208]]},"properties":{}},{"type":"Feature","geometry":{"type":"LineString","coordinates":[[-97.321903,37.343208],[-97.339764,37.320514]]},"properties":{}},{"type":"Feature","geometry":{"type":"LineString","coordinates":[[-97.339764,37.320514],[-97.335639,37.017125]]},"properties":{}},{"type":"Feature","geometry":{"type":"LineString","coordinates":[[-97.335639,37.017125],[-97.353486,36.906528]]},"properties":{}},{"type":"Feature","geometry":{"type":"LineString","coordinates":[[-97.353486,36.906528],[-97.343875,36.795764]]},"properties":{}},{"type":"Feature","geometry":{"type":"LineString","coordinates":[[-97.343875,36.795764],[-97.343875,36.534931]]},"properties":{}},{"type":"Feature","geometry":{"type":"LineString","coordinates":[[-97.570611,35.448611],[-97.579875,35.470764]]},"properties":{}},{"type":"Feature","geometry":{"type":"LineString","coordinates":[[-97.579875,35.470764],[-97.576444,35.511347]]},"properties":{}},{"type":"Feature","geometry":{"type":"LineString","coordinates":[[-97.576444,35.511347],[-97.55275,35.511972]]},"properties":{}},{"type":"Feature","geometry":{"type":"LineString","coordinates":[[-97.55275,35.511972],[-97.537653,35.524153]]},"properties":{}},{"type":"Feature","geometry":{"type":"LineString","coordinates":[[-97.537653,35.524153],[-97.527014,35.528125]]},"properties":{}},{"type":"Feature","geometry":{"type":"LineString","coordinates":[[-97.527014,35.528125],[-97.501264,35.530139]]},"properties":{}},{"type":"Feature","geometry":{"type":"LineString","coordinates":[[-97.501264,35.530139],[-97.490278,35.535236]]},"properties":{}},{"type":"Feature","geometry":{"type":"LineString","coordinates":[[-97.490278,35.535236],[-97.460403,35.539194]]},"properties":{}},{"type":"Feature","geometry":{"type":"LineString","coordinates":[[-97.430194,35.600139],[-97.422986,35.599917]]},"properties":{}},{"type":"Feature","geometry":{"type":"LineString","coordinates":[[-96.187361,35.991903],[-96.098792,36.016125]]},"properties":{}},{"type":"Feature","geometry":{"type":"LineString","coordinates":[[-96.098792,36.016125],[-96.066169,36.068375]]},"properties":{}},{"type":"Feature","geometry":{"type":"LineString","coordinates":[[-96.066169,36.068375],[-96.049694,36.078153]]},"properties":{}},{"type":"Feature","geometry":{"type":"LineString","coordinates":[[-96.049694,36.078153],[-96.039736,36.089306]]},"properties":{}},{"type":"Feature","geometry":{"type":"LineString","coordinates":[[-96.039736,36.089306],[-95.930903,36.09075]]},"properties":{}},{"type":"Feature","geometry":{"type":"LineString","coordinates":[[-95.930903,36.09075],[-95.826875,36.162903]]},"properties":{}},{"type":"Feature","geometry":{"type":"LineString","coordinates":[[-95.826875,36.162903],[-95.732111,36.16275]]},"properties":{}},{"type":"Feature","geometry":{"type":"LineString","coordinates":[[-95.732111,36.16275],[-95.731778,36.183306]]},"properties":{}},{"type":"Feature","geometry":{"type":"LineString","coordinates":[[-95.731778,36.183306],[-95.608181,36.293306]]},"properties":{}},{"type":"Feature","geometry":{"type":"LineString","coordinates":[[-95.608181,36.293306],[-95.505181,36.338722]]},"properties":{}},{"type":"Feature","geometry":{"type":"LineString","coordinates":[[-97.422986,35.599917],[-97.144208,35.651597]]},"properties":{}},{"type":"Feature","geometry":{"type":"LineString","coordinates":[[-95.505181,36.338722],[-95.464319,36.349847]]},"properties":{}},{"type":"Feature","geometry":{"type":"LineString","coordinates":[[-95.464319,36.349847],[-95.373694,36.446069]]},"properties":{}},{"type":"Feature","geometry":{"type":"LineString","coordinates":[[-95.373694,36.446069],[-95.280986,36.501625]]},"properties":{}},{"type":"Feature","geometry":{"type":"LineString","coordinates":[[-95.280986,36.501625],[-95.226403,36.549681]]},"properties":{}},{"type":"Feature","geometry":{"type":"LineString","coordinates":[[-95.226403,36.549681],[-95.183486,36.608472]]},"properties":{}},{"type":"Feature","geometry":{"type":"LineString","coordinates":[[-95.183486,36.608472],[-95.100056,36.657569]]},"properties":{}},{"type":"Feature","geometry":{"type":"LineString","coordinates":[[-95.100056,36.657569],[-94.916042,36.730292]]},"properties":{}},{"type":"Feature","geometry":{"type":"LineString","coordinates":[[-94.916042,36.730292],[-94.845319,36.875778]]},"properties":{}},{"type":"Feature","geometry":{"type":"LineString","coordinates":[[-94.845319,36.875778],[-94.828833,36.893403]]},"properties":{}},{"type":"Feature","geometry":{"type":"LineString","coordinates":[[-94.828833,36.893403],[-94.760167,36.920639]]},"properties":{}},{"type":"Feature","geometry":{"type":"LineString","coordinates":[[-97.144208,35.651597],[-97.017181,35.690153]]},"properties":{}},{"type":"Feature","geometry":{"type":"LineString","coordinates":[[-94.760167,36.920639],[-94.691506,36.940181]]},"properties":{}},{"type":"Feature","geometry":{"type":"LineString","coordinates":[[-94.691506,36.940181],[-94.627986,36.989347]]},"properties":{}},{"type":"Feature","geometry":{"type":"LineString","coordinates":[[-94.627986,36.989347],[-94.610486,36.998444]]},"properties":{}},{"type":"Feature","geometry":{"type":"LineString","coordinates":[[-94.610486,36.998444],[-94.542847,37.011944]]},"properties":{}},{"type":"Feature","geometry":{"type":"LineString","coordinates":[[-94.542847,37.011944],[-94.528778,37.027083]]},"properties":{}},{"type":"Feature","geometry":{"type":"LineString","coordinates":[[-94.528778,37.027083],[-94.498222,37.046042]]},"properties":{}},{"type":"Feature","geometry":{"type":"LineString","coordinates":[[-94.498222,37.046042],[-94.471778,37.046917]]},"properties":{}},{"type":"Feature","geometry":{"type":"LineString","coordinates":[[-94.471778,37.046917],[-94.364111,37.082597]]},"properties":{}},{"type":"Feature","geometry":{"type":"LineString","coordinates":[[-94.364111,37.082597],[-93.890194,37.074167]]},"properties":{}},{"type":"Feature","geometry":{"type":"LineString","coordinates":[[-93.890194,37.074167],[-93.856889,37.086264]]},"properties":{}},{"type":"Feature","geometry":{"type":"LineString","coordinates":[[-97.017181,35.690153],[-96.688611,35.751528]]},"properties":{}},{"type":"Feature","geometry":{"type":"LineString","coordinates":[[-93.856889,37.086264],[-93.818431,37.085778]]},"properties":{}},{"type":"Feature","geometry":{"type":"LineString","coordinates":[[-93.818431,37.085778],[-93.638875,37.187917]]},"properties":{}},{"type":"Feature","geometry":{"type":"LineString","coordinates":[[-93.638875,37.187917],[-93.498458,37.184972]]},"properties":{}},{"type":"Feature","geometry":{"type":"LineString","coordinates":[[-93.498458,37.184972],[-93.392028,37.207458]]},"properties":{}},{"type":"Feature","geometry":{"type":"LineString","coordinates":[[-93.392028,37.207458],[-93.340875,37.250972]]},"properties":{}},{"type":"Feature","geometry":{"type":"LineString","coordinates":[[-93.340875,37.250972],[-93.337672,37.252561]]},"properties":{}},{"type":"Feature","geometry":{"type":"LineString","coordinates":[[-93.337672,37.252561],[-93.186953,37.251139]]},"properties":{}},{"type":"Feature","geometry":{"type":"LineString","coordinates":[[-93.186953,37.251139],[-93.118633,37.272672]]},"properties":{}},{"type":"Feature","geometry":{"type":"LineString","coordinates":[[-93.118633,37.272672],[-93.057864,37.272889]]},"properties":{}},{"type":"Feature","geometry":{"type":"LineString","coordinates":[[-96.688611,35.751528],[-96.622694,35.768861]]},"properties":{}},{"type":"Feature","geometry":{"type":"LineString","coordinates":[[-96.622694,35.768861],[-96.539611,35.806514]]},"properties":{}},{"type":"Feature","geometry":{"type":"LineString","coordinates":[[-96.539611,35.806514],[-96.363833,35.857792]]},"properties":{}},{"type":"Feature","geometry":{"type":"LineString","coordinates":[[-96.363833,35.857792],[-96.349417,35.874542]]},"properties":{}},{"type":"Feature","geometry":{"type":"LineString","coordinates":[[-96.349417,35.874542],[-96.187361,35.991903]]},"properties":{}},{"type":"Feature","geometry":{"type":"LineString","coordinates":[[-94.309647,37.824197],[-94.313081,37.748333]]},"properties":{}},{"type":"Feature","geometry":{"type":"LineString","coordinates":[[-94.291542,37.339583],[-94.292569,37.332819]]},"properties":{}},{"type":"Feature","geometry":{"type":"LineString","coordinates":[[-94.292569,37.332819],[-94.301833,37.324694]]},"properties":{}},{"type":"Feature","geometry":{"type":"LineString","coordinates":[[-94.301833,37.324694],[-94.303556,37.20725]]},"properties":{}},{"type":"Feature","geometry":{"type":"LineString","coordinates":[[-94.303556,37.20725],[-94.335139,37.202389]]},"properties":{}},{"type":"Feature","geometry":{"type":"LineString","coordinates":[[-94.335139,37.202389],[-94.335486,37.163875]]},"properties":{}},{"type":"Feature","geometry":{"type":"LineString","coordinates":[[-94.335486,37.163875],[-94.311111,37.128903]]},"properties":{}},{"type":"Feature","geometry":{"type":"LineString","coordinates":[[-94.311111,37.128903],[-94.312819,37.082139]]},"properties":{}},{"type":"Feature","geometry":{"type":"LineString","coordinates":[[-94.313081,37.748333],[-94.307242,37.735411]]},"properties":{}},{"type":"Feature","geometry":{"type":"LineString","coordinates":[[-94.307242,37.735411],[-94.307586,37.648147]]},"properties":{}},{"type":"Feature","geometry":{"type":"LineString","coordinates":[[-94.307586,37.648147],[-94.292822,37.616444]]},"properties":{}},{"type":"Feature","geometry":{"type":"LineString","coordinates":[[-94.292822,37.616444],[-94.297028,37.515208]]},"properties":{}},{"type":"Feature","geometry":{"type":"LineString","coordinates":[[-94.297028,37.515208],[-94.300125,37.494028]]},"properties":{}},{"type":"Feature","geometry":{"type":"LineString","coordinates":[[-94.300125,37.494028],[-94.298403,37.460847]]},"properties":{}},{"type":"Feature","geometry":{"type":"LineString","coordinates":[[-94.298403,37.460847],[-94.300806,37.354542]]},"properties":{}},{"type":"Feature","geometry":{"type":"LineString","coordinates":[[-94.300806,37.354542],[-94.291542,37.339583]]},"properties":{}},{"type":"Feature","geometry":{"type":"LineString","coordinates":[[-94.426806,37.061931],[-94.430931,36.998944]]},"properties":{}},{"type":"Feature","geometry":{"type":"LineString","coordinates":[[-94.408264,36.60175],[-94.381139,36.565972]]},"properties":{}},{"type":"Feature","geometry":{"type":"LineString","coordinates":[[-94.381139,36.565972],[-94.358139,36.566861]]},"properties":{}},{"type":"Feature","geometry":{"type":"LineString","coordinates":[[-94.358139,36.566861],[-94.337889,36.558639]]},"properties":{}},{"type":"Feature","geometry":{"type":"LineString","coordinates":[[-94.337889,36.558639],[-94.329306,36.546292]]},"properties":{}},{"type":"Feature","geometry":{"type":"LineString","coordinates":[[-94.329306,36.546292],[-94.300125,36.537528]]},"properties":{}},{"type":"Feature","geometry":{"type":"LineString","coordinates":[[-94.300125,36.537528],[-94.289819,36.517708]]},"properties":{}},{"type":"Feature","geometry":{"type":"LineString","coordinates":[[-94.289819,36.517708],[-94.258236,36.485486]]},"properties":{}},{"type":"Feature","geometry":{"type":"LineString","coordinates":[[-94.258236,36.485486],[-94.251361,36.482778]]},"properties":{}},{"type":"Feature","geometry":{"type":"LineString","coordinates":[[-94.251361,36.482778],[-94.241417,36.466278]]},"properties":{}},{"type":"Feature","geometry":{"type":"LineString","coordinates":[[-94.430931,36.998944],[-94.434014,36.989958]]},"properties":{}},{"type":"Feature","geometry":{"type":"LineString","coordinates":[[-94.434014,36.989958],[-94.429556,36.968347]]},"properties":{}},{"type":"Feature","geometry":{"type":"LineString","coordinates":[[-94.429556,36.968347],[-94.431264,36.867264]]},"properties":{}},{"type":"Feature","geometry":{"type":"LineString","coordinates":[[-94.431264,36.867264],[-94.415139,36.844792]]},"properties":{}},{"type":"Feature","geometry":{"type":"LineString","coordinates":[[-94.415139,36.844792],[-94.428181,36.748903]]},"properties":{}},{"type":"Feature","geometry":{"type":"LineString","coordinates":[[-94.428181,36.748903],[-94.417542,36.717042]]},"properties":{}},{"type":"Feature","geometry":{"type":"LineString","coordinates":[[-94.417542,36.717042],[-94.418569,36.634764]]},"properties":{}},{"type":"Feature","geometry":{"type":"LineString","coordinates":[[-94.418569,36.634764],[-94.408264,36.60175]]},"properties":{}},{"type":"Feature","geometry":{"type":"LineString","coordinates":[[-93.435522,37.594658],[-93.399014,37.572736]]},"properties":{}},{"type":"Feature","geometry":{"type":"LineString","coordinates":[[-93.399014,37.572736],[-93.355525,37.491286]]},"properties":{}},{"type":"Feature","geometry":{"type":"LineString","coordinates":[[-93.355525,37.491286],[-93.355983,37.427197]]},"properties":{}},{"type":"Feature","geometry":{"type":"LineString","coordinates":[[-93.355983,37.427197],[-93.349575,37.389244]]},"properties":{}},{"type":"Feature","geometry":{"type":"LineString","coordinates":[[-93.349575,37.389244],[-93.329433,37.342539]]},"properties":{}},{"type":"Feature","geometry":{"type":"LineString","coordinates":[[-93.329433,37.342539],[-93.332639,37.300175]]},"properties":{}},{"type":"Feature","geometry":{"type":"LineString","coordinates":[[-93.332639,37.300175],[-93.312497,37.256692]]},"properties":{}},{"type":"Feature","geometry":{"type":"LineString","coordinates":[[-93.312497,37.256692],[-93.319822,37.139875]]},"properties":{}},{"type":"Feature","geometry":{"type":"LineString","coordinates":[[-98.04,37.283333],[-97.795556,37.285556]]},"properties":{}},{"type":"Feature","geometry":{"type":"LineString","coordinates":[[-97.042181,37.245283],[-97.026389,37.239931]]},"properties":{}},{"type":"Feature","geometry":{"type":"LineString","coordinates":[[-97.026389,37.239931],[-96.974889,37.240592]]},"properties":{}},{"type":"Feature","geometry":{"type":"LineString","coordinates":[[-96.974889,37.240592],[-96.96,37.245078]]},"properties":{}},{"type":"Feature","geometry":{"type":"LineString","coordinates":[[-96.96,37.245078],[-96.770953,37.244644]]},"properties":{}},{"type":"Feature","geometry":{"type":"LineString","coordinates":[[-96.770953,37.244644],[-96.770278,37.315786]]},"properties":{}},{"type":"Feature","geometry":{"type":"LineString","coordinates":[[-96.770278,37.315786],[-96.685811,37.316444]]},"properties":{}},{"type":"Feature","geometry":{"type":"LineString","coordinates":[[-96.685811,37.316444],[-96.594486,37.323111]]},"properties":{}},{"type":"Feature","geometry":{"type":"LineString","coordinates":[[-96.594486,37.323111],[-96.562208,37.352158]]},"properties":{}},{"type":"Feature","geometry":{"type":"LineString","coordinates":[[-96.562208,37.352158],[-96.496297,37.352819]]},"properties":{}},{"type":"Feature","geometry":{"type":"LineString","coordinates":[[-96.496297,37.352819],[-96.474322,37.360028]]},"properties":{}},{"type":"Feature","geometry":{"type":"LineString","coordinates":[[-97.795556,37.285556],[-97.771111,37.270833]]},"properties":{}},{"type":"Feature","geometry":{"type":"LineString","coordinates":[[-96.474322,37.360028],[-96.305408,37.360689]]},"properties":{}},{"type":"Feature","geometry":{"type":"LineString","coordinates":[[-96.305408,37.360689],[-96.276569,37.372808]]},"properties":{}},{"type":"Feature","geometry":{"type":"LineString","coordinates":[[-96.276569,37.372808],[-96.255283,37.373467]]},"properties":{}},{"type":"Feature","geometry":{"type":"LineString","coordinates":[[-96.255283,37.373467],[-96.230564,37.362119]]},"properties":{}},{"type":"Feature","geometry":{"type":"LineString","coordinates":[[-96.230564,37.362119],[-96.161214,37.384061]]},"properties":{}},{"type":"Feature","geometry":{"type":"LineString","coordinates":[[-96.161214,37.384061],[-96.133061,37.385267]]},"properties":{}},{"type":"Feature","geometry":{"type":"LineString","coordinates":[[-96.133061,37.385267],[-96.111778,37.375556]]},"properties":{}},{"type":"Feature","geometry":{"type":"LineString","coordinates":[[-96.111778,37.375556],[-96.082936,37.382222]]},"properties":{}},{"type":"Feature","geometry":{"type":"LineString","coordinates":[[-96.082936,37.382222],[-96.036244,37.381242]]},"properties":{}},{"type":"Feature","geometry":{"type":"LineString","coordinates":[[-96.036244,37.381242],[-96.016331,37.349153]]},"properties":{}},{"type":"Feature","geometry":{"type":"LineString","coordinates":[[-97.771111,37.270833],[-97.519444,37.273611]]},"properties":{}},{"type":"Feature","geometry":{"type":"LineString","coordinates":[[-96.016331,37.349153],[-95.953158,37.321428]]},"properties":{}},{"type":"Feature","geometry":{"type":"LineString","coordinates":[[-95.953158,37.321428],[-95.911278,37.321542]]},"properties":{}},{"type":"Feature","geometry":{"type":"LineString","coordinates":[[-95.911278,37.321542],[-95.900975,37.291069]]},"properties":{}},{"type":"Feature","geometry":{"type":"LineString","coordinates":[[-95.900975,37.291069],[-95.902347,37.232711]]},"properties":{}},{"type":"Feature","geometry":{"type":"LineString","coordinates":[[-95.902347,37.232711],[-95.831622,37.222436]]},"properties":{}},{"type":"Feature","geometry":{"type":"LineString","coordinates":[[-95.831622,37.222436],[-95.784931,37.223097]]},"properties":{}},{"type":"Feature","geometry":{"type":"LineString","coordinates":[[-95.784931,37.223097],[-95.765394,37.225794]]},"properties":{}},{"type":"Feature","geometry":{"type":"LineString","coordinates":[[-95.765394,37.225794],[-95.707717,37.225133]]},"properties":{}},{"type":"Feature","geometry":{"type":"LineString","coordinates":[[-95.707717,37.225133],[-95.586492,37.224306]]},"properties":{}},{"type":"Feature","geometry":{"type":"LineString","coordinates":[[-97.519444,37.273611],[-97.496056,37.265917]]},"properties":{}},{"type":"Feature","geometry":{"type":"LineString","coordinates":[[-97.496056,37.265917],[-97.403269,37.267053]]},"properties":{}},{"type":"Feature","geometry":{"type":"LineString","coordinates":[[-97.403269,37.267053],[-97.394344,37.275022]]},"properties":{}},{"type":"Feature","geometry":{"type":"LineString","coordinates":[[-97.394344,37.275022],[-97.154103,37.276208]]},"properties":{}},{"type":"Feature","geometry":{"type":"LineString","coordinates":[[-97.154103,37.276208],[-97.108097,37.244075]]},"properties":{}},{"type":"Feature","geometry":{"type":"LineString","coordinates":[[-97.108097,37.244075],[-97.042181,37.245283]]},"properties":{}},{"type":"Feature","geometry":{"type":"LineString","coordinates":[[-95.585117,37.209108],[-95.557653,37.208139]]},"properties":{}},{"type":"Feature","geometry":{"type":"LineString","coordinates":[[-95.557653,37.208139],[-95.556967,37.194569]]},"properties":{}},{"type":"Feature","geometry":{"type":"LineString","coordinates":[[-95.556967,37.194569],[-95.267681,37.194014]]},"properties":{}},{"type":"Feature","geometry":{"type":"LineString","coordinates":[[-95.110444,37.164694],[-95.034167,37.1658]]},"properties":{}},{"type":"Feature","geometry":{"type":"LineString","coordinates":[[-95.034167,37.1658],[-94.977869,37.180689]]},"properties":{}},{"type":"Feature","geometry":{"type":"LineString","coordinates":[[-94.977869,37.180689],[-94.704583,37.178067]]},"properties":{}},{"type":"Feature","geometry":{"type":"LineString","coordinates":[[-94.704942,37.469506],[-94.614989,37.469619]]},"properties":{}},{"type":"Feature","geometry":{"type":"LineString","coordinates":[[-94.098633,37.393103],[-93.848008,37.388853]]},"properties":{}},{"type":"Feature","geometry":{"type":"LineString","coordinates":[[-93.848008,37.388853],[-93.846633,37.418611]]},"properties":{}},{"type":"Feature","geometry":{"type":"LineString","coordinates":[[-93.846633,37.418611],[-93.797194,37.420717]]},"properties":{}},{"type":"Feature","geometry":{"type":"LineString","coordinates":[[-93.797194,37.420717],[-93.792389,37.428028]]},"properties":{}},{"type":"Feature","geometry":{"type":"LineString","coordinates":[[-93.792389,37.428028],[-93.751875,37.418875]]},"properties":{}},{"type":"Feature","geometry":{"type":"LineString","coordinates":[[-93.751875,37.418875],[-93.705872,37.421397]]},"properties":{}},{"type":"Feature","geometry":{"type":"LineString","coordinates":[[-93.705872,37.421397],[-93.6942,37.410603]]},"properties":{}},{"type":"Feature","geometry":{"type":"LineString","coordinates":[[-93.6942,37.410603],[-93.696944,37.342511]]},"properties":{}},{"type":"Feature","geometry":{"type":"LineString","coordinates":[[-93.696944,37.342511],[-93.667417,37.342625]]},"properties":{}},{"type":"Feature","geometry":{"type":"LineString","coordinates":[[-93.667417,37.342625],[-93.639267,37.329089]]},"properties":{}},{"type":"Feature","geometry":{"type":"LineString","coordinates":[[-94.614989,37.469619],[-94.571731,37.471369]]},"properties":{}},{"type":"Feature","geometry":{"type":"LineString","coordinates":[[-93.639267,37.329089],[-93.600128,37.327567]]},"properties":{}},{"type":"Feature","geometry":{"type":"LineString","coordinates":[[-93.600128,37.327567],[-93.58365,37.317644]]},"properties":{}},{"type":"Feature","geometry":{"type":"LineString","coordinates":[[-93.58365,37.317644],[-93.562361,37.324311]]},"properties":{}},{"type":"Feature","geometry":{"type":"LineString","coordinates":[[-93.562361,37.324311],[-93.457994,37.322789]]},"properties":{}},{"type":"Feature","geometry":{"type":"LineString","coordinates":[[-93.457994,37.322789],[-93.436019,37.301603]]},"properties":{}},{"type":"Feature","geometry":{"type":"LineString","coordinates":[[-93.436019,37.301603],[-93.414736,37.2968]]},"properties":{}},{"type":"Feature","geometry":{"type":"LineString","coordinates":[[-93.414736,37.2968],[-93.347444,37.241722]]},"properties":{}},{"type":"Feature","geometry":{"type":"LineString","coordinates":[[-93.347444,37.241722],[-93.35225,37.177308]]},"properties":{}},{"type":"Feature","geometry":{"type":"LineString","coordinates":[[-93.35225,37.177308],[-93.365297,37.164839]]},"properties":{}},{"type":"Feature","geometry":{"type":"LineString","coordinates":[[-93.365297,37.164839],[-93.363236,37.152917]]},"properties":{}},{"type":"Feature","geometry":{"type":"LineString","coordinates":[[-94.571731,37.471369],[-94.517486,37.491644]]},"properties":{}},{"type":"Feature","geometry":{"type":"LineString","coordinates":[[-94.517486,37.491644],[-94.492083,37.490667]]},"properties":{}},{"type":"Feature","geometry":{"type":"LineString","coordinates":[[-94.492083,37.490667],[-94.473542,37.498408]]},"properties":{}},{"type":"Feature","geometry":{"type":"LineString","coordinates":[[-94.473542,37.498408],[-94.196822,37.49035]]},"properties":{}},{"type":"Feature","geometry":{"type":"LineString","coordinates":[[-94.196822,37.49035],[-94.185833,37.499722]]},"properties":{}},{"type":"Feature","geometry":{"type":"LineString","coordinates":[[-94.185833,37.499722],[-94.096572,37.495481]]},"properties":{}},{"type":"Feature","geometry":{"type":"LineString","coordinates":[[-94.096572,37.495481],[-94.098633,37.393103]]},"properties":{}},{"type":"Feature","geometry":{"type":"LineString","coordinates":[[-93.297319,37.136061],[-93.298692,37.084153]]},"properties":{}},{"type":"Feature","geometry":{"type":"LineString","coordinates":[[-93.348819,36.807944],[-93.350878,36.791011]]},"properties":{}},{"type":"Feature","geometry":{"type":"LineString","coordinates":[[-93.350878,36.791011],[-93.348817,36.766378]]},"properties":{}},{"type":"Feature","geometry":{"type":"LineString","coordinates":[[-93.348817,36.766378],[-93.350822,36.76485]]},"properties":{}},{"type":"Feature","geometry":{"type":"LineString","coordinates":[[-93.350822,36.76485],[-93.309853,36.750111]]},"properties":{}},{"type":"Feature","geometry":{"type":"LineString","coordinates":[[-93.309853,36.750111],[-93.29635,36.755728]]},"properties":{}},{"type":"Feature","geometry":{"type":"LineString","coordinates":[[-93.29635,36.755728],[-93.284219,36.744839]]},"properties":{}},{"type":"Feature","geometry":{"type":"LineString","coordinates":[[-93.284219,36.744839],[-93.256981,36.761458]]},"properties":{}},{"type":"Feature","geometry":{"type":"LineString","coordinates":[[-93.256981,36.761458],[-93.202278,36.744517]]},"properties":{}},{"type":"Feature","geometry":{"type":"LineString","coordinates":[[-93.202278,36.744517],[-93.192894,36.732525]]},"properties":{}},{"type":"Feature","geometry":{"type":"LineString","coordinates":[[-93.192894,36.732525],[-93.167717,36.726586]]},"properties":{}},{"type":"Feature","geometry":{"type":"LineString","coordinates":[[-93.298692,37.084153],[-93.304872,37.060711]]},"properties":{}},{"type":"Feature","geometry":{"type":"LineString","coordinates":[[-93.167717,36.726586],[-93.125375,36.7256]]},"properties":{}},{"type":"Feature","geometry":{"type":"LineString","coordinates":[[-93.125375,36.7256],[-93.119422,36.684428]]},"properties":{}},{"type":"Feature","geometry":{"type":"LineString","coordinates":[[-93.119422,36.684428],[-93.087381,36.683992]]},"properties":{}},{"type":"Feature","geometry":{"type":"LineString","coordinates":[[-93.087381,36.683992],[-93.053278,36.697872]]},"properties":{}},{"type":"Feature","geometry":{"type":"LineString","coordinates":[[-93.053278,36.697872],[-93.015739,36.666047]]},"properties":{}},{"type":"Feature","geometry":{"type":"LineString","coordinates":[[-93.015739,36.666047],[-92.996742,36.667817]]},"properties":{}},{"type":"Feature","geometry":{"type":"LineString","coordinates":[[-92.996742,36.667817],[-92.981867,36.663525]]},"properties":{}},{"type":"Feature","geometry":{"type":"LineString","coordinates":[[-92.981867,36.663525],[-92.979347,36.647664]]},"properties":{}},{"type":"Feature","geometry":{"type":"LineString","coordinates":[[-92.979347,36.647664],[-92.939064,36.610858]]},"properties":{}},{"type":"Feature","geometry":{"type":"LineString","coordinates":[[-92.939064,36.610858],[-92.915947,36.612628]]},"properties":{}},{"type":"Feature","geometry":{"type":"LineString","coordinates":[[-93.304872,37.060711],[-93.30075,36.993397]]},"properties":{}},{"type":"Feature","geometry":{"type":"LineString","coordinates":[[-92.915947,36.612628],[-92.885278,36.606128]]},"properties":{}},{"type":"Feature","geometry":{"type":"LineString","coordinates":[[-92.885278,36.606128],[-92.8601,36.608447]]},"properties":{}},{"type":"Feature","geometry":{"type":"LineString","coordinates":[[-92.8601,36.608447],[-92.845911,36.593678]]},"properties":{}},{"type":"Feature","geometry":{"type":"LineString","coordinates":[[-92.845911,36.593678],[-92.806314,36.59655]]},"properties":{}},{"type":"Feature","geometry":{"type":"LineString","coordinates":[[-92.806314,36.59655],[-92.775644,36.581228]]},"properties":{}},{"type":"Feature","geometry":{"type":"LineString","coordinates":[[-93.30075,36.993397],[-93.283583,36.971572]]},"properties":{}},{"type":"Feature","geometry":{"type":"LineString","coordinates":[[-93.283583,36.971572],[-93.284267,36.902533]]},"properties":{}},{"type":"Feature","geometry":{"type":"LineString","coordinates":[[-93.284267,36.902533],[-93.302811,36.879583]]},"properties":{}},{"type":"Feature","geometry":{"type":"LineString","coordinates":[[-93.302811,36.879583],[-93.298694,36.862667]]},"properties":{}},{"type":"Feature","geometry":{"type":"LineString","coordinates":[[-93.298694,36.862667],[-93.322722,36.8463]]},"properties":{}},{"type":"Feature","geometry":{"type":"LineString","coordinates":[[-93.322722,36.8463],[-93.348819,36.807944]]},"properties":{}},{"type":"Feature","geometry":{"type":"LineString","coordinates":[[-97.398764,37.056],[-97.029347,37.058306]]},"properties":{}},{"type":"Feature","geometry":{"type":"LineString","coordinates":[[-97.024542,37.077594],[-96.848761,37.077708]]},"properties":{}},{"type":"Feature","geometry":{"type":"LineString","coordinates":[[-96.110617,37.081908],[-96.058431,37.069422]]},"properties":{}},{"type":"Feature","geometry":{"type":"LineString","coordinates":[[-96.058431,37.069422],[-95.927972,37.067889]]},"properties":{}},{"type":"Feature","geometry":{"type":"LineString","coordinates":[[-96.848761,37.077708],[-96.813056,37.103592]]},"properties":{}},{"type":"Feature","geometry":{"type":"LineString","coordinates":[[-96.813056,37.103592],[-96.769794,37.111347]]},"properties":{}},{"type":"Feature","geometry":{"type":"LineString","coordinates":[[-96.769794,37.111347],[-96.601569,37.111458]]},"properties":{}},{"type":"Feature","geometry":{"type":"LineString","coordinates":[[-96.601569,37.111458],[-96.51505,37.108836]]},"properties":{}},{"type":"Feature","geometry":{"type":"LineString","coordinates":[[-96.51505,37.108836],[-96.500631,37.116617]]},"properties":{}},{"type":"Feature","geometry":{"type":"LineString","coordinates":[[-96.500631,37.116617],[-96.260992,37.11235]]},"properties":{}},{"type":"Feature","geometry":{"type":"LineString","coordinates":[[-96.260992,37.11235],[-96.214306,37.084533]]},"properties":{}},{"type":"Feature","geometry":{"type":"LineString","coordinates":[[-96.214306,37.084533],[-96.110617,37.081908]]},"properties":{}},{"type":"Feature","geometry":{"type":"LineString","coordinates":[[-95.927278,37.025258],[-95.890889,37.024825]]},"properties":{}},{"type":"Feature","geometry":{"type":"LineString","coordinates":[[-95.890889,37.024825],[-95.864111,37.034258]]},"properties":{}},{"type":"Feature","geometry":{"type":"LineString","coordinates":[[-95.864111,37.034258],[-95.616633,37.034103]]},"properties":{}},{"type":"Feature","geometry":{"type":"LineString","coordinates":[[-95.580928,37.0455],[-95.526278,37.041064]]},"properties":{}},{"type":"Feature","geometry":{"type":"LineString","coordinates":[[-95.526278,37.041064],[-95.510486,37.049397]]},"properties":{}},{"type":"Feature","geometry":{"type":"LineString","coordinates":[[-95.510486,37.049397],[-95.359428,37.049514]]},"properties":{}},{"type":"Feature","geometry":{"type":"LineString","coordinates":[[-95.359428,37.049514],[-95.100561,37.048211]]},"properties":{}},{"type":"Feature","geometry":{"type":"LineString","coordinates":[[-95.085028,37.036458],[-95.065542,37.032978]]},"properties":{}},{"type":"Feature","geometry":{"type":"LineString","coordinates":[[-95.065542,37.032978],[-94.764106,37.031447]]},"properties":{}},{"type":"Feature","geometry":{"type":"LineString","coordinates":[[-94.764106,37.031447],[-94.751403,37.023833]]},"properties":{}},{"type":"Feature","geometry":{"type":"LineString","coordinates":[[-94.751403,37.023833],[-94.702397,37.023806]]},"properties":{}},{"type":"Feature","geometry":{"type":"LineString","coordinates":[[-95.410339,37.854183],[-95.411711,37.770481]]},"properties":{}},{"type":"Feature","geometry":{"type":"LineString","coordinates":[[-95.569256,37.276719],[-95.567883,37.246778]]},"properties":{}},{"type":"Feature","geometry":{"type":"LineString","coordinates":[[-95.567883,37.246778],[-95.587111,37.230492]]},"properties":{}},{"type":"Feature","geometry":{"type":"LineString","coordinates":[[-95.587111,37.230492],[-95.583675,37.208186]]},"properties":{}},{"type":"Feature","geometry":{"type":"LineString","coordinates":[[-95.583675,37.208186],[-95.575436,37.174386]]},"properties":{}},{"type":"Feature","geometry":{"type":"LineString","coordinates":[[-95.575436,37.174386],[-95.576808,37.136739]]},"properties":{}},{"type":"Feature","geometry":{"type":"LineString","coordinates":[[-95.576808,37.136739],[-95.591228,37.091956]]},"properties":{}},{"type":"Feature","geometry":{"type":"LineString","coordinates":[[-95.591228,37.091956],[-95.580928,37.0455]]},"properties":{}},{"type":"Feature","geometry":{"type":"LineString","coordinates":[[-95.580928,37.0455],[-95.616633,37.034103]]},"properties":{}},{"type":"Feature","geometry":{"type":"LineString","coordinates":[[-95.616633,37.034103],[-95.615264,37.005708]]},"properties":{}},{"type":"Feature","geometry":{"type":"LineString","coordinates":[[-95.615264,37.005708],[-95.628308,36.988819]]},"properties":{}},{"type":"Feature","geometry":{"type":"LineString","coordinates":[[-95.411711,37.770481],[-95.416819,37.749772]]},"properties":{}},{"type":"Feature","geometry":{"type":"LineString","coordinates":[[-95.628308,36.988819],[-95.630367,36.683383]]},"properties":{}},{"type":"Feature","geometry":{"type":"LineString","coordinates":[[-95.630367,36.683383],[-95.647533,36.666978]]},"properties":{}},{"type":"Feature","geometry":{"type":"LineString","coordinates":[[-95.647533,36.666978],[-95.661267,36.598214]]},"properties":{}},{"type":"Feature","geometry":{"type":"LineString","coordinates":[[-95.661267,36.598214],[-95.701778,36.536564]]},"properties":{}},{"type":"Feature","geometry":{"type":"LineString","coordinates":[[-95.701778,36.536564],[-95.708644,36.429022]]},"properties":{}},{"type":"Feature","geometry":{"type":"LineString","coordinates":[[-95.708644,36.429022],[-95.794475,36.395981]]},"properties":{}},{"type":"Feature","geometry":{"type":"LineString","coordinates":[[-95.794475,36.395981],[-95.822628,36.365139]]},"properties":{}},{"type":"Feature","geometry":{"type":"LineString","coordinates":[[-95.822628,36.365139],[-95.822625,36.301642]]},"properties":{}},{"type":"Feature","geometry":{"type":"LineString","coordinates":[[-95.822625,36.301642],[-95.846661,36.281278]]},"properties":{}},{"type":"Feature","geometry":{"type":"LineString","coordinates":[[-95.846661,36.281278],[-95.852153,36.184469]]},"properties":{}},{"type":"Feature","geometry":{"type":"LineString","coordinates":[[-95.416819,37.749772],[-95.479992,37.717303]]},"properties":{}},{"type":"Feature","geometry":{"type":"LineString","coordinates":[[-95.852153,36.184469],[-95.860394,36.164631]]},"properties":{}},{"type":"Feature","geometry":{"type":"LineString","coordinates":[[-95.860394,36.164631],[-95.859019,36.097642]]},"properties":{}},{"type":"Feature","geometry":{"type":"LineString","coordinates":[[-95.479992,37.717303],[-95.447347,37.589664]]},"properties":{}},{"type":"Feature","geometry":{"type":"LineString","coordinates":[[-95.447347,37.589664],[-95.471753,37.575086]]},"properties":{}},{"type":"Feature","geometry":{"type":"LineString","coordinates":[[-95.471753,37.575086],[-95.470378,37.48535]]},"properties":{}},{"type":"Feature","geometry":{"type":"LineString","coordinates":[[-95.470378,37.48535],[-95.530806,37.346397]]},"properties":{}},{"type":"Feature","geometry":{"type":"LineString","coordinates":[[-95.530806,37.346397],[-95.547283,37.296272]]},"properties":{}},{"type":"Feature","geometry":{"type":"LineString","coordinates":[[-95.547283,37.296272],[-95.569256,37.276719]]},"properties":{}},{"type":"Feature","geometry":{"type":"LineString","coordinates":[[-97.071986,36.68125],[-97.076919,36.668428]]},"properties":{}},{"type":"Feature","geometry":{"type":"LineString","coordinates":[[-97.030917,35.951156],[-97.016494,35.935706]]},"properties":{}},{"type":"Feature","geometry":{"type":"LineString","coordinates":[[-97.016494,35.935706],[-97.017181,35.6607]]},"properties":{}},{"type":"Feature","geometry":{"type":"LineString","coordinates":[[-97.017181,35.6607],[-96.998642,35.638497]]},"properties":{}},{"type":"Feature","geometry":{"type":"LineString","coordinates":[[-96.998642,35.638497],[-97.0007,35.388781]]},"properties":{}},{"type":"Feature","geometry":{"type":"LineString","coordinates":[[-97.076919,36.668428],[-97.077606,36.509764]]},"properties":{}},{"type":"Feature","geometry":{"type":"LineString","coordinates":[[-97.077606,36.509764],[-97.067306,36.476203]]},"properties":{}},{"type":"Feature","geometry":{"type":"LineString","coordinates":[[-97.067306,36.476203],[-97.067306,36.290028]]},"properties":{}},{"type":"Feature","geometry":{"type":"LineString","coordinates":[[-97.067306,36.290028],[-97.068678,36.173828]]},"properties":{}},{"type":"Feature","geometry":{"type":"LineString","coordinates":[[-97.068678,36.173828],[-97.050825,36.173944]]},"properties":{}},{"type":"Feature","geometry":{"type":"LineString","coordinates":[[-97.050825,36.173944],[-97.050825,35.985936]]},"properties":{}},{"type":"Feature","geometry":{"type":"LineString","coordinates":[[-97.050825,35.985936],[-97.032972,35.985494]]},"properties":{}},{"type":"Feature","geometry":{"type":"LineString","coordinates":[[-97.032972,35.985494],[-97.030917,35.951156]]},"properties":{}},{"type":"Feature","geometry":{"type":"LineString","coordinates":[[-98.955833,36.169722],[-98.920556,36.144444]]},"properties":{}},{"type":"Feature","geometry":{"type":"LineString","coordinates":[[-98.920556,36.144444],[-98.820914,36.057933]]},"properties":{}},{"type":"Feature","geometry":{"type":"LineString","coordinates":[[-98.820914,36.057933],[-98.597753,35.842378]]},"properties":{}},{"type":"Feature","geometry":{"type":"LineString","coordinates":[[-98.597753,35.842378],[-98.419911,35.841936]]},"properties":{}},{"type":"Feature","geometry":{"type":"LineString","coordinates":[[-98.419911,35.841936],[-98.393133,35.751944]]},"properties":{}},{"type":"Feature","geometry":{"type":"LineString","coordinates":[[-98.393133,35.751944],[-98.393819,35.728097]]},"properties":{}},{"type":"Feature","geometry":{"type":"LineString","coordinates":[[-98.393819,35.728097],[-98.372533,35.722081]]},"properties":{}},{"type":"Feature","geometry":{"type":"LineString","coordinates":[[-98.372533,35.722081],[-98.318289,35.637975]]},"properties":{}},{"type":"Feature","geometry":{"type":"LineString","coordinates":[[-98.648333,36.937778],[-98.648056,36.7975]]},"properties":{}},{"type":"Feature","geometry":{"type":"LineString","coordinates":[[-98.889578,36.381728],[-98.932836,36.323775]]},"properties":{}},{"type":"Feature","geometry":{"type":"LineString","coordinates":[[-98.932836,36.323775],[-98.924597,36.292353]]},"properties":{}},{"type":"Feature","geometry":{"type":"LineString","coordinates":[[-98.924597,36.292353],[-98.920478,36.216608]]},"properties":{}},{"type":"Feature","geometry":{"type":"LineString","coordinates":[[-98.648056,36.7975],[-98.666111,36.797222]]},"properties":{}},{"type":"Feature","geometry":{"type":"LineString","coordinates":[[-98.666111,36.797222],[-98.666944,36.690833]]},"properties":{}},{"type":"Feature","geometry":{"type":"LineString","coordinates":[[-98.666944,36.690833],[-98.667106,36.594128]]},"properties":{}},{"type":"Feature","geometry":{"type":"LineString","coordinates":[[-98.667106,36.594128],[-98.879278,36.594792]]},"properties":{}},{"type":"Feature","geometry":{"type":"LineString","coordinates":[[-98.879278,36.594792],[-98.879278,36.473094]]},"properties":{}},{"type":"Feature","geometry":{"type":"LineString","coordinates":[[-98.879278,36.473094],[-98.875844,36.460508]]},"properties":{}},{"type":"Feature","geometry":{"type":"LineString","coordinates":[[-98.875844,36.460508],[-98.889578,36.424722]]},"properties":{}},{"type":"Feature","geometry":{"type":"LineString","coordinates":[[-98.889578,36.424722],[-98.889578,36.381728]]},"properties":{}},{"type":"Feature","geometry":{"type":"LineString","coordinates":[[-96.845147,37.679711],[-96.766869,37.679939]]},"properties":{}},{"type":"Feature","geometry":{"type":"LineString","coordinates":[[-95.800072,37.508739],[-95.727292,37.486083]]},"properties":{}},{"type":"Feature","geometry":{"type":"LineString","coordinates":[[-95.727292,37.486083],[-95.710461,37.411436]]},"properties":{}},{"type":"Feature","geometry":{"type":"LineString","coordinates":[[-96.766869,37.679939],[-96.736917,37.663861]]},"properties":{}},{"type":"Feature","geometry":{"type":"LineString","coordinates":[[-96.736917,37.663861],[-96.490839,37.660825]]},"properties":{}},{"type":"Feature","geometry":{"type":"LineString","coordinates":[[-96.490839,37.660825],[-96.440028,37.640392]]},"properties":{}},{"type":"Feature","geometry":{"type":"LineString","coordinates":[[-96.440028,37.640392],[-96.162622,37.637356]]},"properties":{}},{"type":"Feature","geometry":{"type":"LineString","coordinates":[[-96.162622,37.637356],[-95.89895,37.613653]]},"properties":{}},{"type":"Feature","geometry":{"type":"LineString","coordinates":[[-95.89895,37.613653],[-95.853631,37.563819]]},"properties":{}},{"type":"Feature","geometry":{"type":"LineString","coordinates":[[-95.853631,37.563819],[-95.802819,37.546631]]},"properties":{}},{"type":"Feature","geometry":{"type":"LineString","coordinates":[[-95.802819,37.546631],[-95.800072,37.508739]]},"properties":{}},{"type":"Feature","geometry":{"type":"LineString","coordinates":[[-95.696042,37.358197],[-95.606433,37.348883]]},"properties":{}},{"type":"Feature","geometry":{"type":"LineString","coordinates":[[-95.606433,37.348883],[-95.379847,37.341469]]},"properties":{}},{"type":"Feature","geometry":{"type":"LineString","coordinates":[[-95.379847,37.341469],[-95.320794,37.352611]]},"properties":{}},{"type":"Feature","geometry":{"type":"LineString","coordinates":[[-95.320794,37.352611],[-95.285089,37.369214]]},"properties":{}},{"type":"Feature","geometry":{"type":"LineString","coordinates":[[-95.285089,37.369214],[-95.172481,37.341056]]},"properties":{}},{"type":"Feature","geometry":{"type":"LineString","coordinates":[[-95.172481,37.341056],[-94.706933,37.339097]]},"properties":{}},{"type":"Feature","geometry":{"type":"LineString","coordinates":[[-94.704583,37.178067],[-94.704333,37.085889]]},"properties":{}},{"type":"Feature","geometry":{"type":"LineString","coordinates":[[-94.704333,37.085889],[-94.735231,37.057731]]},"properties":{}},{"type":"Feature","geometry":{"type":"LineString","coordinates":[[-94.735231,37.057731],[-94.735231,37.054008]]},"properties":{}},{"type":"Feature","geometry":{"type":"LineString","coordinates":[[-94.735231,37.054008],[-94.717033,37.049958]]},"properties":{}},{"type":"Feature","geometry":{"type":"LineString","coordinates":[[-94.717033,37.049958],[-94.702614,37.026722]]},"properties":{}},{"type":"Feature","geometry":{"type":"LineString","coordinates":[[-94.702614,37.026722],[-94.702397,37.023806]]},"properties":{}},{"type":"Feature","geometry":{"type":"LineString","coordinates":[[-94.702397,37.023806],[-94.643564,37.024033]]},"properties":{}},{"type":"Feature","geometry":{"type":"LineString","coordinates":[[-94.643564,37.024033],[-94.6185,37.005725]]},"properties":{}},{"type":"Feature","geometry":{"type":"LineString","coordinates":[[-94.6185,37.005725],[-94.612667,36.998106]]},"properties":{}},{"type":"Feature","geometry":{"type":"LineString","coordinates":[[-99.025556,36.420833],[-98.905833,36.42]]},"properties":{}},{"type":"Feature","geometry":{"type":"LineString","coordinates":[[-98.905833,36.42],[-98.830603,36.412678]]},"properties":{}},{"type":"Feature","geometry":{"type":"LineString","coordinates":[[-98.830603,36.412678],[-98.749578,36.415147]]},"properties":{}},{"type":"Feature","geometry":{"type":"LineString","coordinates":[[-98.749578,36.415147],[-98.660314,36.363392]]},"properties":{}},{"type":"Feature","geometry":{"type":"LineString","coordinates":[[-98.660314,36.363392],[-98.481236,36.344347]]},"properties":{}},{"type":"Feature","geometry":{"type":"LineString","coordinates":[[-97.889569,36.390986],[-97.842161,36.391003]]},"properties":{}},{"type":"Feature","geometry":{"type":"LineString","coordinates":[[-96.963942,36.247642],[-96.895278,36.22505]]},"properties":{}},{"type":"Feature","geometry":{"type":"LineString","coordinates":[[-96.895278,36.22505],[-96.599333,36.225719]]},"properties":{}},{"type":"Feature","geometry":{"type":"LineString","coordinates":[[-96.599333,36.225719],[-96.5547,36.219186]]},"properties":{}},{"type":"Feature","geometry":{"type":"LineString","coordinates":[[-96.5547,36.219186],[-96.299267,36.215425]]},"properties":{}},{"type":"Feature","geometry":{"type":"LineString","coordinates":[[-96.299267,36.215425],[-96.240217,36.151806]]},"properties":{}},{"type":"Feature","geometry":{"type":"LineString","coordinates":[[-96.240217,36.151806],[-96.166058,36.154694]]},"properties":{}},{"type":"Feature","geometry":{"type":"LineString","coordinates":[[-96.166058,36.154694],[-96.117308,36.138728]]},"properties":{}},{"type":"Feature","geometry":{"type":"LineString","coordinates":[[-96.117308,36.138728],[-96.071303,36.146053]]},"properties":{}},{"type":"Feature","geometry":{"type":"LineString","coordinates":[[-96.071303,36.146053],[-96.055508,36.158367]]},"properties":{}},{"type":"Feature","geometry":{"type":"LineString","coordinates":[[-96.055508,36.158367],[-96.012936,36.155708]]},"properties":{}},{"type":"Feature","geometry":{"type":"LineString","coordinates":[[-97.842161,36.391003],[-97.818128,36.39775]]},"properties":{}},{"type":"Feature","geometry":{"type":"LineString","coordinates":[[-96.012936,36.155708],[-95.960064,36.160814]]},"properties":{}},{"type":"Feature","geometry":{"type":"LineString","coordinates":[[-95.960064,36.160814],[-95.841275,36.167583]]},"properties":{}},{"type":"Feature","geometry":{"type":"LineString","coordinates":[[-95.841275,36.167583],[-95.828231,36.162269]]},"properties":{}},{"type":"Feature","geometry":{"type":"LineString","coordinates":[[-97.818128,36.39775],[-97.282544,36.398533]]},"properties":{}},{"type":"Feature","geometry":{"type":"LineString","coordinates":[[-97.282544,36.398533],[-97.255764,36.403069]]},"properties":{}},{"type":"Feature","geometry":{"type":"LineString","coordinates":[[-97.255764,36.403069],[-97.205639,36.393236]]},"properties":{}},{"type":"Feature","geometry":{"type":"LineString","coordinates":[[-97.205639,36.393236],[-97.104017,36.392797]]},"properties":{}},{"type":"Feature","geometry":{"type":"LineString","coordinates":[[-97.104017,36.392797],[-97.042219,36.376883]]},"properties":{}},{"type":"Feature","geometry":{"type":"LineString","coordinates":[[-97.042219,36.376883],[-96.996214,36.320036]]},"properties":{}},{"type":"Feature","geometry":{"type":"LineString","coordinates":[[-96.996214,36.320036],[-96.963942,36.247642]]},"properties":{}},{"type":"Feature","geometry":{"type":"LineString","coordinates":[[-95.732111,36.16275],[-95.610564,36.164167]]},"properties":{}},{"type":"Feature","geometry":{"type":"LineString","coordinates":[[-95.153258,36.188367],[-95.129225,36.187375]]},"properties":{}},{"type":"Feature","geometry":{"type":"LineString","coordinates":[[-95.129225,36.187375],[-95.094892,36.211869]]},"properties":{}},{"type":"Feature","geometry":{"type":"LineString","coordinates":[[-95.094892,36.211869],[-94.997389,36.217525]]},"properties":{}},{"type":"Feature","geometry":{"type":"LineString","coordinates":[[-95.610564,36.164167],[-95.585158,36.172039]]},"properties":{}},{"type":"Feature","geometry":{"type":"LineString","coordinates":[[-95.585158,36.172039],[-95.372983,36.169383]]},"properties":{}},{"type":"Feature","geometry":{"type":"LineString","coordinates":[[-95.372983,36.169383],[-95.342083,36.165619]]},"properties":{}},{"type":"Feature","geometry":{"type":"LineString","coordinates":[[-95.342083,36.165619],[-95.309125,36.177928]]},"properties":{}},{"type":"Feature","geometry":{"type":"LineString","coordinates":[[-95.309125,36.177928],[-95.260375,36.176936]]},"properties":{}},{"type":"Feature","geometry":{"type":"LineString","coordinates":[[-95.260375,36.176936],[-95.246642,36.169847]]},"properties":{}},{"type":"Feature","geometry":{"type":"LineString","coordinates":[[-95.246642,36.169847],[-95.225356,36.181047]]},"properties":{}},{"type":"Feature","geometry":{"type":"LineString","coordinates":[[-95.225356,36.181047],[-95.153258,36.188367]]},"properties":{}},{"type":"Feature","geometry":{"type":"LineString","coordinates":[[-96.850625,37.818739],[-96.805994,37.809736]]},"properties":{}},{"type":"Feature","geometry":{"type":"LineString","coordinates":[[-95.665475,37.878925],[-95.640756,37.901358]]},"properties":{}},{"type":"Feature","geometry":{"type":"LineString","coordinates":[[-95.640756,37.901358],[-95.524025,37.922158]]},"properties":{}},{"type":"Feature","geometry":{"type":"LineString","coordinates":[[-96.805994,37.809736],[-96.330147,37.810711]]},"properties":{}},{"type":"Feature","geometry":{"type":"LineString","coordinates":[[-96.330147,37.810711],[-96.297875,37.819064]]},"properties":{}},{"type":"Feature","geometry":{"type":"LineString","coordinates":[[-96.297875,37.819064],[-96.228525,37.817656]]},"properties":{}},{"type":"Feature","geometry":{"type":"LineString","coordinates":[[-96.228525,37.817656],[-96.1784,37.839022]]},"properties":{}},{"type":"Feature","geometry":{"type":"LineString","coordinates":[[-96.1784,37.839022],[-95.852931,37.836528]]},"properties":{}},{"type":"Feature","geometry":{"type":"LineString","coordinates":[[-95.852931,37.836528],[-95.802117,37.868733]]},"properties":{}},{"type":"Feature","geometry":{"type":"LineString","coordinates":[[-95.802117,37.868733],[-95.763667,37.880333]]},"properties":{}},{"type":"Feature","geometry":{"type":"LineString","coordinates":[[-95.763667,37.880333],[-95.665475,37.878925]]},"properties":{}},{"type":"Feature","geometry":{"type":"LineString","coordinates":[[-95.161342,37.858983],[-95.160656,37.690625]]},"properties":{}},{"type":"Feature","geometry":{"type":"LineString","coordinates":[[-95.266306,37.319056],[-95.267681,37.194014]]},"properties":{}},{"type":"Feature","geometry":{"type":"LineString","coordinates":[[-95.267681,37.194014],[-95.142708,37.193583]]},"properties":{}},{"type":"Feature","geometry":{"type":"LineString","coordinates":[[-95.142708,37.193583],[-95.110444,37.164694]]},"properties":{}},{"type":"Feature","geometry":{"type":"LineString","coordinates":[[-95.110444,37.164694],[-95.103569,37.143472]]},"properties":{}},{"type":"Feature","geometry":{"type":"LineString","coordinates":[[-95.103569,37.143472],[-95.100139,37.049375]]},"properties":{}},{"type":"Feature","geometry":{"type":"LineString","coordinates":[[-95.100139,37.049375],[-95.100139,37.037986]]},"properties":{}},{"type":"Feature","geometry":{"type":"LineString","coordinates":[[-95.100139,37.037986],[-95.085028,37.036458]]},"properties":{}},{"type":"Feature","geometry":{"type":"LineString","coordinates":[[-95.085028,37.036458],[-95.082972,36.942236]]},"properties":{}},{"type":"Feature","geometry":{"type":"LineString","coordinates":[[-95.082972,36.942236],[-95.089153,36.935875]]},"properties":{}},{"type":"Feature","geometry":{"type":"LineString","coordinates":[[-95.089153,36.935875],[-95.089833,36.897569]]},"properties":{}},{"type":"Feature","geometry":{"type":"LineString","coordinates":[[-95.160656,37.690625],[-95.231972,37.688667]]},"properties":{}},{"type":"Feature","geometry":{"type":"LineString","coordinates":[[-95.089833,36.897569],[-95.098083,36.886139]]},"properties":{}},{"type":"Feature","geometry":{"type":"LineString","coordinates":[[-95.098083,36.886139],[-95.097389,36.874181]]},"properties":{}},{"type":"Feature","geometry":{"type":"LineString","coordinates":[[-95.097389,36.874181],[-94.965556,36.874292]]},"properties":{}},{"type":"Feature","geometry":{"type":"LineString","coordinates":[[-94.965556,36.874292],[-94.946333,36.859569]]},"properties":{}},{"type":"Feature","geometry":{"type":"LineString","coordinates":[[-94.946333,36.859569],[-94.903764,36.859139]]},"properties":{}},{"type":"Feature","geometry":{"type":"LineString","coordinates":[[-94.903764,36.859139],[-94.904444,36.846611]]},"properties":{}},{"type":"Feature","geometry":{"type":"LineString","coordinates":[[-94.904444,36.846611],[-94.927111,36.814847]]},"properties":{}},{"type":"Feature","geometry":{"type":"LineString","coordinates":[[-94.927111,36.814847],[-94.926417,36.685125]]},"properties":{}},{"type":"Feature","geometry":{"type":"LineString","coordinates":[[-94.926417,36.685125],[-94.865306,36.685792]]},"properties":{}},{"type":"Feature","geometry":{"type":"LineString","coordinates":[[-94.865306,36.685792],[-94.839208,36.671042]]},"properties":{}},{"type":"Feature","geometry":{"type":"LineString","coordinates":[[-95.231972,37.688667],[-95.251889,37.681722]]},"properties":{}},{"type":"Feature","geometry":{"type":"LineString","coordinates":[[-94.839208,36.671042],[-94.8145,36.644708]]},"properties":{}},{"type":"Feature","geometry":{"type":"LineString","coordinates":[[-94.8145,36.644708],[-94.815181,36.623333]]},"properties":{}},{"type":"Feature","geometry":{"type":"LineString","coordinates":[[-94.815181,36.623333],[-94.769181,36.587625]]},"properties":{}},{"type":"Feature","geometry":{"type":"LineString","coordinates":[[-94.769181,36.587625],[-94.769861,36.570639]]},"properties":{}},{"type":"Feature","geometry":{"type":"LineString","coordinates":[[-94.769861,36.570639],[-94.774667,36.559181]]},"properties":{}},{"type":"Feature","geometry":{"type":"LineString","coordinates":[[-94.774667,36.559181],[-94.773292,36.531708]]},"properties":{}},{"type":"Feature","geometry":{"type":"LineString","coordinates":[[-94.773292,36.531708],[-94.782222,36.49375]]},"properties":{}},{"type":"Feature","geometry":{"type":"LineString","coordinates":[[-94.782222,36.49375],[-94.781542,36.430361]]},"properties":{}},{"type":"Feature","geometry":{"type":"LineString","coordinates":[[-94.781542,36.430361],[-94.824792,36.408917]]},"properties":{}},{"type":"Feature","geometry":{"type":"LineString","coordinates":[[-94.824792,36.408917],[-94.816556,36.385819]]},"properties":{}},{"type":"Feature","geometry":{"type":"LineString","coordinates":[[-95.251889,37.681722],[-95.251889,37.566542]]},"properties":{}},{"type":"Feature","geometry":{"type":"LineString","coordinates":[[-94.816556,36.385819],[-94.822736,36.348347]]},"properties":{}},{"type":"Feature","geometry":{"type":"LineString","coordinates":[[-94.822736,36.348347],[-94.806944,36.337944]]},"properties":{}},{"type":"Feature","geometry":{"type":"LineString","coordinates":[[-94.806944,36.337944],[-94.793208,36.345806]]},"properties":{}},{"type":"Feature","geometry":{"type":"LineString","coordinates":[[-94.793208,36.345806],[-94.774667,36.304431]]},"properties":{}},{"type":"Feature","geometry":{"type":"LineString","coordinates":[[-95.251889,37.566542],[-95.269056,37.540514]]},"properties":{}},{"type":"Feature","geometry":{"type":"LineString","coordinates":[[-95.269056,37.540514],[-95.270431,37.391847]]},"properties":{}},{"type":"Feature","geometry":{"type":"LineString","coordinates":[[-95.270431,37.391847],[-95.25875,37.377236]]},"properties":{}},{"type":"Feature","geometry":{"type":"LineString","coordinates":[[-95.25875,37.377236],[-95.25875,37.330403]]},"properties":{}},{"type":"Feature","geometry":{"type":"LineString","coordinates":[[-95.25875,37.330403],[-95.266306,37.319056]]},"properties":{}},{"type":"Feature","geometry":{"type":"LineString","coordinates":[[-98.920833,36.216667],[-98.586389,36.216944]]},"properties":{}},{"type":"Feature","geometry":{"type":"LineString","coordinates":[[-97.872403,36.446347],[-97.875153,36.667083]]},"properties":{}},{"type":"Feature","geometry":{"type":"LineString","coordinates":[[-97.875153,36.667083],[-97.788639,36.667194]]},"properties":{}},{"type":"Feature","geometry":{"type":"LineString","coordinates":[[-97.788639,36.667194],[-97.771472,36.679986]]},"properties":{}},{"type":"Feature","geometry":{"type":"LineString","coordinates":[[-97.771472,36.679986],[-97.573028,36.680639]]},"properties":{}},{"type":"Feature","geometry":{"type":"LineString","coordinates":[[-97.573028,36.680639],[-97.55175,36.694528]]},"properties":{}},{"type":"Feature","geometry":{"type":"LineString","coordinates":[[-97.55175,36.694528],[-97.307986,36.695194]]},"properties":{}},{"type":"Feature","geometry":{"type":"LineString","coordinates":[[-97.307986,36.695194],[-97.290139,36.688694]]},"properties":{}},{"type":"Feature","geometry":{"type":"LineString","coordinates":[[-97.290139,36.688694],[-97.127403,36.688819]]},"properties":{}},{"type":"Feature","geometry":{"type":"LineString","coordinates":[[-97.127403,36.688819],[-97.108167,36.681014]]},"properties":{}},{"type":"Feature","geometry":{"type":"LineString","coordinates":[[-97.108167,36.681014],[-96.942694,36.679472]]},"properties":{}},{"type":"Feature","geometry":{"type":"LineString","coordinates":[[-98.586389,36.216944],[-98.541653,36.260875]]},"properties":{}},{"type":"Feature","geometry":{"type":"LineString","coordinates":[[-96.942694,36.679472],[-96.868528,36.694458]]},"properties":{}},{"type":"Feature","geometry":{"type":"LineString","coordinates":[[-96.868528,36.694458],[-96.7415,36.695125]]},"properties":{}},{"type":"Feature","geometry":{"type":"LineString","coordinates":[[-96.7415,36.695125],[-96.615847,36.680375]]},"properties":{}},{"type":"Feature","geometry":{"type":"LineString","coordinates":[[-96.615847,36.680375],[-96.457236,36.680486]]},"properties":{}},{"type":"Feature","geometry":{"type":"LineString","coordinates":[[-96.457236,36.680486],[-96.424278,36.665181]]},"properties":{}},{"type":"Feature","geometry":{"type":"LineString","coordinates":[[-96.424278,36.665181],[-96.329514,36.664194]]},"properties":{}},{"type":"Feature","geometry":{"type":"LineString","coordinates":[[-96.329514,36.664194],[-96.313722,36.670917]]},"properties":{}},{"type":"Feature","geometry":{"type":"LineString","coordinates":[[-96.313722,36.670917],[-96.313042,36.705167]]},"properties":{}},{"type":"Feature","geometry":{"type":"LineString","coordinates":[[-96.313042,36.705167],[-96.2945,36.744361]]},"properties":{}},{"type":"Feature","geometry":{"type":"LineString","coordinates":[[-96.2945,36.744361],[-96.186694,36.766486]]},"properties":{}},{"type":"Feature","geometry":{"type":"LineString","coordinates":[[-98.541653,36.260875],[-98.477111,36.261111]]},"properties":{}},{"type":"Feature","geometry":{"type":"LineString","coordinates":[[-96.186694,36.766486],[-96.133139,36.741292]]},"properties":{}},{"type":"Feature","geometry":{"type":"LineString","coordinates":[[-96.133139,36.741292],[-96.093306,36.7535]]},"properties":{}},{"type":"Feature","geometry":{"type":"LineString","coordinates":[[-96.093306,36.7535],[-95.999236,36.752514]]},"properties":{}},{"type":"Feature","geometry":{"type":"LineString","coordinates":[[-95.999236,36.752514],[-95.957361,36.743278]]},"properties":{}},{"type":"Feature","geometry":{"type":"LineString","coordinates":[[-95.957361,36.743278],[-95.935375,36.743153]]},"properties":{}},{"type":"Feature","geometry":{"type":"LineString","coordinates":[[-98.477111,36.261111],[-98.481236,36.344347]]},"properties":{}},{"type":"Feature","geometry":{"type":"LineString","coordinates":[[-98.481236,36.344347],[-98.445528,36.379958]]},"properties":{}},{"type":"Feature","geometry":{"type":"LineString","coordinates":[[-98.445528,36.379958],[-98.440944,36.391486]]},"properties":{}},{"type":"Feature","geometry":{"type":"LineString","coordinates":[[-98.440944,36.391486],[-97.889569,36.390986]]},"properties":{}},{"type":"Feature","geometry":{"type":"LineString","coordinates":[[-97.889569,36.390986],[-97.890264,36.428056]]},"properties":{}},{"type":"Feature","geometry":{"type":"LineString","coordinates":[[-97.890264,36.428056],[-97.872403,36.446347]]},"properties":{}},{"type":"Feature","geometry":{"type":"LineString","coordinates":[[-95.935042,36.727583],[-95.793583,36.727917]]},"properties":{}},{"type":"Feature","geometry":{"type":"LineString","coordinates":[[-95.162375,36.626986],[-95.154472,36.638722]]},"properties":{}},{"type":"Feature","geometry":{"type":"LineString","coordinates":[[-95.154472,36.638722],[-95.138861,36.632833]]},"properties":{}},{"type":"Feature","geometry":{"type":"LineString","coordinates":[[-95.138861,36.632833],[-95.132681,36.626944]]},"properties":{}},{"type":"Feature","geometry":{"type":"LineString","coordinates":[[-95.132681,36.626944],[-94.981611,36.627278]]},"properties":{}},{"type":"Feature","geometry":{"type":"LineString","coordinates":[[-94.981611,36.627278],[-94.981264,36.685722]]},"properties":{}},{"type":"Feature","geometry":{"type":"LineString","coordinates":[[-94.981264,36.685722],[-94.929167,36.705319]]},"properties":{}},{"type":"Feature","geometry":{"type":"LineString","coordinates":[[-95.793583,36.727917],[-95.772306,36.713667]]},"properties":{}},{"type":"Feature","geometry":{"type":"LineString","coordinates":[[-95.772306,36.713667],[-95.664847,36.714]]},"properties":{}},{"type":"Feature","geometry":{"type":"LineString","coordinates":[[-95.664847,36.714],[-95.645278,36.702222]]},"properties":{}},{"type":"Feature","geometry":{"type":"LineString","coordinates":[[-95.645278,36.702222],[-95.621583,36.699639]]},"properties":{}},{"type":"Feature","geometry":{"type":"LineString","coordinates":[[-95.621583,36.699639],[-95.3895,36.698875]]},"properties":{}},{"type":"Feature","geometry":{"type":"LineString","coordinates":[[-95.3895,36.698875],[-95.328042,36.677458]]},"properties":{}},{"type":"Feature","geometry":{"type":"LineString","coordinates":[[-95.328042,36.677458],[-95.238431,36.627097]]},"properties":{}},{"type":"Feature","geometry":{"type":"LineString","coordinates":[[-95.238431,36.627097],[-95.162375,36.626986]]},"properties":{}},{"type":"Feature","geometry":{"type":"LineString","coordinates":[[-94.927194,36.718417],[-94.914667,36.719139]]},"properties":{}},{"type":"Feature","geometry":{"type":"LineString","coordinates":[[-94.662319,36.814694],[-94.6455,36.812833]]},"properties":{}},{"type":"Feature","geometry":{"type":"LineString","coordinates":[[-94.6455,36.812833],[-94.620778,36.824708]]},"properties":{}},{"type":"Feature","geometry":{"type":"LineString","coordinates":[[-94.620778,36.824708],[-94.552458,36.822847]]},"properties":{}},{"type":"Feature","geometry":{"type":"LineString","coordinates":[[-94.552458,36.822847],[-94.543194,36.827028]]},"properties":{}},{"type":"Feature","geometry":{"type":"LineString","coordinates":[[-94.543194,36.827028],[-94.483792,36.836431]]},"properties":{}},{"type":"Feature","geometry":{"type":"LineString","coordinates":[[-94.483792,36.836431],[-94.384236,36.84225]]},"properties":{}},{"type":"Feature","geometry":{"type":"LineString","coordinates":[[-94.384236,36.84225],[-94.318653,36.864014]]},"properties":{}},{"type":"Feature","geometry":{"type":"LineString","coordinates":[[-94.318653,36.864014],[-94.316597,36.904986]]},"properties":{}},{"type":"Feature","geometry":{"type":"LineString","coordinates":[[-94.316597,36.904986],[-94.297028,36.913278]]},"properties":{}},{"type":"Feature","geometry":{"type":"LineString","coordinates":[[-94.297028,36.913278],[-94.278139,36.918]]},"properties":{}},{"type":"Feature","geometry":{"type":"LineString","coordinates":[[-94.914667,36.719139],[-94.858194,36.745861]]},"properties":{}},{"type":"Feature","geometry":{"type":"LineString","coordinates":[[-94.278139,36.918],[-94.260972,36.916403]]},"properties":{}},{"type":"Feature","geometry":{"type":"LineString","coordinates":[[-94.260972,36.916403],[-94.242778,36.921681]]},"properties":{}},{"type":"Feature","geometry":{"type":"LineString","coordinates":[[-94.242778,36.921681],[-93.955083,36.915153]]},"properties":{}},{"type":"Feature","geometry":{"type":"LineString","coordinates":[[-93.955083,36.915153],[-93.857236,36.913014]]},"properties":{}},{"type":"Feature","geometry":{"type":"LineString","coordinates":[[-93.857236,36.913014],[-93.844181,36.927069]]},"properties":{}},{"type":"Feature","geometry":{"type":"LineString","coordinates":[[-93.844181,36.927069],[-93.762764,36.948806]]},"properties":{}},{"type":"Feature","geometry":{"type":"LineString","coordinates":[[-93.762764,36.948806],[-93.708292,36.947861]]},"properties":{}},{"type":"Feature","geometry":{"type":"LineString","coordinates":[[-93.708292,36.947861],[-93.65075,36.986597]]},"properties":{}},{"type":"Feature","geometry":{"type":"LineString","coordinates":[[-93.65075,36.986597],[-93.629458,36.995708]]},"properties":{}},{"type":"Feature","geometry":{"type":"LineString","coordinates":[[-93.629458,36.995708],[-93.623625,37.007]]},"properties":{}},{"type":"Feature","geometry":{"type":"LineString","coordinates":[[-94.858194,36.745861],[-94.835875,36.756472]]},"properties":{}},{"type":"Feature","geometry":{"type":"LineString","coordinates":[[-93.623625,37.007],[-93.578028,37.048181]]},"properties":{}},{"type":"Feature","geometry":{"type":"LineString","coordinates":[[-93.578028,37.048181],[-93.517542,37.091792]]},"properties":{}},{"type":"Feature","geometry":{"type":"LineString","coordinates":[[-93.517542,37.091792],[-93.486639,37.112111]]},"properties":{}},{"type":"Feature","geometry":{"type":"LineString","coordinates":[[-93.486639,37.112111],[-93.47325,37.115722]]},"properties":{}},{"type":"Feature","geometry":{"type":"LineString","coordinates":[[-93.47325,37.115722],[-93.454375,37.134667]]},"properties":{}},{"type":"Feature","geometry":{"type":"LineString","coordinates":[[-93.454375,37.134667],[-93.400472,37.160722]]},"properties":{}},{"type":"Feature","geometry":{"type":"LineString","coordinates":[[-93.400472,37.160722],[-93.376431,37.1605]]},"properties":{}},{"type":"Feature","geometry":{"type":"LineString","coordinates":[[-93.376431,37.1605],[-93.348972,37.1425]]},"properties":{}},{"type":"Feature","geometry":{"type":"LineString","coordinates":[[-93.348972,37.1425],[-93.319097,37.142556]]},"properties":{}},{"type":"Feature","geometry":{"type":"LineString","coordinates":[[-93.319097,37.142556],[-93.301564,37.134394]]},"properties":{}},{"type":"Feature","geometry":{"type":"LineString","coordinates":[[-94.835875,36.756472],[-94.765833,36.797264]]},"properties":{}},{"type":"Feature","geometry":{"type":"LineString","coordinates":[[-93.301564,37.134394],[-93.273069,37.142822]]},"properties":{}},{"type":"Feature","geometry":{"type":"LineString","coordinates":[[-93.273069,37.142822],[-93.212986,37.120597]]},"properties":{}},{"type":"Feature","geometry":{"type":"LineString","coordinates":[[-93.212986,37.120597],[-93.086986,37.119175]]},"properties":{}},{"type":"Feature","geometry":{"type":"LineString","coordinates":[[-94.765833,36.797264],[-94.725833,36.805125]]},"properties":{}},{"type":"Feature","geometry":{"type":"LineString","coordinates":[[-94.725833,36.805125],[-94.703181,36.803806]]},"properties":{}},{"type":"Feature","geometry":{"type":"LineString","coordinates":[[-94.703181,36.803806],[-94.695625,36.798639]]},"properties":{}},{"type":"Feature","geometry":{"type":"LineString","coordinates":[[-94.695625,36.798639],[-94.688875,36.798972]]},"properties":{}},{"type":"Feature","geometry":{"type":"LineString","coordinates":[[-94.688875,36.798972],[-94.662319,36.814694]]},"properties":{}},{"type":"Feature","geometry":{"type":"LineString","coordinates":[[-95.402917,35.755181],[-95.453611,35.754739]]},"properties":{}},{"type":"Feature","geometry":{"type":"LineString","coordinates":[[-95.453611,35.754739],[-95.481994,35.739808]]},"properties":{}},{"type":"Feature","geometry":{"type":"LineString","coordinates":[[-95.481994,35.739808],[-95.641983,35.740278]]},"properties":{}},{"type":"Feature","geometry":{"type":"LineString","coordinates":[[-95.641983,35.740278],[-95.644042,35.667903]]},"properties":{}},{"type":"Feature","geometry":{"type":"LineString","coordinates":[[-95.644042,35.667903],[-95.656403,35.651283]]},"properties":{}},{"type":"Feature","geometry":{"type":"LineString","coordinates":[[-95.656403,35.651283],[-95.659836,35.610658]]},"properties":{}},{"type":"Feature","geometry":{"type":"LineString","coordinates":[[-95.659836,35.610658],[-95.961958,35.610217]]},"properties":{}},{"type":"Feature","geometry":{"type":"LineString","coordinates":[[-95.961958,35.610217],[-95.950294,35.542758]]},"properties":{}},{"type":"Feature","geometry":{"type":"LineString","coordinates":[[-95.950294,35.542758],[-95.963333,35.477478]]},"properties":{}},{"type":"Feature","geometry":{"type":"LineString","coordinates":[[-98.9475,36.795833],[-98.666111,36.797222]]},"properties":{}},{"type":"Feature","geometry":{"type":"LineString","coordinates":[[-98.666111,36.797222],[-98.648056,36.7975]]},"properties":{}},{"type":"Feature","geometry":{"type":"LineString","coordinates":[[-98.648056,36.7975],[-98.359942,36.798533]]},"properties":{}},{"type":"Feature","geometry":{"type":"LineString","coordinates":[[-98.359942,36.798533],[-98.359942,36.665394]]},"properties":{}},{"type":"Feature","geometry":{"type":"LineString","coordinates":[[-98.359942,36.665394],[-97.875153,36.667083]]},"properties":{}},{"type":"Feature","geometry":{"type":"LineString","coordinates":[[-97.875153,36.667083],[-97.872403,36.446347]]},"properties":{}},{"type":"Feature","geometry":{"type":"LineString","coordinates":[[-97.872403,36.446347],[-97.872422,36.419567]]},"properties":{}},{"type":"Feature","geometry":{"type":"LineString","coordinates":[[-97.872422,36.419567],[-97.837406,36.420172]]},"properties":{}},{"type":"Feature","geometry":{"type":"LineString","coordinates":[[-97.837406,36.420172],[-97.836717,36.392042]]},"properties":{}},{"type":"Feature","geometry":{"type":"LineString","coordinates":[[-97.327569,36.28995],[-97.027506,36.290942]]},"properties":{}},{"type":"Feature","geometry":{"type":"LineString","coordinates":[[-96.605906,36.286122],[-96.513208,36.285683]]},"properties":{}},{"type":"Feature","geometry":{"type":"LineString","coordinates":[[-96.513208,36.285683],[-96.491236,36.305169]]},"properties":{}},{"type":"Feature","geometry":{"type":"LineString","coordinates":[[-96.491236,36.305169],[-96.463083,36.305839]]},"properties":{}},{"type":"Feature","geometry":{"type":"LineString","coordinates":[[-96.463083,36.305839],[-96.388239,36.217922]]},"properties":{}},{"type":"Feature","geometry":{"type":"LineString","coordinates":[[-97.027506,36.290942],[-96.94305,36.306667]]},"properties":{}},{"type":"Feature","geometry":{"type":"LineString","coordinates":[[-96.94305,36.306667],[-96.923822,36.319508]]},"properties":{}},{"type":"Feature","geometry":{"type":"LineString","coordinates":[[-96.923822,36.319508],[-96.853786,36.319622]]},"properties":{}},{"type":"Feature","geometry":{"type":"LineString","coordinates":[[-96.853786,36.319622],[-96.799539,36.3391]]},"properties":{}},{"type":"Feature","geometry":{"type":"LineString","coordinates":[[-96.799539,36.3391],[-96.776881,36.313769]]},"properties":{}},{"type":"Feature","geometry":{"type":"LineString","coordinates":[[-96.776881,36.313769],[-96.686931,36.286444]]},"properties":{}},{"type":"Feature","geometry":{"type":"LineString","coordinates":[[-96.686931,36.286444],[-96.672511,36.290436]]},"properties":{}},{"type":"Feature","geometry":{"type":"LineString","coordinates":[[-96.672511,36.290436],[-96.605906,36.286122]]},"properties":{}},{"type":"Feature","geometry":{"type":"LineString","coordinates":[[-95.859019,36.097642],[-95.858381,36.034944]]},"properties":{}},{"type":"Feature","geometry":{"type":"LineString","coordinates":[[-95.676417,35.822533],[-95.642089,35.755472]]},"properties":{}},{"type":"Feature","geometry":{"type":"LineString","coordinates":[[-95.642089,35.755472],[-95.641983,35.740278]]},"properties":{}},{"type":"Feature","geometry":{"type":"LineString","coordinates":[[-95.858381,36.034944],[-95.871428,36.024444]]},"properties":{}},{"type":"Feature","geometry":{"type":"LineString","coordinates":[[-95.871428,36.024444],[-95.886533,36.025056]]},"properties":{}},{"type":"Feature","geometry":{"type":"LineString","coordinates":[[-95.886533,36.025056],[-95.886533,35.916189]]},"properties":{}},{"type":"Feature","geometry":{"type":"LineString","coordinates":[[-95.886533,35.916189],[-95.827483,35.915131]]},"properties":{}},{"type":"Feature","geometry":{"type":"LineString","coordinates":[[-95.827483,35.915131],[-95.778731,35.921861]]},"properties":{}},{"type":"Feature","geometry":{"type":"LineString","coordinates":[[-95.778731,35.921861],[-95.748519,35.901444]]},"properties":{}},{"type":"Feature","geometry":{"type":"LineString","coordinates":[[-95.748519,35.901444],[-95.726547,35.867006]]},"properties":{}},{"type":"Feature","geometry":{"type":"LineString","coordinates":[[-95.726547,35.867006],[-95.676417,35.822533]]},"properties":{}},{"type":"Feature","geometry":{"type":"LineString","coordinates":[[-93.104189,37.623897],[-93.137658,37.572036]]},"properties":{}},{"type":"Feature","geometry":{"type":"LineString","coordinates":[[-93.224175,37.137683],[-93.233447,37.115731]]},"properties":{}},{"type":"Feature","geometry":{"type":"LineString","coordinates":[[-93.233447,37.115731],[-93.226236,37.046106]]},"properties":{}},{"type":"Feature","geometry":{"type":"LineString","coordinates":[[-93.226236,37.046106],[-93.232069,36.927581]]},"properties":{}},{"type":"Feature","geometry":{"type":"LineString","coordinates":[[-93.232069,36.927581],[-93.245458,36.913253]]},"properties":{}},{"type":"Feature","geometry":{"type":"LineString","coordinates":[[-93.245458,36.913253],[-93.217653,36.839597]]},"properties":{}},{"type":"Feature","geometry":{"type":"LineString","coordinates":[[-93.217653,36.839597],[-93.226208,36.818656]]},"properties":{}},{"type":"Feature","geometry":{"type":"LineString","coordinates":[[-93.226208,36.818656],[-93.219028,36.716842]]},"properties":{}},{"type":"Feature","geometry":{"type":"LineString","coordinates":[[-93.219028,36.716842],[-93.221431,36.652911]]},"properties":{}},{"type":"Feature","geometry":{"type":"LineString","coordinates":[[-93.221431,36.652911],[-93.226578,36.641289]]},"properties":{}},{"type":"Feature","geometry":{"type":"LineString","coordinates":[[-93.226578,36.641289],[-93.220742,36.621944]]},"properties":{}},{"type":"Feature","geometry":{"type":"LineString","coordinates":[[-93.137658,37.572036],[-93.139375,37.459242]]},"properties":{}},{"type":"Feature","geometry":{"type":"LineString","coordinates":[[-93.220742,36.621944],[-93.234819,36.597639]]},"properties":{}},{"type":"Feature","geometry":{"type":"LineString","coordinates":[[-93.234819,36.597639],[-93.230181,36.589342]]},"properties":{}},{"type":"Feature","geometry":{"type":"LineString","coordinates":[[-93.230181,36.589342],[-93.254558,36.561167]]},"properties":{}},{"type":"Feature","geometry":{"type":"LineString","coordinates":[[-93.254558,36.561167],[-93.243917,36.526356]]},"properties":{}},{"type":"Feature","geometry":{"type":"LineString","coordinates":[[-93.243917,36.526356],[-93.216792,36.486011]]},"properties":{}},{"type":"Feature","geometry":{"type":"LineString","coordinates":[[-93.216792,36.486011],[-93.232931,36.414153]]},"properties":{}},{"type":"Feature","geometry":{"type":"LineString","coordinates":[[-93.139375,37.459242],[-93.143153,37.447742]]},"properties":{}},{"type":"Feature","geometry":{"type":"LineString","coordinates":[[-93.143153,37.447742],[-93.144867,37.408428]]},"properties":{}},{"type":"Feature","geometry":{"type":"LineString","coordinates":[[-93.144867,37.408428],[-93.168556,37.369092]]},"properties":{}},{"type":"Feature","geometry":{"type":"LineString","coordinates":[[-93.168556,37.369092],[-93.167528,37.318819]]},"properties":{}},{"type":"Feature","geometry":{"type":"LineString","coordinates":[[-93.167528,37.318819],[-93.182975,37.289814]]},"properties":{}},{"type":"Feature","geometry":{"type":"LineString","coordinates":[[-93.182975,37.289814],[-93.223833,37.262439]]},"properties":{}},{"type":"Feature","geometry":{"type":"LineString","coordinates":[[-93.223833,37.262439],[-93.224175,37.137683]]},"properties":{}},{"type":"Feature","geometry":{"type":"LineString","coordinates":[[-94.703497,37.840825],[-94.705556,37.769375]]},"properties":{}},{"type":"Feature","geometry":{"type":"LineString","coordinates":[[-94.711653,37.354389],[-94.704786,37.338672]]},"properties":{}},{"type":"Feature","geometry":{"type":"LineString","coordinates":[[-94.704786,37.338672],[-94.7041,37.179208]]},"properties":{}},{"type":"Feature","geometry":{"type":"LineString","coordinates":[[-94.7041,37.179208],[-94.830444,37.178225]]},"properties":{}},{"type":"Feature","geometry":{"type":"LineString","coordinates":[[-94.830444,37.178225],[-94.829756,36.943389]]},"properties":{}},{"type":"Feature","geometry":{"type":"LineString","coordinates":[[-94.829756,36.943389],[-94.868894,36.9435]]},"properties":{}},{"type":"Feature","geometry":{"type":"LineString","coordinates":[[-94.868894,36.9435],[-94.868894,36.927425]]},"properties":{}},{"type":"Feature","geometry":{"type":"LineString","coordinates":[[-94.868894,36.927425],[-94.877139,36.918872]]},"properties":{}},{"type":"Feature","geometry":{"type":"LineString","coordinates":[[-94.877139,36.918872],[-94.877822,36.872311]]},"properties":{}},{"type":"Feature","geometry":{"type":"LineString","coordinates":[[-94.877822,36.872311],[-94.903764,36.859139]]},"properties":{}},{"type":"Feature","geometry":{"type":"LineString","coordinates":[[-94.705556,37.769375],[-94.703603,37.652678]]},"properties":{}},{"type":"Feature","geometry":{"type":"LineString","coordinates":[[-94.703603,37.652678],[-94.704444,37.556747]]},"properties":{}},{"type":"Feature","geometry":{"type":"LineString","coordinates":[[-94.704444,37.556747],[-94.712,37.524194]]},"properties":{}},{"type":"Feature","geometry":{"type":"LineString","coordinates":[[-94.712,37.524194],[-94.705817,37.512869]]},"properties":{}},{"type":"Feature","geometry":{"type":"LineString","coordinates":[[-94.705817,37.512869],[-94.705444,37.442169]]},"properties":{}},{"type":"Feature","geometry":{"type":"LineString","coordinates":[[-94.705444,37.442169],[-94.7247,37.409267]]},"properties":{}},{"type":"Feature","geometry":{"type":"LineString","coordinates":[[-94.7247,37.409267],[-94.706161,37.381014]]},"properties":{}},{"type":"Feature","geometry":{"type":"LineString","coordinates":[[-94.706161,37.381014],[-94.711653,37.354389]]},"properties":{}},{"type":"Feature","geometry":{"type":"LineString","coordinates":[[-95.215653,36.626611],[-95.221144,36.544572]]},"properties":{}},{"type":"Feature","geometry":{"type":"LineString","coordinates":[[-95.355728,36.130886],[-95.362597,36.099939]]},"properties":{}},{"type":"Feature","geometry":{"type":"LineString","coordinates":[[-95.362597,36.099939],[-95.369461,35.994017]]},"properties":{}},{"type":"Feature","geometry":{"type":"LineString","coordinates":[[-95.221144,36.544572],[-95.254789,36.499986]]},"properties":{}},{"type":"Feature","geometry":{"type":"LineString","coordinates":[[-95.254789,36.499986],[-95.256164,36.476919]]},"properties":{}},{"type":"Feature","geometry":{"type":"LineString","coordinates":[[-95.256164,36.476919],[-95.296675,36.377561]]},"properties":{}},{"type":"Feature","geometry":{"type":"LineString","coordinates":[[-95.296675,36.377561],[-95.291869,36.363742]]},"properties":{}},{"type":"Feature","geometry":{"type":"LineString","coordinates":[[-95.291869,36.363742],[-95.330322,36.276814]]},"properties":{}},{"type":"Feature","geometry":{"type":"LineString","coordinates":[[-95.330322,36.276814],[-95.341994,36.221]]},"properties":{}},{"type":"Feature","geometry":{"type":"LineString","coordinates":[[-95.341994,36.221],[-95.341994,36.145189]]},"properties":{}},{"type":"Feature","geometry":{"type":"LineString","coordinates":[[-95.341994,36.145189],[-95.355728,36.130886]]},"properties":{}},{"type":"Feature","geometry":{"type":"LineString","coordinates":[[-95.738756,38.09195],[-95.738069,37.802589]]},"properties":{}},{"type":"Feature","geometry":{"type":"LineString","coordinates":[[-95.651411,37.497333],[-95.652783,37.428775]]},"properties":{}},{"type":"Feature","geometry":{"type":"LineString","coordinates":[[-95.652783,37.428775],[-95.710461,37.411436]]},"properties":{}},{"type":"Feature","geometry":{"type":"LineString","coordinates":[[-95.710461,37.411436],[-95.708403,37.369542]]},"properties":{}},{"type":"Feature","geometry":{"type":"LineString","coordinates":[[-95.708403,37.369542],[-95.696042,37.358197]]},"properties":{}},{"type":"Feature","geometry":{"type":"LineString","coordinates":[[-95.696042,37.358197],[-95.71115,37.332108]]},"properties":{}},{"type":"Feature","geometry":{"type":"LineString","coordinates":[[-95.71115,37.332108],[-95.707717,37.225133]]},"properties":{}},{"type":"Feature","geometry":{"type":"LineString","coordinates":[[-95.707717,37.225133],[-95.765394,37.225794]]},"properties":{}},{"type":"Feature","geometry":{"type":"LineString","coordinates":[[-95.765394,37.225794],[-95.766081,37.184344]]},"properties":{}},{"type":"Feature","geometry":{"type":"LineString","coordinates":[[-95.766081,37.184344],[-95.838178,37.132472]]},"properties":{}},{"type":"Feature","geometry":{"type":"LineString","coordinates":[[-95.838178,37.132472],[-95.928128,37.101375]]},"properties":{}},{"type":"Feature","geometry":{"type":"LineString","coordinates":[[-95.738069,37.802589],[-95.705797,37.782675]]},"properties":{}},{"type":"Feature","geometry":{"type":"LineString","coordinates":[[-95.928128,37.101375],[-95.928817,36.999011]]},"properties":{}},{"type":"Feature","geometry":{"type":"LineString","coordinates":[[-95.928817,36.999011],[-95.918517,36.974444]]},"properties":{}},{"type":"Feature","geometry":{"type":"LineString","coordinates":[[-95.918517,36.974444],[-95.917142,36.893875]]},"properties":{}},{"type":"Feature","geometry":{"type":"LineString","coordinates":[[-95.917142,36.893875],[-95.935683,36.872572]]},"properties":{}},{"type":"Feature","geometry":{"type":"LineString","coordinates":[[-95.935683,36.872572],[-95.935683,36.742392]]},"properties":{}},{"type":"Feature","geometry":{"type":"LineString","coordinates":[[-95.935683,36.742392],[-95.935711,36.600958]]},"properties":{}},{"type":"Feature","geometry":{"type":"LineString","coordinates":[[-95.935711,36.600958],[-95.929503,36.531594]]},"properties":{}},{"type":"Feature","geometry":{"type":"LineString","coordinates":[[-95.929503,36.531594],[-95.920575,36.508531]]},"properties":{}},{"type":"Feature","geometry":{"type":"LineString","coordinates":[[-95.920575,36.508531],[-95.922636,36.346769]]},"properties":{}},{"type":"Feature","geometry":{"type":"LineString","coordinates":[[-95.922636,36.346769],[-95.924697,36.260008]]},"properties":{}},{"type":"Feature","geometry":{"type":"LineString","coordinates":[[-95.705797,37.782675],[-95.706342,37.741717]]},"properties":{}},{"type":"Feature","geometry":{"type":"LineString","coordinates":[[-95.924697,36.260008],[-95.944608,36.237972]]},"properties":{}},{"type":"Feature","geometry":{"type":"LineString","coordinates":[[-95.944608,36.237972],[-95.951475,36.19765]]},"properties":{}},{"type":"Feature","geometry":{"type":"LineString","coordinates":[[-95.951475,36.19765],[-95.980314,36.171717]]},"properties":{}},{"type":"Feature","geometry":{"type":"LineString","coordinates":[[-95.980314,36.171717],[-95.979628,36.143233]]},"properties":{}},{"type":"Feature","geometry":{"type":"LineString","coordinates":[[-95.979628,36.143233],[-96.013275,36.145456]]},"properties":{}},{"type":"Feature","geometry":{"type":"LineString","coordinates":[[-95.706342,37.741717],[-95.688489,37.72065]]},"properties":{}},{"type":"Feature","geometry":{"type":"LineString","coordinates":[[-95.688489,37.72065],[-95.685056,37.690883]]},"properties":{}},{"type":"Feature","geometry":{"type":"LineString","coordinates":[[-95.685056,37.690883],[-95.652783,37.681758]]},"properties":{}},{"type":"Feature","geometry":{"type":"LineString","coordinates":[[-95.652783,37.681758],[-95.652783,37.539903]]},"properties":{}},{"type":"Feature","geometry":{"type":"LineString","coordinates":[[-95.652783,37.539903],[-95.657592,37.522819]]},"properties":{}},{"type":"Feature","geometry":{"type":"LineString","coordinates":[[-95.657592,37.522819],[-95.651411,37.497333]]},"properties":{}},{"type":"Feature","geometry":{"type":"LineString","coordinates":[[-96.013275,36.109519],[-96.007094,36.096875]]},"properties":{}},{"type":"Feature","geometry":{"type":"LineString","coordinates":[[-96.007094,36.096875],[-96.012586,36.010389]]},"properties":{}},{"type":"Feature","geometry":{"type":"LineString","coordinates":[[-96.012586,36.010389],[-96.016019,35.761511]]},"properties":{}},{"type":"Feature","geometry":{"type":"LineString","coordinates":[[-96.016019,35.761511],[-95.961775,35.676333]]},"properties":{}},{"type":"Feature","geometry":{"type":"LineString","coordinates":[[-95.961775,35.676333],[-95.962108,35.609439]]},"properties":{}},{"type":"Feature","geometry":{"type":"LineString","coordinates":[[-96.980983,37.680067],[-96.981669,37.558578]]},"properties":{}},{"type":"Feature","geometry":{"type":"LineString","coordinates":[[-97.024608,37.093303],[-97.028042,37.051233]]},"properties":{}},{"type":"Feature","geometry":{"type":"LineString","coordinates":[[-97.028042,37.051233],[-97.039028,37.048172]]},"properties":{}},{"type":"Feature","geometry":{"type":"LineString","coordinates":[[-97.039028,37.048172],[-97.0404,37.031294]]},"properties":{}},{"type":"Feature","geometry":{"type":"LineString","coordinates":[[-97.0404,37.031294],[-97.049328,37.011675]]},"properties":{}},{"type":"Feature","geometry":{"type":"LineString","coordinates":[[-97.049328,37.011675],[-97.042461,36.983819]]},"properties":{}},{"type":"Feature","geometry":{"type":"LineString","coordinates":[[-97.042461,36.983819],[-97.056881,36.931261]]},"properties":{}},{"type":"Feature","geometry":{"type":"LineString","coordinates":[[-97.056881,36.931261],[-97.053447,36.876467]]},"properties":{}},{"type":"Feature","geometry":{"type":"LineString","coordinates":[[-97.053447,36.876467],[-97.067867,36.875483]]},"properties":{}},{"type":"Feature","geometry":{"type":"LineString","coordinates":[[-97.067867,36.875483],[-97.066492,36.692586]]},"properties":{}},{"type":"Feature","geometry":{"type":"LineString","coordinates":[[-97.066492,36.692586],[-97.071986,36.68125]]},"properties":{}},{"type":"Feature","geometry":{"type":"LineString","coordinates":[[-96.981669,37.558578],[-97.010542,37.505872]]},"properties":{}},{"type":"Feature","geometry":{"type":"LineString","coordinates":[[-97.010542,37.505872],[-97.004331,37.438958]]},"properties":{}},{"type":"Feature","geometry":{"type":"LineString","coordinates":[[-97.004331,37.438958],[-97.006753,37.276972]]},"properties":{}},{"type":"Feature","geometry":{"type":"LineString","coordinates":[[-97.006753,37.276972],[-96.996456,37.244842]]},"properties":{}},{"type":"Feature","geometry":{"type":"LineString","coordinates":[[-96.996456,37.244842],[-96.996456,37.211606]]},"properties":{}},{"type":"Feature","geometry":{"type":"LineString","coordinates":[[-96.996456,37.211606],[-97.022547,37.195428]]},"properties":{}},{"type":"Feature","geometry":{"type":"LineString","coordinates":[[-97.022547,37.195428],[-97.036967,37.108522]]},"properties":{}},{"type":"Feature","geometry":{"type":"LineString","coordinates":[[-97.036967,37.108522],[-97.024608,37.093303]]},"properties":{}},{"type":"Feature","geometry":{"type":"LineString","coordinates":[[-97.310253,36.694581],[-97.310939,36.636864]]},"properties":{}},{"type":"Feature","geometry":{"type":"LineString","coordinates":[[-97.389217,36.111581],[-97.407756,36.067861]]},"properties":{}},{"type":"Feature","geometry":{"type":"LineString","coordinates":[[-97.407756,36.067861],[-97.407069,35.989125]]},"properties":{}},{"type":"Feature","geometry":{"type":"LineString","coordinates":[[-97.407069,35.989125],[-97.426294,35.984794]]},"properties":{}},{"type":"Feature","geometry":{"type":"LineString","coordinates":[[-97.426294,35.984794],[-97.418056,35.939336]]},"properties":{}},{"type":"Feature","geometry":{"type":"LineString","coordinates":[[-97.418056,35.939336],[-97.425608,35.921661]]},"properties":{}},{"type":"Feature","geometry":{"type":"LineString","coordinates":[[-97.425608,35.921661],[-97.426983,35.829975]]},"properties":{}},{"type":"Feature","geometry":{"type":"LineString","coordinates":[[-97.426983,35.829975],[-97.415308,35.819072]]},"properties":{}},{"type":"Feature","geometry":{"type":"LineString","coordinates":[[-97.310939,36.636864],[-97.282786,36.637531]]},"properties":{}},{"type":"Feature","geometry":{"type":"LineString","coordinates":[[-97.282786,36.637531],[-97.283472,36.295833]]},"properties":{}},{"type":"Feature","geometry":{"type":"LineString","coordinates":[[-97.283472,36.295833],[-97.288967,36.279897]]},"properties":{}},{"type":"Feature","geometry":{"type":"LineString","coordinates":[[-97.288967,36.279897],[-97.3027,36.275031]]},"properties":{}},{"type":"Feature","geometry":{"type":"LineString","coordinates":[[-97.3027,36.275031],[-97.37205,36.274592]]},"properties":{}},{"type":"Feature","geometry":{"type":"LineString","coordinates":[[-97.37205,36.274592],[-97.37205,36.156422]]},"properties":{}},{"type":"Feature","geometry":{"type":"LineString","coordinates":[[-97.37205,36.156422],[-97.393336,36.115789]]},"properties":{}},{"type":"Feature","geometry":{"type":"LineString","coordinates":[[-97.393336,36.115789],[-97.389217,36.111581]]},"properties":{}},{"type":"Feature","geometry":{"type":"LineString","coordinates":[[-97.333919,37.606469],[-97.332544,37.392494]]},"properties":{}},{"type":"Feature","geometry":{"type":"LineString","coordinates":[[-97.332544,37.392494],[-97.384044,37.390972]]},"properties":{}},{"type":"Feature","geometry":{"type":"LineString","coordinates":[[-97.384044,37.390972],[-97.385417,37.308664]]},"properties":{}},{"type":"Feature","geometry":{"type":"LineString","coordinates":[[-97.385417,37.308664],[-97.394344,37.297853]]},"properties":{}},{"type":"Feature","geometry":{"type":"LineString","coordinates":[[-97.394344,37.297853],[-97.394344,37.275022]]},"properties":{}},{"type":"Feature","geometry":{"type":"LineString","coordinates":[[-97.403269,37.267053],[-97.401211,37.056606]]},"properties":{}},{"type":"Feature","geometry":{"type":"LineString","coordinates":[[-97.804272,36.721447],[-97.804958,36.667606]]},"properties":{}},{"type":"Feature","geometry":{"type":"LineString","coordinates":[[-97.401211,37.056606],[-97.425931,37.043042]]},"properties":{}},{"type":"Feature","geometry":{"type":"LineString","coordinates":[[-97.425931,37.043042],[-97.503519,37.040417]]},"properties":{}},{"type":"Feature","geometry":{"type":"LineString","coordinates":[[-97.503519,37.040417],[-97.524119,37.032308]]},"properties":{}},{"type":"Feature","geometry":{"type":"LineString","coordinates":[[-97.524119,37.032308],[-97.607892,37.031875]]},"properties":{}},{"type":"Feature","geometry":{"type":"LineString","coordinates":[[-97.607892,37.031875],[-97.610636,36.988125]]},"properties":{}},{"type":"Feature","geometry":{"type":"LineString","coordinates":[[-97.610636,36.988125],[-97.732172,36.810878]]},"properties":{}},{"type":"Feature","geometry":{"type":"LineString","coordinates":[[-97.732172,36.810878],[-97.783672,36.732339]]},"properties":{}},{"type":"Feature","geometry":{"type":"LineString","coordinates":[[-97.783672,36.732339],[-97.804272,36.721447]]},"properties":{}},{"type":"Feature","geometry":{"type":"LineString","coordinates":[[-97.890103,36.390739],[-97.888728,36.128592]]},"properties":{}},{"type":"Feature","geometry":{"type":"LineString","coordinates":[[-97.888728,36.128592],[-97.899028,36.117058]]},"properties":{}},{"type":"Feature","geometry":{"type":"LineString","coordinates":[[-97.899028,36.117058],[-97.899714,36.029486]]},"properties":{}},{"type":"Feature","geometry":{"type":"LineString","coordinates":[[-97.899714,36.029486],[-97.907956,36.014608]]},"properties":{}},{"type":"Feature","geometry":{"type":"LineString","coordinates":[[-97.907956,36.014608],[-97.915508,35.931369]]},"properties":{}},{"type":"Feature","geometry":{"type":"LineString","coordinates":[[-97.915508,35.931369],[-97.934047,35.923144]]},"properties":{}},{"type":"Feature","geometry":{"type":"LineString","coordinates":[[-97.934047,35.923144],[-97.932675,35.830903]]},"properties":{}},{"type":"Feature","geometry":{"type":"LineString","coordinates":[[-97.932675,35.830903],[-97.975933,35.733769]]},"properties":{}},{"type":"Feature","geometry":{"type":"LineString","coordinates":[[-97.431486,37.043042],[-97.398956,36.982453]]},"properties":{}},{"type":"Feature","geometry":{"type":"LineString","coordinates":[[-97.398956,36.982453],[-97.354322,36.942517]]},"properties":{}},{"type":"Feature","geometry":{"type":"LineString","coordinates":[[-97.354322,36.942517],[-97.337158,36.937694]]},"properties":{}},{"type":"Feature","geometry":{"type":"LineString","coordinates":[[-97.337158,36.937694],[-97.333036,36.922986]]},"properties":{}},{"type":"Feature","geometry":{"type":"LineString","coordinates":[[-97.333036,36.922986],[-97.291153,36.879722]]},"properties":{}},{"type":"Feature","geometry":{"type":"LineString","coordinates":[[-97.291153,36.879722],[-97.291153,36.838633]]},"properties":{}},{"type":"Feature","geometry":{"type":"LineString","coordinates":[[-97.291153,36.838633],[-97.282222,36.825006]]},"properties":{}},{"type":"Feature","geometry":{"type":"LineString","coordinates":[[-97.282222,36.825006],[-97.282911,36.688689]]},"properties":{}},{"type":"Feature","geometry":{"type":"LineString","coordinates":[[-88.996972,37.60235],[-88.962867,37.579067]]},"properties":{}},{"type":"Feature","geometry":{"type":"LineString","coordinates":[[-88.962867,37.579067],[-88.897703,37.497797]]},"properties":{}},{"type":"Feature","geometry":{"type":"LineString","coordinates":[[-88.897703,37.497797],[-88.8842,37.438508]]},"properties":{}},{"type":"Feature","geometry":{"type":"LineString","coordinates":[[-88.8842,37.438508],[-88.865889,37.410267]]},"properties":{}},{"type":"Feature","geometry":{"type":"LineString","coordinates":[[-88.865889,37.410267],[-88.787842,37.351453]]},"properties":{}},{"type":"Feature","geometry":{"type":"LineString","coordinates":[[-90.228644,38.4754],[-90.200264,38.528822]]},"properties":{}},{"type":"Feature","geometry":{"type":"LineString","coordinates":[[-90.200264,38.528822],[-90.092231,38.590258]]},"properties":{}},{"type":"Feature","geometry":{"type":"LineString","coordinates":[[-90.092231,38.590258],[-90.069344,38.632331]]},"properties":{}},{"type":"Feature","geometry":{"type":"LineString","coordinates":[[-90.069344,38.632331],[-90.032722,38.655078]]},"properties":{}},{"type":"Feature","geometry":{"type":"LineString","coordinates":[[-90.032722,38.655078],[-90.030433,38.701403]]},"properties":{}},{"type":"Feature","geometry":{"type":"LineString","coordinates":[[-90.030433,38.701403],[-90.027231,38.723281]]},"properties":{}},{"type":"Feature","geometry":{"type":"LineString","coordinates":[[-90.027231,38.723281],[-90.040506,38.735511]]},"properties":{}},{"type":"Feature","geometry":{"type":"LineString","coordinates":[[-90.040506,38.735511],[-90.044167,38.757581]]},"properties":{}},{"type":"Feature","geometry":{"type":"LineString","coordinates":[[-90.436717,38.7552],[-90.378008,38.782292]]},"properties":{}},{"type":"Feature","geometry":{"type":"LineString","coordinates":[[-90.378008,38.782292],[-90.2884,38.771903]]},"properties":{}},{"type":"Feature","geometry":{"type":"LineString","coordinates":[[-90.2884,38.771903],[-90.238911,38.770194]]},"properties":{}},{"type":"Feature","geometry":{"type":"LineString","coordinates":[[-90.238911,38.770194],[-90.158803,38.761203]]},"properties":{}},{"type":"Feature","geometry":{"type":"LineString","coordinates":[[-90.158803,38.761203],[-90.145297,38.766669]]},"properties":{}},{"type":"Feature","geometry":{"type":"LineString","coordinates":[[-90.145297,38.766669],[-90.109822,38.765711]]},"properties":{}},{"type":"Feature","geometry":{"type":"LineString","coordinates":[[-90.109822,38.765711],[-90.088764,38.757792]]},"properties":{}},{"type":"Feature","geometry":{"type":"LineString","coordinates":[[-90.088764,38.757792],[-89.960589,38.756831]]},"properties":{}},{"type":"Feature","geometry":{"type":"LineString","coordinates":[[-89.960589,38.756831],[-89.906575,38.752658]]},"properties":{}},{"type":"Feature","geometry":{"type":"LineString","coordinates":[[-90.387278,38.516844],[-90.325819,38.503089]]},"properties":{}},{"type":"Feature","geometry":{"type":"LineString","coordinates":[[-90.325819,38.503089],[-90.228644,38.4754]]},"properties":{}},{"type":"Feature","geometry":{"type":"LineString","coordinates":[[-89.642561,39.234311],[-89.754256,39.082258]]},"properties":{}},{"type":"Feature","geometry":{"type":"LineString","coordinates":[[-90.103989,38.661719],[-90.143578,38.632911]]},"properties":{}},{"type":"Feature","geometry":{"type":"LineString","coordinates":[[-89.754256,39.082258],[-89.753342,38.966192]]},"properties":{}},{"type":"Feature","geometry":{"type":"LineString","coordinates":[[-89.753342,38.966192],[-89.832075,38.902319]]},"properties":{}},{"type":"Feature","geometry":{"type":"LineString","coordinates":[[-89.832075,38.902319],[-89.891586,38.813783]]},"properties":{}},{"type":"Feature","geometry":{"type":"LineString","coordinates":[[-89.891586,38.813783],[-89.918136,38.717639]]},"properties":{}},{"type":"Feature","geometry":{"type":"LineString","coordinates":[[-89.918136,38.717639],[-89.995497,38.699642]]},"properties":{}},{"type":"Feature","geometry":{"type":"LineString","coordinates":[[-89.995497,38.699642],[-90.019303,38.678428]]},"properties":{}},{"type":"Feature","geometry":{"type":"LineString","coordinates":[[-90.019303,38.678428],[-90.067825,38.662567]]},"properties":{}},{"type":"Feature","geometry":{"type":"LineString","coordinates":[[-90.067825,38.662567],[-90.103989,38.661719]]},"properties":{}},{"type":"Feature","geometry":{"type":"LineString","coordinates":[[-90.190047,38.619764],[-90.215225,38.607111]]},"properties":{}},{"type":"Feature","geometry":{"type":"LineString","coordinates":[[-90.311356,38.124194],[-90.292586,38.069297]]},"properties":{}},{"type":"Feature","geometry":{"type":"LineString","coordinates":[[-90.292586,38.069297],[-90.184556,37.969992]]},"properties":{}},{"type":"Feature","geometry":{"type":"LineString","coordinates":[[-90.184556,37.969992],[-90.072403,37.91065]]},"properties":{}},{"type":"Feature","geometry":{"type":"LineString","coordinates":[[-90.072403,37.91065],[-89.943772,37.790508]]},"properties":{}},{"type":"Feature","geometry":{"type":"LineString","coordinates":[[-89.943772,37.790508],[-89.841233,37.641908]]},"properties":{}},{"type":"Feature","geometry":{"type":"LineString","coordinates":[[-89.841233,37.641908],[-89.667283,37.487558]]},"properties":{}},{"type":"Feature","geometry":{"type":"LineString","coordinates":[[-89.667283,37.487558],[-89.566117,37.273903]]},"properties":{}},{"type":"Feature","geometry":{"type":"LineString","coordinates":[[-89.566117,37.273903],[-89.566575,37.231506]]},"properties":{}},{"type":"Feature","geometry":{"type":"LineString","coordinates":[[-90.215225,38.607111],[-90.237656,38.574058]]},"properties":{}},{"type":"Feature","geometry":{"type":"LineString","coordinates":[[-90.237656,38.574058],[-90.283431,38.551731]]},"properties":{}},{"type":"Feature","geometry":{"type":"LineString","coordinates":[[-90.283431,38.551731],[-90.3347,38.520803]]},"properties":{}},{"type":"Feature","geometry":{"type":"LineString","coordinates":[[-90.3347,38.520803],[-90.378189,38.460656]]},"properties":{}},{"type":"Feature","geometry":{"type":"LineString","coordinates":[[-90.378189,38.460656],[-90.382767,38.372647]]},"properties":{}},{"type":"Feature","geometry":{"type":"LineString","coordinates":[[-90.382767,38.372647],[-90.401078,38.331947]]},"properties":{}},{"type":"Feature","geometry":{"type":"LineString","coordinates":[[-90.401078,38.331947],[-90.398986,38.199564]]},"properties":{}},{"type":"Feature","geometry":{"type":"LineString","coordinates":[[-90.398986,38.199564],[-90.311356,38.124194]]},"properties":{}},{"type":"Feature","geometry":{"type":"LineString","coordinates":[[-88.306661,40.129186],[-88.304372,39.923292]]},"properties":{}},{"type":"Feature","geometry":{"type":"LineString","coordinates":[[-88.320394,39.467514],[-88.39455,39.41515]]},"properties":{}},{"type":"Feature","geometry":{"type":"LineString","coordinates":[[-88.39455,39.41515],[-88.444447,39.308131]]},"properties":{}},{"type":"Feature","geometry":{"type":"LineString","coordinates":[[-88.444447,39.308131],[-88.506703,39.189242]]},"properties":{}},{"type":"Feature","geometry":{"type":"LineString","coordinates":[[-88.506703,39.189242],[-88.507161,39.149006]]},"properties":{}},{"type":"Feature","geometry":{"type":"LineString","coordinates":[[-88.507161,39.149006],[-88.565297,39.139642]]},"properties":{}},{"type":"Feature","geometry":{"type":"LineString","coordinates":[[-88.565297,39.139642],[-88.579489,39.095114]]},"properties":{}},{"type":"Feature","geometry":{"type":"LineString","coordinates":[[-88.579489,39.095114],[-88.589558,38.999347]]},"properties":{}},{"type":"Feature","geometry":{"type":"LineString","coordinates":[[-88.589558,38.999347],[-88.620228,38.980358]]},"properties":{}},{"type":"Feature","geometry":{"type":"LineString","coordinates":[[-88.620228,38.980358],[-88.644033,38.950683]]},"properties":{}},{"type":"Feature","geometry":{"type":"LineString","coordinates":[[-88.644033,38.950683],[-88.838125,38.793736]]},"properties":{}},{"type":"Feature","geometry":{"type":"LineString","coordinates":[[-88.304372,39.923292],[-88.266378,39.894017]]},"properties":{}},{"type":"Feature","geometry":{"type":"LineString","coordinates":[[-88.838125,38.793736],[-88.973164,38.686844]]},"properties":{}},{"type":"Feature","geometry":{"type":"LineString","coordinates":[[-88.973164,38.686844],[-88.97225,38.611992]]},"properties":{}},{"type":"Feature","geometry":{"type":"LineString","coordinates":[[-88.97225,38.611992],[-88.952108,38.441394]]},"properties":{}},{"type":"Feature","geometry":{"type":"LineString","coordinates":[[-88.952108,38.441394],[-88.951194,38.352286]]},"properties":{}},{"type":"Feature","geometry":{"type":"LineString","coordinates":[[-88.951194,38.352286],[-88.955769,38.306761]]},"properties":{}},{"type":"Feature","geometry":{"type":"LineString","coordinates":[[-88.955769,38.306761],[-88.930136,38.260058]]},"properties":{}},{"type":"Feature","geometry":{"type":"LineString","coordinates":[[-88.930136,38.260058],[-88.90725,38.237636]]},"properties":{}},{"type":"Feature","geometry":{"type":"LineString","coordinates":[[-88.90725,38.237636],[-88.912283,38.090903]]},"properties":{}},{"type":"Feature","geometry":{"type":"LineString","coordinates":[[-88.912283,38.090903],[-88.925556,38.063992]]},"properties":{}},{"type":"Feature","geometry":{"type":"LineString","coordinates":[[-88.925556,38.063992],[-88.927847,38.011106]]},"properties":{}},{"type":"Feature","geometry":{"type":"LineString","coordinates":[[-88.266378,39.894017],[-88.265461,39.768739]]},"properties":{}},{"type":"Feature","geometry":{"type":"LineString","coordinates":[[-88.927847,38.011106],[-88.946156,37.930133]]},"properties":{}},{"type":"Feature","geometry":{"type":"LineString","coordinates":[[-88.946156,37.930133],[-88.946614,37.773131]]},"properties":{}},{"type":"Feature","geometry":{"type":"LineString","coordinates":[[-88.946614,37.773131],[-88.969044,37.68755]]},"properties":{}},{"type":"Feature","geometry":{"type":"LineString","coordinates":[[-88.969044,37.68755],[-88.995597,37.606225]]},"properties":{}},{"type":"Feature","geometry":{"type":"LineString","coordinates":[[-88.995597,37.606225],[-89.002919,37.573806]]},"properties":{}},{"type":"Feature","geometry":{"type":"LineString","coordinates":[[-89.002919,37.573806],[-89.085775,37.520681]]},"properties":{}},{"type":"Feature","geometry":{"type":"LineString","coordinates":[[-89.085775,37.520681],[-89.156269,37.43045]]},"properties":{}},{"type":"Feature","geometry":{"type":"LineString","coordinates":[[-89.156269,37.43045],[-89.155608,37.347253]]},"properties":{}},{"type":"Feature","geometry":{"type":"LineString","coordinates":[[-88.265461,39.768739],[-88.293386,39.742564]]},"properties":{}},{"type":"Feature","geometry":{"type":"LineString","coordinates":[[-88.293386,39.742564],[-88.295217,39.607492]]},"properties":{}},{"type":"Feature","geometry":{"type":"LineString","coordinates":[[-88.295217,39.607492],[-88.313528,39.578083]]},"properties":{}},{"type":"Feature","geometry":{"type":"LineString","coordinates":[[-88.313528,39.578083],[-88.313983,39.520061]]},"properties":{}},{"type":"Feature","geometry":{"type":"LineString","coordinates":[[-88.313983,39.520061],[-88.325428,39.499092]]},"properties":{}},{"type":"Feature","geometry":{"type":"LineString","coordinates":[[-88.325428,39.499092],[-88.320394,39.467514]]},"properties":{}},{"type":"Feature","geometry":{"type":"LineString","coordinates":[[-90.388994,38.634619],[-90.309686,38.628397]]},"properties":{}},{"type":"Feature","geometry":{"type":"LineString","coordinates":[[-89.946739,38.5958],[-89.931175,38.575517]]},"properties":{}},{"type":"Feature","geometry":{"type":"LineString","coordinates":[[-89.931175,38.575517],[-89.886772,38.575628]]},"properties":{}},{"type":"Feature","geometry":{"type":"LineString","coordinates":[[-89.886772,38.575628],[-89.806667,38.551583]]},"properties":{}},{"type":"Feature","geometry":{"type":"LineString","coordinates":[[-89.806667,38.551583],[-89.609825,38.502608]]},"properties":{}},{"type":"Feature","geometry":{"type":"LineString","coordinates":[[-89.609825,38.502608],[-89.553061,38.445]]},"properties":{}},{"type":"Feature","geometry":{"type":"LineString","coordinates":[[-89.553061,38.445],[-89.380944,38.39165]]},"properties":{}},{"type":"Feature","geometry":{"type":"LineString","coordinates":[[-89.380944,38.39165],[-89.131919,38.392097]]},"properties":{}},{"type":"Feature","geometry":{"type":"LineString","coordinates":[[-89.131919,38.392097],[-88.957053,38.338708]]},"properties":{}},{"type":"Feature","geometry":{"type":"LineString","coordinates":[[-90.309686,38.628397],[-90.238333,38.633111]]},"properties":{}},{"type":"Feature","geometry":{"type":"LineString","coordinates":[[-90.238333,38.633111],[-90.171272,38.616058]]},"properties":{}},{"type":"Feature","geometry":{"type":"LineString","coordinates":[[-90.171272,38.616058],[-90.164633,38.627436]]},"properties":{}},{"type":"Feature","geometry":{"type":"LineString","coordinates":[[-90.164633,38.627436],[-90.143578,38.632911]]},"properties":{}},{"type":"Feature","geometry":{"type":"LineString","coordinates":[[-90.143578,38.632911],[-90.125267,38.622831]]},"properties":{}},{"type":"Feature","geometry":{"type":"LineString","coordinates":[[-90.125267,38.622831],[-90.056831,38.617578]]},"properties":{}},{"type":"Feature","geometry":{"type":"LineString","coordinates":[[-90.056831,38.617578],[-90.017922,38.601592]]},"properties":{}},{"type":"Feature","geometry":{"type":"LineString","coordinates":[[-90.017922,38.601592],[-89.946739,38.5958]]},"properties":{}},{"type":"Feature","geometry":{"type":"LineString","coordinates":[[-88.928672,38.272119],[-88.764336,38.277733]]},"properties":{}},{"type":"Feature","geometry":{"type":"LineString","coordinates":[[-88.764336,38.277733],[-88.657678,38.2661]]},"properties":{}},{"type":"Feature","geometry":{"type":"LineString","coordinates":[[-88.657678,38.2661],[-88.312067,38.267403]]},"properties":{}},{"type":"Feature","geometry":{"type":"LineString","coordinates":[[-88.312067,38.267403],[-88.177942,38.239586]]},"properties":{}},{"type":"Feature","geometry":{"type":"LineString","coordinates":[[-88.177942,38.239586],[-88.012231,38.236575]]},"properties":{}},{"type":"Feature","geometry":{"type":"LineString","coordinates":[[-88.012231,38.236575],[-87.927544,38.201197]]},"properties":{}},{"type":"Feature","geometry":{"type":"LineString","coordinates":[[-90.425944,38.744422],[-90.37685,38.743031]]},"properties":{}},{"type":"Feature","geometry":{"type":"LineString","coordinates":[[-90.37685,38.743031],[-90.309214,38.722356]]},"properties":{}},{"type":"Feature","geometry":{"type":"LineString","coordinates":[[-90.309214,38.722356],[-90.261111,38.698867]]},"properties":{}},{"type":"Feature","geometry":{"type":"LineString","coordinates":[[-90.261111,38.698867],[-90.258822,38.692122]]},"properties":{}},{"type":"Feature","geometry":{"type":"LineString","coordinates":[[-90.258822,38.692122],[-90.236392,38.682589]]},"properties":{}},{"type":"Feature","geometry":{"type":"LineString","coordinates":[[-90.236392,38.682589],[-90.213275,38.683236]]},"properties":{}},{"type":"Feature","geometry":{"type":"LineString","coordinates":[[-90.213275,38.683236],[-90.188097,38.643136]]},"properties":{}},{"type":"Feature","geometry":{"type":"LineString","coordinates":[[-90.188097,38.643136],[-90.163186,38.648911]]},"properties":{}},{"type":"Feature","geometry":{"type":"LineString","coordinates":[[-90.163186,38.648911],[-90.143578,38.632911]]},"properties":{}},{"type":"Feature","geometry":{"type":"LineString","coordinates":[[-89.907031,38.752681],[-89.844089,38.757075]]},"properties":{}},{"type":"Feature","geometry":{"type":"LineString","coordinates":[[-89.455219,38.853214],[-89.399142,38.865622]]},"properties":{}},{"type":"Feature","geometry":{"type":"LineString","coordinates":[[-89.399142,38.865622],[-89.341236,38.879744]]},"properties":{}},{"type":"Feature","geometry":{"type":"LineString","coordinates":[[-89.341236,38.879744],[-89.273486,38.914058]]},"properties":{}},{"type":"Feature","geometry":{"type":"LineString","coordinates":[[-89.273486,38.914058],[-89.251742,38.917908]]},"properties":{}},{"type":"Feature","geometry":{"type":"LineString","coordinates":[[-89.251742,38.917908],[-89.241672,38.931375]]},"properties":{}},{"type":"Feature","geometry":{"type":"LineString","coordinates":[[-89.241672,38.931375],[-89.126544,38.971536]]},"properties":{}},{"type":"Feature","geometry":{"type":"LineString","coordinates":[[-89.126544,38.971536],[-89.113039,38.980722]]},"properties":{}},{"type":"Feature","geometry":{"type":"LineString","coordinates":[[-89.113039,38.980722],[-88.983494,38.974428]]},"properties":{}},{"type":"Feature","geometry":{"type":"LineString","coordinates":[[-88.983494,38.974428],[-88.769489,39.038567]]},"properties":{}},{"type":"Feature","geometry":{"type":"LineString","coordinates":[[-88.769489,39.038567],[-88.580664,39.094661]]},"properties":{}},{"type":"Feature","geometry":{"type":"LineString","coordinates":[[-89.844089,38.757075],[-89.825092,38.762006]]},"properties":{}},{"type":"Feature","geometry":{"type":"LineString","coordinates":[[-89.825092,38.762006],[-89.750325,38.769614]]},"properties":{}},{"type":"Feature","geometry":{"type":"LineString","coordinates":[[-89.750325,38.769614],[-89.734911,38.784178]]},"properties":{}},{"type":"Feature","geometry":{"type":"LineString","coordinates":[[-89.734911,38.784178],[-89.625278,38.786431]]},"properties":{}},{"type":"Feature","geometry":{"type":"LineString","coordinates":[[-89.625278,38.786431],[-89.558214,38.821325]]},"properties":{}},{"type":"Feature","geometry":{"type":"LineString","coordinates":[[-89.558214,38.821325],[-89.543339,38.833203]]},"properties":{}},{"type":"Feature","geometry":{"type":"LineString","coordinates":[[-89.543339,38.833203],[-89.515417,38.832781]]},"properties":{}},{"type":"Feature","geometry":{"type":"LineString","coordinates":[[-89.515417,38.832781],[-89.455219,38.853214]]},"properties":{}},{"type":"Feature","geometry":{"type":"LineString","coordinates":[[-88.511081,39.149103],[-88.365056,39.172639]]},"properties":{}},{"type":"Feature","geometry":{"type":"LineString","coordinates":[[-87.967717,39.325825],[-87.953525,39.337089]]},"properties":{}},{"type":"Feature","geometry":{"type":"LineString","coordinates":[[-88.365056,39.172639],[-88.343311,39.185525]]},"properties":{}},{"type":"Feature","geometry":{"type":"LineString","coordinates":[[-88.343311,39.185525],[-88.200717,39.237778]]},"properties":{}},{"type":"Feature","geometry":{"type":"LineString","coordinates":[[-88.200717,39.237778],[-88.174167,39.254369]]},"properties":{}},{"type":"Feature","geometry":{"type":"LineString","coordinates":[[-88.174167,39.254369],[-88.126789,39.262144]]},"properties":{}},{"type":"Feature","geometry":{"type":"LineString","coordinates":[[-88.126789,39.262144],[-88.108478,39.274483]]},"properties":{}},{"type":"Feature","geometry":{"type":"LineString","coordinates":[[-88.108478,39.274483],[-88.053775,39.284161]]},"properties":{}},{"type":"Feature","geometry":{"type":"LineString","coordinates":[[-88.053775,39.284161],[-88.005253,39.314558]]},"properties":{}},{"type":"Feature","geometry":{"type":"LineString","coordinates":[[-88.005253,39.314558],[-87.967717,39.325825]]},"properties":{}},{"type":"Feature","geometry":{"type":"LineString","coordinates":[[-89.164231,39.838633],[-89.134475,39.829364]]},"properties":{}},{"type":"Feature","geometry":{"type":"LineString","coordinates":[[-88.489308,40.110019],[-88.459553,40.120742]]},"properties":{}},{"type":"Feature","geometry":{"type":"LineString","coordinates":[[-88.459553,40.120742],[-88.285603,40.120958]]},"properties":{}},{"type":"Feature","geometry":{"type":"LineString","coordinates":[[-89.134475,39.829364],[-89.048417,39.838019]]},"properties":{}},{"type":"Feature","geometry":{"type":"LineString","coordinates":[[-89.048417,39.838019],[-89.046128,39.858272]]},"properties":{}},{"type":"Feature","geometry":{"type":"LineString","coordinates":[[-89.046128,39.858272],[-88.983414,39.910125]]},"properties":{}},{"type":"Feature","geometry":{"type":"LineString","coordinates":[[-88.983414,39.910125],[-88.869889,39.913506]]},"properties":{}},{"type":"Feature","geometry":{"type":"LineString","coordinates":[[-88.869889,39.913506],[-88.770097,40.013719]]},"properties":{}},{"type":"Feature","geometry":{"type":"LineString","coordinates":[[-88.770097,40.013719],[-88.629106,40.031817]]},"properties":{}},{"type":"Feature","geometry":{"type":"LineString","coordinates":[[-88.629106,40.031817],[-88.601458,40.032033]]},"properties":{}},{"type":"Feature","geometry":{"type":"LineString","coordinates":[[-88.601458,40.032033],[-88.489308,40.110019]]},"properties":{}},{"type":"Feature","geometry":{"type":"LineString","coordinates":[[-89.047272,39.840056],[-89.011569,39.849306]]},"properties":{}},{"type":"Feature","geometry":{"type":"LineString","coordinates":[[-89.011569,39.849306],[-88.928486,39.84625]]},"properties":{}},{"type":"Feature","geometry":{"type":"LineString","coordinates":[[-88.928486,39.84625],[-88.897583,39.825792]]},"properties":{}},{"type":"Feature","geometry":{"type":"LineString","coordinates":[[-88.897583,39.825792],[-88.793903,39.800061]]},"properties":{}},{"type":"Feature","geometry":{"type":"LineString","coordinates":[[-88.793903,39.800061],[-88.780167,39.793311]]},"properties":{}},{"type":"Feature","geometry":{"type":"LineString","coordinates":[[-88.780167,39.793311],[-88.482167,39.791531]]},"properties":{}},{"type":"Feature","geometry":{"type":"LineString","coordinates":[[-88.482167,39.791531],[-87.940403,39.792278]]},"properties":{}},{"type":"Feature","geometry":{"type":"LineString","coordinates":[[-89.918017,38.718108],[-89.802889,38.716553]]},"properties":{}},{"type":"Feature","geometry":{"type":"LineString","coordinates":[[-89.802889,38.716553],[-89.694628,38.739639]]},"properties":{}},{"type":"Feature","geometry":{"type":"LineString","coordinates":[[-89.694628,38.739639],[-89.666017,38.749867]]},"properties":{}},{"type":"Feature","geometry":{"type":"LineString","coordinates":[[-89.666017,38.749867],[-89.650453,38.770264]]},"properties":{}},{"type":"Feature","geometry":{"type":"LineString","coordinates":[[-89.650453,38.770264],[-89.632144,38.786375]]},"properties":{}},{"type":"Feature","geometry":{"type":"LineString","coordinates":[[-89.457622,38.8533],[-89.284128,38.918558]]},"properties":{}},{"type":"Feature","geometry":{"type":"LineString","coordinates":[[-89.284128,38.918558],[-89.260211,38.920186]]},"properties":{}},{"type":"Feature","geometry":{"type":"LineString","coordinates":[[-89.260211,38.920186],[-89.238008,38.932767]]},"properties":{}},{"type":"Feature","geometry":{"type":"LineString","coordinates":[[-89.095644,38.978178],[-89.093814,38.960614]]},"properties":{}},{"type":"Feature","geometry":{"type":"LineString","coordinates":[[-89.093814,38.960614],[-89.061083,38.962267]]},"properties":{}},{"type":"Feature","geometry":{"type":"LineString","coordinates":[[-89.061083,38.962267],[-88.999514,38.978333]]},"properties":{}},{"type":"Feature","geometry":{"type":"LineString","coordinates":[[-88.999514,38.978333],[-88.750033,39.055261]]},"properties":{}},{"type":"Feature","geometry":{"type":"LineString","coordinates":[[-88.750033,39.055261],[-88.555483,39.117189]]},"properties":{}},{"type":"Feature","geometry":{"type":"LineString","coordinates":[[-88.555483,39.117189],[-88.426853,39.144992]]},"properties":{}},{"type":"Feature","geometry":{"type":"LineString","coordinates":[[-88.426853,39.144992],[-88.156772,39.244075]]},"properties":{}},{"type":"Feature","geometry":{"type":"LineString","coordinates":[[-88.156772,39.244075],[-88.007542,39.294147]]},"properties":{}},{"type":"Feature","geometry":{"type":"LineString","coordinates":[[-88.2406,40.116875],[-88.276981,39.906447]]},"properties":{}},{"type":"Feature","geometry":{"type":"LineString","coordinates":[[-88.546144,38.979431],[-88.536989,38.936936]]},"properties":{}},{"type":"Feature","geometry":{"type":"LineString","coordinates":[[-88.536989,38.936936],[-88.521425,38.929906]]},"properties":{}},{"type":"Feature","geometry":{"type":"LineString","coordinates":[[-88.521425,38.929906],[-88.523258,38.880969]]},"properties":{}},{"type":"Feature","geometry":{"type":"LineString","coordinates":[[-88.523258,38.880969],[-88.509983,38.831997]]},"properties":{}},{"type":"Feature","geometry":{"type":"LineString","coordinates":[[-88.509983,38.831997],[-88.509067,38.683367]]},"properties":{}},{"type":"Feature","geometry":{"type":"LineString","coordinates":[[-88.276981,39.906447],[-88.291628,39.887919]]},"properties":{}},{"type":"Feature","geometry":{"type":"LineString","coordinates":[[-88.291628,39.887919],[-88.294833,39.776356]]},"properties":{}},{"type":"Feature","geometry":{"type":"LineString","coordinates":[[-88.294833,39.776356],[-88.326875,39.596917]]},"properties":{}},{"type":"Feature","geometry":{"type":"LineString","coordinates":[[-88.326875,39.596917],[-88.3754,39.489119]]},"properties":{}},{"type":"Feature","geometry":{"type":"LineString","coordinates":[[-88.3754,39.489119],[-88.379978,39.356733]]},"properties":{}},{"type":"Feature","geometry":{"type":"LineString","coordinates":[[-88.379978,39.356733],[-88.450472,39.326156]]},"properties":{}},{"type":"Feature","geometry":{"type":"LineString","coordinates":[[-88.450472,39.326156],[-88.547061,39.102936]]},"properties":{}},{"type":"Feature","geometry":{"type":"LineString","coordinates":[[-88.547061,39.102936],[-88.546144,38.979431]]},"properties":{}},{"type":"Feature","geometry":{"type":"LineString","coordinates":[[-88.439486,38.677158],[-88.439944,38.516389]]},"properties":{}},{"type":"Feature","geometry":{"type":"LineString","coordinates":[[-88.336489,37.961617],[-88.357547,37.908767]]},"properties":{}},{"type":"Feature","geometry":{"type":"LineString","coordinates":[[-88.357547,37.908767],[-88.389592,37.887319]]},"properties":{}},{"type":"Feature","geometry":{"type":"LineString","coordinates":[[-88.389592,37.887319],[-88.43285,37.814803]]},"properties":{}},{"type":"Feature","geometry":{"type":"LineString","coordinates":[[-88.43285,37.814803],[-88.508839,37.773792]]},"properties":{}},{"type":"Feature","geometry":{"type":"LineString","coordinates":[[-88.508839,37.773792],[-88.516164,37.751219]]},"properties":{}},{"type":"Feature","geometry":{"type":"LineString","coordinates":[[-88.516164,37.751219],[-88.544086,37.716692]]},"properties":{}},{"type":"Feature","geometry":{"type":"LineString","coordinates":[[-88.544086,37.716692],[-88.592608,37.691928]]},"properties":{}},{"type":"Feature","geometry":{"type":"LineString","coordinates":[[-88.592608,37.691928],[-88.646625,37.682372]]},"properties":{}},{"type":"Feature","geometry":{"type":"LineString","coordinates":[[-88.646625,37.682372],[-88.675922,37.647814]]},"properties":{}},{"type":"Feature","geometry":{"type":"LineString","coordinates":[[-88.675922,37.647814],[-88.685994,37.626289]]},"properties":{}},{"type":"Feature","geometry":{"type":"LineString","coordinates":[[-88.439944,38.516389],[-88.40195,38.516389]]},"properties":{}},{"type":"Feature","geometry":{"type":"LineString","coordinates":[[-88.685994,37.626289],[-88.768847,37.580819]]},"properties":{}},{"type":"Feature","geometry":{"type":"LineString","coordinates":[[-88.768847,37.580819],[-88.776172,37.532056]]},"properties":{}},{"type":"Feature","geometry":{"type":"LineString","coordinates":[[-88.776172,37.532056],[-88.838428,37.508319]]},"properties":{}},{"type":"Feature","geometry":{"type":"LineString","coordinates":[[-88.838428,37.508319],[-88.8691,37.457328]]},"properties":{}},{"type":"Feature","geometry":{"type":"LineString","coordinates":[[-88.40195,38.516389],[-88.405156,38.379167]]},"properties":{}},{"type":"Feature","geometry":{"type":"LineString","coordinates":[[-88.405156,38.379167],[-88.361667,38.378314]]},"properties":{}},{"type":"Feature","geometry":{"type":"LineString","coordinates":[[-88.361667,38.378314],[-88.360753,38.313917]]},"properties":{}},{"type":"Feature","geometry":{"type":"LineString","coordinates":[[-88.360753,38.313917],[-88.344731,38.241911]]},"properties":{}},{"type":"Feature","geometry":{"type":"LineString","coordinates":[[-88.344731,38.241911],[-88.353428,38.179553]]},"properties":{}},{"type":"Feature","geometry":{"type":"LineString","coordinates":[[-88.353428,38.179553],[-88.338778,38.157103]]},"properties":{}},{"type":"Feature","geometry":{"type":"LineString","coordinates":[[-88.338778,38.157103],[-88.336489,37.961617]]},"properties":{}},{"type":"Feature","geometry":{"type":"LineString","coordinates":[[-89.876131,38.573303],[-89.874758,38.584911]]},"properties":{}},{"type":"Feature","geometry":{"type":"LineString","coordinates":[[-89.572406,38.615856],[-89.543794,38.623481]]},"properties":{}},{"type":"Feature","geometry":{"type":"LineString","coordinates":[[-89.543794,38.623481],[-89.491153,38.620908]]},"properties":{}},{"type":"Feature","geometry":{"type":"LineString","coordinates":[[-89.491153,38.620908],[-89.472156,38.624775]]},"properties":{}},{"type":"Feature","geometry":{"type":"LineString","coordinates":[[-89.472156,38.624775],[-89.374194,38.624886]]},"properties":{}},{"type":"Feature","geometry":{"type":"LineString","coordinates":[[-89.374194,38.624886],[-89.373047,38.609978]]},"properties":{}},{"type":"Feature","geometry":{"type":"LineString","coordinates":[[-89.373047,38.609978],[-89.255861,38.615456]]},"properties":{}},{"type":"Feature","geometry":{"type":"LineString","coordinates":[[-89.255861,38.615456],[-89.115328,38.615567]]},"properties":{}},{"type":"Feature","geometry":{"type":"LineString","coordinates":[[-89.115328,38.615567],[-89.112353,38.619544]]},"properties":{}},{"type":"Feature","geometry":{"type":"LineString","coordinates":[[-89.112353,38.619544],[-89.045283,38.619653]]},"properties":{}},{"type":"Feature","geometry":{"type":"LineString","coordinates":[[-89.045283,38.619653],[-88.944583,38.627278]]},"properties":{}},{"type":"Feature","geometry":{"type":"LineString","coordinates":[[-89.874758,38.584911],[-89.834475,38.594147]]},"properties":{}},{"type":"Feature","geometry":{"type":"LineString","coordinates":[[-88.944583,38.627278],[-88.825333,38.626856]]},"properties":{}},{"type":"Feature","geometry":{"type":"LineString","coordinates":[[-88.825333,38.626856],[-88.739733,38.632867]]},"properties":{}},{"type":"Feature","geometry":{"type":"LineString","coordinates":[[-88.739733,38.632867],[-88.700822,38.628686]]},"properties":{}},{"type":"Feature","geometry":{"type":"LineString","coordinates":[[-88.700822,38.628686],[-88.639253,38.652397]]},"properties":{}},{"type":"Feature","geometry":{"type":"LineString","coordinates":[[-88.639253,38.652397],[-88.592103,38.6509]]},"properties":{}},{"type":"Feature","geometry":{"type":"LineString","coordinates":[[-88.592103,38.6509],[-88.538089,38.681572]]},"properties":{}},{"type":"Feature","geometry":{"type":"LineString","coordinates":[[-88.538089,38.681572],[-88.464844,38.678467]]},"properties":{}},{"type":"Feature","geometry":{"type":"LineString","coordinates":[[-88.464844,38.678467],[-88.450656,38.673217]]},"properties":{}},{"type":"Feature","geometry":{"type":"LineString","coordinates":[[-88.450656,38.673217],[-88.409,38.678153]]},"properties":{}},{"type":"Feature","geometry":{"type":"LineString","coordinates":[[-88.409,38.678153],[-88.354983,38.678803]]},"properties":{}},{"type":"Feature","geometry":{"type":"LineString","coordinates":[[-89.834475,38.594147],[-89.808611,38.594794]]},"properties":{}},{"type":"Feature","geometry":{"type":"LineString","coordinates":[[-88.354983,38.678803],[-88.329119,38.689097]]},"properties":{}},{"type":"Feature","geometry":{"type":"LineString","coordinates":[[-88.329119,38.689097],[-88.239397,38.685994]]},"properties":{}},{"type":"Feature","geometry":{"type":"LineString","coordinates":[[-88.239397,38.685994],[-88.121522,38.713972]]},"properties":{}},{"type":"Feature","geometry":{"type":"LineString","coordinates":[[-88.121522,38.713972],[-88.074372,38.715153]]},"properties":{}},{"type":"Feature","geometry":{"type":"LineString","coordinates":[[-88.074372,38.715153],[-88.047136,38.732944]]},"properties":{}},{"type":"Feature","geometry":{"type":"LineString","coordinates":[[-89.808611,38.594794],[-89.808153,38.604567]]},"properties":{}},{"type":"Feature","geometry":{"type":"LineString","coordinates":[[-89.808153,38.604567],[-89.767183,38.603606]]},"properties":{}},{"type":"Feature","geometry":{"type":"LineString","coordinates":[[-89.767183,38.603606],[-89.744753,38.611228]]},"properties":{}},{"type":"Feature","geometry":{"type":"LineString","coordinates":[[-89.744753,38.611228],[-89.686617,38.61295]]},"properties":{}},{"type":"Feature","geometry":{"type":"LineString","coordinates":[[-89.686617,38.61295],[-89.671739,38.616817]]},"properties":{}},{"type":"Feature","geometry":{"type":"LineString","coordinates":[[-89.671739,38.616817],[-89.572406,38.615856]]},"properties":{}},{"type":"Feature","geometry":{"type":"LineString","coordinates":[[-88.964847,40.119136],[-88.966678,40.035289]]},"properties":{}},{"type":"Feature","geometry":{"type":"LineString","coordinates":[[-88.966678,40.035289],[-88.955233,40.023108]]},"properties":{}},{"type":"Feature","geometry":{"type":"LineString","coordinates":[[-88.955233,40.023108],[-88.957064,39.908603]]},"properties":{}},{"type":"Feature","geometry":{"type":"LineString","coordinates":[[-89.046786,39.838208],[-89.010167,39.797292]]},"properties":{}},{"type":"Feature","geometry":{"type":"LineString","coordinates":[[-89.083408,39.308189],[-89.100344,39.286092]]},"properties":{}},{"type":"Feature","geometry":{"type":"LineString","coordinates":[[-89.100344,39.286092],[-89.099431,39.189522]]},"properties":{}},{"type":"Feature","geometry":{"type":"LineString","coordinates":[[-89.099431,39.189522],[-89.098514,39.162064]]},"properties":{}},{"type":"Feature","geometry":{"type":"LineString","coordinates":[[-89.098514,39.162064],[-89.111331,39.140986]]},"properties":{}},{"type":"Feature","geometry":{"type":"LineString","coordinates":[[-89.111331,39.140986],[-89.087069,39.109247]]},"properties":{}},{"type":"Feature","geometry":{"type":"LineString","coordinates":[[-89.087069,39.109247],[-89.086156,39.047647]]},"properties":{}},{"type":"Feature","geometry":{"type":"LineString","coordinates":[[-89.086156,39.047647],[-89.101719,39.025461]]},"properties":{}},{"type":"Feature","geometry":{"type":"LineString","coordinates":[[-89.101719,39.025461],[-89.098056,38.977458]]},"properties":{}},{"type":"Feature","geometry":{"type":"LineString","coordinates":[[-89.098056,38.977458],[-89.084781,38.954189]]},"properties":{}},{"type":"Feature","geometry":{"type":"LineString","coordinates":[[-89.084781,38.954189],[-89.086614,38.762994]]},"properties":{}},{"type":"Feature","geometry":{"type":"LineString","coordinates":[[-89.010167,39.797292],[-88.973544,39.781681]]},"properties":{}},{"type":"Feature","geometry":{"type":"LineString","coordinates":[[-89.086614,38.762994],[-89.095311,38.741797]]},"properties":{}},{"type":"Feature","geometry":{"type":"LineString","coordinates":[[-89.095311,38.741797],[-89.097142,38.689517]]},"properties":{}},{"type":"Feature","geometry":{"type":"LineString","coordinates":[[-89.097142,38.689517],[-89.106756,38.675178]]},"properties":{}},{"type":"Feature","geometry":{"type":"LineString","coordinates":[[-89.106756,38.675178],[-89.115453,38.619628]]},"properties":{}},{"type":"Feature","geometry":{"type":"LineString","coordinates":[[-89.115453,38.619628],[-89.1095,38.599686]]},"properties":{}},{"type":"Feature","geometry":{"type":"LineString","coordinates":[[-89.1095,38.599686],[-89.108586,38.572]]},"properties":{}},{"type":"Feature","geometry":{"type":"LineString","coordinates":[[-89.108586,38.572],[-89.131017,38.549672]]},"properties":{}},{"type":"Feature","geometry":{"type":"LineString","coordinates":[[-89.131017,38.549672],[-89.131475,38.49725]]},"properties":{}},{"type":"Feature","geometry":{"type":"LineString","coordinates":[[-89.131475,38.49725],[-89.146122,38.481575]]},"properties":{}},{"type":"Feature","geometry":{"type":"LineString","coordinates":[[-89.146122,38.481575],[-89.145208,38.439861]]},"properties":{}},{"type":"Feature","geometry":{"type":"LineString","coordinates":[[-88.973544,39.781681],[-89.013828,39.659372]]},"properties":{}},{"type":"Feature","geometry":{"type":"LineString","coordinates":[[-89.145208,38.439861],[-89.167639,38.417494]]},"properties":{}},{"type":"Feature","geometry":{"type":"LineString","coordinates":[[-89.167639,38.417494],[-89.165347,38.395119]]},"properties":{}},{"type":"Feature","geometry":{"type":"LineString","coordinates":[[-89.165347,38.395119],[-89.178167,38.363047]]},"properties":{}},{"type":"Feature","geometry":{"type":"LineString","coordinates":[[-89.178167,38.363047],[-89.178625,38.322342]]},"properties":{}},{"type":"Feature","geometry":{"type":"LineString","coordinates":[[-89.178625,38.322342],[-89.228519,38.334417]]},"properties":{}},{"type":"Feature","geometry":{"type":"LineString","coordinates":[[-89.228519,38.334417],[-89.242711,38.084297]]},"properties":{}},{"type":"Feature","geometry":{"type":"LineString","coordinates":[[-89.242711,38.084297],[-89.241794,38.014228]]},"properties":{}},{"type":"Feature","geometry":{"type":"LineString","coordinates":[[-89.241794,38.014228],[-89.235386,37.991731]]},"properties":{}},{"type":"Feature","geometry":{"type":"LineString","coordinates":[[-89.235386,37.991731],[-89.237217,37.831603]]},"properties":{}},{"type":"Feature","geometry":{"type":"LineString","coordinates":[[-89.237217,37.831603],[-89.222569,37.810131]]},"properties":{}},{"type":"Feature","geometry":{"type":"LineString","coordinates":[[-89.013828,39.659372],[-89.0033,39.622578]]},"properties":{}},{"type":"Feature","geometry":{"type":"LineString","coordinates":[[-89.222569,37.810131],[-89.217533,37.700694]]},"properties":{}},{"type":"Feature","geometry":{"type":"LineString","coordinates":[[-89.217533,37.700694],[-89.235844,37.679186]]},"properties":{}},{"type":"Feature","geometry":{"type":"LineString","coordinates":[[-89.235844,37.679186],[-89.234931,37.575]]},"properties":{}},{"type":"Feature","geometry":{"type":"LineString","coordinates":[[-89.234931,37.575],[-89.221653,37.533856]]},"properties":{}},{"type":"Feature","geometry":{"type":"LineString","coordinates":[[-89.221653,37.533856],[-89.234472,37.485061]]},"properties":{}},{"type":"Feature","geometry":{"type":"LineString","coordinates":[[-89.234472,37.485061],[-89.221197,37.440597]]},"properties":{}},{"type":"Feature","geometry":{"type":"LineString","coordinates":[[-89.221197,37.440597],[-89.157108,37.379739]]},"properties":{}},{"type":"Feature","geometry":{"type":"LineString","coordinates":[[-89.0033,39.622578],[-89.02985,39.609047]]},"properties":{}},{"type":"Feature","geometry":{"type":"LineString","coordinates":[[-89.02985,39.609047],[-89.042667,39.539403]]},"properties":{}},{"type":"Feature","geometry":{"type":"LineString","coordinates":[[-89.042667,39.539403],[-89.044039,39.390578]]},"properties":{}},{"type":"Feature","geometry":{"type":"LineString","coordinates":[[-89.044039,39.390578],[-89.08295,39.389739]]},"properties":{}},{"type":"Feature","geometry":{"type":"LineString","coordinates":[[-89.08295,39.389739],[-89.083408,39.308189]]},"properties":{}},{"type":"Feature","geometry":{"type":"LineString","coordinates":[[-90.335042,38.502483],[-90.360217,38.452178]]},"properties":{}},{"type":"Feature","geometry":{"type":"LineString","coordinates":[[-90.384481,38.164097],[-90.334125,38.154606]]},"properties":{}},{"type":"Feature","geometry":{"type":"LineString","coordinates":[[-90.334125,38.154606],[-90.305739,38.129989]]},"properties":{}},{"type":"Feature","geometry":{"type":"LineString","coordinates":[[-90.305739,38.129989],[-90.275989,38.06645]]},"properties":{}},{"type":"Feature","geometry":{"type":"LineString","coordinates":[[-90.275989,38.06645],[-90.202289,38.005022]]},"properties":{}},{"type":"Feature","geometry":{"type":"LineString","coordinates":[[-90.202289,38.005022],[-90.165669,37.967364]]},"properties":{}},{"type":"Feature","geometry":{"type":"LineString","coordinates":[[-90.165669,37.967364],[-90.069994,37.9795]]},"properties":{}},{"type":"Feature","geometry":{"type":"LineString","coordinates":[[-90.069994,37.9795],[-90.036122,37.966733]]},"properties":{}},{"type":"Feature","geometry":{"type":"LineString","coordinates":[[-90.036122,37.966733],[-89.948689,37.880294]]},"properties":{}},{"type":"Feature","geometry":{"type":"LineString","coordinates":[[-89.948689,37.880294],[-89.958758,37.850167]]},"properties":{}},{"type":"Feature","geometry":{"type":"LineString","coordinates":[[-89.958758,37.850167],[-89.941364,37.805919]]},"properties":{}},{"type":"Feature","geometry":{"type":"LineString","coordinates":[[-90.360217,38.452178],[-90.377156,38.407217]]},"properties":{}},{"type":"Feature","geometry":{"type":"LineString","coordinates":[[-89.941364,37.805919],[-89.908864,37.7725]]},"properties":{}},{"type":"Feature","geometry":{"type":"LineString","coordinates":[[-89.908864,37.7725],[-89.715686,37.615161]]},"properties":{}},{"type":"Feature","geometry":{"type":"LineString","coordinates":[[-89.715686,37.615161],[-89.701039,37.568597]]},"properties":{}},{"type":"Feature","geometry":{"type":"LineString","coordinates":[[-89.701039,37.568597],[-89.658925,37.515467]]},"properties":{}},{"type":"Feature","geometry":{"type":"LineString","coordinates":[[-89.658925,37.515467],[-89.640156,37.465572]]},"properties":{}},{"type":"Feature","geometry":{"type":"LineString","coordinates":[[-89.640156,37.465572],[-89.635119,37.440725]]},"properties":{}},{"type":"Feature","geometry":{"type":"LineString","coordinates":[[-89.635119,37.440725],[-89.66625,37.392469]]},"properties":{}},{"type":"Feature","geometry":{"type":"LineString","coordinates":[[-89.66625,37.392469],[-89.665792,37.375944]]},"properties":{}},{"type":"Feature","geometry":{"type":"LineString","coordinates":[[-89.665792,37.375944],[-89.564397,37.327275]]},"properties":{}},{"type":"Feature","geometry":{"type":"LineString","coordinates":[[-90.377156,38.407217],[-90.372119,38.379458]]},"properties":{}},{"type":"Feature","geometry":{"type":"LineString","coordinates":[[-90.372119,38.379458],[-90.383564,38.341992]]},"properties":{}},{"type":"Feature","geometry":{"type":"LineString","coordinates":[[-90.383564,38.341992],[-90.399128,38.293731]]},"properties":{}},{"type":"Feature","geometry":{"type":"LineString","coordinates":[[-90.399128,38.293731],[-90.387222,38.271319]]},"properties":{}},{"type":"Feature","geometry":{"type":"LineString","coordinates":[[-90.387222,38.271319],[-90.39455,38.233797]]},"properties":{}},{"type":"Feature","geometry":{"type":"LineString","coordinates":[[-90.39455,38.233797],[-90.401875,38.196258]]},"properties":{}},{"type":"Feature","geometry":{"type":"LineString","coordinates":[[-90.401875,38.196258],[-90.384481,38.164097]]},"properties":{}},{"type":"Feature","geometry":{"type":"LineString","coordinates":[[-90.237169,39.008667],[-90.194597,38.975911]]},"properties":{}},{"type":"Feature","geometry":{"type":"LineString","coordinates":[[-90.262347,38.8227],[-90.318194,38.798197]]},"properties":{}},{"type":"Feature","geometry":{"type":"LineString","coordinates":[[-90.318194,38.798197],[-90.337672,38.80045]]},"properties":{}},{"type":"Feature","geometry":{"type":"LineString","coordinates":[[-90.337672,38.80045],[-90.377703,38.756667]]},"properties":{}},{"type":"Feature","geometry":{"type":"LineString","coordinates":[[-90.194597,38.975911],[-90.193453,38.933306]]},"properties":{}},{"type":"Feature","geometry":{"type":"LineString","coordinates":[[-90.193453,38.933306],[-90.173083,38.905636]]},"properties":{}},{"type":"Feature","geometry":{"type":"LineString","coordinates":[[-90.173083,38.905636],[-90.186358,38.891319]]},"properties":{}},{"type":"Feature","geometry":{"type":"LineString","coordinates":[[-90.186358,38.891319],[-90.171481,38.887153]]},"properties":{}},{"type":"Feature","geometry":{"type":"LineString","coordinates":[[-90.171481,38.887153],[-90.220461,38.866417]]},"properties":{}},{"type":"Feature","geometry":{"type":"LineString","coordinates":[[-90.220461,38.866417],[-90.238542,38.836583]]},"properties":{}},{"type":"Feature","geometry":{"type":"LineString","coordinates":[[-90.238542,38.836583],[-90.231219,38.817772]]},"properties":{}},{"type":"Feature","geometry":{"type":"LineString","coordinates":[[-90.231219,38.817772],[-90.262347,38.8227]]},"properties":{}},{"type":"Feature","geometry":{"type":"LineString","coordinates":[[-90.388833,38.574117],[-90.310897,38.600094]]},"properties":{}},{"type":"Feature","geometry":{"type":"LineString","coordinates":[[-90.310897,38.600094],[-90.298683,38.616842]]},"properties":{}},{"type":"Feature","geometry":{"type":"LineString","coordinates":[[-90.298683,38.616842],[-90.246042,38.627147]]},"properties":{}},{"type":"Feature","geometry":{"type":"LineString","coordinates":[[-90.246042,38.627147],[-90.195458,38.6176]]},"properties":{}},{"type":"Feature","geometry":{"type":"LineString","coordinates":[[-90.195458,38.6176],[-90.185386,38.628978]]},"properties":{}},{"type":"Feature","geometry":{"type":"LineString","coordinates":[[-90.185386,38.628978],[-90.188097,38.643136]]},"properties":{}},{"type":"Feature","geometry":{"type":"LineString","coordinates":[[-90.2884,38.771903],[-90.378008,38.782292]]},"properties":{}},{"type":"Feature","geometry":{"type":"LineString","coordinates":[[-90.378008,38.782292],[-90.436717,38.7552]]},"properties":{}},{"type":"Feature","geometry":{"type":"LineString","coordinates":[[-90.436717,38.7552],[-90.450792,38.701311]]},"properties":{}},{"type":"Feature","geometry":{"type":"LineString","coordinates":[[-90.450792,38.701311],[-90.448389,38.589444]]},"properties":{}},{"type":"Feature","geometry":{"type":"LineString","coordinates":[[-90.448389,38.589444],[-90.438431,38.560667]]},"properties":{}},{"type":"Feature","geometry":{"type":"LineString","coordinates":[[-90.438431,38.560667],[-90.387278,38.516844]]},"properties":{}},{"type":"Feature","geometry":{"type":"LineString","coordinates":[[-90.387278,38.516844],[-90.325819,38.503089]]},"properties":{}},{"type":"Feature","geometry":{"type":"LineString","coordinates":[[-93.337672,37.252561],[-93.186953,37.251139]]},"properties":{}},{"type":"Feature","geometry":{"type":"LineString","coordinates":[[-92.7042,37.605167],[-92.584381,37.747769]]},"properties":{}},{"type":"Feature","geometry":{"type":"LineString","coordinates":[[-92.584381,37.747769],[-92.522239,37.761558]]},"properties":{}},{"type":"Feature","geometry":{"type":"LineString","coordinates":[[-92.522239,37.761558],[-92.491683,37.753633]]},"properties":{}},{"type":"Feature","geometry":{"type":"LineString","coordinates":[[-92.491683,37.753633],[-92.2517,37.783361]]},"properties":{}},{"type":"Feature","geometry":{"type":"LineString","coordinates":[[-92.2517,37.783361],[-92.170333,37.825694]]},"properties":{}},{"type":"Feature","geometry":{"type":"LineString","coordinates":[[-92.170333,37.825694],[-92.107506,37.826997]]},"properties":{}},{"type":"Feature","geometry":{"type":"LineString","coordinates":[[-92.107506,37.826997],[-92.065964,37.861917]]},"properties":{}},{"type":"Feature","geometry":{"type":"LineString","coordinates":[[-92.065964,37.861917],[-92.022361,37.866472]]},"properties":{}},{"type":"Feature","geometry":{"type":"LineString","coordinates":[[-92.022361,37.866472],[-92.009658,37.896494]]},"properties":{}},{"type":"Feature","geometry":{"type":"LineString","coordinates":[[-92.009658,37.896494],[-91.948203,37.942211]]},"properties":{}},{"type":"Feature","geometry":{"type":"LineString","coordinates":[[-93.186953,37.251139],[-93.118633,37.272672]]},"properties":{}},{"type":"Feature","geometry":{"type":"LineString","coordinates":[[-91.948203,37.942211],[-91.792678,37.944594]]},"properties":{}},{"type":"Feature","geometry":{"type":"LineString","coordinates":[[-91.792678,37.944594],[-91.752511,37.972964]]},"properties":{}},{"type":"Feature","geometry":{"type":"LineString","coordinates":[[-91.752511,37.972964],[-91.621017,38.004028]]},"properties":{}},{"type":"Feature","geometry":{"type":"LineString","coordinates":[[-91.621017,38.004028],[-91.473731,38.045892]]},"properties":{}},{"type":"Feature","geometry":{"type":"LineString","coordinates":[[-91.473731,38.045892],[-91.222764,38.164975]]},"properties":{}},{"type":"Feature","geometry":{"type":"LineString","coordinates":[[-91.222764,38.164975],[-91.101569,38.2968]]},"properties":{}},{"type":"Feature","geometry":{"type":"LineString","coordinates":[[-91.101569,38.2968],[-91.025008,38.323417]]},"properties":{}},{"type":"Feature","geometry":{"type":"LineString","coordinates":[[-91.025008,38.323417],[-91.014367,38.339789]]},"properties":{}},{"type":"Feature","geometry":{"type":"LineString","coordinates":[[-91.014367,38.339789],[-90.995483,38.341619]]},"properties":{}},{"type":"Feature","geometry":{"type":"LineString","coordinates":[[-90.995483,38.341619],[-90.956689,38.384369]]},"properties":{}},{"type":"Feature","geometry":{"type":"LineString","coordinates":[[-93.118633,37.272672],[-93.057864,37.272889]]},"properties":{}},{"type":"Feature","geometry":{"type":"LineString","coordinates":[[-90.956689,38.384369],[-90.911028,38.439464]]},"properties":{}},{"type":"Feature","geometry":{"type":"LineString","coordinates":[[-90.911028,38.439464],[-90.854378,38.464953]]},"properties":{}},{"type":"Feature","geometry":{"type":"LineString","coordinates":[[-90.854378,38.464953],[-90.843047,38.483444]]},"properties":{}},{"type":"Feature","geometry":{"type":"LineString","coordinates":[[-90.843047,38.483444],[-90.7555,38.484733]]},"properties":{}},{"type":"Feature","geometry":{"type":"LineString","coordinates":[[-90.7555,38.484733],[-90.678253,38.505369]]},"properties":{}},{"type":"Feature","geometry":{"type":"LineString","coordinates":[[-90.678253,38.505369],[-90.558433,38.507736]]},"properties":{}},{"type":"Feature","geometry":{"type":"LineString","coordinates":[[-90.558433,38.507736],[-90.536117,38.528364]]},"properties":{}},{"type":"Feature","geometry":{"type":"LineString","coordinates":[[-90.536117,38.528364],[-90.436211,38.543619]]},"properties":{}},{"type":"Feature","geometry":{"type":"LineString","coordinates":[[-90.436211,38.543619],[-90.396042,38.561556]]},"properties":{}},{"type":"Feature","geometry":{"type":"LineString","coordinates":[[-90.396042,38.561556],[-90.388833,38.574117]]},"properties":{}},{"type":"Feature","geometry":{"type":"LineString","coordinates":[[-93.057864,37.272889],[-93.003964,37.303156]]},"properties":{}},{"type":"Feature","geometry":{"type":"LineString","coordinates":[[-90.388833,38.574117],[-90.310897,38.600094]]},"properties":{}},{"type":"Feature","geometry":{"type":"LineString","coordinates":[[-93.003964,37.303156],[-92.979586,37.304467]]},"properties":{}},{"type":"Feature","geometry":{"type":"LineString","coordinates":[[-92.979586,37.304467],[-92.910578,37.360375]]},"properties":{}},{"type":"Feature","geometry":{"type":"LineString","coordinates":[[-92.910578,37.360375],[-92.830544,37.524722]]},"properties":{}},{"type":"Feature","geometry":{"type":"LineString","coordinates":[[-92.830544,37.524722],[-92.796556,37.554883]]},"properties":{}},{"type":"Feature","geometry":{"type":"LineString","coordinates":[[-92.796556,37.554883],[-92.7042,37.605167]]},"properties":{}},{"type":"Feature","geometry":{"type":"LineString","coordinates":[[-90.835656,38.8068],[-90.777639,38.770619]]},"properties":{}},{"type":"Feature","geometry":{"type":"LineString","coordinates":[[-90.388994,38.634619],[-90.309686,38.628397]]},"properties":{}},{"type":"Feature","geometry":{"type":"LineString","coordinates":[[-90.777639,38.770619],[-90.716867,38.717278]]},"properties":{}},{"type":"Feature","geometry":{"type":"LineString","coordinates":[[-90.716867,38.717278],[-90.678069,38.709458]]},"properties":{}},{"type":"Feature","geometry":{"type":"LineString","coordinates":[[-90.678069,38.709458],[-90.657128,38.676444]]},"properties":{}},{"type":"Feature","geometry":{"type":"LineString","coordinates":[[-90.657128,38.676444],[-90.577133,38.668617]]},"properties":{}},{"type":"Feature","geometry":{"type":"LineString","coordinates":[[-90.577133,38.668617],[-90.554131,38.65275]]},"properties":{}},{"type":"Feature","geometry":{"type":"LineString","coordinates":[[-90.554131,38.65275],[-90.485125,38.638481]]},"properties":{}},{"type":"Feature","geometry":{"type":"LineString","coordinates":[[-90.485125,38.638481],[-90.433278,38.638158]]},"properties":{}},{"type":"Feature","geometry":{"type":"LineString","coordinates":[[-90.433278,38.638158],[-90.388994,38.634619]]},"properties":{}},{"type":"Feature","geometry":{"type":"LineString","coordinates":[[-92.973519,38.933456],[-92.743836,38.936981]]},"properties":{}},{"type":"Feature","geometry":{"type":"LineString","coordinates":[[-92.175731,38.958747],[-92.149125,38.954047]]},"properties":{}},{"type":"Feature","geometry":{"type":"LineString","coordinates":[[-92.149125,38.954047],[-91.968364,38.952553]]},"properties":{}},{"type":"Feature","geometry":{"type":"LineString","coordinates":[[-91.968364,38.952553],[-91.944975,38.944436]]},"properties":{}},{"type":"Feature","geometry":{"type":"LineString","coordinates":[[-91.944975,38.944436],[-91.881633,38.943742]]},"properties":{}},{"type":"Feature","geometry":{"type":"LineString","coordinates":[[-91.881633,38.943742],[-91.847036,38.935836]]},"properties":{}},{"type":"Feature","geometry":{"type":"LineString","coordinates":[[-91.847036,38.935836],[-91.826014,38.938881]]},"properties":{}},{"type":"Feature","geometry":{"type":"LineString","coordinates":[[-91.826014,38.938881],[-91.717867,38.910783]]},"properties":{}},{"type":"Feature","geometry":{"type":"LineString","coordinates":[[-91.717867,38.910783],[-91.657786,38.910461]]},"properties":{}},{"type":"Feature","geometry":{"type":"LineString","coordinates":[[-91.657786,38.910461],[-91.623111,38.893578]]},"properties":{}},{"type":"Feature","geometry":{"type":"LineString","coordinates":[[-91.623111,38.893578],[-91.531444,38.908219]]},"properties":{}},{"type":"Feature","geometry":{"type":"LineString","coordinates":[[-92.743836,38.936981],[-92.578011,38.940025]]},"properties":{}},{"type":"Feature","geometry":{"type":"LineString","coordinates":[[-91.531444,38.908219],[-91.456256,38.900417]]},"properties":{}},{"type":"Feature","geometry":{"type":"LineString","coordinates":[[-91.456256,38.900417],[-91.272236,38.846853]]},"properties":{}},{"type":"Feature","geometry":{"type":"LineString","coordinates":[[-91.272236,38.846853],[-91.233439,38.845997]]},"properties":{}},{"type":"Feature","geometry":{"type":"LineString","coordinates":[[-91.233439,38.845997],[-91.191211,38.820536]]},"properties":{}},{"type":"Feature","geometry":{"type":"LineString","coordinates":[[-91.191211,38.820536],[-91.108469,38.818611]]},"properties":{}},{"type":"Feature","geometry":{"type":"LineString","coordinates":[[-91.108469,38.818611],[-91.018175,38.830058]]},"properties":{}},{"type":"Feature","geometry":{"type":"LineString","coordinates":[[-91.018175,38.830058],[-90.895611,38.802986]]},"properties":{}},{"type":"Feature","geometry":{"type":"LineString","coordinates":[[-90.895611,38.802986],[-90.859561,38.807481]]},"properties":{}},{"type":"Feature","geometry":{"type":"LineString","coordinates":[[-90.859561,38.807481],[-90.649792,38.802344]]},"properties":{}},{"type":"Feature","geometry":{"type":"LineString","coordinates":[[-90.649792,38.802344],[-90.532717,38.786503]]},"properties":{}},{"type":"Feature","geometry":{"type":"LineString","coordinates":[[-92.578011,38.940025],[-92.520333,38.973503]]},"properties":{}},{"type":"Feature","geometry":{"type":"LineString","coordinates":[[-90.532717,38.786503],[-90.425944,38.744422]]},"properties":{}},{"type":"Feature","geometry":{"type":"LineString","coordinates":[[-90.425944,38.744422],[-90.37685,38.743031]]},"properties":{}},{"type":"Feature","geometry":{"type":"LineString","coordinates":[[-90.37685,38.743031],[-90.309214,38.722356]]},"properties":{}},{"type":"Feature","geometry":{"type":"LineString","coordinates":[[-92.520333,38.973503],[-92.373142,38.968303]]},"properties":{}},{"type":"Feature","geometry":{"type":"LineString","coordinates":[[-92.373142,38.968303],[-92.35735,38.964192]]},"properties":{}},{"type":"Feature","geometry":{"type":"LineString","coordinates":[[-92.35735,38.964192],[-92.341728,38.969639]]},"properties":{}},{"type":"Feature","geometry":{"type":"LineString","coordinates":[[-92.341728,38.969639],[-92.309283,38.967875]]},"properties":{}},{"type":"Feature","geometry":{"type":"LineString","coordinates":[[-92.309283,38.967875],[-92.29435,38.961844]]},"properties":{}},{"type":"Feature","geometry":{"type":"LineString","coordinates":[[-92.29435,38.961844],[-92.175731,38.958747]]},"properties":{}},{"type":"Feature","geometry":{"type":"LineString","coordinates":[[-91.501928,39.522186],[-91.635822,39.440994]]},"properties":{}},{"type":"Feature","geometry":{"type":"LineString","coordinates":[[-91.635822,39.440994],[-91.643375,39.281092]]},"properties":{}},{"type":"Feature","geometry":{"type":"LineString","coordinates":[[-91.646808,39.164489],[-91.6475,39.105264]]},"properties":{}},{"type":"Feature","geometry":{"type":"LineString","coordinates":[[-91.436008,38.703653],[-91.440817,38.662272]]},"properties":{}},{"type":"Feature","geometry":{"type":"LineString","coordinates":[[-91.440817,38.662272],[-91.427083,38.647044]]},"properties":{}},{"type":"Feature","geometry":{"type":"LineString","coordinates":[[-91.427083,38.647044],[-91.474461,38.579872]]},"properties":{}},{"type":"Feature","geometry":{"type":"LineString","coordinates":[[-91.474461,38.579872],[-91.461417,38.462111]]},"properties":{}},{"type":"Feature","geometry":{"type":"LineString","coordinates":[[-91.461417,38.462111],[-91.493689,38.422747]]},"properties":{}},{"type":"Feature","geometry":{"type":"LineString","coordinates":[[-91.493689,38.422747],[-91.479269,38.356439]]},"properties":{}},{"type":"Feature","geometry":{"type":"LineString","coordinates":[[-91.479269,38.356439],[-91.495061,38.324556]]},"properties":{}},{"type":"Feature","geometry":{"type":"LineString","coordinates":[[-91.495061,38.324556],[-91.421589,38.154567]]},"properties":{}},{"type":"Feature","geometry":{"type":"LineString","coordinates":[[-91.421589,38.154567],[-91.433264,38.133397]]},"properties":{}},{"type":"Feature","geometry":{"type":"LineString","coordinates":[[-91.433264,38.133397],[-91.374897,37.990022]]},"properties":{}},{"type":"Feature","geometry":{"type":"LineString","coordinates":[[-91.6475,39.105264],[-91.546558,39.06625]]},"properties":{}},{"type":"Feature","geometry":{"type":"LineString","coordinates":[[-91.374897,37.990022],[-91.273961,37.850706]]},"properties":{}},{"type":"Feature","geometry":{"type":"LineString","coordinates":[[-91.273961,37.850706],[-91.307606,37.837042]]},"properties":{}},{"type":"Feature","geometry":{"type":"LineString","coordinates":[[-91.307606,37.837042],[-91.390692,37.761514]]},"properties":{}},{"type":"Feature","geometry":{"type":"LineString","coordinates":[[-91.390692,37.761514],[-91.5136,37.702214]]},"properties":{}},{"type":"Feature","geometry":{"type":"LineString","coordinates":[[-91.5136,37.702214],[-91.507419,37.674394]]},"properties":{}},{"type":"Feature","geometry":{"type":"LineString","coordinates":[[-91.507419,37.674394],[-91.535572,37.649825]]},"properties":{}},{"type":"Feature","geometry":{"type":"LineString","coordinates":[[-91.535572,37.649825],[-91.526647,37.567578]]},"properties":{}},{"type":"Feature","geometry":{"type":"LineString","coordinates":[[-91.526647,37.567578],[-91.443564,37.475431]]},"properties":{}},{"type":"Feature","geometry":{"type":"LineString","coordinates":[[-91.443564,37.475431],[-91.468969,37.422444]]},"properties":{}},{"type":"Feature","geometry":{"type":"LineString","coordinates":[[-91.468969,37.422444],[-91.424336,37.365056]]},"properties":{}},{"type":"Feature","geometry":{"type":"LineString","coordinates":[[-91.546558,39.06625],[-91.547247,39.028281]]},"properties":{}},{"type":"Feature","geometry":{"type":"LineString","coordinates":[[-91.424336,37.365056],[-91.40305,37.213625]]},"properties":{}},{"type":"Feature","geometry":{"type":"LineString","coordinates":[[-91.40305,37.213625],[-91.352925,37.175775]]},"properties":{}},{"type":"Feature","geometry":{"type":"LineString","coordinates":[[-91.352925,37.175775],[-91.348119,37.080958]]},"properties":{}},{"type":"Feature","geometry":{"type":"LineString","coordinates":[[-91.348119,37.080958],[-91.315847,37.023306]]},"properties":{}},{"type":"Feature","geometry":{"type":"LineString","coordinates":[[-91.315847,37.023306],[-91.339878,36.998525]]},"properties":{}},{"type":"Feature","geometry":{"type":"LineString","coordinates":[[-91.339878,36.998525],[-91.329581,36.879869]]},"properties":{}},{"type":"Feature","geometry":{"type":"LineString","coordinates":[[-91.547247,39.028281],[-91.460042,38.926219]]},"properties":{}},{"type":"Feature","geometry":{"type":"LineString","coordinates":[[-91.460042,38.926219],[-91.442875,38.868931]]},"properties":{}},{"type":"Feature","geometry":{"type":"LineString","coordinates":[[-91.442875,38.868931],[-91.475147,38.811597]]},"properties":{}},{"type":"Feature","geometry":{"type":"LineString","coordinates":[[-91.475147,38.811597],[-91.463475,38.785269]]},"properties":{}},{"type":"Feature","geometry":{"type":"LineString","coordinates":[[-91.463475,38.785269],[-91.472403,38.76]]},"properties":{}},{"type":"Feature","geometry":{"type":"LineString","coordinates":[[-91.472403,38.76],[-91.436008,38.703653]]},"properties":{}},{"type":"Feature","geometry":{"type":"LineString","coordinates":[[-93.104556,37.643192],[-92.9995,37.625139]]},"properties":{}},{"type":"Feature","geometry":{"type":"LineString","coordinates":[[-92.455678,37.635144],[-92.356114,37.595331]]},"properties":{}},{"type":"Feature","geometry":{"type":"LineString","coordinates":[[-92.356114,37.595331],[-92.292256,37.523917]]},"properties":{}},{"type":"Feature","geometry":{"type":"LineString","coordinates":[[-92.292256,37.523917],[-92.294317,37.493847]]},"properties":{}},{"type":"Feature","geometry":{"type":"LineString","coordinates":[[-92.294317,37.493847],[-92.134328,37.514986]]},"properties":{}},{"type":"Feature","geometry":{"type":"LineString","coordinates":[[-92.134328,37.514986],[-92.084203,37.447853]]},"properties":{}},{"type":"Feature","geometry":{"type":"LineString","coordinates":[[-92.084203,37.447853],[-92.049183,37.478811]]},"properties":{}},{"type":"Feature","geometry":{"type":"LineString","coordinates":[[-92.049183,37.478811],[-91.997686,37.481425]]},"properties":{}},{"type":"Feature","geometry":{"type":"LineString","coordinates":[[-91.997686,37.481425],[-91.987386,37.500386]]},"properties":{}},{"type":"Feature","geometry":{"type":"LineString","coordinates":[[-91.987386,37.500386],[-91.948247,37.500819]]},"properties":{}},{"type":"Feature","geometry":{"type":"LineString","coordinates":[[-91.948247,37.500819],[-91.915972,37.526311]]},"properties":{}},{"type":"Feature","geometry":{"type":"LineString","coordinates":[[-92.9995,37.625139],[-92.971347,37.629925]]},"properties":{}},{"type":"Feature","geometry":{"type":"LineString","coordinates":[[-91.915972,37.526311],[-91.861731,37.498425]]},"properties":{}},{"type":"Feature","geometry":{"type":"LineString","coordinates":[[-91.861731,37.498425],[-91.795811,37.505833]]},"properties":{}},{"type":"Feature","geometry":{"type":"LineString","coordinates":[[-91.795811,37.505833],[-91.722339,37.536764]]},"properties":{}},{"type":"Feature","geometry":{"type":"LineString","coordinates":[[-91.722339,37.536764],[-91.633764,37.60795]]},"properties":{}},{"type":"Feature","geometry":{"type":"LineString","coordinates":[[-91.633764,37.60795],[-91.561667,37.636667]]},"properties":{}},{"type":"Feature","geometry":{"type":"LineString","coordinates":[[-91.561667,37.636667],[-91.478581,37.6371]]},"properties":{}},{"type":"Feature","geometry":{"type":"LineString","coordinates":[[-91.478581,37.6371],[-91.391375,37.633186]]},"properties":{}},{"type":"Feature","geometry":{"type":"LineString","coordinates":[[-91.391375,37.633186],[-91.369403,37.638406]]},"properties":{}},{"type":"Feature","geometry":{"type":"LineString","coordinates":[[-91.369403,37.638406],[-91.3543,37.620786]]},"properties":{}},{"type":"Feature","geometry":{"type":"LineString","coordinates":[[-91.3543,37.620786],[-91.287694,37.619047]]},"properties":{}},{"type":"Feature","geometry":{"type":"LineString","coordinates":[[-92.971347,37.629925],[-92.943194,37.615131]]},"properties":{}},{"type":"Feature","geometry":{"type":"LineString","coordinates":[[-91.287694,37.619047],[-91.260914,37.635797]]},"properties":{}},{"type":"Feature","geometry":{"type":"LineString","coordinates":[[-91.260914,37.635797],[-91.224522,37.627528]]},"properties":{}},{"type":"Feature","geometry":{"type":"LineString","coordinates":[[-91.224522,37.627528],[-91.118092,37.658414]]},"properties":{}},{"type":"Feature","geometry":{"type":"LineString","coordinates":[[-91.118092,37.658414],[-91.071744,37.662436]]},"properties":{}},{"type":"Feature","geometry":{"type":"LineString","coordinates":[[-91.071744,37.662436],[-91.073458,37.672436]]},"properties":{}},{"type":"Feature","geometry":{"type":"LineString","coordinates":[[-91.073458,37.672436],[-91.016125,37.674828]]},"properties":{}},{"type":"Feature","geometry":{"type":"LineString","coordinates":[[-91.016125,37.674828],[-91.006167,37.692978]]},"properties":{}},{"type":"Feature","geometry":{"type":"LineString","coordinates":[[-91.006167,37.692978],[-90.966,37.696456]]},"properties":{}},{"type":"Feature","geometry":{"type":"LineString","coordinates":[[-90.966,37.696456],[-90.924114,37.681675]]},"properties":{}},{"type":"Feature","geometry":{"type":"LineString","coordinates":[[-90.924114,37.681675],[-90.883603,37.698408]]},"properties":{}},{"type":"Feature","geometry":{"type":"LineString","coordinates":[[-92.943194,37.615131],[-92.806556,37.614478]]},"properties":{}},{"type":"Feature","geometry":{"type":"LineString","coordinates":[[-90.883603,37.698408],[-90.745586,37.711883]]},"properties":{}},{"type":"Feature","geometry":{"type":"LineString","coordinates":[[-90.745586,37.711883],[-90.769619,37.762275]]},"properties":{}},{"type":"Feature","geometry":{"type":"LineString","coordinates":[[-90.769619,37.762275],[-90.712628,37.763794]]},"properties":{}},{"type":"Feature","geometry":{"type":"LineString","coordinates":[[-90.712628,37.763794],[-90.66525,37.754458]]},"properties":{}},{"type":"Feature","geometry":{"type":"LineString","coordinates":[[-90.66525,37.754458],[-90.612378,37.778775]]},"properties":{}},{"type":"Feature","geometry":{"type":"LineString","coordinates":[[-90.612378,37.778775],[-90.584225,37.812847]]},"properties":{}},{"type":"Feature","geometry":{"type":"LineString","coordinates":[[-90.584225,37.812847],[-90.508008,37.842569]]},"properties":{}},{"type":"Feature","geometry":{"type":"LineString","coordinates":[[-90.508008,37.842569],[-90.481228,37.834328]]},"properties":{}},{"type":"Feature","geometry":{"type":"LineString","coordinates":[[-92.806556,37.614478],[-92.663044,37.680153]]},"properties":{}},{"type":"Feature","geometry":{"type":"LineString","coordinates":[[-92.663044,37.680153],[-92.633519,37.668633]]},"properties":{}},{"type":"Feature","geometry":{"type":"LineString","coordinates":[[-92.633519,37.668633],[-92.525717,37.665806]]},"properties":{}},{"type":"Feature","geometry":{"type":"LineString","coordinates":[[-92.525717,37.665806],[-92.498936,37.628183]]},"properties":{}},{"type":"Feature","geometry":{"type":"LineString","coordinates":[[-92.498936,37.628183],[-92.455678,37.635144]]},"properties":{}},{"type":"Feature","geometry":{"type":"LineString","coordinates":[[-93.026961,38.103528],[-93.000183,38.111469]]},"properties":{}},{"type":"Feature","geometry":{"type":"LineString","coordinates":[[-92.759631,38.025008],[-92.740061,38.020897]]},"properties":{}},{"type":"Feature","geometry":{"type":"LineString","coordinates":[[-92.740061,38.020897],[-92.695772,37.981614]]},"properties":{}},{"type":"Feature","geometry":{"type":"LineString","coordinates":[[-92.695772,37.981614],[-92.677575,37.981289]]},"properties":{}},{"type":"Feature","geometry":{"type":"LineString","coordinates":[[-92.677575,37.981289],[-92.667964,37.9893]]},"properties":{}},{"type":"Feature","geometry":{"type":"LineString","coordinates":[[-92.667964,37.9893],[-92.539219,37.939169]]},"properties":{}},{"type":"Feature","geometry":{"type":"LineString","coordinates":[[-92.539219,37.939169],[-92.530636,37.905264]]},"properties":{}},{"type":"Feature","geometry":{"type":"LineString","coordinates":[[-92.530636,37.905264],[-92.5042,37.901686]]},"properties":{}},{"type":"Feature","geometry":{"type":"LineString","coordinates":[[-92.5042,37.901686],[-92.438625,37.878603]]},"properties":{}},{"type":"Feature","geometry":{"type":"LineString","coordinates":[[-92.438625,37.878603],[-92.415622,37.859306]]},"properties":{}},{"type":"Feature","geometry":{"type":"LineString","coordinates":[[-92.415622,37.859306],[-92.381633,37.860064]]},"properties":{}},{"type":"Feature","geometry":{"type":"LineString","coordinates":[[-93.000183,38.111469],[-92.9298,38.109961]]},"properties":{}},{"type":"Feature","geometry":{"type":"LineString","coordinates":[[-92.381633,37.860064],[-92.35245,37.800625]]},"properties":{}},{"type":"Feature","geometry":{"type":"LineString","coordinates":[[-92.35245,37.800625],[-92.329447,37.801383]]},"properties":{}},{"type":"Feature","geometry":{"type":"LineString","coordinates":[[-92.329447,37.801383],[-92.317431,37.778811]]},"properties":{}},{"type":"Feature","geometry":{"type":"LineString","coordinates":[[-92.9298,38.109961],[-92.886661,38.101558]]},"properties":{}},{"type":"Feature","geometry":{"type":"LineString","coordinates":[[-92.886661,38.101558],[-92.871211,38.107178]]},"properties":{}},{"type":"Feature","geometry":{"type":"LineString","coordinates":[[-92.871211,38.107178],[-92.851642,38.095506]]},"properties":{}},{"type":"Feature","geometry":{"type":"LineString","coordinates":[[-92.851642,38.095506],[-92.819714,38.097883]]},"properties":{}},{"type":"Feature","geometry":{"type":"LineString","coordinates":[[-92.819714,38.097883],[-92.802203,38.086753]]},"properties":{}},{"type":"Feature","geometry":{"type":"LineString","coordinates":[[-92.802203,38.086753],[-92.801172,38.069131]]},"properties":{}},{"type":"Feature","geometry":{"type":"LineString","coordinates":[[-92.801172,38.069131],[-92.759631,38.025008]]},"properties":{}},{"type":"Feature","geometry":{"type":"LineString","coordinates":[[-92.2328,39.470067],[-92.129803,39.481939]]},"properties":{}},{"type":"Feature","geometry":{"type":"LineString","coordinates":[[-91.827172,39.575681],[-91.766403,39.600231]]},"properties":{}},{"type":"Feature","geometry":{"type":"LineString","coordinates":[[-92.129803,39.481939],[-92.076931,39.472608]]},"properties":{}},{"type":"Feature","geometry":{"type":"LineString","coordinates":[[-92.076931,39.472608],[-92.030239,39.472822]]},"properties":{}},{"type":"Feature","geometry":{"type":"LineString","coordinates":[[-92.030239,39.472822],[-91.991786,39.498472]]},"properties":{}},{"type":"Feature","geometry":{"type":"LineString","coordinates":[[-91.991786,39.498472],[-91.978742,39.513517]]},"properties":{}},{"type":"Feature","geometry":{"type":"LineString","coordinates":[[-91.978742,39.513517],[-91.934108,39.517436]]},"properties":{}},{"type":"Feature","geometry":{"type":"LineString","coordinates":[[-91.934108,39.517436],[-91.909569,39.533431]]},"properties":{}},{"type":"Feature","geometry":{"type":"LineString","coordinates":[[-91.909569,39.533431],[-91.836444,39.561706]]},"properties":{}},{"type":"Feature","geometry":{"type":"LineString","coordinates":[[-91.836444,39.561706],[-91.827172,39.575681]]},"properties":{}},{"type":"Feature","geometry":{"type":"LineString","coordinates":[[-92.776419,38.935261],[-92.742431,38.967917]]},"properties":{}},{"type":"Feature","geometry":{"type":"LineString","coordinates":[[-92.742431,38.967917],[-92.746894,38.988278]]},"properties":{}},{"type":"Feature","geometry":{"type":"LineString","coordinates":[[-92.746894,38.988278],[-92.737625,39.001328]]},"properties":{}},{"type":"Feature","geometry":{"type":"LineString","coordinates":[[-92.737625,39.001328],[-92.575233,38.996603]]},"properties":{}},{"type":"Feature","geometry":{"type":"LineString","coordinates":[[-92.575233,38.996603],[-92.535064,38.988144]]},"properties":{}},{"type":"Feature","geometry":{"type":"LineString","coordinates":[[-92.535064,38.988144],[-92.461936,38.987694]]},"properties":{}},{"type":"Feature","geometry":{"type":"LineString","coordinates":[[-92.461936,38.987694],[-92.432753,38.971758]]},"properties":{}},{"type":"Feature","geometry":{"type":"LineString","coordinates":[[-92.884906,38.668544],[-92.851947,38.671386]]},"properties":{}},{"type":"Feature","geometry":{"type":"LineString","coordinates":[[-92.365181,38.610694],[-92.314028,38.580722]]},"properties":{}},{"type":"Feature","geometry":{"type":"LineString","coordinates":[[-92.314028,38.580722],[-92.284844,38.577042]]},"properties":{}},{"type":"Feature","geometry":{"type":"LineString","coordinates":[[-92.284844,38.577042],[-92.263214,38.585711]]},"properties":{}},{"type":"Feature","geometry":{"type":"LineString","coordinates":[[-92.263214,38.585711],[-92.183908,38.582036]]},"properties":{}},{"type":"Feature","geometry":{"type":"LineString","coordinates":[[-92.183908,38.582036],[-92.143056,38.547756]]},"properties":{}},{"type":"Feature","geometry":{"type":"LineString","coordinates":[[-92.143056,38.547756],[-92.071297,38.536019]]},"properties":{}},{"type":"Feature","geometry":{"type":"LineString","coordinates":[[-92.071297,38.536019],[-92.006408,38.492583]]},"properties":{}},{"type":"Feature","geometry":{"type":"LineString","coordinates":[[-92.006408,38.492583],[-91.936714,38.496961]]},"properties":{}},{"type":"Feature","geometry":{"type":"LineString","coordinates":[[-91.936714,38.496961],[-91.900667,38.487906]]},"properties":{}},{"type":"Feature","geometry":{"type":"LineString","coordinates":[[-91.900667,38.487906],[-91.865306,38.495511]]},"properties":{}},{"type":"Feature","geometry":{"type":"LineString","coordinates":[[-92.851947,38.671386],[-92.766117,38.646881]]},"properties":{}},{"type":"Feature","geometry":{"type":"LineString","coordinates":[[-91.865306,38.495511],[-91.818956,38.465492]]},"properties":{}},{"type":"Feature","geometry":{"type":"LineString","coordinates":[[-91.818956,38.465492],[-91.786339,38.474708]]},"properties":{}},{"type":"Feature","geometry":{"type":"LineString","coordinates":[[-91.786339,38.474708],[-91.678881,38.451133]]},"properties":{}},{"type":"Feature","geometry":{"type":"LineString","coordinates":[[-91.678881,38.451133],[-91.657936,38.466269]]},"properties":{}},{"type":"Feature","geometry":{"type":"LineString","coordinates":[[-91.657936,38.466269],[-91.613647,38.464736]]},"properties":{}},{"type":"Feature","geometry":{"type":"LineString","coordinates":[[-91.613647,38.464736],[-91.605064,38.476111]]},"properties":{}},{"type":"Feature","geometry":{"type":"LineString","coordinates":[[-91.605064,38.476111],[-91.519578,38.48855]]},"properties":{}},{"type":"Feature","geometry":{"type":"LineString","coordinates":[[-91.519578,38.48855],[-91.445764,38.451]]},"properties":{}},{"type":"Feature","geometry":{"type":"LineString","coordinates":[[-91.445764,38.451],[-91.4413,38.406433]]},"properties":{}},{"type":"Feature","geometry":{"type":"LineString","coordinates":[[-91.4413,38.406433],[-91.410744,38.387681]]},"properties":{}},{"type":"Feature","geometry":{"type":"LineString","coordinates":[[-92.766117,38.646881],[-92.667925,38.645969]]},"properties":{}},{"type":"Feature","geometry":{"type":"LineString","coordinates":[[-91.410744,38.387681],[-91.375381,38.3883]]},"properties":{}},{"type":"Feature","geometry":{"type":"LineString","coordinates":[[-91.375381,38.3883],[-91.270667,38.423356]]},"properties":{}},{"type":"Feature","geometry":{"type":"LineString","coordinates":[[-91.270667,38.423356],[-91.147417,38.419131]]},"properties":{}},{"type":"Feature","geometry":{"type":"LineString","coordinates":[[-91.147417,38.419131],[-91.070167,38.449872]]},"properties":{}},{"type":"Feature","geometry":{"type":"LineString","coordinates":[[-91.070167,38.449872],[-91.014892,38.439194]]},"properties":{}},{"type":"Feature","geometry":{"type":"LineString","coordinates":[[-91.014892,38.439194],[-90.997383,38.445731]]},"properties":{}},{"type":"Feature","geometry":{"type":"LineString","coordinates":[[-90.997383,38.445731],[-90.970261,38.432903]]},"properties":{}},{"type":"Feature","geometry":{"type":"LineString","coordinates":[[-90.970261,38.432903],[-90.910867,38.438361]]},"properties":{}},{"type":"Feature","geometry":{"type":"LineString","coordinates":[[-92.667925,38.645969],[-92.616836,38.634431]]},"properties":{}},{"type":"Feature","geometry":{"type":"LineString","coordinates":[[-92.616836,38.634431],[-92.587653,38.614667]]},"properties":{}},{"type":"Feature","geometry":{"type":"LineString","coordinates":[[-92.587653,38.614667],[-92.509033,38.609917]]},"properties":{}},{"type":"Feature","geometry":{"type":"LineString","coordinates":[[-92.509033,38.609917],[-92.45925,38.602486]]},"properties":{}},{"type":"Feature","geometry":{"type":"LineString","coordinates":[[-92.45925,38.602486],[-92.437625,38.610611]]},"properties":{}},{"type":"Feature","geometry":{"type":"LineString","coordinates":[[-92.437625,38.610611],[-92.365181,38.610694]]},"properties":{}},{"type":"Feature","geometry":{"type":"LineString","coordinates":[[-93.105375,37.936847],[-93.079969,37.938731]]},"properties":{}},{"type":"Feature","geometry":{"type":"LineString","coordinates":[[-92.615622,38.147028],[-92.605667,38.207561]]},"properties":{}},{"type":"Feature","geometry":{"type":"LineString","coordinates":[[-92.605667,38.207561],[-92.626608,38.220592]]},"properties":{}},{"type":"Feature","geometry":{"type":"LineString","coordinates":[[-92.626608,38.220592],[-92.614592,38.242244]]},"properties":{}},{"type":"Feature","geometry":{"type":"LineString","coordinates":[[-92.614592,38.242244],[-92.590903,38.249339]]},"properties":{}},{"type":"Feature","geometry":{"type":"LineString","coordinates":[[-92.590903,38.249339],[-92.577514,38.315339]]},"properties":{}},{"type":"Feature","geometry":{"type":"LineString","coordinates":[[-92.577514,38.315339],[-92.543522,38.363889]]},"properties":{}},{"type":"Feature","geometry":{"type":"LineString","coordinates":[[-92.543522,38.363889],[-92.405167,38.375278]]},"properties":{}},{"type":"Feature","geometry":{"type":"LineString","coordinates":[[-92.405167,38.375278],[-92.275044,38.47595]]},"properties":{}},{"type":"Feature","geometry":{"type":"LineString","coordinates":[[-92.275044,38.47595],[-92.259594,38.505589]]},"properties":{}},{"type":"Feature","geometry":{"type":"LineString","coordinates":[[-92.259594,38.505589],[-92.183033,38.5669]]},"properties":{}},{"type":"Feature","geometry":{"type":"LineString","coordinates":[[-93.079969,37.938731],[-93.047356,37.930322]]},"properties":{}},{"type":"Feature","geometry":{"type":"LineString","coordinates":[[-92.183033,38.5669],[-92.182689,38.583622]]},"properties":{}},{"type":"Feature","geometry":{"type":"LineString","coordinates":[[-92.182689,38.583622],[-92.154194,38.608925]]},"properties":{}},{"type":"Feature","geometry":{"type":"LineString","coordinates":[[-92.154194,38.608925],[-92.138058,38.61115]]},"properties":{}},{"type":"Feature","geometry":{"type":"LineString","coordinates":[[-92.138058,38.61115],[-92.07935,38.717014]]},"properties":{}},{"type":"Feature","geometry":{"type":"LineString","coordinates":[[-92.07935,38.717014],[-91.971547,38.828522]]},"properties":{}},{"type":"Feature","geometry":{"type":"LineString","coordinates":[[-91.971547,38.828522],[-91.970517,38.870314]]},"properties":{}},{"type":"Feature","geometry":{"type":"LineString","coordinates":[[-91.970517,38.870314],[-91.943394,38.890706]]},"properties":{}},{"type":"Feature","geometry":{"type":"LineString","coordinates":[[-91.943394,38.890706],[-91.940306,38.954361]]},"properties":{}},{"type":"Feature","geometry":{"type":"LineString","coordinates":[[-91.940306,38.954361],[-91.893958,38.975258]]},"properties":{}},{"type":"Feature","geometry":{"type":"LineString","coordinates":[[-91.893958,38.975258],[-91.894644,39.114075]]},"properties":{}},{"type":"Feature","geometry":{"type":"LineString","coordinates":[[-93.047356,37.930322],[-93.00495,37.929139]]},"properties":{}},{"type":"Feature","geometry":{"type":"LineString","coordinates":[[-91.894644,39.114075],[-91.855161,39.1312]]},"properties":{}},{"type":"Feature","geometry":{"type":"LineString","coordinates":[[-91.855161,39.1312],[-91.842458,39.163231]]},"properties":{}},{"type":"Feature","geometry":{"type":"LineString","coordinates":[[-91.842458,39.163231],[-91.648481,39.163311]]},"properties":{}},{"type":"Feature","geometry":{"type":"LineString","coordinates":[[-91.648481,39.163311],[-91.644361,39.281028]]},"properties":{}},{"type":"Feature","geometry":{"type":"LineString","coordinates":[[-91.644361,39.281028],[-91.563681,39.278983]]},"properties":{}},{"type":"Feature","geometry":{"type":"LineString","coordinates":[[-91.563681,39.278983],[-91.424633,39.335911]]},"properties":{}},{"type":"Feature","geometry":{"type":"LineString","coordinates":[[-91.424633,39.335911],[-91.414681,39.347144]]},"properties":{}},{"type":"Feature","geometry":{"type":"LineString","coordinates":[[-91.414681,39.347144],[-91.23375,39.344569]]},"properties":{}},{"type":"Feature","geometry":{"type":"LineString","coordinates":[[-93.00495,37.929139],[-92.973708,37.9655]]},"properties":{}},{"type":"Feature","geometry":{"type":"LineString","coordinates":[[-92.973708,37.9655],[-92.849083,37.990475]]},"properties":{}},{"type":"Feature","geometry":{"type":"LineString","coordinates":[[-92.849083,37.990475],[-92.766339,37.99705]]},"properties":{}},{"type":"Feature","geometry":{"type":"LineString","coordinates":[[-92.766339,37.99705],[-92.699392,38.045814]]},"properties":{}},{"type":"Feature","geometry":{"type":"LineString","coordinates":[[-92.699392,38.045814],[-92.679822,38.126961]]},"properties":{}},{"type":"Feature","geometry":{"type":"LineString","coordinates":[[-92.679822,38.126961],[-92.615622,38.147028]]},"properties":{}},{"type":"Feature","geometry":{"type":"LineString","coordinates":[[-93.301564,37.134394],[-93.273069,37.142822]]},"properties":{}},{"type":"Feature","geometry":{"type":"LineString","coordinates":[[-92.732678,37.130342],[-92.640322,37.110306]]},"properties":{}},{"type":"Feature","geometry":{"type":"LineString","coordinates":[[-92.640322,37.110306],[-92.604275,37.117094]]},"properties":{}},{"type":"Feature","geometry":{"type":"LineString","coordinates":[[-92.604275,37.117094],[-92.433644,37.110742]]},"properties":{}},{"type":"Feature","geometry":{"type":"LineString","coordinates":[[-92.433644,37.110742],[-92.364636,37.128481]]},"properties":{}},{"type":"Feature","geometry":{"type":"LineString","coordinates":[[-92.364636,37.128481],[-92.299061,37.133625]]},"properties":{}},{"type":"Feature","geometry":{"type":"LineString","coordinates":[[-92.299061,37.133625],[-92.276744,37.149172]]},"properties":{}},{"type":"Feature","geometry":{"type":"LineString","coordinates":[[-92.276744,37.149172],[-92.174778,37.144467]]},"properties":{}},{"type":"Feature","geometry":{"type":"LineString","coordinates":[[-92.174778,37.144467],[-92.070064,37.104169]]},"properties":{}},{"type":"Feature","geometry":{"type":"LineString","coordinates":[[-92.070064,37.104169],[-91.99625,37.026042]]},"properties":{}},{"type":"Feature","geometry":{"type":"LineString","coordinates":[[-91.99625,37.026042],[-91.987667,36.991167]]},"properties":{}},{"type":"Feature","geometry":{"type":"LineString","coordinates":[[-93.273069,37.142822],[-93.212986,37.120597]]},"properties":{}},{"type":"Feature","geometry":{"type":"LineString","coordinates":[[-91.987667,36.991167],[-91.928958,36.965056]]},"properties":{}},{"type":"Feature","geometry":{"type":"LineString","coordinates":[[-91.928958,36.965056],[-91.885356,36.965278]]},"properties":{}},{"type":"Feature","geometry":{"type":"LineString","coordinates":[[-91.885356,36.965278],[-91.808111,36.991825]]},"properties":{}},{"type":"Feature","geometry":{"type":"LineString","coordinates":[[-91.808111,36.991825],[-91.663569,37.001917]]},"properties":{}},{"type":"Feature","geometry":{"type":"LineString","coordinates":[[-91.663569,37.001917],[-91.626833,36.988972]]},"properties":{}},{"type":"Feature","geometry":{"type":"LineString","coordinates":[[-91.626833,36.988972],[-91.546842,36.987547]]},"properties":{}},{"type":"Feature","geometry":{"type":"LineString","coordinates":[[-93.212986,37.120597],[-93.086986,37.119175]]},"properties":{}},{"type":"Feature","geometry":{"type":"LineString","coordinates":[[-93.086986,37.119175],[-93.061925,37.109536]]},"properties":{}},{"type":"Feature","geometry":{"type":"LineString","coordinates":[[-93.061925,37.109536],[-92.979181,37.125636]]},"properties":{}},{"type":"Feature","geometry":{"type":"LineString","coordinates":[[-92.979181,37.125636],[-92.945194,37.152125]]},"properties":{}},{"type":"Feature","geometry":{"type":"LineString","coordinates":[[-92.945194,37.152125],[-92.840481,37.172594]]},"properties":{}},{"type":"Feature","geometry":{"type":"LineString","coordinates":[[-92.840481,37.172594],[-92.761861,37.156944]]},"properties":{}},{"type":"Feature","geometry":{"type":"LineString","coordinates":[[-92.761861,37.156944],[-92.732678,37.130342]]},"properties":{}},{"type":"Feature","geometry":{"type":"LineString","coordinates":[[-90.961731,39.110853],[-90.972944,39.079525]]},"properties":{}},{"type":"Feature","geometry":{"type":"LineString","coordinates":[[-90.972944,39.079525],[-90.974547,39.043381]]},"properties":{}},{"type":"Feature","geometry":{"type":"LineString","coordinates":[[-90.974547,39.043381],[-90.980956,39.021089]]},"properties":{}},{"type":"Feature","geometry":{"type":"LineString","coordinates":[[-90.980956,39.021089],[-90.966078,38.992922]]},"properties":{}},{"type":"Feature","geometry":{"type":"LineString","coordinates":[[-90.966078,38.992922],[-90.959444,38.968478]]},"properties":{}},{"type":"Feature","geometry":{"type":"LineString","coordinates":[[-90.959444,38.968478],[-90.927397,38.947233]]},"properties":{}},{"type":"Feature","geometry":{"type":"LineString","coordinates":[[-90.927397,38.947233],[-90.9187,38.885906]]},"properties":{}},{"type":"Feature","geometry":{"type":"LineString","coordinates":[[-90.9187,38.885906],[-90.891464,38.870514]]},"properties":{}},{"type":"Feature","geometry":{"type":"LineString","coordinates":[[-90.891464,38.870514],[-90.836075,38.806981]]},"properties":{}},{"type":"Feature","geometry":{"type":"LineString","coordinates":[[-92.4127,39.377975],[-92.373561,39.310694]]},"properties":{}},{"type":"Feature","geometry":{"type":"LineString","coordinates":[[-92.251508,38.875339],[-92.254597,38.683389]]},"properties":{}},{"type":"Feature","geometry":{"type":"LineString","coordinates":[[-92.254597,38.683389],[-92.202069,38.648753]]},"properties":{}},{"type":"Feature","geometry":{"type":"LineString","coordinates":[[-92.202069,38.648753],[-92.181814,38.606056]]},"properties":{}},{"type":"Feature","geometry":{"type":"LineString","coordinates":[[-92.181814,38.606056],[-92.16705,38.599831]]},"properties":{}},{"type":"Feature","geometry":{"type":"LineString","coordinates":[[-92.373561,39.310694],[-92.372189,39.291725]]},"properties":{}},{"type":"Feature","geometry":{"type":"LineString","coordinates":[[-92.372189,39.291725],[-92.324122,39.2467]]},"properties":{}},{"type":"Feature","geometry":{"type":"LineString","coordinates":[[-92.324122,39.2467],[-92.332531,39.1206]]},"properties":{}},{"type":"Feature","geometry":{"type":"LineString","coordinates":[[-92.332531,39.1206],[-92.331158,39.033333]]},"properties":{}},{"type":"Feature","geometry":{"type":"LineString","coordinates":[[-92.331158,39.033333],[-92.280694,38.981]]},"properties":{}},{"type":"Feature","geometry":{"type":"LineString","coordinates":[[-92.280694,38.981],[-92.294081,38.961994]]},"properties":{}},{"type":"Feature","geometry":{"type":"LineString","coordinates":[[-92.294081,38.961994],[-92.29305,38.909333]]},"properties":{}},{"type":"Feature","geometry":{"type":"LineString","coordinates":[[-92.29305,38.909333],[-92.251508,38.875339]]},"properties":{}},{"type":"Feature","geometry":{"type":"LineString","coordinates":[[-92.001092,38.49295],[-92.008986,38.451233]]},"properties":{}},{"type":"Feature","geometry":{"type":"LineString","coordinates":[[-91.816667,38.133919],[-91.769006,38.120092]]},"properties":{}},{"type":"Feature","geometry":{"type":"LineString","coordinates":[[-91.769006,38.120092],[-91.759736,38.094914]]},"properties":{}},{"type":"Feature","geometry":{"type":"LineString","coordinates":[[-91.759736,38.094914],[-91.775183,38.061619]]},"properties":{}},{"type":"Feature","geometry":{"type":"LineString","coordinates":[[-91.775183,38.061619],[-91.770722,37.993142]]},"properties":{}},{"type":"Feature","geometry":{"type":"LineString","coordinates":[[-91.770722,37.993142],[-91.759392,37.977125]]},"properties":{}},{"type":"Feature","geometry":{"type":"LineString","coordinates":[[-91.759392,37.977125],[-91.777586,37.954603]]},"properties":{}},{"type":"Feature","geometry":{"type":"LineString","coordinates":[[-91.777586,37.954603],[-91.778617,37.903367]]},"properties":{}},{"type":"Feature","geometry":{"type":"LineString","coordinates":[[-91.778617,37.903367],[-91.794753,37.879742]]},"properties":{}},{"type":"Feature","geometry":{"type":"LineString","coordinates":[[-91.794753,37.879742],[-91.799217,37.812722]]},"properties":{}},{"type":"Feature","geometry":{"type":"LineString","coordinates":[[-91.799217,37.812722],[-91.858611,37.768986]]},"properties":{}},{"type":"Feature","geometry":{"type":"LineString","coordinates":[[-92.008986,38.451233],[-91.937917,38.392811]]},"properties":{}},{"type":"Feature","geometry":{"type":"LineString","coordinates":[[-91.858611,37.768986],[-91.858956,37.728486]]},"properties":{}},{"type":"Feature","geometry":{"type":"LineString","coordinates":[[-91.858956,37.728486],[-91.870283,37.710778]]},"properties":{}},{"type":"Feature","geometry":{"type":"LineString","coordinates":[[-91.870283,37.710778],[-91.863075,37.452522]]},"properties":{}},{"type":"Feature","geometry":{"type":"LineString","coordinates":[[-91.863075,37.452522],[-91.879897,37.396528]]},"properties":{}},{"type":"Feature","geometry":{"type":"LineString","coordinates":[[-91.879897,37.396528],[-91.899467,37.393519]]},"properties":{}},{"type":"Feature","geometry":{"type":"LineString","coordinates":[[-91.899467,37.393519],[-91.957486,37.322239]]},"properties":{}},{"type":"Feature","geometry":{"type":"LineString","coordinates":[[-91.957486,37.322239],[-92.038514,37.204639]]},"properties":{}},{"type":"Feature","geometry":{"type":"LineString","coordinates":[[-92.038514,37.204639],[-92.092417,37.126611]]},"properties":{}},{"type":"Feature","geometry":{"type":"LineString","coordinates":[[-92.092417,37.126611],[-92.092444,37.126611]]},"properties":{}},{"type":"Feature","geometry":{"type":"LineString","coordinates":[[-92.092444,37.126611],[-92.082458,37.107667]]},"properties":{}},{"type":"Feature","geometry":{"type":"LineString","coordinates":[[-91.937917,38.392811],[-91.908736,38.333264]]},"properties":{}},{"type":"Feature","geometry":{"type":"LineString","coordinates":[[-91.908736,38.333264],[-91.924186,38.319472]]},"properties":{}},{"type":"Feature","geometry":{"type":"LineString","coordinates":[[-91.924186,38.319472],[-91.949936,38.190822]]},"properties":{}},{"type":"Feature","geometry":{"type":"LineString","coordinates":[[-91.949936,38.190822],[-91.937233,38.152711]]},"properties":{}},{"type":"Feature","geometry":{"type":"LineString","coordinates":[[-91.937233,38.152711],[-91.901869,38.153467]]},"properties":{}},{"type":"Feature","geometry":{"type":"LineString","coordinates":[[-91.901869,38.153467],[-91.850028,38.127761]]},"properties":{}},{"type":"Feature","geometry":{"type":"LineString","coordinates":[[-91.850028,38.127761],[-91.816667,38.133919]]},"properties":{}},{"type":"Feature","geometry":{"type":"LineString","coordinates":[[-93.180408,37.867739],[-93.130969,37.734978]]},"properties":{}},{"type":"Feature","geometry":{"type":"LineString","coordinates":[[-93.167528,37.318819],[-93.182975,37.289814]]},"properties":{}},{"type":"Feature","geometry":{"type":"LineString","coordinates":[[-93.182975,37.289814],[-93.223833,37.262439]]},"properties":{}},{"type":"Feature","geometry":{"type":"LineString","coordinates":[[-93.223833,37.262439],[-93.224175,37.137683]]},"properties":{}},{"type":"Feature","geometry":{"type":"LineString","coordinates":[[-93.224175,37.137683],[-93.233447,37.115731]]},"properties":{}},{"type":"Feature","geometry":{"type":"LineString","coordinates":[[-93.233447,37.115731],[-93.226236,37.046106]]},"properties":{}},{"type":"Feature","geometry":{"type":"LineString","coordinates":[[-93.226236,37.046106],[-93.232069,36.927581]]},"properties":{}},{"type":"Feature","geometry":{"type":"LineString","coordinates":[[-93.232069,36.927581],[-93.245458,36.913253]]},"properties":{}},{"type":"Feature","geometry":{"type":"LineString","coordinates":[[-93.245458,36.913253],[-93.217653,36.839597]]},"properties":{}},{"type":"Feature","geometry":{"type":"LineString","coordinates":[[-93.217653,36.839597],[-93.226208,36.818656]]},"properties":{}},{"type":"Feature","geometry":{"type":"LineString","coordinates":[[-93.226208,36.818656],[-93.219028,36.716842]]},"properties":{}},{"type":"Feature","geometry":{"type":"LineString","coordinates":[[-93.130969,37.734978],[-93.102131,37.692228]]},"properties":{}},{"type":"Feature","geometry":{"type":"LineString","coordinates":[[-93.219028,36.716842],[-93.221431,36.652911]]},"properties":{}},{"type":"Feature","geometry":{"type":"LineString","coordinates":[[-93.221431,36.652911],[-93.226578,36.641289]]},"properties":{}},{"type":"Feature","geometry":{"type":"LineString","coordinates":[[-93.226578,36.641289],[-93.220742,36.621944]]},"properties":{}},{"type":"Feature","geometry":{"type":"LineString","coordinates":[[-93.220742,36.621944],[-93.234819,36.597639]]},"properties":{}},{"type":"Feature","geometry":{"type":"LineString","coordinates":[[-93.234819,36.597639],[-93.230181,36.589342]]},"properties":{}},{"type":"Feature","geometry":{"type":"LineString","coordinates":[[-93.230181,36.589342],[-93.254558,36.561167]]},"properties":{}},{"type":"Feature","geometry":{"type":"LineString","coordinates":[[-93.254558,36.561167],[-93.243917,36.526356]]},"properties":{}},{"type":"Feature","geometry":{"type":"LineString","coordinates":[[-93.243917,36.526356],[-93.216792,36.486011]]},"properties":{}},{"type":"Feature","geometry":{"type":"LineString","coordinates":[[-93.216792,36.486011],[-93.232931,36.414153]]},"properties":{}},{"type":"Feature","geometry":{"type":"LineString","coordinates":[[-93.102131,37.692228],[-93.104189,37.623897]]},"properties":{}},{"type":"Feature","geometry":{"type":"LineString","coordinates":[[-93.104189,37.623897],[-93.137658,37.572036]]},"properties":{}},{"type":"Feature","geometry":{"type":"LineString","coordinates":[[-93.137658,37.572036],[-93.139375,37.459242]]},"properties":{}},{"type":"Feature","geometry":{"type":"LineString","coordinates":[[-93.139375,37.459242],[-93.143153,37.447742]]},"properties":{}},{"type":"Feature","geometry":{"type":"LineString","coordinates":[[-93.143153,37.447742],[-93.144867,37.408428]]},"properties":{}},{"type":"Feature","geometry":{"type":"LineString","coordinates":[[-93.144867,37.408428],[-93.168556,37.369092]]},"properties":{}},{"type":"Feature","geometry":{"type":"LineString","coordinates":[[-93.168556,37.369092],[-93.167528,37.318819]]},"properties":{}},{"type":"Feature","geometry":{"type":"LineString","coordinates":[[-90.44525,37.114856],[-90.465506,37.139819]]},"properties":{}},{"type":"Feature","geometry":{"type":"LineString","coordinates":[[-90.322083,37.57115],[-90.377356,37.685569]]},"properties":{}},{"type":"Feature","geometry":{"type":"LineString","coordinates":[[-90.377356,37.685569],[-90.446361,37.74825]]},"properties":{}},{"type":"Feature","geometry":{"type":"LineString","coordinates":[[-90.446361,37.74825],[-90.443272,37.7984]]},"properties":{}},{"type":"Feature","geometry":{"type":"LineString","coordinates":[[-90.443272,37.7984],[-90.484128,37.838756]]},"properties":{}},{"type":"Feature","geometry":{"type":"LineString","coordinates":[[-90.484128,37.838756],[-90.490653,37.863914]]},"properties":{}},{"type":"Feature","geometry":{"type":"LineString","coordinates":[[-90.490653,37.863914],[-90.508847,37.877139]]},"properties":{}},{"type":"Feature","geometry":{"type":"LineString","coordinates":[[-90.508847,37.877139],[-90.527731,37.909869]]},"properties":{}},{"type":"Feature","geometry":{"type":"LineString","coordinates":[[-90.527731,37.909869],[-90.551419,37.955036]]},"properties":{}},{"type":"Feature","geometry":{"type":"LineString","coordinates":[[-90.551419,37.955036],[-90.524986,37.993142]]},"properties":{}},{"type":"Feature","geometry":{"type":"LineString","coordinates":[[-90.524986,37.993142],[-90.483444,38.016083]]},"properties":{}},{"type":"Feature","geometry":{"type":"LineString","coordinates":[[-90.465506,37.139819],[-90.467992,37.198075]]},"properties":{}},{"type":"Feature","geometry":{"type":"LineString","coordinates":[[-90.483444,38.016083],[-90.494772,38.0428]]},"properties":{}},{"type":"Feature","geometry":{"type":"LineString","coordinates":[[-90.494772,38.0428],[-90.482756,38.107881]]},"properties":{}},{"type":"Feature","geometry":{"type":"LineString","coordinates":[[-90.482756,38.107881],[-90.437094,38.188014]]},"properties":{}},{"type":"Feature","geometry":{"type":"LineString","coordinates":[[-90.437094,38.188014],[-90.398986,38.199564]]},"properties":{}},{"type":"Feature","geometry":{"type":"LineString","coordinates":[[-90.467992,37.198075],[-90.455289,37.251875]]},"properties":{}},{"type":"Feature","geometry":{"type":"LineString","coordinates":[[-90.455289,37.251875],[-90.419928,37.305639]]},"properties":{}},{"type":"Feature","geometry":{"type":"LineString","coordinates":[[-90.419928,37.305639],[-90.3674,37.363181]]},"properties":{}},{"type":"Feature","geometry":{"type":"LineString","coordinates":[[-90.3674,37.363181],[-90.338903,37.378133]]},"properties":{}},{"type":"Feature","geometry":{"type":"LineString","coordinates":[[-90.338903,37.378133],[-90.296675,37.434531]]},"properties":{}},{"type":"Feature","geometry":{"type":"LineString","coordinates":[[-90.296675,37.434531],[-90.325169,37.548617]]},"properties":{}},{"type":"Feature","geometry":{"type":"LineString","coordinates":[[-90.325169,37.548617],[-90.322083,37.57115]]},"properties":{}},{"type":"Feature","geometry":{"type":"LineString","coordinates":[[-97.669167,39.1325],[-97.668333,39.119444]]},"properties":{}},{"type":"Feature","geometry":{"type":"LineString","coordinates":[[-97.633056,38.811389],[-97.617222,38.797222]]},"properties":{}},{"type":"Feature","geometry":{"type":"LineString","coordinates":[[-97.617222,38.797222],[-97.618056,38.730833]]},"properties":{}},{"type":"Feature","geometry":{"type":"LineString","coordinates":[[-97.618056,38.730833],[-97.622222,38.719444]]},"properties":{}},{"type":"Feature","geometry":{"type":"LineString","coordinates":[[-97.622222,38.719444],[-97.621667,38.321667]]},"properties":{}},{"type":"Feature","geometry":{"type":"LineString","coordinates":[[-97.621667,38.321667],[-97.356953,38.087122]]},"properties":{}},{"type":"Feature","geometry":{"type":"LineString","coordinates":[[-97.356953,38.087122],[-97.324453,38.076539]]},"properties":{}},{"type":"Feature","geometry":{"type":"LineString","coordinates":[[-97.324453,38.076539],[-97.320789,38.044325]]},"properties":{}},{"type":"Feature","geometry":{"type":"LineString","coordinates":[[-97.320789,38.044325],[-97.327197,38.026389]]},"properties":{}},{"type":"Feature","geometry":{"type":"LineString","coordinates":[[-97.327197,38.026389],[-97.326283,37.798003]]},"properties":{}},{"type":"Feature","geometry":{"type":"LineString","coordinates":[[-97.326283,37.798003],[-97.32125,37.721144]]},"properties":{}},{"type":"Feature","geometry":{"type":"LineString","coordinates":[[-97.668333,39.119444],[-97.651667,39.101389]]},"properties":{}},{"type":"Feature","geometry":{"type":"LineString","coordinates":[[-97.32125,37.721144],[-97.307972,37.636594]]},"properties":{}},{"type":"Feature","geometry":{"type":"LineString","coordinates":[[-97.307972,37.636594],[-97.328114,37.621481]]},"properties":{}},{"type":"Feature","geometry":{"type":"LineString","coordinates":[[-97.328114,37.621481],[-97.323536,37.602011]]},"properties":{}},{"type":"Feature","geometry":{"type":"LineString","coordinates":[[-97.651667,39.101389],[-97.651667,39.045]]},"properties":{}},{"type":"Feature","geometry":{"type":"LineString","coordinates":[[-97.651667,39.045],[-97.639722,39.006111]]},"properties":{}},{"type":"Feature","geometry":{"type":"LineString","coordinates":[[-97.639722,39.006111],[-97.638333,38.946111]]},"properties":{}},{"type":"Feature","geometry":{"type":"LineString","coordinates":[[-97.638333,38.946111],[-97.647222,38.905833]]},"properties":{}},{"type":"Feature","geometry":{"type":"LineString","coordinates":[[-97.647222,38.905833],[-97.645,38.858889]]},"properties":{}},{"type":"Feature","geometry":{"type":"LineString","coordinates":[[-97.645,38.858889],[-97.647778,38.845278]]},"properties":{}},{"type":"Feature","geometry":{"type":"LineString","coordinates":[[-97.647778,38.845278],[-97.633056,38.811389]]},"properties":{}},{"type":"Feature","geometry":{"type":"LineString","coordinates":[[-97.322194,37.415875],[-97.323278,37.600847]]},"properties":{}},{"type":"Feature","geometry":{"type":"LineString","coordinates":[[-96.494167,38.150278],[-96.430556,38.224167]]},"properties":{}},{"type":"Feature","geometry":{"type":"LineString","coordinates":[[-96.430556,38.224167],[-96.400278,38.233889]]},"properties":{}},{"type":"Feature","geometry":{"type":"LineString","coordinates":[[-96.400278,38.233889],[-96.391944,38.255278]]},"properties":{}},{"type":"Feature","geometry":{"type":"LineString","coordinates":[[-96.391944,38.255278],[-96.306944,38.331389]]},"properties":{}},{"type":"Feature","geometry":{"type":"LineString","coordinates":[[-96.306944,38.331389],[-96.220278,38.436944]]},"properties":{}},{"type":"Feature","geometry":{"type":"LineString","coordinates":[[-97.323278,37.600847],[-97.235389,37.674569]]},"properties":{}},{"type":"Feature","geometry":{"type":"LineString","coordinates":[[-97.235389,37.674569],[-96.958242,37.776433]]},"properties":{}},{"type":"Feature","geometry":{"type":"LineString","coordinates":[[-96.958242,37.776433],[-96.872639,37.848897]]},"properties":{}},{"type":"Feature","geometry":{"type":"LineString","coordinates":[[-96.872639,37.848897],[-96.83,37.9025]]},"properties":{}},{"type":"Feature","geometry":{"type":"LineString","coordinates":[[-96.83,37.9025],[-96.7525,37.941944]]},"properties":{}},{"type":"Feature","geometry":{"type":"LineString","coordinates":[[-96.7525,37.941944],[-96.591667,38.08]]},"properties":{}},{"type":"Feature","geometry":{"type":"LineString","coordinates":[[-96.591667,38.08],[-96.565833,38.118889]]},"properties":{}},{"type":"Feature","geometry":{"type":"LineString","coordinates":[[-96.565833,38.118889],[-96.494167,38.150278]]},"properties":{}},{"type":"Feature","geometry":{"type":"LineString","coordinates":[[-100.975556,39.316667],[-100.817222,39.122222]]},"properties":{}},{"type":"Feature","geometry":{"type":"LineString","coordinates":[[-99.5225,38.95],[-99.441944,38.929167]]},"properties":{}},{"type":"Feature","geometry":{"type":"LineString","coordinates":[[-99.441944,38.929167],[-99.375278,38.925]]},"properties":{}},{"type":"Feature","geometry":{"type":"LineString","coordinates":[[-99.375278,38.925],[-99.262778,38.879167]]},"properties":{}},{"type":"Feature","geometry":{"type":"LineString","coordinates":[[-99.262778,38.879167],[-99.111389,38.875]]},"properties":{}},{"type":"Feature","geometry":{"type":"LineString","coordinates":[[-99.111389,38.875],[-99.062778,38.8625]]},"properties":{}},{"type":"Feature","geometry":{"type":"LineString","coordinates":[[-99.062778,38.8625],[-98.855833,38.866667]]},"properties":{}},{"type":"Feature","geometry":{"type":"LineString","coordinates":[[-98.855833,38.866667],[-98.500278,38.8625]]},"properties":{}},{"type":"Feature","geometry":{"type":"LineString","coordinates":[[-100.817222,39.122222],[-100.783889,39.1]]},"properties":{}},{"type":"Feature","geometry":{"type":"LineString","coordinates":[[-100.783889,39.1],[-100.466944,39.102778]]},"properties":{}},{"type":"Feature","geometry":{"type":"LineString","coordinates":[[-100.466944,39.102778],[-100.316944,39.083333]]},"properties":{}},{"type":"Feature","geometry":{"type":"LineString","coordinates":[[-100.316944,39.083333],[-100.150278,39.016667]]},"properties":{}},{"type":"Feature","geometry":{"type":"LineString","coordinates":[[-100.150278,39.016667],[-99.891944,39.027778]]},"properties":{}},{"type":"Feature","geometry":{"type":"LineString","coordinates":[[-99.891944,39.027778],[-99.683611,38.975]]},"properties":{}},{"type":"Feature","geometry":{"type":"LineString","coordinates":[[-99.683611,38.975],[-99.591944,38.95]]},"properties":{}},{"type":"Feature","geometry":{"type":"LineString","coordinates":[[-99.591944,38.95],[-99.5225,38.95]]},"properties":{}},{"type":"Feature","geometry":{"type":"LineString","coordinates":[[-98.500278,38.8625],[-98.169722,38.851389]]},"properties":{}},{"type":"Feature","geometry":{"type":"LineString","coordinates":[[-97.185,38.944444],[-97.196667,38.943889]]},"properties":{}},{"type":"Feature","geometry":{"type":"LineString","coordinates":[[-97.196667,38.943889],[-97.149444,38.943889]]},"properties":{}},{"type":"Feature","geometry":{"type":"LineString","coordinates":[[-97.149444,38.943889],[-97.028611,38.990833]]},"properties":{}},{"type":"Feature","geometry":{"type":"LineString","coordinates":[[-97.028611,38.990833],[-96.917222,39.001111]]},"properties":{}},{"type":"Feature","geometry":{"type":"LineString","coordinates":[[-96.917222,39.001111],[-96.851944,39.0]]},"properties":{}},{"type":"Feature","geometry":{"type":"LineString","coordinates":[[-96.851944,39.0],[-96.808889,39.025556]]},"properties":{}},{"type":"Feature","geometry":{"type":"LineString","coordinates":[[-96.808889,39.025556],[-96.770278,39.035833]]},"properties":{}},{"type":"Feature","geometry":{"type":"LineString","coordinates":[[-96.770278,39.035833],[-96.745556,39.060278]]},"properties":{}},{"type":"Feature","geometry":{"type":"LineString","coordinates":[[-96.745556,39.060278],[-96.626111,39.068889]]},"properties":{}},{"type":"Feature","geometry":{"type":"LineString","coordinates":[[-96.626111,39.068889],[-96.506667,39.063889]]},"properties":{}},{"type":"Feature","geometry":{"type":"LineString","coordinates":[[-98.169722,38.851389],[-98.017222,38.879167]]},"properties":{}},{"type":"Feature","geometry":{"type":"LineString","coordinates":[[-96.506667,39.063889],[-96.48,39.069722]]},"properties":{}},{"type":"Feature","geometry":{"type":"LineString","coordinates":[[-96.48,39.069722],[-96.443611,39.064444]]},"properties":{}},{"type":"Feature","geometry":{"type":"LineString","coordinates":[[-96.443611,39.064444],[-96.192222,39.066111]]},"properties":{}},{"type":"Feature","geometry":{"type":"LineString","coordinates":[[-98.017222,38.879167],[-97.671111,38.878333]]},"properties":{}},{"type":"Feature","geometry":{"type":"LineString","coordinates":[[-97.671111,38.878333],[-97.605278,38.877222]]},"properties":{}},{"type":"Feature","geometry":{"type":"LineString","coordinates":[[-97.605278,38.877222],[-97.539444,38.906944]]},"properties":{}},{"type":"Feature","geometry":{"type":"LineString","coordinates":[[-97.539444,38.906944],[-97.428056,38.908056]]},"properties":{}},{"type":"Feature","geometry":{"type":"LineString","coordinates":[[-97.428056,38.908056],[-97.378611,38.929444]]},"properties":{}},{"type":"Feature","geometry":{"type":"LineString","coordinates":[[-97.378611,38.929444],[-97.273056,38.930556]]},"properties":{}},{"type":"Feature","geometry":{"type":"LineString","coordinates":[[-97.273056,38.930556],[-97.185,38.944444]]},"properties":{}},{"type":"Feature","geometry":{"type":"LineString","coordinates":[[-98.695,38.364722],[-98.638611,38.438056]]},"properties":{}},{"type":"Feature","geometry":{"type":"LineString","coordinates":[[-98.638611,38.438056],[-98.506111,38.523056]]},"properties":{}},{"type":"Feature","geometry":{"type":"LineString","coordinates":[[-98.506111,38.523056],[-98.234167,38.710278]]},"properties":{}},{"type":"Feature","geometry":{"type":"LineString","coordinates":[[-98.234167,38.710278],[-98.215833,38.733611]]},"properties":{}},{"type":"Feature","geometry":{"type":"LineString","coordinates":[[-98.215833,38.733611],[-98.215833,38.755278]]},"properties":{}},{"type":"Feature","geometry":{"type":"LineString","coordinates":[[-98.215833,38.755278],[-98.143056,38.799167]]},"properties":{}},{"type":"Feature","geometry":{"type":"LineString","coordinates":[[-98.143056,38.799167],[-98.132222,38.822222]]},"properties":{}},{"type":"Feature","geometry":{"type":"LineString","coordinates":[[-98.132222,38.822222],[-98.113333,38.841944]]},"properties":{}},{"type":"Feature","geometry":{"type":"LineString","coordinates":[[-98.113333,38.841944],[-98.11,38.858889]]},"properties":{}},{"type":"Feature","geometry":{"type":"LineString","coordinates":[[-101.729722,39.183333],[-101.733889,39.083333]]},"properties":{}},{"type":"Feature","geometry":{"type":"LineString","coordinates":[[-101.900556,37.261111],[-101.908889,36.763889]]},"properties":{}},{"type":"Feature","geometry":{"type":"LineString","coordinates":[[-101.733889,39.083333],[-101.750556,38.891667]]},"properties":{}},{"type":"Feature","geometry":{"type":"LineString","coordinates":[[-101.750556,38.891667],[-101.754722,38.4625]]},"properties":{}},{"type":"Feature","geometry":{"type":"LineString","coordinates":[[-101.754722,38.4625],[-101.750556,38.2625]]},"properties":{}},{"type":"Feature","geometry":{"type":"LineString","coordinates":[[-101.750556,38.2625],[-101.763056,38.25]]},"properties":{}},{"type":"Feature","geometry":{"type":"LineString","coordinates":[[-101.763056,38.25],[-101.767222,37.4]]},"properties":{}},{"type":"Feature","geometry":{"type":"LineString","coordinates":[[-101.767222,37.4],[-101.775556,37.386111]]},"properties":{}},{"type":"Feature","geometry":{"type":"LineString","coordinates":[[-101.775556,37.386111],[-101.786667,37.261111]]},"properties":{}},{"type":"Feature","geometry":{"type":"LineString","coordinates":[[-101.786667,37.261111],[-101.900556,37.261111]]},"properties":{}},{"type":"Feature","geometry":{"type":"LineString","coordinates":[[-102.667222,38.475],[-102.583889,38.470833]]},"properties":{}},{"type":"Feature","geometry":{"type":"LineString","coordinates":[[-100.333611,38.454167],[-100.271111,38.452778]]},"properties":{}},{"type":"Feature","geometry":{"type":"LineString","coordinates":[[-100.271111,38.452778],[-100.212778,38.433333]]},"properties":{}},{"type":"Feature","geometry":{"type":"LineString","coordinates":[[-100.212778,38.433333],[-100.087778,38.441667]]},"properties":{}},{"type":"Feature","geometry":{"type":"LineString","coordinates":[[-100.087778,38.441667],[-100.012778,38.4375]]},"properties":{}},{"type":"Feature","geometry":{"type":"LineString","coordinates":[[-100.012778,38.4375],[-99.916944,38.45]]},"properties":{}},{"type":"Feature","geometry":{"type":"LineString","coordinates":[[-99.916944,38.45],[-99.716944,38.441667]]},"properties":{}},{"type":"Feature","geometry":{"type":"LineString","coordinates":[[-99.716944,38.441667],[-99.555833,38.466667]]},"properties":{}},{"type":"Feature","geometry":{"type":"LineString","coordinates":[[-99.555833,38.466667],[-99.133611,38.475]]},"properties":{}},{"type":"Feature","geometry":{"type":"LineString","coordinates":[[-99.133611,38.475],[-98.921111,38.4375]]},"properties":{}},{"type":"Feature","geometry":{"type":"LineString","coordinates":[[-98.921111,38.4375],[-98.798056,38.362222]]},"properties":{}},{"type":"Feature","geometry":{"type":"LineString","coordinates":[[-102.583889,38.470833],[-102.5575,38.4625]]},"properties":{}},{"type":"Feature","geometry":{"type":"LineString","coordinates":[[-102.5575,38.4625],[-102.300556,38.466667]]},"properties":{}},{"type":"Feature","geometry":{"type":"LineString","coordinates":[[-102.300556,38.466667],[-101.775556,38.472222]]},"properties":{}},{"type":"Feature","geometry":{"type":"LineString","coordinates":[[-101.775556,38.472222],[-101.675556,38.447222]]},"properties":{}},{"type":"Feature","geometry":{"type":"LineString","coordinates":[[-101.675556,38.447222],[-101.483889,38.479167]]},"properties":{}},{"type":"Feature","geometry":{"type":"LineString","coordinates":[[-101.483889,38.479167],[-100.600556,38.475]]},"properties":{}},{"type":"Feature","geometry":{"type":"LineString","coordinates":[[-100.600556,38.475],[-100.433889,38.4875]]},"properties":{}},{"type":"Feature","geometry":{"type":"LineString","coordinates":[[-100.433889,38.4875],[-100.333611,38.454167]]},"properties":{}},{"type":"Feature","geometry":{"type":"LineString","coordinates":[[-102.617222,37.4125],[-102.450556,37.379167]]},"properties":{}},{"type":"Feature","geometry":{"type":"LineString","coordinates":[[-100.558889,37.266667],[-100.529722,37.283333]]},"properties":{}},{"type":"Feature","geometry":{"type":"LineString","coordinates":[[-100.529722,37.283333],[-100.358889,37.283333]]},"properties":{}},{"type":"Feature","geometry":{"type":"LineString","coordinates":[[-100.358889,37.283333],[-100.000278,37.283333]]},"properties":{}},{"type":"Feature","geometry":{"type":"LineString","coordinates":[[-100.000278,37.283333],[-100.0,37.213056]]},"properties":{}},{"type":"Feature","geometry":{"type":"LineString","coordinates":[[-100.0,37.213056],[-99.982778,37.195556]]},"properties":{}},{"type":"Feature","geometry":{"type":"LineString","coordinates":[[-99.982778,37.195556],[-99.650278,37.183333]]},"properties":{}},{"type":"Feature","geometry":{"type":"LineString","coordinates":[[-99.650278,37.183333],[-99.327222,37.193056]]},"properties":{}},{"type":"Feature","geometry":{"type":"LineString","coordinates":[[-99.327222,37.193056],[-99.328056,37.280278]]},"properties":{}},{"type":"Feature","geometry":{"type":"LineString","coordinates":[[-99.328056,37.280278],[-98.758611,37.283333]]},"properties":{}},{"type":"Feature","geometry":{"type":"LineString","coordinates":[[-98.758611,37.283333],[-98.736389,37.275]]},"properties":{}},{"type":"Feature","geometry":{"type":"LineString","coordinates":[[-102.450556,37.379167],[-102.295,37.375]]},"properties":{}},{"type":"Feature","geometry":{"type":"LineString","coordinates":[[-98.736389,37.275],[-98.598056,37.275556]]},"properties":{}},{"type":"Feature","geometry":{"type":"LineString","coordinates":[[-102.295,37.375],[-101.742222,37.558333]]},"properties":{}},{"type":"Feature","geometry":{"type":"LineString","coordinates":[[-101.742222,37.558333],[-101.467222,37.558333]]},"properties":{}},{"type":"Feature","geometry":{"type":"LineString","coordinates":[[-101.467222,37.558333],[-101.361667,37.575]]},"properties":{}},{"type":"Feature","geometry":{"type":"LineString","coordinates":[[-101.361667,37.575],[-101.308889,37.558333]]},"properties":{}},{"type":"Feature","geometry":{"type":"LineString","coordinates":[[-101.308889,37.558333],[-100.875556,37.558333]]},"properties":{}},{"type":"Feature","geometry":{"type":"LineString","coordinates":[[-100.875556,37.558333],[-100.875556,37.266667]]},"properties":{}},{"type":"Feature","geometry":{"type":"LineString","coordinates":[[-100.875556,37.266667],[-100.558889,37.266667]]},"properties":{}},{"type":"Feature","geometry":{"type":"LineString","coordinates":[[-98.598056,37.275556],[-98.545278,37.275833]]},"properties":{}},{"type":"Feature","geometry":{"type":"LineString","coordinates":[[-97.795556,37.285556],[-97.771111,37.270833]]},"properties":{}},{"type":"Feature","geometry":{"type":"LineString","coordinates":[[-97.771111,37.270833],[-97.519444,37.273611]]},"properties":{}},{"type":"Feature","geometry":{"type":"LineString","coordinates":[[-98.545278,37.275833],[-98.517222,37.255]]},"properties":{}},{"type":"Feature","geometry":{"type":"LineString","coordinates":[[-98.517222,37.255],[-98.2575,37.253889]]},"properties":{}},{"type":"Feature","geometry":{"type":"LineString","coordinates":[[-98.2575,37.253889],[-98.237778,37.238611]]},"properties":{}},{"type":"Feature","geometry":{"type":"LineString","coordinates":[[-98.237778,37.238611],[-98.217778,37.244444]]},"properties":{}},{"type":"Feature","geometry":{"type":"LineString","coordinates":[[-98.217778,37.244444],[-98.201944,37.239167]]},"properties":{}},{"type":"Feature","geometry":{"type":"LineString","coordinates":[[-98.201944,37.239167],[-98.039167,37.239722]]},"properties":{}},{"type":"Feature","geometry":{"type":"LineString","coordinates":[[-98.039167,37.239722],[-98.04,37.283333]]},"properties":{}},{"type":"Feature","geometry":{"type":"LineString","coordinates":[[-98.04,37.283333],[-97.795556,37.285556]]},"properties":{}},{"type":"Feature","geometry":{"type":"LineString","coordinates":[[-99.278675,39.442753],[-99.296983,39.389264]]},"properties":{}},{"type":"Feature","geometry":{"type":"LineString","coordinates":[[-99.300278,38.025],[-99.409722,37.926111]]},"properties":{}},{"type":"Feature","geometry":{"type":"LineString","coordinates":[[-99.409722,37.926111],[-99.41,37.898056]]},"properties":{}},{"type":"Feature","geometry":{"type":"LineString","coordinates":[[-99.41,37.898056],[-99.381389,37.85]]},"properties":{}},{"type":"Feature","geometry":{"type":"LineString","coordinates":[[-99.381389,37.85],[-99.383333,37.783333]]},"properties":{}},{"type":"Feature","geometry":{"type":"LineString","coordinates":[[-99.383333,37.783333],[-99.316944,37.783333]]},"properties":{}},{"type":"Feature","geometry":{"type":"LineString","coordinates":[[-99.316944,37.783333],[-99.328056,37.280278]]},"properties":{}},{"type":"Feature","geometry":{"type":"LineString","coordinates":[[-99.328056,37.280278],[-99.327222,37.193056]]},"properties":{}},{"type":"Feature","geometry":{"type":"LineString","coordinates":[[-99.327222,37.193056],[-99.650278,37.183333]]},"properties":{}},{"type":"Feature","geometry":{"type":"LineString","coordinates":[[-99.650278,37.183333],[-99.650278,37.175]]},"properties":{}},{"type":"Feature","geometry":{"type":"LineString","coordinates":[[-99.650278,37.175],[-99.633611,37.15]]},"properties":{}},{"type":"Feature","geometry":{"type":"LineString","coordinates":[[-99.296983,39.389264],[-99.304444,39.240278]]},"properties":{}},{"type":"Feature","geometry":{"type":"LineString","coordinates":[[-99.633611,37.15],[-99.633333,36.955556]]},"properties":{}},{"type":"Feature","geometry":{"type":"LineString","coordinates":[[-99.633333,36.955556],[-99.6225,36.908333]]},"properties":{}},{"type":"Feature","geometry":{"type":"LineString","coordinates":[[-99.6225,36.908333],[-99.62,36.850556]]},"properties":{}},{"type":"Feature","geometry":{"type":"LineString","coordinates":[[-99.62,36.850556],[-99.630278,36.845278]]},"properties":{}},{"type":"Feature","geometry":{"type":"LineString","coordinates":[[-99.630278,36.845278],[-99.630556,36.827222]]},"properties":{}},{"type":"Feature","geometry":{"type":"LineString","coordinates":[[-99.630556,36.827222],[-99.640556,36.7]]},"properties":{}},{"type":"Feature","geometry":{"type":"LineString","coordinates":[[-99.640556,36.7],[-99.578333,36.573889]]},"properties":{}},{"type":"Feature","geometry":{"type":"LineString","coordinates":[[-99.304444,39.240278],[-99.316944,39.083333]]},"properties":{}},{"type":"Feature","geometry":{"type":"LineString","coordinates":[[-99.316944,39.083333],[-99.316667,38.916667]]},"properties":{}},{"type":"Feature","geometry":{"type":"LineString","coordinates":[[-99.316667,38.916667],[-99.333611,38.879167]]},"properties":{}},{"type":"Feature","geometry":{"type":"LineString","coordinates":[[-99.333611,38.879167],[-99.333611,38.794444]]},"properties":{}},{"type":"Feature","geometry":{"type":"LineString","coordinates":[[-99.333611,38.794444],[-99.316944,38.783333]]},"properties":{}},{"type":"Feature","geometry":{"type":"LineString","coordinates":[[-99.316944,38.783333],[-99.305833,38.533333]]},"properties":{}},{"type":"Feature","geometry":{"type":"LineString","coordinates":[[-99.305833,38.533333],[-99.300278,38.025]]},"properties":{}},{"type":"Feature","geometry":{"type":"LineString","coordinates":[[-99.578333,36.573889],[-99.556667,36.569167]]},"properties":{}},{"type":"Feature","geometry":{"type":"LineString","coordinates":[[-99.3,36.365],[-99.295278,36.355556]]},"properties":{}},{"type":"Feature","geometry":{"type":"LineString","coordinates":[[-99.295278,36.355556],[-99.265,36.339167]]},"properties":{}},{"type":"Feature","geometry":{"type":"LineString","coordinates":[[-99.265,36.339167],[-99.215833,36.300833]]},"properties":{}},{"type":"Feature","geometry":{"type":"LineString","coordinates":[[-99.215833,36.300833],[-99.2075,36.283889]]},"properties":{}},{"type":"Feature","geometry":{"type":"LineString","coordinates":[[-99.2075,36.283889],[-99.1875,36.268056]]},"properties":{}},{"type":"Feature","geometry":{"type":"LineString","coordinates":[[-99.1875,36.268056],[-99.067778,36.210833]]},"properties":{}},{"type":"Feature","geometry":{"type":"LineString","coordinates":[[-99.067778,36.210833],[-98.955833,36.169722]]},"properties":{}},{"type":"Feature","geometry":{"type":"LineString","coordinates":[[-98.955833,36.169722],[-98.955833,36.101944]]},"properties":{}},{"type":"Feature","geometry":{"type":"LineString","coordinates":[[-98.955833,36.101944],[-98.953611,36.096944]]},"properties":{}},{"type":"Feature","geometry":{"type":"LineString","coordinates":[[-98.953611,36.096944],[-98.964444,36.083056]]},"properties":{}},{"type":"Feature","geometry":{"type":"LineString","coordinates":[[-99.556667,36.569167],[-99.541667,36.558333]]},"properties":{}},{"type":"Feature","geometry":{"type":"LineString","coordinates":[[-98.964444,36.083056],[-98.964722,36.073611]]},"properties":{}},{"type":"Feature","geometry":{"type":"LineString","coordinates":[[-98.964722,36.073611],[-98.972778,36.058333]]},"properties":{}},{"type":"Feature","geometry":{"type":"LineString","coordinates":[[-98.972778,36.058333],[-98.963889,36.048056]]},"properties":{}},{"type":"Feature","geometry":{"type":"LineString","coordinates":[[-98.963889,36.048056],[-98.964722,35.990833]]},"properties":{}},{"type":"Feature","geometry":{"type":"LineString","coordinates":[[-98.964722,35.990833],[-98.973056,35.975556]]},"properties":{}},{"type":"Feature","geometry":{"type":"LineString","coordinates":[[-98.973056,35.975556],[-98.973889,35.903333]]},"properties":{}},{"type":"Feature","geometry":{"type":"LineString","coordinates":[[-98.973889,35.903333],[-98.968986,35.693197]]},"properties":{}},{"type":"Feature","geometry":{"type":"LineString","coordinates":[[-99.541667,36.558333],[-99.5,36.488889]]},"properties":{}},{"type":"Feature","geometry":{"type":"LineString","coordinates":[[-99.5,36.488889],[-99.438056,36.450833]]},"properties":{}},{"type":"Feature","geometry":{"type":"LineString","coordinates":[[-99.438056,36.450833],[-99.428056,36.433611]]},"properties":{}},{"type":"Feature","geometry":{"type":"LineString","coordinates":[[-99.428056,36.433611],[-99.390556,36.433611]]},"properties":{}},{"type":"Feature","geometry":{"type":"LineString","coordinates":[[-99.390556,36.433611],[-99.390278,36.423611]]},"properties":{}},{"type":"Feature","geometry":{"type":"LineString","coordinates":[[-99.390278,36.423611],[-99.353056,36.39]]},"properties":{}},{"type":"Feature","geometry":{"type":"LineString","coordinates":[[-99.353056,36.39],[-99.3,36.365]]},"properties":{}},{"type":"Feature","geometry":{"type":"LineString","coordinates":[[-99.846389,39.365],[-99.770278,39.379722]]},"properties":{}},{"type":"Feature","geometry":{"type":"LineString","coordinates":[[-99.255278,39.438889],[-99.004722,39.461111]]},"properties":{}},{"type":"Feature","geometry":{"type":"LineString","coordinates":[[-99.004722,39.461111],[-98.980556,39.474722]]},"properties":{}},{"type":"Feature","geometry":{"type":"LineString","coordinates":[[-98.980556,39.474722],[-98.903611,39.474444]]},"properties":{}},{"type":"Feature","geometry":{"type":"LineString","coordinates":[[-98.903611,39.474444],[-98.767222,39.4525]]},"properties":{}},{"type":"Feature","geometry":{"type":"LineString","coordinates":[[-98.767222,39.4525],[-98.695,39.453611]]},"properties":{}},{"type":"Feature","geometry":{"type":"LineString","coordinates":[[-99.770278,39.379722],[-99.668611,39.38]]},"properties":{}},{"type":"Feature","geometry":{"type":"LineString","coordinates":[[-99.668611,39.38],[-99.639722,39.394444]]},"properties":{}},{"type":"Feature","geometry":{"type":"LineString","coordinates":[[-99.639722,39.394444],[-99.556667,39.394722]]},"properties":{}},{"type":"Feature","geometry":{"type":"LineString","coordinates":[[-99.556667,39.394722],[-99.528611,39.408889]]},"properties":{}},{"type":"Feature","geometry":{"type":"LineString","coordinates":[[-99.528611,39.408889],[-99.480556,39.409444]]},"properties":{}},{"type":"Feature","geometry":{"type":"LineString","coordinates":[[-99.480556,39.409444],[-99.358333,39.423056]]},"properties":{}},{"type":"Feature","geometry":{"type":"LineString","coordinates":[[-99.358333,39.423056],[-99.328056,39.435556]]},"properties":{}},{"type":"Feature","geometry":{"type":"LineString","coordinates":[[-99.328056,39.435556],[-99.255278,39.438889]]},"properties":{}},{"type":"Feature","geometry":{"type":"LineString","coordinates":[[-98.695,39.453611],[-98.693611,39.510278]]},"properties":{}},{"type":"Feature","geometry":{"type":"LineString","coordinates":[[-97.991111,39.413889],[-97.910833,39.410278]]},"properties":{}},{"type":"Feature","geometry":{"type":"LineString","coordinates":[[-97.910833,39.410278],[-97.869722,39.38]]},"properties":{}},{"type":"Feature","geometry":{"type":"LineString","coordinates":[[-97.869722,39.38],[-97.828333,39.365]]},"properties":{}},{"type":"Feature","geometry":{"type":"LineString","coordinates":[[-97.828333,39.365],[-97.426667,39.365]]},"properties":{}},{"type":"Feature","geometry":{"type":"LineString","coordinates":[[-97.426667,39.365],[-97.381389,39.378333]]},"properties":{}},{"type":"Feature","geometry":{"type":"LineString","coordinates":[[-97.381389,39.378333],[-97.126111,39.381111]]},"properties":{}},{"type":"Feature","geometry":{"type":"LineString","coordinates":[[-98.693611,39.510278],[-98.473056,39.509444]]},"properties":{}},{"type":"Feature","geometry":{"type":"LineString","coordinates":[[-98.473056,39.509444],[-98.400556,39.521111]]},"properties":{}},{"type":"Feature","geometry":{"type":"LineString","coordinates":[[-98.400556,39.521111],[-98.359167,39.521111]]},"properties":{}},{"type":"Feature","geometry":{"type":"LineString","coordinates":[[-98.359167,39.521111],[-98.279444,39.495]]},"properties":{}},{"type":"Feature","geometry":{"type":"LineString","coordinates":[[-98.279444,39.495],[-98.218333,39.480278]]},"properties":{}},{"type":"Feature","geometry":{"type":"LineString","coordinates":[[-98.218333,39.480278],[-98.105833,39.481667]]},"properties":{}},{"type":"Feature","geometry":{"type":"LineString","coordinates":[[-98.105833,39.481667],[-98.080556,39.448333]]},"properties":{}},{"type":"Feature","geometry":{"type":"LineString","coordinates":[[-98.080556,39.448333],[-97.991111,39.413889]]},"properties":{}},{"type":"Feature","geometry":{"type":"LineString","coordinates":[[-97.126111,39.381111],[-96.960556,39.38]]},"properties":{}},{"type":"Feature","geometry":{"type":"LineString","coordinates":[[-96.597222,39.246667],[-96.558056,39.1775]]},"properties":{}},{"type":"Feature","geometry":{"type":"LineString","coordinates":[[-96.558056,39.1775],[-96.536944,39.192778]]},"properties":{}},{"type":"Feature","geometry":{"type":"LineString","coordinates":[[-96.536944,39.192778],[-96.44,39.201389]]},"properties":{}},{"type":"Feature","geometry":{"type":"LineString","coordinates":[[-96.44,39.201389],[-96.411478,39.209239]]},"properties":{}},{"type":"Feature","geometry":{"type":"LineString","coordinates":[[-96.411478,39.209239],[-96.260564,39.209344]]},"properties":{}},{"type":"Feature","geometry":{"type":"LineString","coordinates":[[-96.960556,39.38],[-96.941389,39.364444]]},"properties":{}},{"type":"Feature","geometry":{"type":"LineString","coordinates":[[-96.941389,39.364444],[-96.830833,39.364167]]},"properties":{}},{"type":"Feature","geometry":{"type":"LineString","coordinates":[[-96.830833,39.364167],[-96.83,39.3]]},"properties":{}},{"type":"Feature","geometry":{"type":"LineString","coordinates":[[-96.83,39.3],[-96.756667,39.298056]]},"properties":{}},{"type":"Feature","geometry":{"type":"LineString","coordinates":[[-96.756667,39.298056],[-96.720833,39.275278]]},"properties":{}},{"type":"Feature","geometry":{"type":"LineString","coordinates":[[-96.720833,39.275278],[-96.696944,39.275278]]},"properties":{}},{"type":"Feature","geometry":{"type":"LineString","coordinates":[[-96.696944,39.275278],[-96.668056,39.253056]]},"properties":{}},{"type":"Feature","geometry":{"type":"LineString","coordinates":[[-96.668056,39.253056],[-96.597222,39.246667]]},"properties":{}},{"type":"Feature","geometry":{"type":"LineString","coordinates":[[-98.786111,39.785278],[-98.785278,39.616667]]},"properties":{}},{"type":"Feature","geometry":{"type":"LineString","coordinates":[[-98.854722,38.767222],[-98.846667,38.738056]]},"properties":{}},{"type":"Feature","geometry":{"type":"LineString","coordinates":[[-98.846667,38.738056],[-98.8475,38.703056]]},"properties":{}},{"type":"Feature","geometry":{"type":"LineString","coordinates":[[-98.8475,38.703056],[-98.849722,38.695278]]},"properties":{}},{"type":"Feature","geometry":{"type":"LineString","coordinates":[[-98.849722,38.695278],[-98.848889,38.536111]]},"properties":{}},{"type":"Feature","geometry":{"type":"LineString","coordinates":[[-98.848889,38.536111],[-98.794444,38.535833]]},"properties":{}},{"type":"Feature","geometry":{"type":"LineString","coordinates":[[-98.794444,38.535833],[-98.793056,38.522222]]},"properties":{}},{"type":"Feature","geometry":{"type":"LineString","coordinates":[[-98.793056,38.522222],[-98.777222,38.521667]]},"properties":{}},{"type":"Feature","geometry":{"type":"LineString","coordinates":[[-98.777222,38.521667],[-98.775,38.438333]]},"properties":{}},{"type":"Feature","geometry":{"type":"LineString","coordinates":[[-98.775,38.438333],[-98.765278,38.400833]]},"properties":{}},{"type":"Feature","geometry":{"type":"LineString","coordinates":[[-98.765278,38.400833],[-98.765,38.361389]]},"properties":{}},{"type":"Feature","geometry":{"type":"LineString","coordinates":[[-98.785278,39.616667],[-98.744444,39.582222]]},"properties":{}},{"type":"Feature","geometry":{"type":"LineString","coordinates":[[-98.744444,39.582222],[-98.692222,39.566667]]},"properties":{}},{"type":"Feature","geometry":{"type":"LineString","coordinates":[[-98.692222,39.566667],[-98.693611,39.510278]]},"properties":{}},{"type":"Feature","geometry":{"type":"LineString","coordinates":[[-98.693611,39.510278],[-98.695,39.453611]]},"properties":{}},{"type":"Feature","geometry":{"type":"LineString","coordinates":[[-98.695,39.453611],[-98.695,39.118333]]},"properties":{}},{"type":"Feature","geometry":{"type":"LineString","coordinates":[[-98.695,39.118333],[-98.853056,39.118056]]},"properties":{}},{"type":"Feature","geometry":{"type":"LineString","coordinates":[[-98.853056,39.118056],[-98.856111,38.901389]]},"properties":{}},{"type":"Feature","geometry":{"type":"LineString","coordinates":[[-98.856111,38.901389],[-98.854722,38.767222]]},"properties":{}},{"type":"Feature","geometry":{"type":"LineString","coordinates":[[-98.765,38.361389],[-98.765278,38.333611]]},"properties":{}},{"type":"Feature","geometry":{"type":"LineString","coordinates":[[-98.739167,37.541111],[-98.683889,37.501111]]},"properties":{}},{"type":"Feature","geometry":{"type":"LineString","coordinates":[[-98.683889,37.501111],[-98.683611,37.470833]]},"properties":{}},{"type":"Feature","geometry":{"type":"LineString","coordinates":[[-98.683611,37.470833],[-98.687778,37.461111]]},"properties":{}},{"type":"Feature","geometry":{"type":"LineString","coordinates":[[-98.687778,37.461111],[-98.679722,37.43]]},"properties":{}},{"type":"Feature","geometry":{"type":"LineString","coordinates":[[-98.679722,37.43],[-98.670556,37.421667]]},"properties":{}},{"type":"Feature","geometry":{"type":"LineString","coordinates":[[-98.670556,37.421667],[-98.645278,37.415833]]},"properties":{}},{"type":"Feature","geometry":{"type":"LineString","coordinates":[[-98.645278,37.415833],[-98.591667,37.376111]]},"properties":{}},{"type":"Feature","geometry":{"type":"LineString","coordinates":[[-98.591667,37.376111],[-98.586389,37.358611]]},"properties":{}},{"type":"Feature","geometry":{"type":"LineString","coordinates":[[-98.586389,37.358611],[-98.583889,37.331944]]},"properties":{}},{"type":"Feature","geometry":{"type":"LineString","coordinates":[[-98.583889,37.331944],[-98.586667,37.303611]]},"properties":{}},{"type":"Feature","geometry":{"type":"LineString","coordinates":[[-98.765278,38.333611],[-98.756111,38.325278]]},"properties":{}},{"type":"Feature","geometry":{"type":"LineString","coordinates":[[-98.586667,37.303611],[-98.586667,37.275833]]},"properties":{}},{"type":"Feature","geometry":{"type":"LineString","coordinates":[[-98.756111,38.325278],[-98.756111,38.265278]]},"properties":{}},{"type":"Feature","geometry":{"type":"LineString","coordinates":[[-98.756111,38.265278],[-98.748056,38.255833]]},"properties":{}},{"type":"Feature","geometry":{"type":"LineString","coordinates":[[-98.748056,38.255833],[-98.747222,37.955833]]},"properties":{}},{"type":"Feature","geometry":{"type":"LineString","coordinates":[[-98.747222,37.955833],[-98.7475,37.829444]]},"properties":{}},{"type":"Feature","geometry":{"type":"LineString","coordinates":[[-98.7475,37.829444],[-98.74,37.819722]]},"properties":{}},{"type":"Feature","geometry":{"type":"LineString","coordinates":[[-98.74,37.819722],[-98.739444,37.645833]]},"properties":{}},{"type":"Feature","geometry":{"type":"LineString","coordinates":[[-98.739444,37.645833],[-98.739167,37.541111]]},"properties":{}},{"type":"Feature","geometry":{"type":"LineString","coordinates":[[-98.598056,37.275556],[-98.596667,37.261111]]},"properties":{}},{"type":"Feature","geometry":{"type":"LineString","coordinates":[[-98.649444,37.013889],[-98.649722,37.003056]]},"properties":{}},{"type":"Feature","geometry":{"type":"LineString","coordinates":[[-98.649722,37.003056],[-98.653056,36.995278]]},"properties":{}},{"type":"Feature","geometry":{"type":"LineString","coordinates":[[-98.653056,36.995278],[-98.653333,36.943611]]},"properties":{}},{"type":"Feature","geometry":{"type":"LineString","coordinates":[[-98.653333,36.943611],[-98.648333,36.937778]]},"properties":{}},{"type":"Feature","geometry":{"type":"LineString","coordinates":[[-98.648333,36.937778],[-98.648056,36.7975]]},"properties":{}},{"type":"Feature","geometry":{"type":"LineString","coordinates":[[-98.648056,36.7975],[-98.666111,36.797222]]},"properties":{}},{"type":"Feature","geometry":{"type":"LineString","coordinates":[[-98.666111,36.797222],[-98.666944,36.690833]]},"properties":{}},{"type":"Feature","geometry":{"type":"LineString","coordinates":[[-98.596667,37.261111],[-98.582222,37.244444]]},"properties":{}},{"type":"Feature","geometry":{"type":"LineString","coordinates":[[-98.582222,37.244444],[-98.582222,37.199722]]},"properties":{}},{"type":"Feature","geometry":{"type":"LineString","coordinates":[[-98.582222,37.199722],[-98.577778,37.190278]]},"properties":{}},{"type":"Feature","geometry":{"type":"LineString","coordinates":[[-98.577778,37.190278],[-98.5775,37.170833]]},"properties":{}},{"type":"Feature","geometry":{"type":"LineString","coordinates":[[-98.5775,37.170833],[-98.568611,37.157778]]},"properties":{}},{"type":"Feature","geometry":{"type":"LineString","coordinates":[[-98.568611,37.157778],[-98.567222,37.021389]]},"properties":{}},{"type":"Feature","geometry":{"type":"LineString","coordinates":[[-98.567222,37.021389],[-98.575556,37.014167]]},"properties":{}},{"type":"Feature","geometry":{"type":"LineString","coordinates":[[-98.575556,37.014167],[-98.649444,37.013889]]},"properties":{}},{"type":"Feature","geometry":{"type":"LineString","coordinates":[[-99.891944,39.027778],[-99.903056,38.758333]]},"properties":{}},{"type":"Feature","geometry":{"type":"LineString","coordinates":[[-100.000278,37.383333],[-100.000278,37.283333]]},"properties":{}},{"type":"Feature","geometry":{"type":"LineString","coordinates":[[-100.000278,37.283333],[-100.0,37.213056]]},"properties":{}},{"type":"Feature","geometry":{"type":"LineString","coordinates":[[-100.0,37.213056],[-99.982778,37.195556]]},"properties":{}},{"type":"Feature","geometry":{"type":"LineString","coordinates":[[-99.982778,37.195556],[-99.983333,37.070833]]},"properties":{}},{"type":"Feature","geometry":{"type":"LineString","coordinates":[[-99.983333,37.070833],[-99.998889,37.036111]]},"properties":{}},{"type":"Feature","geometry":{"type":"LineString","coordinates":[[-99.998889,37.036111],[-99.963056,36.828611]]},"properties":{}},{"type":"Feature","geometry":{"type":"LineString","coordinates":[[-99.963056,36.828611],[-99.933611,36.816667]]},"properties":{}},{"type":"Feature","geometry":{"type":"LineString","coordinates":[[-99.933611,36.816667],[-99.891944,36.816667]]},"properties":{}},{"type":"Feature","geometry":{"type":"LineString","coordinates":[[-99.891944,36.816667],[-99.891111,36.580278]]},"properties":{}},{"type":"Feature","geometry":{"type":"LineString","coordinates":[[-99.891111,36.580278],[-99.883611,36.563611]]},"properties":{}},{"type":"Feature","geometry":{"type":"LineString","coordinates":[[-99.903056,38.758333],[-99.900278,38.455556]]},"properties":{}},{"type":"Feature","geometry":{"type":"LineString","coordinates":[[-99.883611,36.563611],[-99.881944,36.32]]},"properties":{}},{"type":"Feature","geometry":{"type":"LineString","coordinates":[[-99.881944,36.32],[-99.883889,36.308333]]},"properties":{}},{"type":"Feature","geometry":{"type":"LineString","coordinates":[[-99.883889,36.308333],[-99.881389,36.1375]]},"properties":{}},{"type":"Feature","geometry":{"type":"LineString","coordinates":[[-99.881389,36.1375],[-99.786111,36.137222]]},"properties":{}},{"type":"Feature","geometry":{"type":"LineString","coordinates":[[-99.786111,36.137222],[-99.775,36.134444]]},"properties":{}},{"type":"Feature","geometry":{"type":"LineString","coordinates":[[-99.775,36.134444],[-99.757222,36.135833]]},"properties":{}},{"type":"Feature","geometry":{"type":"LineString","coordinates":[[-99.757222,36.135833],[-99.755556,35.9275]]},"properties":{}},{"type":"Feature","geometry":{"type":"LineString","coordinates":[[-99.755556,35.9275],[-99.726586,35.883736]]},"properties":{}},{"type":"Feature","geometry":{"type":"LineString","coordinates":[[-99.726586,35.883736],[-99.729792,35.817181]]},"properties":{}},{"type":"Feature","geometry":{"type":"LineString","coordinates":[[-99.729792,35.817181],[-99.713769,35.786225]]},"properties":{}},{"type":"Feature","geometry":{"type":"LineString","coordinates":[[-99.900278,38.455556],[-99.9,38.279167]]},"properties":{}},{"type":"Feature","geometry":{"type":"LineString","coordinates":[[-99.713769,35.786225],[-99.711481,35.734081]]},"properties":{}},{"type":"Feature","geometry":{"type":"LineString","coordinates":[[-99.9,38.279167],[-99.900278,38.086111]]},"properties":{}},{"type":"Feature","geometry":{"type":"LineString","coordinates":[[-99.900278,38.086111],[-99.907222,37.783333]]},"properties":{}},{"type":"Feature","geometry":{"type":"LineString","coordinates":[[-99.907222,37.783333],[-99.962778,37.752222]]},"properties":{}},{"type":"Feature","geometry":{"type":"LineString","coordinates":[[-99.962778,37.752222],[-100.016944,37.745833]]},"properties":{}},{"type":"Feature","geometry":{"type":"LineString","coordinates":[[-100.016944,37.745833],[-100.016944,37.441667]]},"properties":{}},{"type":"Feature","geometry":{"type":"LineString","coordinates":[[-100.016944,37.441667],[-100.000278,37.383333]]},"properties":{}},{"type":"Feature","geometry":{"type":"LineString","coordinates":[[-97.646406,39.813256],[-96.933667,39.813678]]},"properties":{}},{"type":"Feature","geometry":{"type":"LineString","coordinates":[[-96.933667,39.813678],[-96.875989,39.841836]]},"properties":{}},{"type":"Feature","geometry":{"type":"LineString","coordinates":[[-102.667222,38.808333],[-102.550556,38.825]]},"properties":{}},{"type":"Feature","geometry":{"type":"LineString","coordinates":[[-101.299167,39.029167],[-101.250556,39.063889]]},"properties":{}},{"type":"Feature","geometry":{"type":"LineString","coordinates":[[-101.250556,39.063889],[-101.150556,39.090278]]},"properties":{}},{"type":"Feature","geometry":{"type":"LineString","coordinates":[[-101.150556,39.090278],[-101.021389,39.104167]]},"properties":{}},{"type":"Feature","geometry":{"type":"LineString","coordinates":[[-101.021389,39.104167],[-100.865833,39.116667]]},"properties":{}},{"type":"Feature","geometry":{"type":"LineString","coordinates":[[-100.865833,39.116667],[-100.817222,39.122222]]},"properties":{}},{"type":"Feature","geometry":{"type":"LineString","coordinates":[[-102.550556,38.825],[-102.433889,38.802778]]},"properties":{}},{"type":"Feature","geometry":{"type":"LineString","coordinates":[[-102.433889,38.802778],[-102.22,38.855556]]},"properties":{}},{"type":"Feature","geometry":{"type":"LineString","coordinates":[[-102.22,38.855556],[-102.133889,38.844444]]},"properties":{}},{"type":"Feature","geometry":{"type":"LineString","coordinates":[[-102.133889,38.844444],[-101.960278,38.866667]]},"properties":{}},{"type":"Feature","geometry":{"type":"LineString","coordinates":[[-101.960278,38.866667],[-101.867222,38.891667]]},"properties":{}},{"type":"Feature","geometry":{"type":"LineString","coordinates":[[-101.867222,38.891667],[-101.583889,38.9]]},"properties":{}},{"type":"Feature","geometry":{"type":"LineString","coordinates":[[-101.583889,38.9],[-101.3575,39.025]]},"properties":{}},{"type":"Feature","geometry":{"type":"LineString","coordinates":[[-101.3575,39.025],[-101.299167,39.029167]]},"properties":{}},{"type":"Feature","geometry":{"type":"LineString","coordinates":[[-102.385,36.7625],[-101.513056,36.7625]]},"properties":{}},{"type":"Feature","geometry":{"type":"LineString","coordinates":[[-101.205833,36.633333],[-101.195278,36.616667]]},"properties":{}},{"type":"Feature","geometry":{"type":"LineString","coordinates":[[-101.195278,36.616667],[-100.013333,36.615833]]},"properties":{}},{"type":"Feature","geometry":{"type":"LineString","coordinates":[[-100.013333,36.615833],[-99.996667,36.622222]]},"properties":{}},{"type":"Feature","geometry":{"type":"LineString","coordinates":[[-99.996667,36.622222],[-99.766944,36.622222]]},"properties":{}},{"type":"Feature","geometry":{"type":"LineString","coordinates":[[-99.766944,36.622222],[-99.754444,36.614722]]},"properties":{}},{"type":"Feature","geometry":{"type":"LineString","coordinates":[[-99.754444,36.614722],[-99.746667,36.614444]]},"properties":{}},{"type":"Feature","geometry":{"type":"LineString","coordinates":[[-99.746667,36.614444],[-99.700278,36.599722]]},"properties":{}},{"type":"Feature","geometry":{"type":"LineString","coordinates":[[-99.700278,36.599722],[-99.658056,36.600833]]},"properties":{}},{"type":"Feature","geometry":{"type":"LineString","coordinates":[[-99.658056,36.600833],[-99.578333,36.573889]]},"properties":{}},{"type":"Feature","geometry":{"type":"LineString","coordinates":[[-101.513056,36.7625],[-101.4925,36.748056]]},"properties":{}},{"type":"Feature","geometry":{"type":"LineString","coordinates":[[-101.4925,36.748056],[-101.491944,36.729444]]},"properties":{}},{"type":"Feature","geometry":{"type":"LineString","coordinates":[[-101.491944,36.729444],[-101.481667,36.691667]]},"properties":{}},{"type":"Feature","geometry":{"type":"LineString","coordinates":[[-101.481667,36.691667],[-101.4825,36.677778]]},"properties":{}},{"type":"Feature","geometry":{"type":"LineString","coordinates":[[-101.4825,36.677778],[-101.470833,36.675278]]},"properties":{}},{"type":"Feature","geometry":{"type":"LineString","coordinates":[[-101.470833,36.675278],[-101.278056,36.674722]]},"properties":{}},{"type":"Feature","geometry":{"type":"LineString","coordinates":[[-101.278056,36.674722],[-101.218056,36.6475]]},"properties":{}},{"type":"Feature","geometry":{"type":"LineString","coordinates":[[-101.218056,36.6475],[-101.205833,36.633333]]},"properties":{}},{"type":"Feature","geometry":{"type":"LineString","coordinates":[[-99.390556,36.433611],[-99.354167,36.433333]]},"properties":{}},{"type":"Feature","geometry":{"type":"LineString","coordinates":[[-99.354167,36.433333],[-99.325556,36.430278]]},"properties":{}},{"type":"Feature","geometry":{"type":"LineString","coordinates":[[-99.325556,36.430278],[-99.308056,36.435833]]},"properties":{}},{"type":"Feature","geometry":{"type":"LineString","coordinates":[[-99.308056,36.435833],[-99.263333,36.436667]]},"properties":{}},{"type":"Feature","geometry":{"type":"LineString","coordinates":[[-99.263333,36.436667],[-99.248056,36.434722]]},"properties":{}},{"type":"Feature","geometry":{"type":"LineString","coordinates":[[-99.248056,36.434722],[-99.057778,36.433889]]},"properties":{}},{"type":"Feature","geometry":{"type":"LineString","coordinates":[[-99.057778,36.433889],[-99.025556,36.420833]]},"properties":{}},{"type":"Feature","geometry":{"type":"LineString","coordinates":[[-99.025556,36.420833],[-98.905833,36.42]]},"properties":{}},{"type":"Feature","geometry":{"type":"LineString","coordinates":[[-98.905833,36.42],[-98.830603,36.412678]]},"properties":{}},{"type":"Feature","geometry":{"type":"LineString","coordinates":[[-102.6575,38.083333],[-102.450556,38.1]]},"properties":{}},{"type":"Feature","geometry":{"type":"LineString","coordinates":[[-101.117222,38.011111],[-100.992222,38.016667]]},"properties":{}},{"type":"Feature","geometry":{"type":"LineString","coordinates":[[-100.992222,38.016667],[-100.983889,37.983333]]},"properties":{}},{"type":"Feature","geometry":{"type":"LineString","coordinates":[[-100.983889,37.983333],[-100.871389,37.966667]]},"properties":{}},{"type":"Feature","geometry":{"type":"LineString","coordinates":[[-100.871389,37.966667],[-100.738056,37.958333]]},"properties":{}},{"type":"Feature","geometry":{"type":"LineString","coordinates":[[-100.738056,37.958333],[-100.667222,37.883333]]},"properties":{}},{"type":"Feature","geometry":{"type":"LineString","coordinates":[[-100.667222,37.883333],[-100.504722,37.854167]]},"properties":{}},{"type":"Feature","geometry":{"type":"LineString","coordinates":[[-100.504722,37.854167],[-100.338056,37.804167]]},"properties":{}},{"type":"Feature","geometry":{"type":"LineString","coordinates":[[-100.338056,37.804167],[-100.200278,37.791667]]},"properties":{}},{"type":"Feature","geometry":{"type":"LineString","coordinates":[[-100.200278,37.791667],[-100.016944,37.745833]]},"properties":{}},{"type":"Feature","geometry":{"type":"LineString","coordinates":[[-100.016944,37.745833],[-99.962778,37.752222]]},"properties":{}},{"type":"Feature","geometry":{"type":"LineString","coordinates":[[-102.450556,38.1],[-102.233889,38.058333]]},"properties":{}},{"type":"Feature","geometry":{"type":"LineString","coordinates":[[-99.962778,37.752222],[-99.907222,37.783333]]},"properties":{}},{"type":"Feature","geometry":{"type":"LineString","coordinates":[[-99.907222,37.783333],[-99.750278,37.854167]]},"properties":{}},{"type":"Feature","geometry":{"type":"LineString","coordinates":[[-99.750278,37.854167],[-99.400278,37.927778]]},"properties":{}},{"type":"Feature","geometry":{"type":"LineString","coordinates":[[-99.400278,37.927778],[-99.101389,37.9425]]},"properties":{}},{"type":"Feature","geometry":{"type":"LineString","coordinates":[[-99.101389,37.9425],[-99.078056,37.956111]]},"properties":{}},{"type":"Feature","geometry":{"type":"LineString","coordinates":[[-99.078056,37.956111],[-98.425278,37.955556]]},"properties":{}},{"type":"Feature","geometry":{"type":"LineString","coordinates":[[-98.425278,37.955556],[-98.383333,37.984722]]},"properties":{}},{"type":"Feature","geometry":{"type":"LineString","coordinates":[[-98.383333,37.984722],[-98.053056,37.984722]]},"properties":{}},{"type":"Feature","geometry":{"type":"LineString","coordinates":[[-98.053056,37.984722],[-97.994956,38.015394]]},"properties":{}},{"type":"Feature","geometry":{"type":"LineString","coordinates":[[-97.994956,38.015394],[-97.921256,38.014536]]},"properties":{}},{"type":"Feature","geometry":{"type":"LineString","coordinates":[[-102.233889,38.058333],[-102.013056,38.041667]]},"properties":{}},{"type":"Feature","geometry":{"type":"LineString","coordinates":[[-97.921256,38.014536],[-97.901572,38.029053]]},"properties":{}},{"type":"Feature","geometry":{"type":"LineString","coordinates":[[-97.901572,38.029053],[-97.329369,38.028194]]},"properties":{}},{"type":"Feature","geometry":{"type":"LineString","coordinates":[[-102.013056,38.041667],[-101.913056,38.025]]},"properties":{}},{"type":"Feature","geometry":{"type":"LineString","coordinates":[[-101.913056,38.025],[-101.731111,37.975]]},"properties":{}},{"type":"Feature","geometry":{"type":"LineString","coordinates":[[-101.731111,37.975],[-101.540833,37.933333]]},"properties":{}},{"type":"Feature","geometry":{"type":"LineString","coordinates":[[-101.540833,37.933333],[-101.2575,37.940278]]},"properties":{}},{"type":"Feature","geometry":{"type":"LineString","coordinates":[[-101.2575,37.940278],[-101.133889,37.983333]]},"properties":{}},{"type":"Feature","geometry":{"type":"LineString","coordinates":[[-101.133889,37.983333],[-101.117222,38.011111]]},"properties":{}},{"type":"Feature","geometry":{"type":"LineString","coordinates":[[-97.322272,38.062286],[-97.188147,38.175953]]},"properties":{}},{"type":"Feature","geometry":{"type":"LineString","coordinates":[[-96.692778,38.3325],[-96.618611,38.400278]]},"properties":{}},{"type":"Feature","geometry":{"type":"LineString","coordinates":[[-96.618611,38.400278],[-96.505833,38.399167]]},"properties":{}},{"type":"Feature","geometry":{"type":"LineString","coordinates":[[-96.505833,38.399167],[-96.483333,38.406667]]},"properties":{}},{"type":"Feature","geometry":{"type":"LineString","coordinates":[[-96.483333,38.406667],[-96.277222,38.411944]]},"properties":{}},{"type":"Feature","geometry":{"type":"LineString","coordinates":[[-97.188147,38.175953],[-97.111667,38.176111]]},"properties":{}},{"type":"Feature","geometry":{"type":"LineString","coordinates":[[-97.111667,38.176111],[-97.075556,38.173889]]},"properties":{}},{"type":"Feature","geometry":{"type":"LineString","coordinates":[[-97.075556,38.173889],[-96.944444,38.230278]]},"properties":{}},{"type":"Feature","geometry":{"type":"LineString","coordinates":[[-96.944444,38.230278],[-96.9325,38.249167]]},"properties":{}},{"type":"Feature","geometry":{"type":"LineString","coordinates":[[-96.9325,38.249167],[-96.874722,38.245833]]},"properties":{}},{"type":"Feature","geometry":{"type":"LineString","coordinates":[[-96.874722,38.245833],[-96.809444,38.273333]]},"properties":{}},{"type":"Feature","geometry":{"type":"LineString","coordinates":[[-96.809444,38.273333],[-96.788056,38.275278]]},"properties":{}},{"type":"Feature","geometry":{"type":"LineString","coordinates":[[-96.788056,38.275278],[-96.692778,38.3325]]},"properties":{}},{"type":"Feature","geometry":{"type":"LineString","coordinates":[[-102.071389,36.333333],[-101.367222,36.756944]]},"properties":{}},{"type":"Feature","geometry":{"type":"LineString","coordinates":[[-99.900278,37.491667],[-99.616944,37.556944]]},"properties":{}},{"type":"Feature","geometry":{"type":"LineString","coordinates":[[-99.616944,37.556944],[-99.291944,37.616667]]},"properties":{}},{"type":"Feature","geometry":{"type":"LineString","coordinates":[[-99.291944,37.616667],[-98.739444,37.645833]]},"properties":{}},{"type":"Feature","geometry":{"type":"LineString","coordinates":[[-98.739444,37.645833],[-98.469444,37.645833]]},"properties":{}},{"type":"Feature","geometry":{"type":"LineString","coordinates":[[-98.469444,37.645833],[-98.424167,37.6375]]},"properties":{}},{"type":"Feature","geometry":{"type":"LineString","coordinates":[[-98.424167,37.6375],[-98.406667,37.644722]]},"properties":{}},{"type":"Feature","geometry":{"type":"LineString","coordinates":[[-98.406667,37.644722],[-98.130278,37.6475]]},"properties":{}},{"type":"Feature","geometry":{"type":"LineString","coordinates":[[-98.130278,37.6475],[-98.1025,37.646389]]},"properties":{}},{"type":"Feature","geometry":{"type":"LineString","coordinates":[[-98.1025,37.646389],[-98.057778,37.667778]]},"properties":{}},{"type":"Feature","geometry":{"type":"LineString","coordinates":[[-98.057778,37.667778],[-97.670292,37.673244]]},"properties":{}},{"type":"Feature","geometry":{"type":"LineString","coordinates":[[-101.367222,36.756944],[-100.925556,37.033333]]},"properties":{}},{"type":"Feature","geometry":{"type":"LineString","coordinates":[[-97.670292,37.673244],[-97.641911,37.664772]]},"properties":{}},{"type":"Feature","geometry":{"type":"LineString","coordinates":[[-97.641911,37.664772],[-97.463842,37.666086]]},"properties":{}},{"type":"Feature","geometry":{"type":"LineString","coordinates":[[-97.463842,37.666086],[-97.313236,37.680444]]},"properties":{}},{"type":"Feature","geometry":{"type":"LineString","coordinates":[[-97.313236,37.680444],[-96.967625,37.680669]]},"properties":{}},{"type":"Feature","geometry":{"type":"LineString","coordinates":[[-96.967625,37.680669],[-96.845403,37.672656]]},"properties":{}},{"type":"Feature","geometry":{"type":"LineString","coordinates":[[-96.845403,37.672656],[-96.844028,37.796806]]},"properties":{}},{"type":"Feature","geometry":{"type":"LineString","coordinates":[[-96.844028,37.796806],[-96.85,37.810278]]},"properties":{}},{"type":"Feature","geometry":{"type":"LineString","coordinates":[[-100.925556,37.033333],[-100.788056,37.104167]]},"properties":{}},{"type":"Feature","geometry":{"type":"LineString","coordinates":[[-100.788056,37.104167],[-100.706111,37.202778]]},"properties":{}},{"type":"Feature","geometry":{"type":"LineString","coordinates":[[-100.706111,37.202778],[-100.558889,37.266667]]},"properties":{}},{"type":"Feature","geometry":{"type":"LineString","coordinates":[[-100.558889,37.266667],[-100.529722,37.283333]]},"properties":{}},{"type":"Feature","geometry":{"type":"LineString","coordinates":[[-100.529722,37.283333],[-100.358889,37.283333]]},"properties":{}},{"type":"Feature","geometry":{"type":"LineString","coordinates":[[-100.358889,37.283333],[-100.196389,37.379167]]},"properties":{}},{"type":"Feature","geometry":{"type":"LineString","coordinates":[[-100.196389,37.379167],[-99.900278,37.491667]]},"properties":{}},{"type":"Feature","geometry":{"type":"LineString","coordinates":[[-102.52,36.704167],[-102.2575,36.8125]]},"properties":{}},{"type":"Feature","geometry":{"type":"LineString","coordinates":[[-101.125556,37.3625],[-101.104722,37.4]]},"properties":{}},{"type":"Feature","geometry":{"type":"LineString","coordinates":[[-101.104722,37.4],[-101.02,37.406944]]},"properties":{}},{"type":"Feature","geometry":{"type":"LineString","coordinates":[[-101.02,37.406944],[-101.004722,37.433333]]},"properties":{}},{"type":"Feature","geometry":{"type":"LineString","coordinates":[[-101.004722,37.433333],[-100.233889,37.654167]]},"properties":{}},{"type":"Feature","geometry":{"type":"LineString","coordinates":[[-100.233889,37.654167],[-100.17,37.695833]]},"properties":{}},{"type":"Feature","geometry":{"type":"LineString","coordinates":[[-100.17,37.695833],[-100.016944,37.745833]]},"properties":{}},{"type":"Feature","geometry":{"type":"LineString","coordinates":[[-100.016944,37.745833],[-99.962778,37.752222]]},"properties":{}},{"type":"Feature","geometry":{"type":"LineString","coordinates":[[-99.962778,37.752222],[-99.907222,37.783333]]},"properties":{}},{"type":"Feature","geometry":{"type":"LineString","coordinates":[[-99.907222,37.783333],[-99.750278,37.854167]]},"properties":{}},{"type":"Feature","geometry":{"type":"LineString","coordinates":[[-99.750278,37.854167],[-99.409722,37.926111]]},"properties":{}},{"type":"Feature","geometry":{"type":"LineString","coordinates":[[-102.2575,36.8125],[-102.000556,36.923611]]},"properties":{}},{"type":"Feature","geometry":{"type":"LineString","coordinates":[[-99.409722,37.926111],[-99.300278,38.025]]},"properties":{}},{"type":"Feature","geometry":{"type":"LineString","coordinates":[[-99.300278,38.025],[-99.240556,38.075]]},"properties":{}},{"type":"Feature","geometry":{"type":"LineString","coordinates":[[-99.240556,38.075],[-98.991944,38.266667]]},"properties":{}},{"type":"Feature","geometry":{"type":"LineString","coordinates":[[-98.991944,38.266667],[-98.798056,38.362222]]},"properties":{}},{"type":"Feature","geometry":{"type":"LineString","coordinates":[[-102.000556,36.923611],[-101.867222,37.020833]]},"properties":{}},{"type":"Feature","geometry":{"type":"LineString","coordinates":[[-101.867222,37.020833],[-101.771389,37.075]]},"properties":{}},{"type":"Feature","geometry":{"type":"LineString","coordinates":[[-101.771389,37.075],[-101.62,37.122222]]},"properties":{}},{"type":"Feature","geometry":{"type":"LineString","coordinates":[[-101.62,37.122222],[-101.483889,37.152778]]},"properties":{}},{"type":"Feature","geometry":{"type":"LineString","coordinates":[[-101.483889,37.152778],[-101.350556,37.166667]]},"properties":{}},{"type":"Feature","geometry":{"type":"LineString","coordinates":[[-101.350556,37.166667],[-101.2,37.329722]]},"properties":{}},{"type":"Feature","geometry":{"type":"LineString","coordinates":[[-101.2,37.329722],[-101.125556,37.3625]]},"properties":{}},{"type":"Feature","geometry":{"type":"LineString","coordinates":[[-98.798056,38.362222],[-98.738611,38.361667]]},"properties":{}},{"type":"Feature","geometry":{"type":"LineString","coordinates":[[-97.8225,38.3775],[-97.7725,38.363611]]},"properties":{}},{"type":"Feature","geometry":{"type":"LineString","coordinates":[[-97.7725,38.363611],[-97.697222,38.369722]]},"properties":{}},{"type":"Feature","geometry":{"type":"LineString","coordinates":[[-97.697222,38.369722],[-97.611389,38.370833]]},"properties":{}},{"type":"Feature","geometry":{"type":"LineString","coordinates":[[-98.738611,38.361667],[-98.715278,38.365]]},"properties":{}},{"type":"Feature","geometry":{"type":"LineString","coordinates":[[-98.715278,38.365],[-98.630833,38.364167]]},"properties":{}},{"type":"Feature","geometry":{"type":"LineString","coordinates":[[-98.630833,38.364167],[-98.581389,38.353333]]},"properties":{}},{"type":"Feature","geometry":{"type":"LineString","coordinates":[[-98.581389,38.353333],[-98.560833,38.353333]]},"properties":{}},{"type":"Feature","geometry":{"type":"LineString","coordinates":[[-98.560833,38.353333],[-98.549444,38.347222]]},"properties":{}},{"type":"Feature","geometry":{"type":"LineString","coordinates":[[-98.549444,38.347222],[-98.192778,38.3475]]},"properties":{}},{"type":"Feature","geometry":{"type":"LineString","coordinates":[[-98.192778,38.3475],[-98.125833,38.376111]]},"properties":{}},{"type":"Feature","geometry":{"type":"LineString","coordinates":[[-98.125833,38.376111],[-97.8225,38.3775]]},"properties":{}},{"type":"Feature","geometry":{"type":"LineString","coordinates":[[-97.611389,38.370833],[-97.374444,38.376944]]},"properties":{}},{"type":"Feature","geometry":{"type":"LineString","coordinates":[[-96.948889,38.667222],[-96.888333,38.667778]]},"properties":{}},{"type":"Feature","geometry":{"type":"LineString","coordinates":[[-96.888333,38.667778],[-96.798611,38.652778]]},"properties":{}},{"type":"Feature","geometry":{"type":"LineString","coordinates":[[-96.798611,38.652778],[-96.524444,38.653333]]},"properties":{}},{"type":"Feature","geometry":{"type":"LineString","coordinates":[[-96.524444,38.653333],[-96.457778,38.666667]]},"properties":{}},{"type":"Feature","geometry":{"type":"LineString","coordinates":[[-96.457778,38.666667],[-96.293056,38.667222]]},"properties":{}},{"type":"Feature","geometry":{"type":"LineString","coordinates":[[-96.293056,38.667222],[-96.261447,38.659531]]},"properties":{}},{"type":"Feature","geometry":{"type":"LineString","coordinates":[[-96.261447,38.659531],[-96.135103,38.658672]]},"properties":{}},{"type":"Feature","geometry":{"type":"LineString","coordinates":[[-97.374444,38.376944],[-97.343611,38.362222]]},"properties":{}},{"type":"Feature","geometry":{"type":"LineString","coordinates":[[-97.343611,38.362222],[-97.115,38.363333]]},"properties":{}},{"type":"Feature","geometry":{"type":"LineString","coordinates":[[-97.115,38.363333],[-97.096389,38.355556]]},"properties":{}},{"type":"Feature","geometry":{"type":"LineString","coordinates":[[-97.096389,38.355556],[-97.063333,38.363611]]},"properties":{}},{"type":"Feature","geometry":{"type":"LineString","coordinates":[[-97.063333,38.363611],[-96.9675,38.363333]]},"properties":{}},{"type":"Feature","geometry":{"type":"LineString","coordinates":[[-96.9675,38.363333],[-96.956389,38.557222]]},"properties":{}},{"type":"Feature","geometry":{"type":"LineString","coordinates":[[-96.956389,38.557222],[-96.948889,38.573333]]},"properties":{}},{"type":"Feature","geometry":{"type":"LineString","coordinates":[[-96.948889,38.573333],[-96.948889,38.667222]]},"properties":{}},{"type":"Feature","geometry":{"type":"LineString","coordinates":[[-100.376111,35.9225],[-100.370278,35.943611]]},"properties":{}},{"type":"Feature","geometry":{"type":"LineString","coordinates":[[-99.775,36.134444],[-99.757222,36.135833]]},"properties":{}},{"type":"Feature","geometry":{"type":"LineString","coordinates":[[-99.757222,36.135833],[-99.614444,36.136667]]},"properties":{}},{"type":"Feature","geometry":{"type":"LineString","coordinates":[[-99.614444,36.136667],[-99.594444,36.145]]},"properties":{}},{"type":"Feature","geometry":{"type":"LineString","coordinates":[[-99.594444,36.145],[-99.310278,36.145]]},"properties":{}},{"type":"Feature","geometry":{"type":"LineString","coordinates":[[-99.310278,36.145],[-99.296389,36.150556]]},"properties":{}},{"type":"Feature","geometry":{"type":"LineString","coordinates":[[-99.296389,36.150556],[-99.282778,36.144444]]},"properties":{}},{"type":"Feature","geometry":{"type":"LineString","coordinates":[[-99.282778,36.144444],[-98.920556,36.144444]]},"properties":{}},{"type":"Feature","geometry":{"type":"LineString","coordinates":[[-98.920556,36.144444],[-98.920833,36.216667]]},"properties":{}},{"type":"Feature","geometry":{"type":"LineString","coordinates":[[-98.920833,36.216667],[-98.586389,36.216944]]},"properties":{}},{"type":"Feature","geometry":{"type":"LineString","coordinates":[[-100.370278,35.943611],[-100.354722,35.975278]]},"properties":{}},{"type":"Feature","geometry":{"type":"LineString","coordinates":[[-100.354722,35.975278],[-100.270833,36.005833]]},"properties":{}},{"type":"Feature","geometry":{"type":"LineString","coordinates":[[-100.270833,36.005833],[-100.218889,36.0375]]},"properties":{}},{"type":"Feature","geometry":{"type":"LineString","coordinates":[[-100.218889,36.0375],[-100.058611,36.109167]]},"properties":{}},{"type":"Feature","geometry":{"type":"LineString","coordinates":[[-100.058611,36.109167],[-99.977778,36.137222]]},"properties":{}},{"type":"Feature","geometry":{"type":"LineString","coordinates":[[-99.977778,36.137222],[-99.881389,36.1375]]},"properties":{}},{"type":"Feature","geometry":{"type":"LineString","coordinates":[[-99.881389,36.1375],[-99.786111,36.137222]]},"properties":{}},{"type":"Feature","geometry":{"type":"LineString","coordinates":[[-99.786111,36.137222],[-99.775,36.134444]]},"properties":{}},{"type":"Feature","geometry":{"type":"LineString","coordinates":[[-101.198889,36.8625],[-100.873611,36.863056]]},"properties":{}},{"type":"Feature","geometry":{"type":"LineString","coordinates":[[-100.153333,36.848611],[-100.0725,36.848611]]},"properties":{}},{"type":"Feature","geometry":{"type":"LineString","coordinates":[[-100.0725,36.848611],[-100.060278,36.853333]]},"properties":{}},{"type":"Feature","geometry":{"type":"LineString","coordinates":[[-100.060278,36.853333],[-100.044722,36.853056]]},"properties":{}},{"type":"Feature","geometry":{"type":"LineString","coordinates":[[-100.044722,36.853056],[-100.010556,36.839722]]},"properties":{}},{"type":"Feature","geometry":{"type":"LineString","coordinates":[[-100.010556,36.839722],[-99.963056,36.828611]]},"properties":{}},{"type":"Feature","geometry":{"type":"LineString","coordinates":[[-100.873611,36.863056],[-100.873333,36.906667]]},"properties":{}},{"type":"Feature","geometry":{"type":"LineString","coordinates":[[-100.873333,36.906667],[-100.435,36.906667]]},"properties":{}},{"type":"Feature","geometry":{"type":"LineString","coordinates":[[-100.435,36.906667],[-100.409167,36.905278]]},"properties":{}},{"type":"Feature","geometry":{"type":"LineString","coordinates":[[-100.409167,36.905278],[-100.398611,36.901389]]},"properties":{}},{"type":"Feature","geometry":{"type":"LineString","coordinates":[[-100.398611,36.901389],[-100.388333,36.902222]]},"properties":{}},{"type":"Feature","geometry":{"type":"LineString","coordinates":[[-100.388333,36.902222],[-100.369722,36.892222]]},"properties":{}},{"type":"Feature","geometry":{"type":"LineString","coordinates":[[-100.369722,36.892222],[-100.2225,36.892222]]},"properties":{}},{"type":"Feature","geometry":{"type":"LineString","coordinates":[[-100.2225,36.892222],[-100.153333,36.848611]]},"properties":{}},{"type":"Feature","geometry":{"type":"LineString","coordinates":[[-99.890833,36.812222],[-99.7,36.8125]]},"properties":{}},{"type":"Feature","geometry":{"type":"LineString","coordinates":[[-99.306667,36.851667],[-99.286389,36.841111]]},"properties":{}},{"type":"Feature","geometry":{"type":"LineString","coordinates":[[-99.286389,36.841111],[-99.1575,36.841111]]},"properties":{}},{"type":"Feature","geometry":{"type":"LineString","coordinates":[[-99.1575,36.841111],[-99.129722,36.812222]]},"properties":{}},{"type":"Feature","geometry":{"type":"LineString","coordinates":[[-99.129722,36.812222],[-99.051944,36.812222]]},"properties":{}},{"type":"Feature","geometry":{"type":"LineString","coordinates":[[-99.051944,36.812222],[-99.036667,36.807222]]},"properties":{}},{"type":"Feature","geometry":{"type":"LineString","coordinates":[[-99.036667,36.807222],[-99.011944,36.810556]]},"properties":{}},{"type":"Feature","geometry":{"type":"LineString","coordinates":[[-99.011944,36.810556],[-98.983889,36.798056]]},"properties":{}},{"type":"Feature","geometry":{"type":"LineString","coordinates":[[-98.983889,36.798056],[-98.9575,36.7975]]},"properties":{}},{"type":"Feature","geometry":{"type":"LineString","coordinates":[[-98.9575,36.7975],[-98.9475,36.795833]]},"properties":{}},{"type":"Feature","geometry":{"type":"LineString","coordinates":[[-98.9475,36.795833],[-98.666111,36.797222]]},"properties":{}},{"type":"Feature","geometry":{"type":"LineString","coordinates":[[-99.7,36.8125],[-99.673889,36.8275]]},"properties":{}},{"type":"Feature","geometry":{"type":"LineString","coordinates":[[-98.666111,36.797222],[-98.648056,36.7975]]},"properties":{}},{"type":"Feature","geometry":{"type":"LineString","coordinates":[[-99.673889,36.8275],[-99.630556,36.827222]]},"properties":{}},{"type":"Feature","geometry":{"type":"LineString","coordinates":[[-99.630556,36.827222],[-99.630278,36.845278]]},"properties":{}},{"type":"Feature","geometry":{"type":"LineString","coordinates":[[-99.630278,36.845278],[-99.62,36.850556]]},"properties":{}},{"type":"Feature","geometry":{"type":"LineString","coordinates":[[-99.62,36.850556],[-99.607222,36.856111]]},"properties":{}},{"type":"Feature","geometry":{"type":"LineString","coordinates":[[-99.607222,36.856111],[-99.346389,36.856111]]},"properties":{}},{"type":"Feature","geometry":{"type":"LineString","coordinates":[[-99.346389,36.856111],[-99.331111,36.851944]]},"properties":{}},{"type":"Feature","geometry":{"type":"LineString","coordinates":[[-99.331111,36.851944],[-99.306667,36.851667]]},"properties":{}},{"type":"Feature","geometry":{"type":"LineString","coordinates":[[-96.751111,39.690278],[-96.754444,39.476944]]},"properties":{}},{"type":"Feature","geometry":{"type":"LineString","coordinates":[[-96.933056,39.210278],[-96.901944,39.192222]]},"properties":{}},{"type":"Feature","geometry":{"type":"LineString","coordinates":[[-96.901944,39.192222],[-96.901389,39.172222]]},"properties":{}},{"type":"Feature","geometry":{"type":"LineString","coordinates":[[-96.901389,39.172222],[-96.864722,39.095556]]},"properties":{}},{"type":"Feature","geometry":{"type":"LineString","coordinates":[[-96.864722,39.095556],[-96.869444,39.045278]]},"properties":{}},{"type":"Feature","geometry":{"type":"LineString","coordinates":[[-96.869444,39.045278],[-96.863333,39.005833]]},"properties":{}},{"type":"Feature","geometry":{"type":"LineString","coordinates":[[-96.863333,39.005833],[-96.856944,38.991944]]},"properties":{}},{"type":"Feature","geometry":{"type":"LineString","coordinates":[[-96.856944,38.991944],[-96.858611,38.950556]]},"properties":{}},{"type":"Feature","geometry":{"type":"LineString","coordinates":[[-96.858611,38.950556],[-96.853056,38.937778]]},"properties":{}},{"type":"Feature","geometry":{"type":"LineString","coordinates":[[-96.853056,38.937778],[-96.853056,38.839444]]},"properties":{}},{"type":"Feature","geometry":{"type":"LineString","coordinates":[[-96.853056,38.839444],[-96.927222,38.792222]]},"properties":{}},{"type":"Feature","geometry":{"type":"LineString","coordinates":[[-96.754444,39.476944],[-96.764722,39.450556]]},"properties":{}},{"type":"Feature","geometry":{"type":"LineString","coordinates":[[-96.927222,38.792222],[-96.931944,38.658333]]},"properties":{}},{"type":"Feature","geometry":{"type":"LineString","coordinates":[[-96.931944,38.658333],[-96.948889,38.642222]]},"properties":{}},{"type":"Feature","geometry":{"type":"LineString","coordinates":[[-96.764722,39.450556],[-96.764167,39.406389]]},"properties":{}},{"type":"Feature","geometry":{"type":"LineString","coordinates":[[-96.764167,39.406389],[-96.756667,39.3875]]},"properties":{}},{"type":"Feature","geometry":{"type":"LineString","coordinates":[[-96.756667,39.3875],[-96.756667,39.298056]]},"properties":{}},{"type":"Feature","geometry":{"type":"LineString","coordinates":[[-96.756667,39.298056],[-96.83,39.3]]},"properties":{}},{"type":"Feature","geometry":{"type":"LineString","coordinates":[[-96.83,39.3],[-96.847222,39.305278]]},"properties":{}},{"type":"Feature","geometry":{"type":"LineString","coordinates":[[-96.847222,39.305278],[-96.933056,39.306667]]},"properties":{}},{"type":"Feature","geometry":{"type":"LineString","coordinates":[[-96.933056,39.306667],[-96.933056,39.210278]]},"properties":{}},{"type":"Feature","geometry":{"type":"LineString","coordinates":[[-96.9675,38.363333],[-96.966389,38.296944]]},"properties":{}},{"type":"Feature","geometry":{"type":"LineString","coordinates":[[-96.849444,37.9225],[-96.85,37.810278]]},"properties":{}},{"type":"Feature","geometry":{"type":"LineString","coordinates":[[-96.966389,38.296944],[-96.9575,38.257222]]},"properties":{}},{"type":"Feature","geometry":{"type":"LineString","coordinates":[[-96.9575,38.257222],[-96.933611,38.241667]]},"properties":{}},{"type":"Feature","geometry":{"type":"LineString","coordinates":[[-96.933611,38.241667],[-96.915,38.186944]]},"properties":{}},{"type":"Feature","geometry":{"type":"LineString","coordinates":[[-96.915,38.186944],[-96.914444,38.145]]},"properties":{}},{"type":"Feature","geometry":{"type":"LineString","coordinates":[[-96.914444,38.145],[-96.865556,38.074167]]},"properties":{}},{"type":"Feature","geometry":{"type":"LineString","coordinates":[[-96.865556,38.074167],[-96.859167,38.005556]]},"properties":{}},{"type":"Feature","geometry":{"type":"LineString","coordinates":[[-96.859167,38.005556],[-96.859167,37.963889]]},"properties":{}},{"type":"Feature","geometry":{"type":"LineString","coordinates":[[-96.859167,37.963889],[-96.849444,37.9225]]},"properties":{}},{"type":"Feature","geometry":{"type":"LineString","coordinates":[[-97.651944,39.806389],[-97.651111,39.747778]]},"properties":{}},{"type":"Feature","geometry":{"type":"LineString","coordinates":[[-97.651111,39.747778],[-97.660833,39.726667]]},"properties":{}},{"type":"Feature","geometry":{"type":"LineString","coordinates":[[-97.660833,39.726667],[-97.655278,39.510833]]},"properties":{}},{"type":"Feature","geometry":{"type":"LineString","coordinates":[[-97.655278,39.510833],[-97.667222,39.484444]]},"properties":{}},{"type":"Feature","geometry":{"type":"LineString","coordinates":[[-97.667222,39.484444],[-97.669167,39.1325]]},"properties":{}},{"type":"Feature","geometry":{"type":"LineString","coordinates":[[-100.865833,39.116667],[-100.863056,38.783333]]},"properties":{}},{"type":"Feature","geometry":{"type":"LineString","coordinates":[[-100.875556,37.266667],[-100.871389,37.208333]]},"properties":{}},{"type":"Feature","geometry":{"type":"LineString","coordinates":[[-100.871389,37.208333],[-100.92,37.175]]},"properties":{}},{"type":"Feature","geometry":{"type":"LineString","coordinates":[[-100.92,37.175],[-100.925556,37.033333]]},"properties":{}},{"type":"Feature","geometry":{"type":"LineString","coordinates":[[-100.925556,37.033333],[-100.878333,36.970833]]},"properties":{}},{"type":"Feature","geometry":{"type":"LineString","coordinates":[[-100.878333,36.970833],[-100.873333,36.906667]]},"properties":{}},{"type":"Feature","geometry":{"type":"LineString","coordinates":[[-100.873333,36.906667],[-100.873611,36.863056]]},"properties":{}},{"type":"Feature","geometry":{"type":"LineString","coordinates":[[-100.873611,36.863056],[-100.867222,36.85]]},"properties":{}},{"type":"Feature","geometry":{"type":"LineString","coordinates":[[-100.867222,36.85],[-100.866667,36.791667]]},"properties":{}},{"type":"Feature","geometry":{"type":"LineString","coordinates":[[-100.866667,36.791667],[-100.833889,36.733333]]},"properties":{}},{"type":"Feature","geometry":{"type":"LineString","coordinates":[[-100.833889,36.733333],[-100.833333,36.55]]},"properties":{}},{"type":"Feature","geometry":{"type":"LineString","coordinates":[[-100.863056,38.783333],[-100.878333,38.641667]]},"properties":{}},{"type":"Feature","geometry":{"type":"LineString","coordinates":[[-100.833333,36.55],[-100.803056,36.376667]]},"properties":{}},{"type":"Feature","geometry":{"type":"LineString","coordinates":[[-100.878333,38.641667],[-100.914444,38.623611]]},"properties":{}},{"type":"Feature","geometry":{"type":"LineString","coordinates":[[-100.914444,38.623611],[-100.914444,38.269444]]},"properties":{}},{"type":"Feature","geometry":{"type":"LineString","coordinates":[[-100.914444,38.269444],[-100.892222,38.254167]]},"properties":{}},{"type":"Feature","geometry":{"type":"LineString","coordinates":[[-100.892222,38.254167],[-100.883889,37.9625]]},"properties":{}},{"type":"Feature","geometry":{"type":"LineString","coordinates":[[-100.883889,37.9625],[-100.889444,37.908333]]},"properties":{}},{"type":"Feature","geometry":{"type":"LineString","coordinates":[[-100.889444,37.908333],[-100.875556,37.558333]]},"properties":{}},{"type":"Feature","geometry":{"type":"LineString","coordinates":[[-100.875556,37.558333],[-100.875556,37.266667]]},"properties":{}},{"type":"Feature","geometry":{"type":"LineString","coordinates":[[-100.803056,36.376667],[-100.802778,36.304444]]},"properties":{}},{"type":"Feature","geometry":{"type":"LineString","coordinates":[[-100.802778,36.304444],[-100.776111,36.265833]]},"properties":{}},{"type":"Feature","geometry":{"type":"LineString","coordinates":[[-100.776111,36.265833],[-100.733056,36.231944]]},"properties":{}},{"type":"Feature","geometry":{"type":"LineString","coordinates":[[-100.733056,36.231944],[-100.68,36.157222]]},"properties":{}},{"type":"Feature","geometry":{"type":"LineString","coordinates":[[-100.68,36.157222],[-100.615556,36.1125]]},"properties":{}},{"type":"Feature","geometry":{"type":"LineString","coordinates":[[-100.615556,36.1125],[-100.518611,36.081389]]},"properties":{}},{"type":"Feature","geometry":{"type":"LineString","coordinates":[[-100.518611,36.081389],[-100.450556,35.961389]]},"properties":{}},{"type":"Feature","geometry":{"type":"LineString","coordinates":[[-100.450556,35.961389],[-100.404722,35.9425]]},"properties":{}},{"type":"Feature","geometry":{"type":"LineString","coordinates":[[-100.404722,35.9425],[-100.370278,35.943611]]},"properties":{}},{"type":"Feature","geometry":{"type":"LineString","coordinates":[[-89.256208,40.244789],[-89.311597,40.185231]]},"properties":{}},{"type":"Feature","geometry":{"type":"LineString","coordinates":[[-89.311597,40.185231],[-89.419172,40.180206]]},"properties":{}},{"type":"Feature","geometry":{"type":"LineString","coordinates":[[-89.419172,40.180206],[-89.416883,40.100636]]},"properties":{}},{"type":"Feature","geometry":{"type":"LineString","coordinates":[[-89.416883,40.100636],[-89.597242,39.911511]]},"properties":{}},{"type":"Feature","geometry":{"type":"LineString","coordinates":[[-89.597242,39.911511],[-89.596328,39.801039]]},"properties":{}},{"type":"Feature","geometry":{"type":"LineString","coordinates":[[-89.64485,39.741094],[-89.643936,39.686381]]},"properties":{}},{"type":"Feature","geometry":{"type":"LineString","coordinates":[[-89.643936,39.686381],[-89.647597,39.669911]]},"properties":{}},{"type":"Feature","geometry":{"type":"LineString","coordinates":[[-89.647597,39.669911],[-89.642561,39.234311]]},"properties":{}},{"type":"Feature","geometry":{"type":"LineString","coordinates":[[-89.642561,39.234311],[-89.754256,39.082258]]},"properties":{}},{"type":"Feature","geometry":{"type":"LineString","coordinates":[[-91.30885,40.006628],[-91.325333,39.942467]]},"properties":{}},{"type":"Feature","geometry":{"type":"LineString","coordinates":[[-91.132156,39.742214],[-91.101028,39.712861]]},"properties":{}},{"type":"Feature","geometry":{"type":"LineString","coordinates":[[-91.101028,39.712861],[-91.068528,39.717306]]},"properties":{}},{"type":"Feature","geometry":{"type":"LineString","coordinates":[[-91.068528,39.717306],[-91.004444,39.694283]]},"properties":{}},{"type":"Feature","geometry":{"type":"LineString","coordinates":[[-91.004444,39.694283],[-90.877181,39.686047]]},"properties":{}},{"type":"Feature","geometry":{"type":"LineString","coordinates":[[-90.877181,39.686047],[-90.829575,39.670417]]},"properties":{}},{"type":"Feature","geometry":{"type":"LineString","coordinates":[[-90.829575,39.670417],[-90.65425,39.682264]]},"properties":{}},{"type":"Feature","geometry":{"type":"LineString","coordinates":[[-90.65425,39.682264],[-90.619003,39.695164]]},"properties":{}},{"type":"Feature","geometry":{"type":"LineString","coordinates":[[-90.619003,39.695164],[-90.581008,39.684814]]},"properties":{}},{"type":"Feature","geometry":{"type":"LineString","coordinates":[[-90.581008,39.684814],[-90.271103,39.67975]]},"properties":{}},{"type":"Feature","geometry":{"type":"LineString","coordinates":[[-90.271103,39.67975],[-90.205642,39.688425]]},"properties":{}},{"type":"Feature","geometry":{"type":"LineString","coordinates":[[-91.325333,39.942467],[-91.331481,39.888847]]},"properties":{}},{"type":"Feature","geometry":{"type":"LineString","coordinates":[[-90.205642,39.688425],[-90.153914,39.739353]]},"properties":{}},{"type":"Feature","geometry":{"type":"LineString","coordinates":[[-90.153914,39.739353],[-89.819289,39.742742]]},"properties":{}},{"type":"Feature","geometry":{"type":"LineString","coordinates":[[-89.819289,39.742742],[-89.803725,39.752683]]},"properties":{}},{"type":"Feature","geometry":{"type":"LineString","coordinates":[[-89.803725,39.752683],[-89.735519,39.752903]]},"properties":{}},{"type":"Feature","geometry":{"type":"LineString","coordinates":[[-89.735519,39.752903],[-89.705764,39.742564]]},"properties":{}},{"type":"Feature","geometry":{"type":"LineString","coordinates":[[-89.705764,39.742564],[-89.64305,39.741728]]},"properties":{}},{"type":"Feature","geometry":{"type":"LineString","coordinates":[[-89.64305,39.741728],[-89.602311,39.759897]]},"properties":{}},{"type":"Feature","geometry":{"type":"LineString","coordinates":[[-89.602311,39.759897],[-89.594528,39.801278]]},"properties":{}},{"type":"Feature","geometry":{"type":"LineString","coordinates":[[-89.594528,39.801278],[-89.533189,39.837361]]},"properties":{}},{"type":"Feature","geometry":{"type":"LineString","coordinates":[[-89.533189,39.837361],[-89.164231,39.838633]]},"properties":{}},{"type":"Feature","geometry":{"type":"LineString","coordinates":[[-91.331481,39.888847],[-91.340436,39.867875]]},"properties":{}},{"type":"Feature","geometry":{"type":"LineString","coordinates":[[-89.164231,39.838633],[-89.134475,39.829364]]},"properties":{}},{"type":"Feature","geometry":{"type":"LineString","coordinates":[[-89.134475,39.829364],[-89.048417,39.838019]]},"properties":{}},{"type":"Feature","geometry":{"type":"LineString","coordinates":[[-89.048417,39.838019],[-89.046128,39.858272]]},"properties":{}},{"type":"Feature","geometry":{"type":"LineString","coordinates":[[-89.046128,39.858272],[-88.983414,39.910125]]},"properties":{}},{"type":"Feature","geometry":{"type":"LineString","coordinates":[[-88.983414,39.910125],[-88.869889,39.913506]]},"properties":{}},{"type":"Feature","geometry":{"type":"LineString","coordinates":[[-91.340436,39.867875],[-91.301986,39.825806]]},"properties":{}},{"type":"Feature","geometry":{"type":"LineString","coordinates":[[-91.301986,39.825806],[-91.297864,39.794258]]},"properties":{}},{"type":"Feature","geometry":{"type":"LineString","coordinates":[[-91.297864,39.794258],[-91.314344,39.763756]]},"properties":{}},{"type":"Feature","geometry":{"type":"LineString","coordinates":[[-91.314344,39.763756],[-91.227828,39.722675]]},"properties":{}},{"type":"Feature","geometry":{"type":"LineString","coordinates":[[-91.227828,39.722675],[-91.179764,39.718758]]},"properties":{}},{"type":"Feature","geometry":{"type":"LineString","coordinates":[[-91.179764,39.718758],[-91.132156,39.742214]]},"properties":{}},{"type":"Feature","geometry":{"type":"LineString","coordinates":[[-91.403611,39.578178],[-91.421981,39.551931]]},"properties":{}},{"type":"Feature","geometry":{"type":"LineString","coordinates":[[-91.421981,39.551931],[-91.501928,39.522186]]},"properties":{}},{"type":"Feature","geometry":{"type":"LineString","coordinates":[[-91.501928,39.522186],[-91.635822,39.440994]]},"properties":{}},{"type":"Feature","geometry":{"type":"LineString","coordinates":[[-91.635822,39.440994],[-91.643375,39.281092]]},"properties":{}},{"type":"Feature","geometry":{"type":"LineString","coordinates":[[-92.759361,40.487886],[-92.551667,40.493317]]},"properties":{}},{"type":"Feature","geometry":{"type":"LineString","coordinates":[[-92.539181,40.521111],[-92.437928,40.529681]]},"properties":{}},{"type":"Feature","geometry":{"type":"LineString","coordinates":[[-92.144044,40.456097],[-92.1104,40.456208]]},"properties":{}},{"type":"Feature","geometry":{"type":"LineString","coordinates":[[-92.1104,40.456208],[-92.100786,40.450681]]},"properties":{}},{"type":"Feature","geometry":{"type":"LineString","coordinates":[[-92.100786,40.450681],[-92.086367,40.456014]]},"properties":{}},{"type":"Feature","geometry":{"type":"LineString","coordinates":[[-92.086367,40.456014],[-91.926375,40.454556]]},"properties":{}},{"type":"Feature","geometry":{"type":"LineString","coordinates":[[-91.926375,40.454556],[-91.869389,40.444211]]},"properties":{}},{"type":"Feature","geometry":{"type":"LineString","coordinates":[[-91.869389,40.444211],[-91.790422,40.443278]]},"properties":{}},{"type":"Feature","geometry":{"type":"LineString","coordinates":[[-91.790422,40.443278],[-91.767764,40.421956]]},"properties":{}},{"type":"Feature","geometry":{"type":"LineString","coordinates":[[-91.767764,40.421956],[-91.733431,40.415792]]},"properties":{}},{"type":"Feature","geometry":{"type":"LineString","coordinates":[[-91.733431,40.415792],[-91.683306,40.414333]]},"properties":{}},{"type":"Feature","geometry":{"type":"LineString","coordinates":[[-91.683306,40.414333],[-91.638675,40.3815]]},"properties":{}},{"type":"Feature","geometry":{"type":"LineString","coordinates":[[-92.437928,40.529681],[-92.412522,40.511742]]},"properties":{}},{"type":"Feature","geometry":{"type":"LineString","coordinates":[[-91.638675,40.3815],[-91.617389,40.3905]]},"properties":{}},{"type":"Feature","geometry":{"type":"LineString","coordinates":[[-91.617389,40.3905],[-91.52675,40.392697]]},"properties":{}},{"type":"Feature","geometry":{"type":"LineString","coordinates":[[-91.52675,40.392697],[-91.470447,40.365083]]},"properties":{}},{"type":"Feature","geometry":{"type":"LineString","coordinates":[[-92.412522,40.511742],[-92.393983,40.512372]]},"properties":{}},{"type":"Feature","geometry":{"type":"LineString","coordinates":[[-92.393983,40.512372],[-92.283433,40.447194]]},"properties":{}},{"type":"Feature","geometry":{"type":"LineString","coordinates":[[-92.283433,40.447194],[-92.255967,40.448875]]},"properties":{}},{"type":"Feature","geometry":{"type":"LineString","coordinates":[[-92.255967,40.448875],[-92.214083,40.456294]]},"properties":{}},{"type":"Feature","geometry":{"type":"LineString","coordinates":[[-92.214083,40.456294],[-92.183181,40.456931]]},"properties":{}},{"type":"Feature","geometry":{"type":"LineString","coordinates":[[-92.183181,40.456931],[-92.166014,40.450764]]},"properties":{}},{"type":"Feature","geometry":{"type":"LineString","coordinates":[[-92.166014,40.450764],[-92.144044,40.456097]]},"properties":{}},{"type":"Feature","geometry":{"type":"LineString","coordinates":[[-91.427733,40.389436],[-91.385989,40.397625]]},"properties":{}},{"type":"Feature","geometry":{"type":"LineString","coordinates":[[-90.939669,40.408431],[-90.862078,40.406972]]},"properties":{}},{"type":"Feature","geometry":{"type":"LineString","coordinates":[[-90.862078,40.406972],[-90.7275,40.450461]]},"properties":{}},{"type":"Feature","geometry":{"type":"LineString","coordinates":[[-90.7275,40.450461],[-90.704836,40.451614]]},"properties":{}},{"type":"Feature","geometry":{"type":"LineString","coordinates":[[-90.704836,40.451614],[-90.701403,40.460606]]},"properties":{}},{"type":"Feature","geometry":{"type":"LineString","coordinates":[[-90.701403,40.460606],[-90.625186,40.459667]]},"properties":{}},{"type":"Feature","geometry":{"type":"LineString","coordinates":[[-90.625186,40.459667],[-90.610764,40.455075]]},"properties":{}},{"type":"Feature","geometry":{"type":"LineString","coordinates":[[-90.610764,40.455075],[-90.505708,40.453617]]},"properties":{}},{"type":"Feature","geometry":{"type":"LineString","coordinates":[[-91.385989,40.397625],[-91.364703,40.388842]]},"properties":{}},{"type":"Feature","geometry":{"type":"LineString","coordinates":[[-91.364703,40.388842],[-91.350969,40.396272]]},"properties":{}},{"type":"Feature","geometry":{"type":"LineString","coordinates":[[-91.350969,40.396272],[-91.232181,40.395336]]},"properties":{}},{"type":"Feature","geometry":{"type":"LineString","coordinates":[[-91.232181,40.395336],[-91.160083,40.410083]]},"properties":{}},{"type":"Feature","geometry":{"type":"LineString","coordinates":[[-91.160083,40.410083],[-91.144972,40.417514]]},"properties":{}},{"type":"Feature","geometry":{"type":"LineString","coordinates":[[-91.144972,40.417514],[-90.978122,40.413961]]},"properties":{}},{"type":"Feature","geometry":{"type":"LineString","coordinates":[[-90.978122,40.413961],[-90.963703,40.418778]]},"properties":{}},{"type":"Feature","geometry":{"type":"LineString","coordinates":[[-90.963703,40.418778],[-90.939669,40.408431]]},"properties":{}},{"type":"Feature","geometry":{"type":"LineString","coordinates":[[-90.191908,40.304583],[-90.163075,40.308889]]},"properties":{}},{"type":"Feature","geometry":{"type":"LineString","coordinates":[[-90.163075,40.308889],[-90.069003,40.294856]]},"properties":{}},{"type":"Feature","geometry":{"type":"LineString","coordinates":[[-90.069003,40.294856],[-89.844472,40.296014]]},"properties":{}},{"type":"Feature","geometry":{"type":"LineString","coordinates":[[-89.844472,40.296014],[-89.830739,40.303453]]},"properties":{}},{"type":"Feature","geometry":{"type":"LineString","coordinates":[[-89.830739,40.303453],[-89.639639,40.305606]]},"properties":{}},{"type":"Feature","geometry":{"type":"LineString","coordinates":[[-91.538253,40.935433],[-91.564803,40.881564]]},"properties":{}},{"type":"Feature","geometry":{"type":"LineString","coordinates":[[-91.564803,40.881564],[-91.566633,40.677847]]},"properties":{}},{"type":"Feature","geometry":{"type":"LineString","coordinates":[[-91.566633,40.677847],[-91.554731,40.640444]]},"properties":{}},{"type":"Feature","geometry":{"type":"LineString","coordinates":[[-91.554731,40.640444],[-91.561139,40.611464]]},"properties":{}},{"type":"Feature","geometry":{"type":"LineString","coordinates":[[-91.561139,40.611464],[-91.442122,40.514539]]},"properties":{}},{"type":"Feature","geometry":{"type":"LineString","coordinates":[[-91.934108,39.517436],[-91.909569,39.533431]]},"properties":{}},{"type":"Feature","geometry":{"type":"LineString","coordinates":[[-91.909569,39.533431],[-91.836444,39.561706]]},"properties":{}},{"type":"Feature","geometry":{"type":"LineString","coordinates":[[-91.836444,39.561706],[-91.827172,39.575681]]},"properties":{}},{"type":"Feature","geometry":{"type":"LineString","coordinates":[[-91.827172,39.575681],[-91.766403,39.600231]]},"properties":{}},{"type":"Feature","geometry":{"type":"LineString","coordinates":[[-91.766403,39.600231],[-91.744992,39.599878]]},"properties":{}},{"type":"Feature","geometry":{"type":"LineString","coordinates":[[-91.744992,39.599878],[-91.734919,39.615272]]},"properties":{}},{"type":"Feature","geometry":{"type":"LineString","coordinates":[[-91.734919,39.615272],[-91.734461,39.657097]]},"properties":{}},{"type":"Feature","geometry":{"type":"LineString","coordinates":[[-91.734461,39.657097],[-91.713406,39.657678]]},"properties":{}},{"type":"Feature","geometry":{"type":"LineString","coordinates":[[-91.713406,39.657678],[-91.713864,39.664122]]},"properties":{}},{"type":"Feature","geometry":{"type":"LineString","coordinates":[[-91.505736,39.697194],[-91.510542,39.713092]]},"properties":{}},{"type":"Feature","geometry":{"type":"LineString","coordinates":[[-91.510542,39.713092],[-91.509172,39.744306]]},"properties":{}},{"type":"Feature","geometry":{"type":"LineString","coordinates":[[-91.511639,39.936678],[-91.493103,39.936731]]},"properties":{}},{"type":"Feature","geometry":{"type":"LineString","coordinates":[[-91.368819,40.008472],[-91.254153,40.007528]]},"properties":{}},{"type":"Feature","geometry":{"type":"LineString","coordinates":[[-91.254153,40.007528],[-91.188231,40.026042]]},"properties":{}},{"type":"Feature","geometry":{"type":"LineString","coordinates":[[-91.188231,40.026042],[-91.127806,40.030361]]},"properties":{}},{"type":"Feature","geometry":{"type":"LineString","coordinates":[[-91.127806,40.030361],[-91.093475,40.040983]]},"properties":{}},{"type":"Feature","geometry":{"type":"LineString","coordinates":[[-91.093475,40.040983],[-91.003525,40.032681]]},"properties":{}},{"type":"Feature","geometry":{"type":"LineString","coordinates":[[-91.003525,40.032681],[-90.972625,40.033317]]},"properties":{}},{"type":"Feature","geometry":{"type":"LineString","coordinates":[[-90.972625,40.033317],[-90.957519,40.025539]]},"properties":{}},{"type":"Feature","geometry":{"type":"LineString","coordinates":[[-90.957519,40.025539],[-90.917006,40.025647]]},"properties":{}},{"type":"Feature","geometry":{"type":"LineString","coordinates":[[-90.917006,40.025647],[-90.869625,39.995781]]},"properties":{}},{"type":"Feature","geometry":{"type":"LineString","coordinates":[[-90.869625,39.995781],[-90.797531,39.995364]]},"properties":{}},{"type":"Feature","geometry":{"type":"LineString","coordinates":[[-91.493103,39.936731],[-91.471128,39.929408]]},"properties":{}},{"type":"Feature","geometry":{"type":"LineString","coordinates":[[-90.797531,39.995364],[-90.776931,39.984953]]},"properties":{}},{"type":"Feature","geometry":{"type":"LineString","coordinates":[[-90.776931,39.984953],[-90.706206,39.984536]]},"properties":{}},{"type":"Feature","geometry":{"type":"LineString","coordinates":[[-90.706206,39.984536],[-90.673933,39.994111]]},"properties":{}},{"type":"Feature","geometry":{"type":"LineString","coordinates":[[-90.673933,39.994111],[-90.614883,40.038922]]},"properties":{}},{"type":"Feature","geometry":{"type":"LineString","coordinates":[[-90.614883,40.038922],[-90.614883,40.075297]]},"properties":{}},{"type":"Feature","geometry":{"type":"LineString","coordinates":[[-90.614883,40.075297],[-90.605958,40.092742]]},"properties":{}},{"type":"Feature","geometry":{"type":"LineString","coordinates":[[-90.605958,40.092742],[-90.581925,40.117536]]},"properties":{}},{"type":"Feature","geometry":{"type":"LineString","coordinates":[[-90.581925,40.117536],[-90.562822,40.118694]]},"properties":{}},{"type":"Feature","geometry":{"type":"LineString","coordinates":[[-90.562822,40.118694],[-90.557892,40.152928]]},"properties":{}},{"type":"Feature","geometry":{"type":"LineString","coordinates":[[-90.557892,40.152928],[-90.509139,40.153561]]},"properties":{}},{"type":"Feature","geometry":{"type":"LineString","coordinates":[[-91.471128,39.929408],[-91.431306,39.928931]]},"properties":{}},{"type":"Feature","geometry":{"type":"LineString","coordinates":[[-90.509139,40.153561],[-90.509139,40.172036]]},"properties":{}},{"type":"Feature","geometry":{"type":"LineString","coordinates":[[-90.509139,40.172036],[-90.493347,40.178967]]},"properties":{}},{"type":"Feature","geometry":{"type":"LineString","coordinates":[[-90.493347,40.178967],[-90.477556,40.1796]]},"properties":{}},{"type":"Feature","geometry":{"type":"LineString","coordinates":[[-90.477556,40.1796],[-90.450089,40.199642]]},"properties":{}},{"type":"Feature","geometry":{"type":"LineString","coordinates":[[-90.450089,40.199642],[-90.379361,40.227017]]},"properties":{}},{"type":"Feature","geometry":{"type":"LineString","coordinates":[[-90.379361,40.227017],[-90.280486,40.259731]]},"properties":{}},{"type":"Feature","geometry":{"type":"LineString","coordinates":[[-90.280486,40.259731],[-90.277056,40.26875]]},"properties":{}},{"type":"Feature","geometry":{"type":"LineString","coordinates":[[-90.277056,40.26875],[-90.247528,40.267808]]},"properties":{}},{"type":"Feature","geometry":{"type":"LineString","coordinates":[[-90.247528,40.267808],[-90.191908,40.304583]]},"properties":{}},{"type":"Feature","geometry":{"type":"LineString","coordinates":[[-90.191908,40.304583],[-90.190536,40.341339]]},"properties":{}},{"type":"Feature","geometry":{"type":"LineString","coordinates":[[-91.431306,39.928931],[-91.411389,39.933725]]},"properties":{}},{"type":"Feature","geometry":{"type":"LineString","coordinates":[[-91.411389,39.933725],[-91.410706,39.960153]]},"properties":{}},{"type":"Feature","geometry":{"type":"LineString","coordinates":[[-91.410706,39.960153],[-91.403839,39.969211]]},"properties":{}},{"type":"Feature","geometry":{"type":"LineString","coordinates":[[-91.403839,39.969211],[-91.403153,39.979844]]},"properties":{}},{"type":"Feature","geometry":{"type":"LineString","coordinates":[[-91.403153,39.979844],[-91.384611,39.999417]]},"properties":{}},{"type":"Feature","geometry":{"type":"LineString","coordinates":[[-91.384611,39.999417],[-91.368819,40.008472]]},"properties":{}},{"type":"Feature","geometry":{"type":"LineString","coordinates":[[-92.453992,39.756586],[-92.257611,39.750989]]},"properties":{}},{"type":"Feature","geometry":{"type":"LineString","coordinates":[[-91.804842,39.659075],[-91.749908,39.658656]]},"properties":{}},{"type":"Feature","geometry":{"type":"LineString","coordinates":[[-91.749908,39.658656],[-91.735489,39.665111]]},"properties":{}},{"type":"Feature","geometry":{"type":"LineString","coordinates":[[-91.735489,39.665111],[-91.677125,39.665222]]},"properties":{}},{"type":"Feature","geometry":{"type":"LineString","coordinates":[[-91.677125,39.665222],[-91.648286,39.685919]]},"properties":{}},{"type":"Feature","geometry":{"type":"LineString","coordinates":[[-91.648286,39.685919],[-91.587861,39.685522]]},"properties":{}},{"type":"Feature","geometry":{"type":"LineString","coordinates":[[-91.587861,39.685522],[-91.572067,39.693031]]},"properties":{}},{"type":"Feature","geometry":{"type":"LineString","coordinates":[[-91.572067,39.693031],[-91.519197,39.693139]]},"properties":{}},{"type":"Feature","geometry":{"type":"LineString","coordinates":[[-91.519197,39.693139],[-91.499283,39.698006]]},"properties":{}},{"type":"Feature","geometry":{"type":"LineString","coordinates":[[-91.499283,39.698006],[-91.482117,39.693361]]},"properties":{}},{"type":"Feature","geometry":{"type":"LineString","coordinates":[[-91.482117,39.693361],[-91.453964,39.713017]]},"properties":{}},{"type":"Feature","geometry":{"type":"LineString","coordinates":[[-92.257611,39.750989],[-92.059583,39.698361]]},"properties":{}},{"type":"Feature","geometry":{"type":"LineString","coordinates":[[-91.453964,39.713017],[-91.384614,39.714711]]},"properties":{}},{"type":"Feature","geometry":{"type":"LineString","coordinates":[[-91.384614,39.714711],[-91.304964,39.738056]]},"properties":{}},{"type":"Feature","geometry":{"type":"LineString","coordinates":[[-91.304964,39.738056],[-91.299472,39.755589]]},"properties":{}},{"type":"Feature","geometry":{"type":"LineString","coordinates":[[-92.059583,39.698361],[-92.03075,39.697939]]},"properties":{}},{"type":"Feature","geometry":{"type":"LineString","coordinates":[[-92.03075,39.697939],[-92.016328,39.688011]]},"properties":{}},{"type":"Feature","geometry":{"type":"LineString","coordinates":[[-92.016328,39.688011],[-91.916764,39.665925]]},"properties":{}},{"type":"Feature","geometry":{"type":"LineString","coordinates":[[-91.916764,39.665925],[-91.888611,39.673964]]},"properties":{}},{"type":"Feature","geometry":{"type":"LineString","coordinates":[[-91.888611,39.673964],[-91.857708,39.673544]]},"properties":{}},{"type":"Feature","geometry":{"type":"LineString","coordinates":[[-91.857708,39.673544],[-91.850844,39.665833]]},"properties":{}},{"type":"Feature","geometry":{"type":"LineString","coordinates":[[-91.850844,39.665833],[-91.804842,39.659075]]},"properties":{}},{"type":"Feature","geometry":{"type":"LineString","coordinates":[[-91.644361,39.281028],[-91.563681,39.278983]]},"properties":{}},{"type":"Feature","geometry":{"type":"LineString","coordinates":[[-91.102175,39.413656],[-91.086608,39.420072]]},"properties":{}},{"type":"Feature","geometry":{"type":"LineString","coordinates":[[-91.086608,39.420072],[-91.077225,39.446642]]},"properties":{}},{"type":"Feature","geometry":{"type":"LineString","coordinates":[[-91.077225,39.446642],[-91.030764,39.461539]]},"properties":{}},{"type":"Feature","geometry":{"type":"LineString","coordinates":[[-91.030764,39.461539],[-91.000778,39.498689]]},"properties":{}},{"type":"Feature","geometry":{"type":"LineString","coordinates":[[-91.000778,39.498689],[-90.922044,39.531583]]},"properties":{}},{"type":"Feature","geometry":{"type":"LineString","coordinates":[[-90.922044,39.531583],[-90.916781,39.568167]]},"properties":{}},{"type":"Feature","geometry":{"type":"LineString","coordinates":[[-90.916781,39.568167],[-90.897783,39.591503]]},"properties":{}},{"type":"Feature","geometry":{"type":"LineString","coordinates":[[-90.897783,39.591503],[-90.874664,39.606369]]},"properties":{}},{"type":"Feature","geometry":{"type":"LineString","coordinates":[[-90.874664,39.606369],[-90.825456,39.604833]]},"properties":{}},{"type":"Feature","geometry":{"type":"LineString","coordinates":[[-90.825456,39.604833],[-90.802339,39.609117]]},"properties":{}},{"type":"Feature","geometry":{"type":"LineString","coordinates":[[-91.563681,39.278983],[-91.424633,39.335911]]},"properties":{}},{"type":"Feature","geometry":{"type":"LineString","coordinates":[[-90.802339,39.609117],[-90.798569,39.62495]]},"properties":{}},{"type":"Feature","geometry":{"type":"LineString","coordinates":[[-90.798569,39.62495],[-90.790786,39.630342]]},"properties":{}},{"type":"Feature","geometry":{"type":"LineString","coordinates":[[-90.790786,39.630342],[-90.767669,39.674272]]},"properties":{}},{"type":"Feature","geometry":{"type":"LineString","coordinates":[[-91.424633,39.335911],[-91.414681,39.347144]]},"properties":{}},{"type":"Feature","geometry":{"type":"LineString","coordinates":[[-91.414681,39.347144],[-91.23375,39.344569]]},"properties":{}},{"type":"Feature","geometry":{"type":"LineString","coordinates":[[-91.23375,39.344569],[-91.198075,39.365158]]},"properties":{}},{"type":"Feature","geometry":{"type":"LineString","coordinates":[[-91.198075,39.365158],[-91.183083,39.362025]]},"properties":{}},{"type":"Feature","geometry":{"type":"LineString","coordinates":[[-91.183083,39.362025],[-91.151156,39.379061]]},"properties":{}},{"type":"Feature","geometry":{"type":"LineString","coordinates":[[-91.151156,39.379061],[-91.119111,39.388136]]},"properties":{}},{"type":"Feature","geometry":{"type":"LineString","coordinates":[[-91.119111,39.388136],[-91.102175,39.413656]]},"properties":{}},{"type":"Feature","geometry":{"type":"LineString","coordinates":[[-91.161086,40.737064],[-91.220367,40.722603]]},"properties":{}},{"type":"Feature","geometry":{"type":"LineString","coordinates":[[-91.422011,40.608886],[-91.431167,40.55215]]},"properties":{}},{"type":"Feature","geometry":{"type":"LineString","coordinates":[[-91.431167,40.55215],[-91.429333,40.535889]]},"properties":{}},{"type":"Feature","geometry":{"type":"LineString","coordinates":[[-91.429333,40.535889],[-91.443525,40.514183]]},"properties":{}},{"type":"Feature","geometry":{"type":"LineString","coordinates":[[-91.443525,40.514183],[-91.443067,40.447769]]},"properties":{}},{"type":"Feature","geometry":{"type":"LineString","coordinates":[[-91.443067,40.447769],[-91.426131,40.436381]]},"properties":{}},{"type":"Feature","geometry":{"type":"LineString","coordinates":[[-91.426131,40.436381],[-91.427733,40.389436]]},"properties":{}},{"type":"Feature","geometry":{"type":"LineString","coordinates":[[-91.427733,40.389436],[-91.458861,40.364961]]},"properties":{}},{"type":"Feature","geometry":{"type":"LineString","coordinates":[[-91.458861,40.364961],[-91.567581,40.365592]]},"properties":{}},{"type":"Feature","geometry":{"type":"LineString","coordinates":[[-91.567581,40.365592],[-91.587722,40.362564]]},"properties":{}},{"type":"Feature","geometry":{"type":"LineString","coordinates":[[-91.587722,40.362564],[-91.58795,40.332842]]},"properties":{}},{"type":"Feature","geometry":{"type":"LineString","coordinates":[[-91.220367,40.722603],[-91.251494,40.681586]]},"properties":{}},{"type":"Feature","geometry":{"type":"LineString","coordinates":[[-91.58795,40.332842],[-91.563461,40.276203]]},"properties":{}},{"type":"Feature","geometry":{"type":"LineString","coordinates":[[-91.563461,40.276203],[-91.543775,40.2564]]},"properties":{}},{"type":"Feature","geometry":{"type":"LineString","coordinates":[[-91.543775,40.2564],[-91.521344,40.185206]]},"properties":{}},{"type":"Feature","geometry":{"type":"LineString","coordinates":[[-91.521344,40.185206],[-91.539428,40.149111]]},"properties":{}},{"type":"Feature","geometry":{"type":"LineString","coordinates":[[-91.539428,40.149111],[-91.543775,40.109844]]},"properties":{}},{"type":"Feature","geometry":{"type":"LineString","coordinates":[[-91.543775,40.109844],[-91.524778,40.053214]]},"properties":{}},{"type":"Feature","geometry":{"type":"LineString","coordinates":[[-91.524778,40.053214],[-91.526381,39.983383]]},"properties":{}},{"type":"Feature","geometry":{"type":"LineString","coordinates":[[-91.526381,39.983383],[-91.518369,39.967181]]},"properties":{}},{"type":"Feature","geometry":{"type":"LineString","coordinates":[[-91.518369,39.967181],[-91.517911,39.935708]]},"properties":{}},{"type":"Feature","geometry":{"type":"LineString","coordinates":[[-91.517911,39.935708],[-91.523178,39.929083]]},"properties":{}},{"type":"Feature","geometry":{"type":"LineString","coordinates":[[-91.251494,40.681586],[-91.272322,40.671281]]},"properties":{}},{"type":"Feature","geometry":{"type":"LineString","coordinates":[[-91.523178,39.929083],[-91.526839,39.845947]]},"properties":{}},{"type":"Feature","geometry":{"type":"LineString","coordinates":[[-91.526839,39.845947],[-91.513336,39.824439]]},"properties":{}},{"type":"Feature","geometry":{"type":"LineString","coordinates":[[-91.513336,39.824439],[-91.519744,39.751736]]},"properties":{}},{"type":"Feature","geometry":{"type":"LineString","coordinates":[[-91.519744,39.751736],[-91.509903,39.744039]]},"properties":{}},{"type":"Feature","geometry":{"type":"LineString","coordinates":[[-91.509903,39.744039],[-91.425672,39.743619]]},"properties":{}},{"type":"Feature","geometry":{"type":"LineString","coordinates":[[-91.425672,39.743619],[-91.392944,39.726833]]},"properties":{}},{"type":"Feature","geometry":{"type":"LineString","coordinates":[[-91.392944,39.726833],[-91.386992,39.700006]]},"properties":{}},{"type":"Feature","geometry":{"type":"LineString","coordinates":[[-91.386992,39.700006],[-91.414,39.675808]]},"properties":{}},{"type":"Feature","geometry":{"type":"LineString","coordinates":[[-91.414,39.675808],[-91.421094,39.648961]]},"properties":{}},{"type":"Feature","geometry":{"type":"LineString","coordinates":[[-91.421094,39.648961],[-91.404844,39.605175]]},"properties":{}},{"type":"Feature","geometry":{"type":"LineString","coordinates":[[-91.272322,40.671281],[-91.360442,40.670867]]},"properties":{}},{"type":"Feature","geometry":{"type":"LineString","coordinates":[[-91.404844,39.605175],[-91.406447,39.582533]]},"properties":{}},{"type":"Feature","geometry":{"type":"LineString","coordinates":[[-91.406447,39.582533],[-91.382644,39.549825]]},"properties":{}},{"type":"Feature","geometry":{"type":"LineString","coordinates":[[-91.382644,39.549825],[-91.320389,39.504389]]},"properties":{}},{"type":"Feature","geometry":{"type":"LineString","coordinates":[[-91.320389,39.504389],[-91.307569,39.480122]]},"properties":{}},{"type":"Feature","geometry":{"type":"LineString","coordinates":[[-91.307569,39.480122],[-91.2769,39.463803]]},"properties":{}},{"type":"Feature","geometry":{"type":"LineString","coordinates":[[-91.2769,39.463803],[-91.242797,39.397617]]},"properties":{}},{"type":"Feature","geometry":{"type":"LineString","coordinates":[[-91.242797,39.397617],[-91.186033,39.347303]]},"properties":{}},{"type":"Feature","geometry":{"type":"LineString","coordinates":[[-91.186033,39.347303],[-91.171156,39.325639]]},"properties":{}},{"type":"Feature","geometry":{"type":"LineString","coordinates":[[-91.171156,39.325639],[-91.154219,39.3215]]},"properties":{}},{"type":"Feature","geometry":{"type":"LineString","coordinates":[[-91.154219,39.3215],[-91.117369,39.301953]]},"properties":{}},{"type":"Feature","geometry":{"type":"LineString","coordinates":[[-91.360442,40.670867],[-91.361356,40.654308]]},"properties":{}},{"type":"Feature","geometry":{"type":"LineString","coordinates":[[-91.117369,39.301953],[-91.093567,39.276025]]},"properties":{}},{"type":"Feature","geometry":{"type":"LineString","coordinates":[[-91.093567,39.276025],[-91.019636,39.244236]]},"properties":{}},{"type":"Feature","geometry":{"type":"LineString","coordinates":[[-91.019636,39.244236],[-90.964933,39.137911]]},"properties":{}},{"type":"Feature","geometry":{"type":"LineString","coordinates":[[-90.964933,39.137911],[-90.961731,39.110853]]},"properties":{}},{"type":"Feature","geometry":{"type":"LineString","coordinates":[[-90.961731,39.110853],[-90.972944,39.079525]]},"properties":{}},{"type":"Feature","geometry":{"type":"LineString","coordinates":[[-90.972944,39.079525],[-90.974547,39.043381]]},"properties":{}},{"type":"Feature","geometry":{"type":"LineString","coordinates":[[-90.974547,39.043381],[-90.980956,39.021089]]},"properties":{}},{"type":"Feature","geometry":{"type":"LineString","coordinates":[[-91.361356,40.654308],[-91.378753,40.642956]]},"properties":{}},{"type":"Feature","geometry":{"type":"LineString","coordinates":[[-91.378753,40.642956],[-91.381042,40.632122]]},"properties":{}},{"type":"Feature","geometry":{"type":"LineString","coordinates":[[-91.381042,40.632122],[-91.409422,40.623892]]},"properties":{}},{"type":"Feature","geometry":{"type":"LineString","coordinates":[[-91.409422,40.623892],[-91.422011,40.608886]]},"properties":{}},{"type":"Feature","geometry":{"type":"LineString","coordinates":[[-92.504711,40.704308],[-92.524019,40.670256]]},"properties":{}},{"type":"Feature","geometry":{"type":"LineString","coordinates":[[-92.524019,40.670256],[-92.519817,40.565283]]},"properties":{}},{"type":"Feature","geometry":{"type":"LineString","coordinates":[[-92.519817,40.565283],[-92.570628,40.448653]]},"properties":{}},{"type":"Feature","geometry":{"type":"LineString","coordinates":[[-92.570628,40.448653],[-92.557583,40.392353]]},"properties":{}},{"type":"Feature","geometry":{"type":"LineString","coordinates":[[-92.557583,40.392353],[-92.580242,40.282911]]},"properties":{}},{"type":"Feature","geometry":{"type":"LineString","coordinates":[[-92.580242,40.282911],[-92.581617,40.244294]]},"properties":{}},{"type":"Feature","geometry":{"type":"LineString","coordinates":[[-90.619172,40.456039],[-90.620089,40.336861]]},"properties":{}},{"type":"Feature","geometry":{"type":"LineString","coordinates":[[-90.437897,40.004619],[-90.437442,39.989942]]},"properties":{}},{"type":"Feature","geometry":{"type":"LineString","coordinates":[[-90.437442,39.989942],[-90.484361,39.953156]]},"properties":{}},{"type":"Feature","geometry":{"type":"LineString","coordinates":[[-90.484361,39.953156],[-90.495575,39.932153]]},"properties":{}},{"type":"Feature","geometry":{"type":"LineString","coordinates":[[-90.495575,39.932153],[-90.494431,39.900603]]},"properties":{}},{"type":"Feature","geometry":{"type":"LineString","coordinates":[[-90.494431,39.900603],[-90.50725,39.815786]]},"properties":{}},{"type":"Feature","geometry":{"type":"LineString","coordinates":[[-90.50725,39.815786],[-90.488253,39.799542]]},"properties":{}},{"type":"Feature","geometry":{"type":"LineString","coordinates":[[-90.488253,39.799542],[-90.458956,39.794375]]},"properties":{}},{"type":"Feature","geometry":{"type":"LineString","coordinates":[[-90.458956,39.794375],[-90.422106,39.774964]]},"properties":{}},{"type":"Feature","geometry":{"type":"LineString","coordinates":[[-90.422106,39.774964],[-90.352983,39.765575]]},"properties":{}},{"type":"Feature","geometry":{"type":"LineString","coordinates":[[-90.352983,39.765575],[-90.295533,39.750903]]},"properties":{}},{"type":"Feature","geometry":{"type":"LineString","coordinates":[[-90.620089,40.336861],[-90.601092,40.324347]]},"properties":{}},{"type":"Feature","geometry":{"type":"LineString","coordinates":[[-90.295533,39.750903],[-90.29645,39.568114]]},"properties":{}},{"type":"Feature","geometry":{"type":"LineString","coordinates":[[-90.29645,39.568114],[-90.337189,39.543342]]},"properties":{}},{"type":"Feature","geometry":{"type":"LineString","coordinates":[[-90.337189,39.543342],[-90.338792,39.531272]]},"properties":{}},{"type":"Feature","geometry":{"type":"LineString","coordinates":[[-90.338792,39.531272],[-90.401506,39.447125]]},"properties":{}},{"type":"Feature","geometry":{"type":"LineString","coordinates":[[-90.401506,39.447125],[-90.414322,39.324225]]},"properties":{}},{"type":"Feature","geometry":{"type":"LineString","coordinates":[[-90.414322,39.324225],[-90.398292,39.237281]]},"properties":{}},{"type":"Feature","geometry":{"type":"LineString","coordinates":[[-90.398292,39.237281],[-90.324603,39.118269]]},"properties":{}},{"type":"Feature","geometry":{"type":"LineString","coordinates":[[-90.324603,39.118269],[-90.237169,39.008667]]},"properties":{}},{"type":"Feature","geometry":{"type":"LineString","coordinates":[[-90.237169,39.008667],[-90.194597,38.975911]]},"properties":{}},{"type":"Feature","geometry":{"type":"LineString","coordinates":[[-90.194597,38.975911],[-90.193453,38.933306]]},"properties":{}},{"type":"Feature","geometry":{"type":"LineString","coordinates":[[-90.601092,40.324347],[-90.602694,40.263122]]},"properties":{}},{"type":"Feature","geometry":{"type":"LineString","coordinates":[[-90.193453,38.933306],[-90.173083,38.905636]]},"properties":{}},{"type":"Feature","geometry":{"type":"LineString","coordinates":[[-90.173083,38.905636],[-90.186358,38.891319]]},"properties":{}},{"type":"Feature","geometry":{"type":"LineString","coordinates":[[-90.602694,40.263122],[-90.593308,40.240114]]},"properties":{}},{"type":"Feature","geometry":{"type":"LineString","coordinates":[[-90.593308,40.240114],[-90.594911,40.149425]]},"properties":{}},{"type":"Feature","geometry":{"type":"LineString","coordinates":[[-90.594911,40.149425],[-90.572481,40.112203]]},"properties":{}},{"type":"Feature","geometry":{"type":"LineString","coordinates":[[-90.572481,40.112203],[-90.515031,40.0634]]},"properties":{}},{"type":"Feature","geometry":{"type":"LineString","coordinates":[[-90.515031,40.0634],[-90.466508,40.04085]]},"properties":{}},{"type":"Feature","geometry":{"type":"LineString","coordinates":[[-90.466508,40.04085],[-90.437897,40.004619]]},"properties":{}},{"type":"Feature","geometry":{"type":"LineString","coordinates":[[-94.857283,39.886033],[-94.8693,39.789758]]},"properties":{}},{"type":"Feature","geometry":{"type":"LineString","coordinates":[[-94.8693,39.789758],[-94.860247,39.771881]]},"properties":{}},{"type":"Feature","geometry":{"type":"LineString","coordinates":[[-94.860247,39.771881],[-94.852008,39.737647]]},"properties":{}},{"type":"Feature","geometry":{"type":"LineString","coordinates":[[-94.852008,39.737647],[-94.83325,39.720817]]},"properties":{}},{"type":"Feature","geometry":{"type":"LineString","coordinates":[[-94.83325,39.720817],[-94.788103,39.706131]]},"properties":{}},{"type":"Feature","geometry":{"type":"LineString","coordinates":[[-94.557953,39.169106],[-94.559942,39.174297]]},"properties":{}},{"type":"Feature","geometry":{"type":"LineString","coordinates":[[-94.685083,39.295808],[-94.687486,39.311258]]},"properties":{}},{"type":"Feature","geometry":{"type":"LineString","coordinates":[[-94.687486,39.311258],[-94.697617,39.321392]]},"properties":{}},{"type":"Feature","geometry":{"type":"LineString","coordinates":[[-94.697617,39.321392],[-94.748769,39.345603]]},"properties":{}},{"type":"Feature","geometry":{"type":"LineString","coordinates":[[-94.748769,39.345603],[-94.769197,39.362228]]},"properties":{}},{"type":"Feature","geometry":{"type":"LineString","coordinates":[[-94.769197,39.362228],[-94.776236,39.375142]]},"properties":{}},{"type":"Feature","geometry":{"type":"LineString","coordinates":[[-94.776236,39.375142],[-94.788939,39.384733]]},"properties":{}},{"type":"Feature","geometry":{"type":"LineString","coordinates":[[-94.788939,39.384733],[-94.785678,39.494239]]},"properties":{}},{"type":"Feature","geometry":{"type":"LineString","coordinates":[[-94.785678,39.494239],[-94.788425,39.707822]]},"properties":{}},{"type":"Feature","geometry":{"type":"LineString","coordinates":[[-94.788425,39.707822],[-94.793472,39.781419]]},"properties":{}},{"type":"Feature","geometry":{"type":"LineString","coordinates":[[-94.793472,39.781419],[-94.805144,39.821353]]},"properties":{}},{"type":"Feature","geometry":{"type":"LineString","coordinates":[[-94.559942,39.174297],[-94.567839,39.178842]]},"properties":{}},{"type":"Feature","geometry":{"type":"LineString","coordinates":[[-94.805144,39.821353],[-94.805831,39.854939]]},"properties":{}},{"type":"Feature","geometry":{"type":"LineString","coordinates":[[-94.805831,39.854939],[-94.906425,39.917742]]},"properties":{}},{"type":"Feature","geometry":{"type":"LineString","coordinates":[[-94.906425,39.917742],[-94.973372,39.968386]]},"properties":{}},{"type":"Feature","geometry":{"type":"LineString","coordinates":[[-94.973372,39.968386],[-95.017661,39.974806]]},"properties":{}},{"type":"Feature","geometry":{"type":"LineString","coordinates":[[-95.017661,39.974806],[-95.209922,40.082275]]},"properties":{}},{"type":"Feature","geometry":{"type":"LineString","coordinates":[[-95.209922,40.082275],[-95.247003,40.150747]]},"properties":{}},{"type":"Feature","geometry":{"type":"LineString","coordinates":[[-95.247003,40.150747],[-95.315667,40.181917]]},"properties":{}},{"type":"Feature","geometry":{"type":"LineString","coordinates":[[-95.315667,40.181917],[-95.359611,40.193142]]},"properties":{}},{"type":"Feature","geometry":{"type":"LineString","coordinates":[[-95.359611,40.193142],[-95.472222,40.279839]]},"properties":{}},{"type":"Feature","geometry":{"type":"LineString","coordinates":[[-95.472222,40.279839],[-95.500375,40.338169]]},"properties":{}},{"type":"Feature","geometry":{"type":"LineString","coordinates":[[-94.567839,39.178842],[-94.584661,39.179792]]},"properties":{}},{"type":"Feature","geometry":{"type":"LineString","coordinates":[[-95.500375,40.338169],[-95.553933,40.404817]]},"properties":{}},{"type":"Feature","geometry":{"type":"LineString","coordinates":[[-94.584661,39.179792],[-94.6026,39.187994]]},"properties":{}},{"type":"Feature","geometry":{"type":"LineString","coordinates":[[-94.6026,39.187994],[-94.614875,39.191342]]},"properties":{}},{"type":"Feature","geometry":{"type":"LineString","coordinates":[[-94.614875,39.191342],[-94.634786,39.206014]]},"properties":{}},{"type":"Feature","geometry":{"type":"LineString","coordinates":[[-94.634786,39.206014],[-94.658306,39.237744]]},"properties":{}},{"type":"Feature","geometry":{"type":"LineString","coordinates":[[-94.658306,39.237744],[-94.658819,39.257461]]},"properties":{}},{"type":"Feature","geometry":{"type":"LineString","coordinates":[[-94.658819,39.257461],[-94.685083,39.295808]]},"properties":{}},{"type":"Feature","geometry":{"type":"LineString","coordinates":[[-96.220278,38.436944],[-96.21955,38.439378]]},"properties":{}},{"type":"Feature","geometry":{"type":"LineString","coordinates":[[-96.21955,38.439378],[-96.151572,38.500878]]},"properties":{}},{"type":"Feature","geometry":{"type":"LineString","coordinates":[[-96.151572,38.500878],[-96.130286,38.542458]]},"properties":{}},{"type":"Feature","geometry":{"type":"LineString","coordinates":[[-96.130286,38.542458],[-96.045828,38.625331]]},"properties":{}},{"type":"Feature","geometry":{"type":"LineString","coordinates":[[-96.045828,38.625331],[-95.924981,38.768311]]},"properties":{}},{"type":"Feature","geometry":{"type":"LineString","coordinates":[[-95.924981,38.768311],[-95.886528,38.8306]]},"properties":{}},{"type":"Feature","geometry":{"type":"LineString","coordinates":[[-95.886528,38.8306],[-95.736839,38.955336]]},"properties":{}},{"type":"Feature","geometry":{"type":"LineString","coordinates":[[-95.736839,38.955336],[-95.675539,38.992383]]},"properties":{}},{"type":"Feature","geometry":{"type":"LineString","coordinates":[[-96.306944,38.331389],[-96.220278,38.436944]]},"properties":{}},{"type":"Feature","geometry":{"type":"LineString","coordinates":[[-95.432139,38.504022],[-95.397119,38.529433]]},"properties":{}},{"type":"Feature","geometry":{"type":"LineString","coordinates":[[-95.397119,38.529433],[-95.349742,38.554836]]},"properties":{}},{"type":"Feature","geometry":{"type":"LineString","coordinates":[[-95.349742,38.554836],[-95.236444,38.588283]]},"properties":{}},{"type":"Feature","geometry":{"type":"LineString","coordinates":[[-95.236444,38.588283],[-95.229578,38.634586]]},"properties":{}},{"type":"Feature","geometry":{"type":"LineString","coordinates":[[-95.229578,38.634586],[-95.063411,38.707656]]},"properties":{}},{"type":"Feature","geometry":{"type":"LineString","coordinates":[[-95.063411,38.707656],[-94.994058,38.749597]]},"properties":{}},{"type":"Feature","geometry":{"type":"LineString","coordinates":[[-94.994058,38.749597],[-94.882822,38.811475]]},"properties":{}},{"type":"Feature","geometry":{"type":"LineString","coordinates":[[-94.882822,38.811475],[-94.794244,38.873675]]},"properties":{}},{"type":"Feature","geometry":{"type":"LineString","coordinates":[[-94.794244,38.873675],[-94.783258,38.901628]]},"properties":{}},{"type":"Feature","geometry":{"type":"LineString","coordinates":[[-94.783258,38.901628],[-94.696742,38.994172]]},"properties":{}},{"type":"Feature","geometry":{"type":"LineString","coordinates":[[-96.220278,38.436944],[-96.195689,38.427625]]},"properties":{}},{"type":"Feature","geometry":{"type":"LineString","coordinates":[[-94.696742,38.994172],[-94.630136,39.054611]]},"properties":{}},{"type":"Feature","geometry":{"type":"LineString","coordinates":[[-94.630136,39.054611],[-94.611597,39.074817]]},"properties":{}},{"type":"Feature","geometry":{"type":"LineString","coordinates":[[-94.611597,39.074817],[-94.594431,39.078175]]},"properties":{}},{"type":"Feature","geometry":{"type":"LineString","coordinates":[[-94.594431,39.078175],[-94.590997,39.096456]]},"properties":{}},{"type":"Feature","geometry":{"type":"LineString","coordinates":[[-94.590997,39.096456],[-94.592028,39.107192]]},"properties":{}},{"type":"Feature","geometry":{"type":"LineString","coordinates":[[-96.195689,38.427625],[-96.155175,38.412725]]},"properties":{}},{"type":"Feature","geometry":{"type":"LineString","coordinates":[[-96.155175,38.412725],[-95.984203,38.409119]]},"properties":{}},{"type":"Feature","geometry":{"type":"LineString","coordinates":[[-95.984203,38.409119],[-95.883264,38.428647]]},"properties":{}},{"type":"Feature","geometry":{"type":"LineString","coordinates":[[-95.883264,38.428647],[-95.743875,38.426119]]},"properties":{}},{"type":"Feature","geometry":{"type":"LineString","coordinates":[[-95.743875,38.426119],[-95.609981,38.453708]]},"properties":{}},{"type":"Feature","geometry":{"type":"LineString","coordinates":[[-95.609981,38.453708],[-95.574961,38.453333]]},"properties":{}},{"type":"Feature","geometry":{"type":"LineString","coordinates":[[-95.574961,38.453333],[-95.432139,38.504022]]},"properties":{}},{"type":"Feature","geometry":{"type":"LineString","coordinates":[[-94.572517,39.106517],[-94.565936,39.123803]]},"properties":{}},{"type":"Feature","geometry":{"type":"LineString","coordinates":[[-94.488431,39.207383],[-94.475556,39.215283]]},"properties":{}},{"type":"Feature","geometry":{"type":"LineString","coordinates":[[-94.475556,39.215283],[-94.45015,39.253497]]},"properties":{}},{"type":"Feature","geometry":{"type":"LineString","coordinates":[[-94.45015,39.253497],[-94.445858,39.265647]]},"properties":{}},{"type":"Feature","geometry":{"type":"LineString","coordinates":[[-94.445858,39.265647],[-94.419422,39.280717]]},"properties":{}},{"type":"Feature","geometry":{"type":"LineString","coordinates":[[-94.419422,39.280717],[-94.372386,39.367986]]},"properties":{}},{"type":"Feature","geometry":{"type":"LineString","coordinates":[[-94.372386,39.367986],[-94.282608,39.519722]]},"properties":{}},{"type":"Feature","geometry":{"type":"LineString","coordinates":[[-94.282608,39.519722],[-94.260808,39.574628]]},"properties":{}},{"type":"Feature","geometry":{"type":"LineString","coordinates":[[-94.260808,39.574628],[-94.236947,39.663514]]},"properties":{}},{"type":"Feature","geometry":{"type":"LineString","coordinates":[[-94.236947,39.663514],[-94.220639,39.728208]]},"properties":{}},{"type":"Feature","geometry":{"type":"LineString","coordinates":[[-94.220639,39.728208],[-94.220122,39.755583]]},"properties":{}},{"type":"Feature","geometry":{"type":"LineString","coordinates":[[-94.565936,39.123803],[-94.567653,39.138142]]},"properties":{}},{"type":"Feature","geometry":{"type":"LineString","coordinates":[[-94.220122,39.755583],[-94.176864,39.853461]]},"properties":{}},{"type":"Feature","geometry":{"type":"LineString","coordinates":[[-94.176864,39.853461],[-94.168625,39.871172]]},"properties":{}},{"type":"Feature","geometry":{"type":"LineString","coordinates":[[-94.168625,39.871172],[-94.138242,39.924086]]},"properties":{}},{"type":"Feature","geometry":{"type":"LineString","coordinates":[[-94.138242,39.924086],[-94.094467,39.973672]]},"properties":{}},{"type":"Feature","geometry":{"type":"LineString","coordinates":[[-94.094467,39.973672],[-94.093436,40.080306]]},"properties":{}},{"type":"Feature","geometry":{"type":"LineString","coordinates":[[-94.093436,40.080306],[-94.016217,40.178953]]},"properties":{}},{"type":"Feature","geometry":{"type":"LineString","coordinates":[[-94.016217,40.178953],[-94.010697,40.347983]]},"properties":{}},{"type":"Feature","geometry":{"type":"LineString","coordinates":[[-94.010697,40.347983],[-93.949928,40.563033]]},"properties":{}},{"type":"Feature","geometry":{"type":"LineString","coordinates":[[-94.567653,39.138142],[-94.559669,39.147622]]},"properties":{}},{"type":"Feature","geometry":{"type":"LineString","coordinates":[[-94.559669,39.147622],[-94.557953,39.169106]]},"properties":{}},{"type":"Feature","geometry":{"type":"LineString","coordinates":[[-94.557953,39.169106],[-94.550142,39.172858]]},"properties":{}},{"type":"Feature","geometry":{"type":"LineString","coordinates":[[-94.550142,39.172858],[-94.535722,39.174481]]},"properties":{}},{"type":"Feature","geometry":{"type":"LineString","coordinates":[[-94.535722,39.174481],[-94.516153,39.187947]]},"properties":{}},{"type":"Feature","geometry":{"type":"LineString","coordinates":[[-94.516153,39.187947],[-94.505425,39.201878]]},"properties":{}},{"type":"Feature","geometry":{"type":"LineString","coordinates":[[-94.505425,39.201878],[-94.488431,39.207383]]},"properties":{}},{"type":"Feature","geometry":{"type":"LineString","coordinates":[[-94.694222,39.318508],[-94.666014,39.307192]]},"properties":{}},{"type":"Feature","geometry":{"type":"LineString","coordinates":[[-94.498131,39.156992],[-94.498817,39.129406]]},"properties":{}},{"type":"Feature","geometry":{"type":"LineString","coordinates":[[-94.498817,39.129406],[-94.486114,39.113264]]},"properties":{}},{"type":"Feature","geometry":{"type":"LineString","coordinates":[[-94.486114,39.113264],[-94.490919,39.081397]]},"properties":{}},{"type":"Feature","geometry":{"type":"LineString","coordinates":[[-94.490919,39.081397],[-94.488861,39.058847]]},"properties":{}},{"type":"Feature","geometry":{"type":"LineString","coordinates":[[-94.488861,39.058847],[-94.499503,39.049658]]},"properties":{}},{"type":"Feature","geometry":{"type":"LineString","coordinates":[[-94.499503,39.049658],[-94.502594,38.984644]]},"properties":{}},{"type":"Feature","geometry":{"type":"LineString","coordinates":[[-94.502594,38.984644],[-94.537611,38.939369]]},"properties":{}},{"type":"Feature","geometry":{"type":"LineString","coordinates":[[-94.537611,38.939369],[-94.593575,38.941078]]},"properties":{}},{"type":"Feature","geometry":{"type":"LineString","coordinates":[[-94.593575,38.941078],[-94.624817,38.932639]]},"properties":{}},{"type":"Feature","geometry":{"type":"LineString","coordinates":[[-94.624817,38.932639],[-94.736739,38.934081]]},"properties":{}},{"type":"Feature","geometry":{"type":"LineString","coordinates":[[-94.666014,39.307192],[-94.601469,39.307297]]},"properties":{}},{"type":"Feature","geometry":{"type":"LineString","coordinates":[[-94.736739,38.934081],[-94.755622,38.942467]]},"properties":{}},{"type":"Feature","geometry":{"type":"LineString","coordinates":[[-94.755622,38.942467],[-94.772444,38.944975]]},"properties":{}},{"type":"Feature","geometry":{"type":"LineString","coordinates":[[-94.772444,38.944975],[-94.777594,38.993131]]},"properties":{}},{"type":"Feature","geometry":{"type":"LineString","coordinates":[[-94.777594,38.993131],[-94.800942,39.087475]]},"properties":{}},{"type":"Feature","geometry":{"type":"LineString","coordinates":[[-94.800942,39.087475],[-94.810211,39.107511]]},"properties":{}},{"type":"Feature","geometry":{"type":"LineString","coordinates":[[-94.810211,39.107511],[-94.821539,39.159547]]},"properties":{}},{"type":"Feature","geometry":{"type":"LineString","coordinates":[[-94.821539,39.159547],[-94.788239,39.188133]]},"properties":{}},{"type":"Feature","geometry":{"type":"LineString","coordinates":[[-94.788239,39.188133],[-94.761458,39.194892]]},"properties":{}},{"type":"Feature","geometry":{"type":"LineString","coordinates":[[-94.761458,39.194892],[-94.763175,39.220269]]},"properties":{}},{"type":"Feature","geometry":{"type":"LineString","coordinates":[[-94.763175,39.220269],[-94.754936,39.246703]]},"properties":{}},{"type":"Feature","geometry":{"type":"LineString","coordinates":[[-94.601469,39.307297],[-94.575033,39.311653]]},"properties":{}},{"type":"Feature","geometry":{"type":"LineString","coordinates":[[-94.754936,39.246703],[-94.766608,39.288539]]},"properties":{}},{"type":"Feature","geometry":{"type":"LineString","coordinates":[[-94.766608,39.288539],[-94.748411,39.345222]]},"properties":{}},{"type":"Feature","geometry":{"type":"LineString","coordinates":[[-94.575033,39.311653],[-94.516325,39.310697]]},"properties":{}},{"type":"Feature","geometry":{"type":"LineString","coordinates":[[-94.516325,39.310697],[-94.509803,39.302569]]},"properties":{}},{"type":"Feature","geometry":{"type":"LineString","coordinates":[[-94.509803,39.302569],[-94.5074,39.243406]]},"properties":{}},{"type":"Feature","geometry":{"type":"LineString","coordinates":[[-94.5074,39.243406],[-94.492294,39.206011]]},"properties":{}},{"type":"Feature","geometry":{"type":"LineString","coordinates":[[-94.492294,39.206011],[-94.493325,39.168864]]},"properties":{}},{"type":"Feature","geometry":{"type":"LineString","coordinates":[[-94.493325,39.168864],[-94.498131,39.156992]]},"properties":{}},{"type":"Feature","geometry":{"type":"LineString","coordinates":[[-94.537611,38.939369],[-94.528342,38.932744]]},"properties":{}},{"type":"Feature","geometry":{"type":"LineString","coordinates":[[-94.528342,38.932744],[-94.508772,38.938994]]},"properties":{}},{"type":"Feature","geometry":{"type":"LineString","coordinates":[[-94.508772,38.938994],[-94.406806,38.934561]]},"properties":{}},{"type":"Feature","geometry":{"type":"LineString","coordinates":[[-94.406806,38.934561],[-94.378311,38.944817]]},"properties":{}},{"type":"Feature","geometry":{"type":"LineString","coordinates":[[-94.378311,38.944817],[-94.362175,38.946792]]},"properties":{}},{"type":"Feature","geometry":{"type":"LineString","coordinates":[[-94.362175,38.946792],[-94.355994,38.982669]]},"properties":{}},{"type":"Feature","geometry":{"type":"LineString","coordinates":[[-94.355994,38.982669],[-94.357025,39.015061]]},"properties":{}},{"type":"Feature","geometry":{"type":"LineString","coordinates":[[-94.357025,39.015061],[-94.362175,39.042106]]},"properties":{}},{"type":"Feature","geometry":{"type":"LineString","coordinates":[[-95.775,39.052778],[-95.747139,39.016822]]},"properties":{}},{"type":"Feature","geometry":{"type":"LineString","coordinates":[[-95.747139,39.016822],[-95.675539,38.992383]]},"properties":{}},{"type":"Feature","geometry":{"type":"LineString","coordinates":[[-95.675539,38.992383],[-95.673667,38.992489]]},"properties":{}},{"type":"Feature","geometry":{"type":"LineString","coordinates":[[-95.673667,38.992489],[-95.629722,39.024717]]},"properties":{}},{"type":"Feature","geometry":{"type":"LineString","coordinates":[[-95.629722,39.024717],[-95.587522,39.032081]]},"properties":{}},{"type":"Feature","geometry":{"type":"LineString","coordinates":[[-94.537611,38.939369],[-94.528342,38.932744]]},"properties":{}},{"type":"Feature","geometry":{"type":"LineString","coordinates":[[-94.352561,38.523658],[-94.341231,38.507647]]},"properties":{}},{"type":"Feature","geometry":{"type":"LineString","coordinates":[[-94.341231,38.507647],[-94.344664,38.309697]]},"properties":{}},{"type":"Feature","geometry":{"type":"LineString","coordinates":[[-94.344664,38.309697],[-94.358397,38.293639]]},"properties":{}},{"type":"Feature","geometry":{"type":"LineString","coordinates":[[-94.358397,38.293639],[-94.358397,38.247925]]},"properties":{}},{"type":"Feature","geometry":{"type":"LineString","coordinates":[[-94.358397,38.247925],[-94.349814,38.232125]]},"properties":{}},{"type":"Feature","geometry":{"type":"LineString","coordinates":[[-94.349814,38.232125],[-94.353933,38.052078]]},"properties":{}},{"type":"Feature","geometry":{"type":"LineString","coordinates":[[-94.353933,38.052078],[-94.368011,38.039747]]},"properties":{}},{"type":"Feature","geometry":{"type":"LineString","coordinates":[[-94.368011,38.039747],[-94.369061,37.927394]]},"properties":{}},{"type":"Feature","geometry":{"type":"LineString","coordinates":[[-94.369061,37.927394],[-94.342261,37.902583]]},"properties":{}},{"type":"Feature","geometry":{"type":"LineString","coordinates":[[-94.342261,37.902583],[-94.344664,37.852017]]},"properties":{}},{"type":"Feature","geometry":{"type":"LineString","coordinates":[[-94.528342,38.932744],[-94.523881,38.911003]]},"properties":{}},{"type":"Feature","geometry":{"type":"LineString","coordinates":[[-94.344664,37.852017],[-94.309647,37.824197]]},"properties":{}},{"type":"Feature","geometry":{"type":"LineString","coordinates":[[-94.309647,37.824197],[-94.313081,37.748333]]},"properties":{}},{"type":"Feature","geometry":{"type":"LineString","coordinates":[[-94.313081,37.748333],[-94.307242,37.735411]]},"properties":{}},{"type":"Feature","geometry":{"type":"LineString","coordinates":[[-94.307242,37.735411],[-94.307586,37.648147]]},"properties":{}},{"type":"Feature","geometry":{"type":"LineString","coordinates":[[-94.307586,37.648147],[-94.292822,37.616444]]},"properties":{}},{"type":"Feature","geometry":{"type":"LineString","coordinates":[[-94.523881,38.911003],[-94.528,38.835039]]},"properties":{}},{"type":"Feature","geometry":{"type":"LineString","coordinates":[[-94.528,38.835039],[-94.499503,38.807328]]},"properties":{}},{"type":"Feature","geometry":{"type":"LineString","coordinates":[[-94.499503,38.807328],[-94.491608,38.769167]]},"properties":{}},{"type":"Feature","geometry":{"type":"LineString","coordinates":[[-94.491608,38.769167],[-94.413672,38.673756]]},"properties":{}},{"type":"Feature","geometry":{"type":"LineString","coordinates":[[-94.413672,38.673756],[-94.367667,38.660728]]},"properties":{}},{"type":"Feature","geometry":{"type":"LineString","coordinates":[[-94.367667,38.660728],[-94.349814,38.629461]]},"properties":{}},{"type":"Feature","geometry":{"type":"LineString","coordinates":[[-94.349814,38.629461],[-94.352561,38.523658]]},"properties":{}},{"type":"Feature","geometry":{"type":"LineString","coordinates":[[-96.443611,39.064444],[-96.192222,39.066111]]},"properties":{}},{"type":"Feature","geometry":{"type":"LineString","coordinates":[[-95.738211,39.063947],[-95.731172,39.067067]]},"properties":{}},{"type":"Feature","geometry":{"type":"LineString","coordinates":[[-95.731172,39.067067],[-95.715122,39.068253]]},"properties":{}},{"type":"Feature","geometry":{"type":"LineString","coordinates":[[-95.715122,39.068253],[-95.706539,39.070706]]},"properties":{}},{"type":"Feature","geometry":{"type":"LineString","coordinates":[[-95.706539,39.070706],[-95.681819,39.064094]]},"properties":{}},{"type":"Feature","geometry":{"type":"LineString","coordinates":[[-95.681819,39.064094],[-95.674781,39.058417]]},"properties":{}},{"type":"Feature","geometry":{"type":"LineString","coordinates":[[-95.674781,39.058417],[-95.667917,39.055669]]},"properties":{}},{"type":"Feature","geometry":{"type":"LineString","coordinates":[[-95.667917,39.055669],[-95.672208,39.044125]]},"properties":{}},{"type":"Feature","geometry":{"type":"LineString","coordinates":[[-95.672208,39.044125],[-95.666886,39.039244]]},"properties":{}},{"type":"Feature","geometry":{"type":"LineString","coordinates":[[-95.666886,39.039244],[-95.648517,39.034497]]},"properties":{}},{"type":"Feature","geometry":{"type":"LineString","coordinates":[[-95.648517,39.034497],[-95.607319,39.034953]]},"properties":{}},{"type":"Feature","geometry":{"type":"LineString","coordinates":[[-96.192222,39.066111],[-96.167794,39.058356]]},"properties":{}},{"type":"Feature","geometry":{"type":"LineString","coordinates":[[-95.607319,39.034953],[-95.576339,39.030472]]},"properties":{}},{"type":"Feature","geometry":{"type":"LineString","coordinates":[[-95.576339,39.030472],[-95.568008,39.029858]]},"properties":{}},{"type":"Feature","geometry":{"type":"LineString","coordinates":[[-95.568008,39.029858],[-95.525953,39.018575]]},"properties":{}},{"type":"Feature","geometry":{"type":"LineString","coordinates":[[-95.525953,39.018575],[-95.491961,39.017961]]},"properties":{}},{"type":"Feature","geometry":{"type":"LineString","coordinates":[[-95.491961,39.017961],[-95.430508,39.001608]]},"properties":{}},{"type":"Feature","geometry":{"type":"LineString","coordinates":[[-95.430508,39.001608],[-95.368511,38.999711]]},"properties":{}},{"type":"Feature","geometry":{"type":"LineString","coordinates":[[-95.368511,38.999711],[-95.342933,38.996589]]},"properties":{}},{"type":"Feature","geometry":{"type":"LineString","coordinates":[[-95.342933,38.996589],[-95.321819,38.997978]]},"properties":{}},{"type":"Feature","geometry":{"type":"LineString","coordinates":[[-95.321819,38.997978],[-95.2868,38.997444]]},"properties":{}},{"type":"Feature","geometry":{"type":"LineString","coordinates":[[-95.2868,38.997444],[-95.258475,38.989758]]},"properties":{}},{"type":"Feature","geometry":{"type":"LineString","coordinates":[[-96.167794,39.058356],[-96.020681,39.058903]]},"properties":{}},{"type":"Feature","geometry":{"type":"LineString","coordinates":[[-95.258475,38.989758],[-95.224831,38.994081]]},"properties":{}},{"type":"Feature","geometry":{"type":"LineString","coordinates":[[-95.224831,38.994081],[-95.201656,38.993733]]},"properties":{}},{"type":"Feature","geometry":{"type":"LineString","coordinates":[[-95.201656,38.993733],[-95.182772,38.997658]]},"properties":{}},{"type":"Feature","geometry":{"type":"LineString","coordinates":[[-95.182772,38.997658],[-95.152389,39.010703]]},"properties":{}},{"type":"Feature","geometry":{"type":"LineString","coordinates":[[-95.152389,39.010703],[-95.092478,39.044494]]},"properties":{}},{"type":"Feature","geometry":{"type":"LineString","coordinates":[[-95.092478,39.044494],[-95.034286,39.066811]]},"properties":{}},{"type":"Feature","geometry":{"type":"LineString","coordinates":[[-95.034286,39.066811],[-95.008364,39.06945]]},"properties":{}},{"type":"Feature","geometry":{"type":"LineString","coordinates":[[-95.008364,39.06945],[-94.930258,39.084294]]},"properties":{}},{"type":"Feature","geometry":{"type":"LineString","coordinates":[[-94.930258,39.084294],[-94.915839,39.089411]]},"properties":{}},{"type":"Feature","geometry":{"type":"LineString","coordinates":[[-94.915839,39.089411],[-94.847519,39.105317]]},"properties":{}},{"type":"Feature","geometry":{"type":"LineString","coordinates":[[-96.020681,39.058903],[-95.946608,39.058469]]},"properties":{}},{"type":"Feature","geometry":{"type":"LineString","coordinates":[[-94.847519,39.105317],[-94.814217,39.106836]]},"properties":{}},{"type":"Feature","geometry":{"type":"LineString","coordinates":[[-94.814217,39.106836],[-94.783831,39.104758]]},"properties":{}},{"type":"Feature","geometry":{"type":"LineString","coordinates":[[-94.783831,39.104758],[-94.747956,39.106144]]},"properties":{}},{"type":"Feature","geometry":{"type":"LineString","coordinates":[[-94.747956,39.106144],[-94.710361,39.105264]]},"properties":{}},{"type":"Feature","geometry":{"type":"LineString","coordinates":[[-94.710361,39.105264],[-94.678775,39.103719]]},"properties":{}},{"type":"Feature","geometry":{"type":"LineString","coordinates":[[-94.678775,39.103719],[-94.642725,39.093114]]},"properties":{}},{"type":"Feature","geometry":{"type":"LineString","coordinates":[[-94.642725,39.093114],[-94.627792,39.091703]]},"properties":{}},{"type":"Feature","geometry":{"type":"LineString","coordinates":[[-94.627792,39.091703],[-94.621611,39.105211]]},"properties":{}},{"type":"Feature","geometry":{"type":"LineString","coordinates":[[-94.621611,39.105211],[-94.617319,39.113656]]},"properties":{}},{"type":"Feature","geometry":{"type":"LineString","coordinates":[[-94.617319,39.113656],[-94.614231,39.113231]]},"properties":{}},{"type":"Feature","geometry":{"type":"LineString","coordinates":[[-95.946608,39.058469],[-95.850992,39.058028]]},"properties":{}},{"type":"Feature","geometry":{"type":"LineString","coordinates":[[-94.614231,39.113231],[-94.600842,39.107022]]},"properties":{}},{"type":"Feature","geometry":{"type":"LineString","coordinates":[[-94.600842,39.107022],[-94.572517,39.106517]]},"properties":{}},{"type":"Feature","geometry":{"type":"LineString","coordinates":[[-94.572517,39.106517],[-94.571831,39.104225]]},"properties":{}},{"type":"Feature","geometry":{"type":"LineString","coordinates":[[-94.571831,39.104225],[-94.572344,39.097725]]},"properties":{}},{"type":"Feature","geometry":{"type":"LineString","coordinates":[[-94.572344,39.097725],[-94.566681,39.096178]]},"properties":{}},{"type":"Feature","geometry":{"type":"LineString","coordinates":[[-94.566681,39.096178],[-94.545736,39.0961]]},"properties":{}},{"type":"Feature","geometry":{"type":"LineString","coordinates":[[-94.545736,39.0961],[-94.53355,39.0731]]},"properties":{}},{"type":"Feature","geometry":{"type":"LineString","coordinates":[[-94.53355,39.0731],[-94.515181,39.070356]]},"properties":{}},{"type":"Feature","geometry":{"type":"LineString","coordinates":[[-94.515181,39.070356],[-94.465744,39.048147]]},"properties":{}},{"type":"Feature","geometry":{"type":"LineString","coordinates":[[-94.465744,39.048147],[-94.384058,39.044706]]},"properties":{}},{"type":"Feature","geometry":{"type":"LineString","coordinates":[[-95.850992,39.058028],[-95.826958,39.051283]]},"properties":{}},{"type":"Feature","geometry":{"type":"LineString","coordinates":[[-94.384058,39.044706],[-94.271794,39.030147]]},"properties":{}},{"type":"Feature","geometry":{"type":"LineString","coordinates":[[-94.271794,39.030147],[-94.191283,39.020517]]},"properties":{}},{"type":"Feature","geometry":{"type":"LineString","coordinates":[[-94.191283,39.020517],[-94.174461,39.020092]]},"properties":{}},{"type":"Feature","geometry":{"type":"LineString","coordinates":[[-94.174461,39.020092],[-94.092408,39.011928]]},"properties":{}},{"type":"Feature","geometry":{"type":"LineString","coordinates":[[-94.092408,39.011928],[-93.734664,39.001364]]},"properties":{}},{"type":"Feature","geometry":{"type":"LineString","coordinates":[[-93.734664,39.001364],[-93.709258,38.993572]]},"properties":{}},{"type":"Feature","geometry":{"type":"LineString","coordinates":[[-93.709258,38.993572],[-93.632356,38.99005]]},"properties":{}},{"type":"Feature","geometry":{"type":"LineString","coordinates":[[-93.632356,38.99005],[-93.593903,38.994158]]},"properties":{}},{"type":"Feature","geometry":{"type":"LineString","coordinates":[[-93.593903,38.994158],[-93.548242,38.988661]]},"properties":{}},{"type":"Feature","geometry":{"type":"LineString","coordinates":[[-93.548242,38.988661],[-93.502236,38.986633]]},"properties":{}},{"type":"Feature","geometry":{"type":"LineString","coordinates":[[-95.826958,39.051283],[-95.810653,39.050269]]},"properties":{}},{"type":"Feature","geometry":{"type":"LineString","coordinates":[[-93.502236,38.986633],[-93.464128,38.979]]},"properties":{}},{"type":"Feature","geometry":{"type":"LineString","coordinates":[[-93.464128,38.979],[-93.232728,38.969339]]},"properties":{}},{"type":"Feature","geometry":{"type":"LineString","coordinates":[[-93.232728,38.969339],[-93.198394,38.960636]]},"properties":{}},{"type":"Feature","geometry":{"type":"LineString","coordinates":[[-93.198394,38.960636],[-92.993089,38.946167]]},"properties":{}},{"type":"Feature","geometry":{"type":"LineString","coordinates":[[-92.993089,38.946167],[-92.973519,38.933456]]},"properties":{}},{"type":"Feature","geometry":{"type":"LineString","coordinates":[[-92.973519,38.933456],[-92.743836,38.936981]]},"properties":{}},{"type":"Feature","geometry":{"type":"LineString","coordinates":[[-92.743836,38.936981],[-92.578011,38.940025]]},"properties":{}},{"type":"Feature","geometry":{"type":"LineString","coordinates":[[-92.578011,38.940025],[-92.520333,38.973503]]},"properties":{}},{"type":"Feature","geometry":{"type":"LineString","coordinates":[[-95.810653,39.050269],[-95.754175,39.054297]]},"properties":{}},{"type":"Feature","geometry":{"type":"LineString","coordinates":[[-95.754175,39.054297],[-95.738211,39.063947]]},"properties":{}},{"type":"Feature","geometry":{"type":"LineString","coordinates":[[-94.028283,40.254675],[-94.0273,40.224464]]},"properties":{}},{"type":"Feature","geometry":{"type":"LineString","coordinates":[[-93.998572,39.761269],[-93.999947,39.711003]]},"properties":{}},{"type":"Feature","geometry":{"type":"LineString","coordinates":[[-93.999947,39.711003],[-94.038397,39.653294]]},"properties":{}},{"type":"Feature","geometry":{"type":"LineString","coordinates":[[-94.038397,39.653294],[-94.038397,39.512953]]},"properties":{}},{"type":"Feature","geometry":{"type":"LineString","coordinates":[[-94.038397,39.512953],[-93.951881,39.252047]]},"properties":{}},{"type":"Feature","geometry":{"type":"LineString","coordinates":[[-93.951881,39.252047],[-93.872231,39.220564]]},"properties":{}},{"type":"Feature","geometry":{"type":"LineString","coordinates":[[-93.872231,39.220564],[-93.831031,39.154994]]},"properties":{}},{"type":"Feature","geometry":{"type":"LineString","coordinates":[[-93.831031,39.154994],[-93.762367,39.127728]]},"properties":{}},{"type":"Feature","geometry":{"type":"LineString","coordinates":[[-93.762367,39.127728],[-93.732156,39.056742]]},"properties":{}},{"type":"Feature","geometry":{"type":"LineString","coordinates":[[-93.732156,39.056742],[-93.740394,38.824314]]},"properties":{}},{"type":"Feature","geometry":{"type":"LineString","coordinates":[[-93.740394,38.824314],[-93.685461,38.786217]]},"properties":{}},{"type":"Feature","geometry":{"type":"LineString","coordinates":[[-94.0273,40.224464],[-94.008244,40.206478]]},"properties":{}},{"type":"Feature","geometry":{"type":"LineString","coordinates":[[-93.685461,38.786217],[-93.688208,38.713817]]},"properties":{}},{"type":"Feature","geometry":{"type":"LineString","coordinates":[[-93.688208,38.713817],[-93.7349,38.7121]]},"properties":{}},{"type":"Feature","geometry":{"type":"LineString","coordinates":[[-93.7349,38.7121],[-93.744514,38.566003]]},"properties":{}},{"type":"Feature","geometry":{"type":"LineString","coordinates":[[-93.744514,38.566003],[-93.758247,38.558272]]},"properties":{}},{"type":"Feature","geometry":{"type":"LineString","coordinates":[[-93.758247,38.558272],[-93.752753,38.410356]]},"properties":{}},{"type":"Feature","geometry":{"type":"LineString","coordinates":[[-93.752753,38.410356],[-93.773353,38.388183]]},"properties":{}},{"type":"Feature","geometry":{"type":"LineString","coordinates":[[-94.008244,40.206478],[-94.008758,40.180619]]},"properties":{}},{"type":"Feature","geometry":{"type":"LineString","coordinates":[[-94.008758,40.180619],[-94.014478,40.174039]]},"properties":{}},{"type":"Feature","geometry":{"type":"LineString","coordinates":[[-94.014478,40.174039],[-93.981517,40.004836]]},"properties":{}},{"type":"Feature","geometry":{"type":"LineString","coordinates":[[-93.981517,40.004836],[-93.930706,39.932161]]},"properties":{}},{"type":"Feature","geometry":{"type":"LineString","coordinates":[[-93.930706,39.932161],[-93.966411,39.916311]]},"properties":{}},{"type":"Feature","geometry":{"type":"LineString","coordinates":[[-93.966411,39.916311],[-93.938147,39.831542]]},"properties":{}},{"type":"Feature","geometry":{"type":"LineString","coordinates":[[-93.938147,39.831542],[-93.998572,39.761269]]},"properties":{}},{"type":"Feature","geometry":{"type":"LineString","coordinates":[[-93.751372,38.366458],[-93.762367,38.220931]]},"properties":{}},{"type":"Feature","geometry":{"type":"LineString","coordinates":[[-93.762367,38.220931],[-93.721167,38.174956]]},"properties":{}},{"type":"Feature","geometry":{"type":"LineString","coordinates":[[-93.721167,38.174956],[-93.707436,38.087889]]},"properties":{}},{"type":"Feature","geometry":{"type":"LineString","coordinates":[[-93.707436,38.087889],[-93.625039,37.919514]]},"properties":{}},{"type":"Feature","geometry":{"type":"LineString","coordinates":[[-93.625039,37.919514],[-93.616797,37.82455]]},"properties":{}},{"type":"Feature","geometry":{"type":"LineString","coordinates":[[-93.616797,37.82455],[-93.435522,37.594658]]},"properties":{}},{"type":"Feature","geometry":{"type":"LineString","coordinates":[[-94.348067,38.617656],[-94.330214,38.616797]]},"properties":{}},{"type":"Feature","geometry":{"type":"LineString","coordinates":[[-93.820036,38.390331],[-93.759611,38.388422]]},"properties":{}},{"type":"Feature","geometry":{"type":"LineString","coordinates":[[-93.759611,38.388422],[-93.751372,38.381317]]},"properties":{}},{"type":"Feature","geometry":{"type":"LineString","coordinates":[[-93.751372,38.381317],[-93.751372,38.366458]]},"properties":{}},{"type":"Feature","geometry":{"type":"LineString","coordinates":[[-93.751372,38.366458],[-93.613356,38.361292]]},"properties":{}},{"type":"Feature","geometry":{"type":"LineString","coordinates":[[-93.613356,38.361292],[-93.615417,38.318958]]},"properties":{}},{"type":"Feature","geometry":{"type":"LineString","coordinates":[[-93.615417,38.318958],[-93.574217,38.316481]]},"properties":{}},{"type":"Feature","geometry":{"type":"LineString","coordinates":[[-93.574217,38.316481],[-93.526839,38.305922]]},"properties":{}},{"type":"Feature","geometry":{"type":"LineString","coordinates":[[-93.526839,38.305922],[-93.486328,38.292125]]},"properties":{}},{"type":"Feature","geometry":{"type":"LineString","coordinates":[[-93.486328,38.292125],[-93.466414,38.265392]]},"properties":{}},{"type":"Feature","geometry":{"type":"LineString","coordinates":[[-93.466414,38.265392],[-93.469161,38.240803]]},"properties":{}},{"type":"Feature","geometry":{"type":"LineString","coordinates":[[-94.330214,38.616797],[-94.188767,38.568711]]},"properties":{}},{"type":"Feature","geometry":{"type":"LineString","coordinates":[[-93.469161,38.240803],[-93.447189,38.23185]]},"properties":{}},{"type":"Feature","geometry":{"type":"LineString","coordinates":[[-93.447189,38.23185],[-93.365478,38.253636]]},"properties":{}},{"type":"Feature","geometry":{"type":"LineString","coordinates":[[-94.188767,38.568711],[-94.137267,38.517906]]},"properties":{}},{"type":"Feature","geometry":{"type":"LineString","coordinates":[[-94.137267,38.517906],[-94.111175,38.517583]]},"properties":{}},{"type":"Feature","geometry":{"type":"LineString","coordinates":[[-94.111175,38.517583],[-93.995131,38.464053]]},"properties":{}},{"type":"Feature","geometry":{"type":"LineString","coordinates":[[-93.995131,38.464053],[-93.971786,38.464269]]},"properties":{}},{"type":"Feature","geometry":{"type":"LineString","coordinates":[[-93.971786,38.464269],[-93.920975,38.430819]]},"properties":{}},{"type":"Feature","geometry":{"type":"LineString","coordinates":[[-93.920975,38.430819],[-93.881147,38.427269]]},"properties":{}},{"type":"Feature","geometry":{"type":"LineString","coordinates":[[-93.881147,38.427269],[-93.820036,38.390331]]},"properties":{}},{"type":"Feature","geometry":{"type":"LineString","coordinates":[[-93.317411,38.175086],[-93.284453,38.175464]]},"properties":{}},{"type":"Feature","geometry":{"type":"LineString","coordinates":[[-93.075369,38.10115],[-93.043783,38.096125]]},"properties":{}},{"type":"Feature","geometry":{"type":"LineString","coordinates":[[-93.043783,38.096125],[-93.026961,38.103528]]},"properties":{}},{"type":"Feature","geometry":{"type":"LineString","coordinates":[[-93.026961,38.103528],[-93.000183,38.111469]]},"properties":{}},{"type":"Feature","geometry":{"type":"LineString","coordinates":[[-93.000183,38.111469],[-92.9298,38.109961]]},"properties":{}},{"type":"Feature","geometry":{"type":"LineString","coordinates":[[-93.284453,38.175464],[-93.254583,38.165583]]},"properties":{}},{"type":"Feature","geometry":{"type":"LineString","coordinates":[[-93.254583,38.165583],[-93.250808,38.160564]]},"properties":{}},{"type":"Feature","geometry":{"type":"LineString","coordinates":[[-93.250808,38.160564],[-93.229178,38.158783]]},"properties":{}},{"type":"Feature","geometry":{"type":"LineString","coordinates":[[-93.229178,38.158783],[-93.171844,38.137561]]},"properties":{}},{"type":"Feature","geometry":{"type":"LineString","coordinates":[[-93.171844,38.137561],[-93.128242,38.135239]]},"properties":{}},{"type":"Feature","geometry":{"type":"LineString","coordinates":[[-93.128242,38.135239],[-93.101119,38.135347]]},"properties":{}},{"type":"Feature","geometry":{"type":"LineString","coordinates":[[-93.101119,38.135347],[-93.079489,38.112175]]},"properties":{}},{"type":"Feature","geometry":{"type":"LineString","coordinates":[[-93.079489,38.112175],[-93.075369,38.10115]]},"properties":{}},{"type":"Feature","geometry":{"type":"LineString","coordinates":[[-94.851569,40.345272],[-94.675789,40.343389]]},"properties":{}},{"type":"Feature","geometry":{"type":"LineString","coordinates":[[-94.675789,40.343389],[-94.677161,40.271861]]},"properties":{}},{"type":"Feature","geometry":{"type":"LineString","coordinates":[[-94.677161,40.271861],[-94.688147,40.258447]]},"properties":{}},{"type":"Feature","geometry":{"type":"LineString","coordinates":[[-94.688147,40.258447],[-94.680594,40.242936]]},"properties":{}},{"type":"Feature","geometry":{"type":"LineString","coordinates":[[-94.680594,40.242936],[-94.593392,40.243042]]},"properties":{}},{"type":"Feature","geometry":{"type":"LineString","coordinates":[[-94.593392,40.243042],[-94.593392,40.224378]]},"properties":{}},{"type":"Feature","geometry":{"type":"LineString","coordinates":[[-94.593392,40.224378],[-94.538458,40.213578]]},"properties":{}},{"type":"Feature","geometry":{"type":"LineString","coordinates":[[-94.426536,40.241153],[-94.394653,40.240347]]},"properties":{}},{"type":"Feature","geometry":{"type":"LineString","coordinates":[[-94.394653,40.240347],[-94.383153,40.248575]]},"properties":{}},{"type":"Feature","geometry":{"type":"LineString","coordinates":[[-94.383153,40.248575],[-94.352597,40.247778]]},"properties":{}},{"type":"Feature","geometry":{"type":"LineString","coordinates":[[-94.352597,40.247778],[-94.331092,40.256456]]},"properties":{}},{"type":"Feature","geometry":{"type":"LineString","coordinates":[[-94.331092,40.256456],[-94.291953,40.256667]]},"properties":{}},{"type":"Feature","geometry":{"type":"LineString","coordinates":[[-94.291953,40.256667],[-94.251442,40.265258]]},"properties":{}},{"type":"Feature","geometry":{"type":"LineString","coordinates":[[-94.251442,40.265258],[-94.061758,40.248303]]},"properties":{}},{"type":"Feature","geometry":{"type":"LineString","coordinates":[[-94.025536,40.265364],[-93.8834,40.264525]]},"properties":{}},{"type":"Feature","geometry":{"type":"LineString","coordinates":[[-93.492697,40.416931],[-93.460425,40.454244]]},"properties":{}},{"type":"Feature","geometry":{"type":"LineString","coordinates":[[-93.460425,40.454244],[-93.324469,40.468039]]},"properties":{}},{"type":"Feature","geometry":{"type":"LineString","coordinates":[[-93.324469,40.468039],[-93.134269,40.475036]]},"properties":{}},{"type":"Feature","geometry":{"type":"LineString","coordinates":[[-93.134269,40.475036],[-93.095817,40.47065]]},"properties":{}},{"type":"Feature","geometry":{"type":"LineString","coordinates":[[-93.095817,40.47065],[-93.020972,40.472947]]},"properties":{}},{"type":"Feature","geometry":{"type":"LineString","coordinates":[[-93.020972,40.472947],[-92.977714,40.476292]]},"properties":{}},{"type":"Feature","geometry":{"type":"LineString","coordinates":[[-92.977714,40.476292],[-92.922783,40.466053]]},"properties":{}},{"type":"Feature","geometry":{"type":"LineString","coordinates":[[-92.922783,40.466053],[-92.834206,40.465739]]},"properties":{}},{"type":"Feature","geometry":{"type":"LineString","coordinates":[[-92.834206,40.465739],[-92.759361,40.487886]]},"properties":{}},{"type":"Feature","geometry":{"type":"LineString","coordinates":[[-92.759361,40.487886],[-92.554742,40.493317]]},"properties":{}},{"type":"Feature","geometry":{"type":"LineString","coordinates":[[-93.8834,40.264525],[-93.825036,40.282025]]},"properties":{}},{"type":"Feature","geometry":{"type":"LineString","coordinates":[[-93.825036,40.282025],[-93.789053,40.334072]]},"properties":{}},{"type":"Feature","geometry":{"type":"LineString","coordinates":[[-93.789053,40.334072],[-93.745383,40.339514]]},"properties":{}},{"type":"Feature","geometry":{"type":"LineString","coordinates":[[-93.745383,40.339514],[-93.742639,40.358564]]},"properties":{}},{"type":"Feature","geometry":{"type":"LineString","coordinates":[[-93.742639,40.358564],[-93.632089,40.402186]]},"properties":{}},{"type":"Feature","geometry":{"type":"LineString","coordinates":[[-93.632089,40.402186],[-93.566169,40.400828]]},"properties":{}},{"type":"Feature","geometry":{"type":"LineString","coordinates":[[-93.566169,40.400828],[-93.539392,40.410447]]},"properties":{}},{"type":"Feature","geometry":{"type":"LineString","coordinates":[[-93.539392,40.410447],[-93.492697,40.416931]]},"properties":{}},{"type":"Feature","geometry":{"type":"LineString","coordinates":[[-95.601542,40.059172],[-95.439839,40.057939]]},"properties":{}},{"type":"Feature","geometry":{"type":"LineString","coordinates":[[-95.244831,40.051211],[-95.221483,40.076514]]},"properties":{}},{"type":"Feature","geometry":{"type":"LineString","coordinates":[[-95.221483,40.076514],[-95.196078,40.071339]]},"properties":{}},{"type":"Feature","geometry":{"type":"LineString","coordinates":[[-95.196078,40.071339],[-95.187839,40.080086]]},"properties":{}},{"type":"Feature","geometry":{"type":"LineString","coordinates":[[-95.187839,40.080086],[-95.135311,40.079378]]},"properties":{}},{"type":"Feature","geometry":{"type":"LineString","coordinates":[[-95.439839,40.057939],[-95.426106,40.051183]]},"properties":{}},{"type":"Feature","geometry":{"type":"LineString","coordinates":[[-95.426106,40.051183],[-95.385592,40.06125]]},"properties":{}},{"type":"Feature","geometry":{"type":"LineString","coordinates":[[-95.385592,40.06125],[-95.356753,40.050817]]},"properties":{}},{"type":"Feature","geometry":{"type":"LineString","coordinates":[[-95.356753,40.050817],[-95.335467,40.052997]]},"properties":{}},{"type":"Feature","geometry":{"type":"LineString","coordinates":[[-95.335467,40.052997],[-95.318644,40.042564]]},"properties":{}},{"type":"Feature","geometry":{"type":"LineString","coordinates":[[-95.318644,40.042564],[-95.257533,40.042381]]},"properties":{}},{"type":"Feature","geometry":{"type":"LineString","coordinates":[[-95.257533,40.042381],[-95.246892,40.040356]]},"properties":{}},{"type":"Feature","geometry":{"type":"LineString","coordinates":[[-95.246892,40.040356],[-95.244831,40.051211]]},"properties":{}},{"type":"Feature","geometry":{"type":"LineString","coordinates":[[-95.525408,39.667281],[-95.524722,39.552172]]},"properties":{}},{"type":"Feature","geometry":{"type":"LineString","coordinates":[[-95.524722,39.552172],[-95.4025,39.551008]]},"properties":{}},{"type":"Feature","geometry":{"type":"LineString","coordinates":[[-95.4025,39.551008],[-95.401814,39.521564]]},"properties":{}},{"type":"Feature","geometry":{"type":"LineString","coordinates":[[-95.401814,39.521564],[-95.346881,39.525483]]},"properties":{}},{"type":"Feature","geometry":{"type":"LineString","coordinates":[[-95.346881,39.525483],[-95.346881,39.4637]]},"properties":{}},{"type":"Feature","geometry":{"type":"LineString","coordinates":[[-95.346881,39.4637],[-95.328342,39.463383]]},"properties":{}},{"type":"Feature","geometry":{"type":"LineString","coordinates":[[-95.328342,39.463383],[-95.329028,39.419581]]},"properties":{}},{"type":"Feature","geometry":{"type":"LineString","coordinates":[[-95.329028,39.419581],[-95.322361,39.412339]]},"properties":{}},{"type":"Feature","geometry":{"type":"LineString","coordinates":[[-95.411711,37.770481],[-95.410339,37.854183]]},"properties":{}},{"type":"Feature","geometry":{"type":"LineString","coordinates":[[-95.119889,38.361833],[-95.107528,38.389447]]},"properties":{}},{"type":"Feature","geometry":{"type":"LineString","coordinates":[[-95.107528,38.389447],[-94.947539,38.467606]]},"properties":{}},{"type":"Feature","geometry":{"type":"LineString","coordinates":[[-94.947539,38.467606],[-94.929686,38.509153]]},"properties":{}},{"type":"Feature","geometry":{"type":"LineString","coordinates":[[-94.929686,38.509153],[-94.835617,38.582886]]},"properties":{}},{"type":"Feature","geometry":{"type":"LineString","coordinates":[[-94.835617,38.582886],[-94.833772,38.729056]]},"properties":{}},{"type":"Feature","geometry":{"type":"LineString","coordinates":[[-94.833772,38.729056],[-94.837678,38.754925]]},"properties":{}},{"type":"Feature","geometry":{"type":"LineString","coordinates":[[-94.837678,38.754925],[-94.824631,38.772217]]},"properties":{}},{"type":"Feature","geometry":{"type":"LineString","coordinates":[[-94.824631,38.772217],[-94.816389,38.858064]]},"properties":{}},{"type":"Feature","geometry":{"type":"LineString","coordinates":[[-95.410339,37.854183],[-95.379439,37.921544]]},"properties":{}},{"type":"Feature","geometry":{"type":"LineString","coordinates":[[-95.379439,37.921544],[-95.379439,38.071214]]},"properties":{}},{"type":"Feature","geometry":{"type":"LineString","coordinates":[[-95.379439,38.071214],[-95.267517,38.179569]]},"properties":{}},{"type":"Feature","geometry":{"type":"LineString","coordinates":[[-95.267517,38.179569],[-95.249664,38.198081]]},"properties":{}},{"type":"Feature","geometry":{"type":"LineString","coordinates":[[-95.249664,38.198081],[-95.249664,38.258817]]},"properties":{}},{"type":"Feature","geometry":{"type":"LineString","coordinates":[[-95.249664,38.258817],[-95.208464,38.28825]]},"properties":{}},{"type":"Feature","geometry":{"type":"LineString","coordinates":[[-95.208464,38.28825],[-95.143919,38.360594]]},"properties":{}},{"type":"Feature","geometry":{"type":"LineString","coordinates":[[-95.143919,38.360594],[-95.119889,38.361833]]},"properties":{}},{"type":"Feature","geometry":{"type":"LineString","coordinates":[[-94.583922,39.309722],[-94.583778,39.432411]]},"properties":{}},{"type":"Feature","geometry":{"type":"LineString","coordinates":[[-94.803506,39.782247],[-94.815178,39.803561]]},"properties":{}},{"type":"Feature","geometry":{"type":"LineString","coordinates":[[-94.815178,39.803561],[-94.795953,39.821178]]},"properties":{}},{"type":"Feature","geometry":{"type":"LineString","coordinates":[[-94.795953,39.821178],[-94.781533,39.855133]]},"properties":{}},{"type":"Feature","geometry":{"type":"LineString","coordinates":[[-94.781533,39.855133],[-94.695014,39.905928]]},"properties":{}},{"type":"Feature","geometry":{"type":"LineString","coordinates":[[-94.695014,39.905928],[-94.672356,39.956686]]},"properties":{}},{"type":"Feature","geometry":{"type":"LineString","coordinates":[[-94.672356,39.956686],[-94.638022,39.981103]]},"properties":{}},{"type":"Feature","geometry":{"type":"LineString","coordinates":[[-94.638022,39.981103],[-94.528161,39.981314]]},"properties":{}},{"type":"Feature","geometry":{"type":"LineString","coordinates":[[-94.528161,39.981314],[-94.523353,40.054933]]},"properties":{}},{"type":"Feature","geometry":{"type":"LineString","coordinates":[[-94.523353,40.054933],[-94.519233,40.178017]]},"properties":{}},{"type":"Feature","geometry":{"type":"LineString","coordinates":[[-94.519233,40.178017],[-94.529533,40.192917]]},"properties":{}},{"type":"Feature","geometry":{"type":"LineString","coordinates":[[-94.583778,39.432411],[-94.567642,39.455317]]},"properties":{}},{"type":"Feature","geometry":{"type":"LineString","coordinates":[[-94.529533,40.192917],[-94.529533,40.213053]]},"properties":{}},{"type":"Feature","geometry":{"type":"LineString","coordinates":[[-94.529533,40.213053],[-94.538458,40.213472]]},"properties":{}},{"type":"Feature","geometry":{"type":"LineString","coordinates":[[-94.538458,40.213472],[-94.538458,40.241992]]},"properties":{}},{"type":"Feature","geometry":{"type":"LineString","coordinates":[[-94.538458,40.241992],[-94.426536,40.241153]]},"properties":{}},{"type":"Feature","geometry":{"type":"LineString","coordinates":[[-94.426536,40.241153],[-94.419669,40.327792]]},"properties":{}},{"type":"Feature","geometry":{"type":"LineString","coordinates":[[-94.419669,40.327792],[-94.405175,40.337961]]},"properties":{}},{"type":"Feature","geometry":{"type":"LineString","coordinates":[[-94.405175,40.337961],[-94.402772,40.42395]]},"properties":{}},{"type":"Feature","geometry":{"type":"LineString","coordinates":[[-94.567642,39.455317],[-94.564208,39.585567]]},"properties":{}},{"type":"Feature","geometry":{"type":"LineString","coordinates":[[-94.564208,39.585567],[-94.596139,39.610539]]},"properties":{}},{"type":"Feature","geometry":{"type":"LineString","coordinates":[[-94.596139,39.610539],[-94.596139,39.622386]]},"properties":{}},{"type":"Feature","geometry":{"type":"LineString","coordinates":[[-94.596139,39.622386],[-94.62635,39.650097]]},"properties":{}},{"type":"Feature","geometry":{"type":"LineString","coordinates":[[-94.62635,39.650097],[-94.780158,39.723756]]},"properties":{}},{"type":"Feature","geometry":{"type":"LineString","coordinates":[[-94.780158,39.723756],[-94.800072,39.726608]]},"properties":{}},{"type":"Feature","geometry":{"type":"LineString","coordinates":[[-94.800072,39.726608],[-94.803506,39.782247]]},"properties":{}},{"type":"Feature","geometry":{"type":"LineString","coordinates":[[-96.44,39.201389],[-96.411478,39.209239]]},"properties":{}},{"type":"Feature","geometry":{"type":"LineString","coordinates":[[-95.755044,39.090119],[-95.596431,39.091558]]},"properties":{}},{"type":"Feature","geometry":{"type":"LineString","coordinates":[[-95.596431,39.091558],[-95.573083,39.087669]]},"properties":{}},{"type":"Feature","geometry":{"type":"LineString","coordinates":[[-95.573083,39.087669],[-95.416872,39.087242]]},"properties":{}},{"type":"Feature","geometry":{"type":"LineString","coordinates":[[-95.416872,39.087242],[-95.398333,39.080686]]},"properties":{}},{"type":"Feature","geometry":{"type":"LineString","coordinates":[[-95.398333,39.080686],[-95.3846,39.080261]]},"properties":{}},{"type":"Feature","geometry":{"type":"LineString","coordinates":[[-95.3846,39.080261],[-95.333789,39.066508]]},"properties":{}},{"type":"Feature","geometry":{"type":"LineString","coordinates":[[-96.411478,39.209239],[-96.260564,39.209344]]},"properties":{}},{"type":"Feature","geometry":{"type":"LineString","coordinates":[[-96.260564,39.209344],[-96.199306,39.216633]]},"properties":{}},{"type":"Feature","geometry":{"type":"LineString","coordinates":[[-96.199306,39.216633],[-96.124117,39.217006]]},"properties":{}},{"type":"Feature","geometry":{"type":"LineString","coordinates":[[-96.124117,39.217006],[-95.923617,39.121664]]},"properties":{}},{"type":"Feature","geometry":{"type":"LineString","coordinates":[[-95.923617,39.121664],[-95.858042,39.104989]]},"properties":{}},{"type":"Feature","geometry":{"type":"LineString","coordinates":[[-95.858042,39.104989],[-95.858386,39.094436]]},"properties":{}},{"type":"Feature","geometry":{"type":"LineString","coordinates":[[-95.858386,39.094436],[-95.780108,39.094278]]},"properties":{}},{"type":"Feature","geometry":{"type":"LineString","coordinates":[[-95.780108,39.094278],[-95.755044,39.090119]]},"properties":{}},{"type":"Feature","geometry":{"type":"LineString","coordinates":[[-94.396511,39.103289],[-94.384839,39.116981]]},"properties":{}},{"type":"Feature","geometry":{"type":"LineString","coordinates":[[-93.999631,39.122094],[-93.957403,39.126997]]},"properties":{}},{"type":"Feature","geometry":{"type":"LineString","coordinates":[[-93.957403,39.126997],[-93.933369,39.146275]]},"properties":{}},{"type":"Feature","geometry":{"type":"LineString","coordinates":[[-93.933369,39.146275],[-93.839642,39.186044]]},"properties":{}},{"type":"Feature","geometry":{"type":"LineString","coordinates":[[-93.839642,39.186044],[-93.779217,39.1787]]},"properties":{}},{"type":"Feature","geometry":{"type":"LineString","coordinates":[[-93.779217,39.1787],[-93.735272,39.189983]]},"properties":{}},{"type":"Feature","geometry":{"type":"LineString","coordinates":[[-93.735272,39.189983],[-93.711925,39.189556]]},"properties":{}},{"type":"Feature","geometry":{"type":"LineString","coordinates":[[-93.711925,39.189556],[-93.670728,39.19605]]},"properties":{}},{"type":"Feature","geometry":{"type":"LineString","coordinates":[[-93.670728,39.19605],[-93.612019,39.193975]]},"properties":{}},{"type":"Feature","geometry":{"type":"LineString","coordinates":[[-93.612019,39.193975],[-93.599911,39.200653]]},"properties":{}},{"type":"Feature","geometry":{"type":"LineString","coordinates":[[-93.599911,39.200653],[-93.551675,39.202569]]},"properties":{}},{"type":"Feature","geometry":{"type":"LineString","coordinates":[[-94.384839,39.116981],[-94.344669,39.134133]]},"properties":{}},{"type":"Feature","geometry":{"type":"LineString","coordinates":[[-93.551675,39.202569],[-93.542747,39.200547]]},"properties":{}},{"type":"Feature","geometry":{"type":"LineString","coordinates":[[-93.542747,39.200547],[-93.525925,39.206772]]},"properties":{}},{"type":"Feature","geometry":{"type":"LineString","coordinates":[[-93.525925,39.206772],[-93.499722,39.204611]]},"properties":{}},{"type":"Feature","geometry":{"type":"LineString","coordinates":[[-94.344669,39.134133],[-94.269139,39.136369]]},"properties":{}},{"type":"Feature","geometry":{"type":"LineString","coordinates":[[-94.269139,39.136369],[-94.256436,39.139406]]},"properties":{}},{"type":"Feature","geometry":{"type":"LineString","coordinates":[[-94.256436,39.139406],[-94.185025,39.137383]]},"properties":{}},{"type":"Feature","geometry":{"type":"LineString","coordinates":[[-94.185025,39.137383],[-94.175756,39.134294]]},"properties":{}},{"type":"Feature","geometry":{"type":"LineString","coordinates":[[-94.175756,39.134294],[-94.151722,39.136531]]},"properties":{}},{"type":"Feature","geometry":{"type":"LineString","coordinates":[[-94.151722,39.136531],[-94.035336,39.113467]]},"properties":{}},{"type":"Feature","geometry":{"type":"LineString","coordinates":[[-94.035336,39.113467],[-93.999631,39.122094]]},"properties":{}},{"type":"Feature","geometry":{"type":"LineString","coordinates":[[-93.483906,39.358708],[-93.382931,39.369494]]},"properties":{}},{"type":"Feature","geometry":{"type":"LineString","coordinates":[[-92.931117,39.4338],[-92.878933,39.411203]]},"properties":{}},{"type":"Feature","geometry":{"type":"LineString","coordinates":[[-92.878933,39.411203],[-92.835675,39.411417]]},"properties":{}},{"type":"Feature","geometry":{"type":"LineString","coordinates":[[-92.835675,39.411417],[-92.791042,39.431783]]},"properties":{}},{"type":"Feature","geometry":{"type":"LineString","coordinates":[[-92.791042,39.431783],[-92.736797,39.4373]]},"properties":{}},{"type":"Feature","geometry":{"type":"LineString","coordinates":[[-92.736797,39.4373],[-92.621442,39.432739]]},"properties":{}},{"type":"Feature","geometry":{"type":"LineString","coordinates":[[-92.621442,39.432739],[-92.603472,39.424994]]},"properties":{}},{"type":"Feature","geometry":{"type":"LineString","coordinates":[[-92.603472,39.424994],[-92.476558,39.423511]]},"properties":{}},{"type":"Feature","geometry":{"type":"LineString","coordinates":[[-92.476558,39.423511],[-92.324122,39.473564]]},"properties":{}},{"type":"Feature","geometry":{"type":"LineString","coordinates":[[-92.324122,39.473564],[-92.2328,39.470067]]},"properties":{}},{"type":"Feature","geometry":{"type":"LineString","coordinates":[[-92.2328,39.470067],[-92.129803,39.481939]]},"properties":{}},{"type":"Feature","geometry":{"type":"LineString","coordinates":[[-93.382931,39.369494],[-93.329372,39.373422]]},"properties":{}},{"type":"Feature","geometry":{"type":"LineString","coordinates":[[-92.129803,39.481939],[-92.076931,39.472608]]},"properties":{}},{"type":"Feature","geometry":{"type":"LineString","coordinates":[[-92.076931,39.472608],[-92.030239,39.472822]]},"properties":{}},{"type":"Feature","geometry":{"type":"LineString","coordinates":[[-92.030239,39.472822],[-91.991786,39.498472]]},"properties":{}},{"type":"Feature","geometry":{"type":"LineString","coordinates":[[-91.991786,39.498472],[-91.978742,39.513517]]},"properties":{}},{"type":"Feature","geometry":{"type":"LineString","coordinates":[[-91.978742,39.513517],[-91.934108,39.517436]]},"properties":{}},{"type":"Feature","geometry":{"type":"LineString","coordinates":[[-93.329372,39.373422],[-93.257275,39.382656]]},"properties":{}},{"type":"Feature","geometry":{"type":"LineString","coordinates":[[-93.257275,39.382656],[-93.229122,39.382869]]},"properties":{}},{"type":"Feature","geometry":{"type":"LineString","coordinates":[[-93.229122,39.382869],[-93.185864,39.419161]]},"properties":{}},{"type":"Feature","geometry":{"type":"LineString","coordinates":[[-93.185864,39.419161],[-93.147411,39.433164]]},"properties":{}},{"type":"Feature","geometry":{"type":"LineString","coordinates":[[-93.147411,39.433164],[-93.057461,39.412689]]},"properties":{}},{"type":"Feature","geometry":{"type":"LineString","coordinates":[[-93.057461,39.412689],[-93.019694,39.436769]]},"properties":{}},{"type":"Feature","geometry":{"type":"LineString","coordinates":[[-93.019694,39.436769],[-92.931117,39.4338]]},"properties":{}},{"type":"Feature","geometry":{"type":"LineString","coordinates":[[-96.933667,39.813678],[-96.875989,39.841836]]},"properties":{}},{"type":"Feature","geometry":{"type":"LineString","coordinates":[[-94.971233,39.779597],[-94.908061,39.739164]]},"properties":{}},{"type":"Feature","geometry":{"type":"LineString","coordinates":[[-94.908061,39.739164],[-94.862744,39.749406]]},"properties":{}},{"type":"Feature","geometry":{"type":"LineString","coordinates":[[-94.862744,39.749406],[-94.614178,39.748033]]},"properties":{}},{"type":"Feature","geometry":{"type":"LineString","coordinates":[[-94.614178,39.748033],[-94.566114,39.761442]]},"properties":{}},{"type":"Feature","geometry":{"type":"LineString","coordinates":[[-94.566114,39.761442],[-94.354625,39.763236]]},"properties":{}},{"type":"Feature","geometry":{"type":"LineString","coordinates":[[-94.354625,39.763236],[-94.3354,39.754158]]},"properties":{}},{"type":"Feature","geometry":{"type":"LineString","coordinates":[[-94.3354,39.754158],[-94.049756,39.749617]]},"properties":{}},{"type":"Feature","geometry":{"type":"LineString","coordinates":[[-94.049756,39.749617],[-94.018169,39.734517]]},"properties":{}},{"type":"Feature","geometry":{"type":"LineString","coordinates":[[-94.018169,39.734517],[-93.621289,39.740536]]},"properties":{}},{"type":"Feature","geometry":{"type":"LineString","coordinates":[[-93.621289,39.740536],[-93.580089,39.775058]]},"properties":{}},{"type":"Feature","geometry":{"type":"LineString","coordinates":[[-96.875989,39.841836],[-95.696331,39.84015]]},"properties":{}},{"type":"Feature","geometry":{"type":"LineString","coordinates":[[-93.580089,39.775058],[-93.103558,39.781075]]},"properties":{}},{"type":"Feature","geometry":{"type":"LineString","coordinates":[[-93.103558,39.781075],[-93.025281,39.762814]]},"properties":{}},{"type":"Feature","geometry":{"type":"LineString","coordinates":[[-93.025281,39.762814],[-92.559733,39.762497]]},"properties":{}},{"type":"Feature","geometry":{"type":"LineString","coordinates":[[-92.559733,39.762497],[-92.496564,39.746344]]},"properties":{}},{"type":"Feature","geometry":{"type":"LineString","coordinates":[[-92.496564,39.746344],[-92.453992,39.756586]]},"properties":{}},{"type":"Feature","geometry":{"type":"LineString","coordinates":[[-92.453992,39.756586],[-92.257611,39.750989]]},"properties":{}},{"type":"Feature","geometry":{"type":"LineString","coordinates":[[-92.257611,39.750989],[-91.919781,39.667211]]},"properties":{}},{"type":"Feature","geometry":{"type":"LineString","coordinates":[[-95.696331,39.84015],[-95.666119,39.850378]]},"properties":{}},{"type":"Feature","geometry":{"type":"LineString","coordinates":[[-95.666119,39.850378],[-95.563122,39.847953]]},"properties":{}},{"type":"Feature","geometry":{"type":"LineString","coordinates":[[-95.563122,39.847953],[-95.549389,39.842047]]},"properties":{}},{"type":"Feature","geometry":{"type":"LineString","coordinates":[[-95.549389,39.842047],[-95.265117,39.842786]]},"properties":{}},{"type":"Feature","geometry":{"type":"LineString","coordinates":[[-95.265117,39.842786],[-95.162122,39.799225]]},"properties":{}},{"type":"Feature","geometry":{"type":"LineString","coordinates":[[-95.162122,39.799225],[-95.104442,39.797853]]},"properties":{}},{"type":"Feature","geometry":{"type":"LineString","coordinates":[[-95.104442,39.797853],[-94.971233,39.779597]]},"properties":{}},{"type":"Feature","geometry":{"type":"LineString","coordinates":[[-95.607319,39.034953],[-95.601006,39.044069]]},"properties":{}},{"type":"Feature","geometry":{"type":"LineString","coordinates":[[-95.372694,38.971292],[-95.236397,38.972572]]},"properties":{}},{"type":"Feature","geometry":{"type":"LineString","coordinates":[[-95.236397,38.972572],[-95.233306,39.000967]]},"properties":{}},{"type":"Feature","geometry":{"type":"LineString","coordinates":[[-95.233306,39.000967],[-95.193139,39.000539]]},"properties":{}},{"type":"Feature","geometry":{"type":"LineString","coordinates":[[-95.193139,39.000539],[-95.143014,39.043322]]},"properties":{}},{"type":"Feature","geometry":{"type":"LineString","coordinates":[[-95.143014,39.043322],[-95.124817,39.048494]]},"properties":{}},{"type":"Feature","geometry":{"type":"LineString","coordinates":[[-95.124817,39.048494],[-95.093575,39.087786]]},"properties":{}},{"type":"Feature","geometry":{"type":"LineString","coordinates":[[-95.093575,39.087786],[-95.093575,39.1164]]},"properties":{}},{"type":"Feature","geometry":{"type":"LineString","coordinates":[[-95.093575,39.1164],[-94.894792,39.116081]]},"properties":{}},{"type":"Feature","geometry":{"type":"LineString","coordinates":[[-95.601006,39.044069],[-95.539894,39.043908]]},"properties":{}},{"type":"Feature","geometry":{"type":"LineString","coordinates":[[-95.539894,39.043908],[-95.525475,39.02935]]},"properties":{}},{"type":"Feature","geometry":{"type":"LineString","coordinates":[[-95.525475,39.02935],[-95.501097,39.029456]]},"properties":{}},{"type":"Feature","geometry":{"type":"LineString","coordinates":[[-95.501097,39.029456],[-95.500069,39.014092]]},"properties":{}},{"type":"Feature","geometry":{"type":"LineString","coordinates":[[-95.500069,39.014092],[-95.436211,38.999525]]},"properties":{}},{"type":"Feature","geometry":{"type":"LineString","coordinates":[[-95.436211,38.999525],[-95.403253,38.997764]]},"properties":{}},{"type":"Feature","geometry":{"type":"LineString","coordinates":[[-95.403253,38.997764],[-95.372694,38.984528]]},"properties":{}},{"type":"Feature","geometry":{"type":"LineString","coordinates":[[-95.372694,38.984528],[-95.372694,38.971292]]},"properties":{}},{"type":"Feature","geometry":{"type":"LineString","coordinates":[[-94.361392,39.033425],[-94.327658,39.020544]]},"properties":{}},{"type":"Feature","geometry":{"type":"LineString","coordinates":[[-94.327658,39.020544],[-94.315558,39.010594]]},"properties":{}},{"type":"Feature","geometry":{"type":"LineString","coordinates":[[-94.315558,39.010594],[-94.269639,39.009181]]},"properties":{}},{"type":"Feature","geometry":{"type":"LineString","coordinates":[[-94.269639,39.009181],[-94.259767,39.012967]]},"properties":{}},{"type":"Feature","geometry":{"type":"LineString","coordinates":[[-94.259767,39.012967],[-94.223117,39.014622]]},"properties":{}},{"type":"Feature","geometry":{"type":"LineString","coordinates":[[-94.223117,39.014622],[-94.20415,39.019744]]},"properties":{}},{"type":"Feature","geometry":{"type":"LineString","coordinates":[[-94.20415,39.019744],[-94.197883,39.019664]]},"properties":{}},{"type":"Feature","geometry":{"type":"LineString","coordinates":[[-94.197883,39.019664],[-94.197883,39.021492]]},"properties":{}},{"type":"Feature","geometry":{"type":"LineString","coordinates":[[-96.483333,38.406667],[-96.277222,38.411944]]},"properties":{}},{"type":"Feature","geometry":{"type":"LineString","coordinates":[[-96.277222,38.411944],[-96.239806,38.41205]]},"properties":{}},{"type":"Feature","geometry":{"type":"LineString","coordinates":[[-94.4072,38.934497],[-94.381794,38.903136]]},"properties":{}},{"type":"Feature","geometry":{"type":"LineString","coordinates":[[-93.868869,38.799611],[-93.859256,38.778897]]},"properties":{}},{"type":"Feature","geometry":{"type":"LineString","coordinates":[[-93.859256,38.778897],[-93.642964,38.772636]]},"properties":{}},{"type":"Feature","geometry":{"type":"LineString","coordinates":[[-93.642964,38.772636],[-93.624422,38.77815]]},"properties":{}},{"type":"Feature","geometry":{"type":"LineString","coordinates":[[-93.624422,38.77815],[-93.566058,38.768139]]},"properties":{}},{"type":"Feature","geometry":{"type":"LineString","coordinates":[[-93.566058,38.768139],[-93.374483,38.761339]]},"properties":{}},{"type":"Feature","geometry":{"type":"LineString","coordinates":[[-93.374483,38.761339],[-93.251575,38.705419]]},"properties":{}},{"type":"Feature","geometry":{"type":"LineString","coordinates":[[-93.251575,38.705419],[-93.062061,38.694325]]},"properties":{}},{"type":"Feature","geometry":{"type":"LineString","coordinates":[[-93.062061,38.694325],[-93.033222,38.683231]]},"properties":{}},{"type":"Feature","geometry":{"type":"LineString","coordinates":[[-93.033222,38.683231],[-92.918553,38.684464]]},"properties":{}},{"type":"Feature","geometry":{"type":"LineString","coordinates":[[-92.918553,38.684464],[-92.884906,38.668544]]},"properties":{}},{"type":"Feature","geometry":{"type":"LineString","coordinates":[[-94.381794,38.903136],[-94.298022,38.900625]]},"properties":{}},{"type":"Feature","geometry":{"type":"LineString","coordinates":[[-92.884906,38.668544],[-92.851947,38.671386]]},"properties":{}},{"type":"Feature","geometry":{"type":"LineString","coordinates":[[-92.851947,38.671386],[-92.766117,38.646881]]},"properties":{}},{"type":"Feature","geometry":{"type":"LineString","coordinates":[[-92.766117,38.646881],[-92.667925,38.645969]]},"properties":{}},{"type":"Feature","geometry":{"type":"LineString","coordinates":[[-94.298022,38.900625],[-94.283603,38.893839]]},"properties":{}},{"type":"Feature","geometry":{"type":"LineString","coordinates":[[-94.283603,38.893839],[-94.249272,38.892931]]},"properties":{}},{"type":"Feature","geometry":{"type":"LineString","coordinates":[[-94.249272,38.892931],[-94.180606,38.869572]]},"properties":{}},{"type":"Feature","geometry":{"type":"LineString","coordinates":[[-94.180606,38.869572],[-94.059069,38.869197]]},"properties":{}},{"type":"Feature","geometry":{"type":"LineString","coordinates":[[-94.059069,38.869197],[-94.033664,38.852783]]},"properties":{}},{"type":"Feature","geometry":{"type":"LineString","coordinates":[[-94.033664,38.852783],[-93.968433,38.850269]]},"properties":{}},{"type":"Feature","geometry":{"type":"LineString","coordinates":[[-93.968433,38.850269],[-93.868869,38.799611]]},"properties":{}},{"type":"Feature","geometry":{"type":"LineString","coordinates":[[-96.850625,37.818739],[-96.805994,37.809736]]},"properties":{}},{"type":"Feature","geometry":{"type":"LineString","coordinates":[[-95.665475,37.878925],[-95.640756,37.901358]]},"properties":{}},{"type":"Feature","geometry":{"type":"LineString","coordinates":[[-95.640756,37.901358],[-95.524025,37.922158]]},"properties":{}},{"type":"Feature","geometry":{"type":"LineString","coordinates":[[-95.524025,37.922158],[-95.164225,37.922594]]},"properties":{}},{"type":"Feature","geometry":{"type":"LineString","coordinates":[[-95.164225,37.922594],[-95.061914,37.893556]]},"properties":{}},{"type":"Feature","geometry":{"type":"LineString","coordinates":[[-95.061914,37.893556],[-95.019342,37.888894]]},"properties":{}},{"type":"Feature","geometry":{"type":"LineString","coordinates":[[-95.019342,37.888894],[-94.990503,37.863639]]},"properties":{}},{"type":"Feature","geometry":{"type":"LineString","coordinates":[[-94.990503,37.863639],[-94.740564,37.862769]]},"properties":{}},{"type":"Feature","geometry":{"type":"LineString","coordinates":[[-94.740564,37.862769],[-94.702797,37.855397]]},"properties":{}},{"type":"Feature","geometry":{"type":"LineString","coordinates":[[-96.805994,37.809736],[-96.330147,37.810711]]},"properties":{}},{"type":"Feature","geometry":{"type":"LineString","coordinates":[[-96.330147,37.810711],[-96.297875,37.819064]]},"properties":{}},{"type":"Feature","geometry":{"type":"LineString","coordinates":[[-96.297875,37.819064],[-96.228525,37.817656]]},"properties":{}},{"type":"Feature","geometry":{"type":"LineString","coordinates":[[-96.228525,37.817656],[-96.1784,37.839022]]},"properties":{}},{"type":"Feature","geometry":{"type":"LineString","coordinates":[[-96.1784,37.839022],[-95.852931,37.836528]]},"properties":{}},{"type":"Feature","geometry":{"type":"LineString","coordinates":[[-95.852931,37.836528],[-95.802117,37.868733]]},"properties":{}},{"type":"Feature","geometry":{"type":"LineString","coordinates":[[-95.802117,37.868733],[-95.763667,37.880333]]},"properties":{}},{"type":"Feature","geometry":{"type":"LineString","coordinates":[[-95.763667,37.880333],[-95.665475,37.878925]]},"properties":{}},{"type":"Feature","geometry":{"type":"LineString","coordinates":[[-94.702014,37.840956],[-94.351139,37.837106]]},"properties":{}},{"type":"Feature","geometry":{"type":"LineString","coordinates":[[-93.714617,37.905078],[-93.680286,37.902531]]},"properties":{}},{"type":"Feature","geometry":{"type":"LineString","coordinates":[[-93.680286,37.902531],[-93.674106,37.892397]]},"properties":{}},{"type":"Feature","geometry":{"type":"LineString","coordinates":[[-93.674106,37.892397],[-93.541583,37.890392]]},"properties":{}},{"type":"Feature","geometry":{"type":"LineString","coordinates":[[-93.541583,37.890392],[-93.476353,37.925228]]},"properties":{}},{"type":"Feature","geometry":{"type":"LineString","coordinates":[[-93.476353,37.925228],[-93.473606,37.948136]]},"properties":{}},{"type":"Feature","geometry":{"type":"LineString","coordinates":[[-93.473606,37.948136],[-93.385714,37.945592]]},"properties":{}},{"type":"Feature","geometry":{"type":"LineString","coordinates":[[-93.385714,37.945592],[-93.330783,37.948461]]},"properties":{}},{"type":"Feature","geometry":{"type":"LineString","coordinates":[[-93.330783,37.948461],[-93.314992,37.936903]]},"properties":{}},{"type":"Feature","geometry":{"type":"LineString","coordinates":[[-93.314992,37.936903],[-93.303317,37.948786]]},"properties":{}},{"type":"Feature","geometry":{"type":"LineString","coordinates":[[-93.303317,37.948786],[-93.279283,37.935953]]},"properties":{}},{"type":"Feature","geometry":{"type":"LineString","coordinates":[[-94.351139,37.837106],[-94.295519,37.864378]]},"properties":{}},{"type":"Feature","geometry":{"type":"LineString","coordinates":[[-93.279283,37.935953],[-93.240833,37.942072]]},"properties":{}},{"type":"Feature","geometry":{"type":"LineString","coordinates":[[-93.240833,37.942072],[-93.128908,37.940608]]},"properties":{}},{"type":"Feature","geometry":{"type":"LineString","coordinates":[[-93.128908,37.940608],[-93.105375,37.936847]]},"properties":{}},{"type":"Feature","geometry":{"type":"LineString","coordinates":[[-93.105375,37.936847],[-93.079969,37.938731]]},"properties":{}},{"type":"Feature","geometry":{"type":"LineString","coordinates":[[-93.079969,37.938731],[-93.047356,37.930322]]},"properties":{}},{"type":"Feature","geometry":{"type":"LineString","coordinates":[[-94.295519,37.864378],[-94.154072,37.861286]]},"properties":{}},{"type":"Feature","geometry":{"type":"LineString","coordinates":[[-94.154072,37.861286],[-94.112186,37.853319]]},"properties":{}},{"type":"Feature","geometry":{"type":"LineString","coordinates":[[-94.112186,37.853319],[-94.086094,37.864867]]},"properties":{}},{"type":"Feature","geometry":{"type":"LineString","coordinates":[[-94.086094,37.864867],[-93.942583,37.860692]]},"properties":{}},{"type":"Feature","geometry":{"type":"LineString","coordinates":[[-93.942583,37.860692],[-93.831347,37.889581]]},"properties":{}},{"type":"Feature","geometry":{"type":"LineString","coordinates":[[-93.831347,37.889581],[-93.772983,37.896786]]},"properties":{}},{"type":"Feature","geometry":{"type":"LineString","coordinates":[[-93.772983,37.896786],[-93.714617,37.905078]]},"properties":{}},{"type":"Feature","geometry":{"type":"LineString","coordinates":[[-96.293056,38.667222],[-96.261447,38.659531]]},"properties":{}},{"type":"Feature","geometry":{"type":"LineString","coordinates":[[-95.147708,38.767542],[-95.003511,38.768292]]},"properties":{}},{"type":"Feature","geometry":{"type":"LineString","coordinates":[[-95.003511,38.768292],[-94.936908,38.811856]]},"properties":{}},{"type":"Feature","geometry":{"type":"LineString","coordinates":[[-94.936908,38.811856],[-94.887469,38.811]]},"properties":{}},{"type":"Feature","geometry":{"type":"LineString","coordinates":[[-96.261447,38.659531],[-96.135103,38.658672]]},"properties":{}},{"type":"Feature","geometry":{"type":"LineString","coordinates":[[-96.135103,38.658672],[-96.11725,38.651914]]},"properties":{}},{"type":"Feature","geometry":{"type":"LineString","coordinates":[[-96.11725,38.651914],[-95.837786,38.652131]]},"properties":{}},{"type":"Feature","geometry":{"type":"LineString","coordinates":[[-95.837786,38.652131],[-95.835039,38.754692]]},"properties":{}},{"type":"Feature","geometry":{"type":"LineString","coordinates":[[-95.835039,38.754692],[-95.741656,38.754369]]},"properties":{}},{"type":"Feature","geometry":{"type":"LineString","coordinates":[[-95.741656,38.754369],[-95.740969,38.781353]]},"properties":{}},{"type":"Feature","geometry":{"type":"LineString","coordinates":[[-95.740969,38.781353],[-95.186158,38.782317]]},"properties":{}},{"type":"Feature","geometry":{"type":"LineString","coordinates":[[-95.186158,38.782317],[-95.147708,38.767542]]},"properties":{}},{"type":"Feature","geometry":{"type":"LineString","coordinates":[[-95.397422,40.423239],[-95.396736,40.341017]]},"properties":{}},{"type":"Feature","geometry":{"type":"LineString","coordinates":[[-95.135467,40.092014],[-95.135811,40.049267]]},"properties":{}},{"type":"Feature","geometry":{"type":"LineString","coordinates":[[-95.135811,40.049267],[-95.141992,40.038831]]},"properties":{}},{"type":"Feature","geometry":{"type":"LineString","coordinates":[[-95.141992,40.038831],[-95.141992,39.987636]]},"properties":{}},{"type":"Feature","geometry":{"type":"LineString","coordinates":[[-95.141992,39.987636],[-95.106628,39.968772]]},"properties":{}},{"type":"Feature","geometry":{"type":"LineString","coordinates":[[-95.106628,39.968772],[-95.037964,39.969378]]},"properties":{}},{"type":"Feature","geometry":{"type":"LineString","coordinates":[[-95.037964,39.969378],[-95.017661,39.974806]]},"properties":{}},{"type":"Feature","geometry":{"type":"LineString","coordinates":[[-95.396736,40.341017],[-95.369272,40.336461]]},"properties":{}},{"type":"Feature","geometry":{"type":"LineString","coordinates":[[-95.369272,40.336461],[-95.376136,40.189908]]},"properties":{}},{"type":"Feature","geometry":{"type":"LineString","coordinates":[[-95.376136,40.189908],[-95.332878,40.195836]]},"properties":{}},{"type":"Feature","geometry":{"type":"LineString","coordinates":[[-95.332878,40.195836],[-95.243269,40.148931]]},"properties":{}},{"type":"Feature","geometry":{"type":"LineString","coordinates":[[-95.243269,40.148931],[-95.231256,40.131425]]},"properties":{}},{"type":"Feature","geometry":{"type":"LineString","coordinates":[[-95.231256,40.131425],[-95.145081,40.129928]]},"properties":{}},{"type":"Feature","geometry":{"type":"LineString","coordinates":[[-95.145081,40.129928],[-95.145108,40.095086]]},"properties":{}},{"type":"Feature","geometry":{"type":"LineString","coordinates":[[-95.145108,40.095086],[-95.135467,40.092014]]},"properties":{}},{"type":"Feature","geometry":{"type":"LineString","coordinates":[[-94.970672,39.967167],[-94.872483,39.966719]]},"properties":{}},{"type":"Feature","geometry":{"type":"LineString","coordinates":[[-94.814586,39.848836],[-94.817333,39.829486]]},"properties":{}},{"type":"Feature","geometry":{"type":"LineString","coordinates":[[-94.817333,39.829486],[-94.833125,39.828775]]},"properties":{}},{"type":"Feature","geometry":{"type":"LineString","coordinates":[[-94.833125,39.828775],[-94.860247,39.771881]]},"properties":{}},{"type":"Feature","geometry":{"type":"LineString","coordinates":[[-94.872483,39.966719],[-94.865272,39.961011]]},"properties":{}},{"type":"Feature","geometry":{"type":"LineString","coordinates":[[-94.865272,39.961011],[-94.865272,39.961014]]},"properties":{}},{"type":"Feature","geometry":{"type":"LineString","coordinates":[[-94.865272,39.961014],[-94.855317,39.9603]]},"properties":{}},{"type":"Feature","geometry":{"type":"LineString","coordinates":[[-94.855317,39.9603],[-94.839992,39.946503]]},"properties":{}},{"type":"Feature","geometry":{"type":"LineString","coordinates":[[-94.839992,39.946503],[-94.822139,39.944444]]},"properties":{}},{"type":"Feature","geometry":{"type":"LineString","coordinates":[[-94.822139,39.944444],[-94.809094,39.909275]]},"properties":{}},{"type":"Feature","geometry":{"type":"LineString","coordinates":[[-94.809094,39.909275],[-94.808064,39.864833]]},"properties":{}},{"type":"Feature","geometry":{"type":"LineString","coordinates":[[-94.808064,39.864833],[-94.814586,39.848836]]},"properties":{}},{"type":"Feature","geometry":{"type":"LineString","coordinates":[[-94.852008,39.737647],[-94.923419,39.659431]]},"properties":{}},{"type":"Feature","geometry":{"type":"LineString","coordinates":[[-94.923419,39.659431],[-95.022983,39.602475]]},"properties":{}},{"type":"Feature","geometry":{"type":"LineString","coordinates":[[-95.022983,39.602475],[-95.046331,39.556592]]},"properties":{}},{"type":"Feature","geometry":{"type":"LineString","coordinates":[[-95.046331,39.556592],[-95.128728,39.558336]]},"properties":{}},{"type":"Feature","geometry":{"type":"LineString","coordinates":[[-95.1507,39.556378],[-95.187092,39.537475]]},"properties":{}},{"type":"Feature","geometry":{"type":"LineString","coordinates":[[-95.297844,39.065611],[-95.298017,39.055053]]},"properties":{}},{"type":"Feature","geometry":{"type":"LineString","coordinates":[[-95.298017,39.055053],[-95.233644,39.022361]]},"properties":{}},{"type":"Feature","geometry":{"type":"LineString","coordinates":[[-95.233644,39.022361],[-95.233306,39.000967]]},"properties":{}},{"type":"Feature","geometry":{"type":"LineString","coordinates":[[-95.187092,39.537475],[-95.216453,39.4783]]},"properties":{}},{"type":"Feature","geometry":{"type":"LineString","coordinates":[[-95.216453,39.4783],[-95.315494,39.437056]]},"properties":{}},{"type":"Feature","geometry":{"type":"LineString","coordinates":[[-95.315494,39.437056],[-95.322361,39.412339]]},"properties":{}},{"type":"Feature","geometry":{"type":"LineString","coordinates":[[-95.322361,39.412339],[-95.310689,39.392919]]},"properties":{}},{"type":"Feature","geometry":{"type":"LineString","coordinates":[[-95.310689,39.392919],[-95.307222,39.189278]]},"properties":{}},{"type":"Feature","geometry":{"type":"LineString","coordinates":[[-95.307222,39.189278],[-95.329228,39.185233]]},"properties":{}},{"type":"Feature","geometry":{"type":"LineString","coordinates":[[-95.329228,39.185233],[-95.333347,39.066661]]},"properties":{}},{"type":"Feature","geometry":{"type":"LineString","coordinates":[[-95.333347,39.066661],[-95.297844,39.065611]]},"properties":{}},{"type":"Feature","geometry":{"type":"LineString","coordinates":[[-95.260564,38.971914],[-95.258503,38.862072]]},"properties":{}},{"type":"Feature","geometry":{"type":"LineString","coordinates":[[-95.258503,38.862072],[-95.268803,38.829667]]},"properties":{}},{"type":"Feature","geometry":{"type":"LineString","coordinates":[[-95.268803,38.829667],[-95.265369,38.681236]]},"properties":{}},{"type":"Feature","geometry":{"type":"LineString","coordinates":[[-95.265369,38.681236],[-95.222797,38.638556]]},"properties":{}},{"type":"Feature","geometry":{"type":"LineString","coordinates":[[-95.267772,38.575292],[-95.2664,38.472797]]},"properties":{}},{"type":"Feature","geometry":{"type":"LineString","coordinates":[[-95.2664,38.472797],[-95.248547,38.453656]]},"properties":{}},{"type":"Feature","geometry":{"type":"LineString","coordinates":[[-95.248547,38.453656],[-95.248547,38.258631]]},"properties":{}},{"type":"Feature","geometry":{"type":"LineString","coordinates":[[-95.249233,38.197356],[-95.240994,38.185697]]},"properties":{}},{"type":"Feature","geometry":{"type":"LineString","coordinates":[[-95.240994,38.185697],[-95.242367,38.081136]]},"properties":{}},{"type":"Feature","geometry":{"type":"LineString","coordinates":[[-95.242367,38.081136],[-95.170269,38.082433]]},"properties":{}},{"type":"Feature","geometry":{"type":"LineString","coordinates":[[-95.170269,38.082433],[-95.170956,37.869608]]},"properties":{}},{"type":"Feature","geometry":{"type":"LineString","coordinates":[[-95.170956,37.869608],[-95.161342,37.858983]]},"properties":{}},{"type":"Feature","geometry":{"type":"LineString","coordinates":[[-95.161342,37.858983],[-95.160656,37.690625]]},"properties":{}},{"type":"Feature","geometry":{"type":"LineString","coordinates":[[-92.519817,40.565283],[-92.570628,40.448653]]},"properties":{}},{"type":"Feature","geometry":{"type":"LineString","coordinates":[[-92.475872,40.014081],[-92.470378,39.885803]]},"properties":{}},{"type":"Feature","geometry":{"type":"LineString","coordinates":[[-92.470378,39.885803],[-92.479306,39.849594]]},"properties":{}},{"type":"Feature","geometry":{"type":"LineString","coordinates":[[-92.479306,39.849594],[-92.479306,39.786467]]},"properties":{}},{"type":"Feature","geometry":{"type":"LineString","coordinates":[[-92.479306,39.786467],[-92.466258,39.758653]]},"properties":{}},{"type":"Feature","geometry":{"type":"LineString","coordinates":[[-92.466258,39.758653],[-92.466258,39.635711]]},"properties":{}},{"type":"Feature","geometry":{"type":"LineString","coordinates":[[-92.466258,39.635711],[-92.473125,39.624236]]},"properties":{}},{"type":"Feature","geometry":{"type":"LineString","coordinates":[[-92.473125,39.624236],[-92.4333,39.5143]]},"properties":{}},{"type":"Feature","geometry":{"type":"LineString","coordinates":[[-92.4333,39.5143],[-92.433986,39.458814]]},"properties":{}},{"type":"Feature","geometry":{"type":"LineString","coordinates":[[-92.433986,39.458814],[-92.411328,39.426097]]},"properties":{}},{"type":"Feature","geometry":{"type":"LineString","coordinates":[[-92.411328,39.426097],[-92.4127,39.377975]]},"properties":{}},{"type":"Feature","geometry":{"type":"LineString","coordinates":[[-92.570628,40.448653],[-92.557583,40.392353]]},"properties":{}},{"type":"Feature","geometry":{"type":"LineString","coordinates":[[-92.4127,39.377975],[-92.373561,39.310694]]},"properties":{}},{"type":"Feature","geometry":{"type":"LineString","coordinates":[[-92.373561,39.310694],[-92.372189,39.291725]]},"properties":{}},{"type":"Feature","geometry":{"type":"LineString","coordinates":[[-92.372189,39.291725],[-92.324122,39.2467]]},"properties":{}},{"type":"Feature","geometry":{"type":"LineString","coordinates":[[-92.557583,40.392353],[-92.580242,40.282911]]},"properties":{}},{"type":"Feature","geometry":{"type":"LineString","coordinates":[[-92.580242,40.282911],[-92.581617,40.244294]]},"properties":{}},{"type":"Feature","geometry":{"type":"LineString","coordinates":[[-92.581617,40.244294],[-92.552775,40.210378]]},"properties":{}},{"type":"Feature","geometry":{"type":"LineString","coordinates":[[-92.552775,40.210378],[-92.552089,40.159125]]},"properties":{}},{"type":"Feature","geometry":{"type":"LineString","coordinates":[[-92.552089,40.159125],[-92.572003,40.133039]]},"properties":{}},{"type":"Feature","geometry":{"type":"LineString","coordinates":[[-92.572003,40.133039],[-92.510206,40.079628]]},"properties":{}},{"type":"Feature","geometry":{"type":"LineString","coordinates":[[-92.510206,40.079628],[-92.475872,40.014081]]},"properties":{}},{"type":"Feature","geometry":{"type":"LineString","coordinates":[[-93.522358,40.594806],[-93.536089,40.469189]]},"properties":{}},{"type":"Feature","geometry":{"type":"LineString","coordinates":[[-93.540211,39.993572],[-93.541583,39.834469]]},"properties":{}},{"type":"Feature","geometry":{"type":"LineString","coordinates":[[-93.541583,39.834469],[-93.552569,39.817753]]},"properties":{}},{"type":"Feature","geometry":{"type":"LineString","coordinates":[[-93.552569,39.817753],[-93.554631,39.709708]]},"properties":{}},{"type":"Feature","geometry":{"type":"LineString","coordinates":[[-93.554631,39.709708],[-93.478411,39.660725]]},"properties":{}},{"type":"Feature","geometry":{"type":"LineString","coordinates":[[-93.478411,39.660725],[-93.475667,39.419578]]},"properties":{}},{"type":"Feature","geometry":{"type":"LineString","coordinates":[[-93.475667,39.419578],[-93.483906,39.358708]]},"properties":{}},{"type":"Feature","geometry":{"type":"LineString","coordinates":[[-93.483906,39.358708],[-93.496264,39.33285]]},"properties":{}},{"type":"Feature","geometry":{"type":"LineString","coordinates":[[-93.496264,39.33285],[-93.512058,39.281472]]},"properties":{}},{"type":"Feature","geometry":{"type":"LineString","coordinates":[[-93.512058,39.281472],[-93.512058,39.209844]]},"properties":{}},{"type":"Feature","geometry":{"type":"LineString","coordinates":[[-93.512058,39.209844],[-93.492831,39.201492]]},"properties":{}},{"type":"Feature","geometry":{"type":"LineString","coordinates":[[-93.536089,40.469189],[-93.574542,40.432247]]},"properties":{}},{"type":"Feature","geometry":{"type":"LineString","coordinates":[[-93.492831,39.201492],[-93.400133,39.195797]]},"properties":{}},{"type":"Feature","geometry":{"type":"LineString","coordinates":[[-93.400133,39.195797],[-93.31705,39.1917]]},"properties":{}},{"type":"Feature","geometry":{"type":"LineString","coordinates":[[-93.31705,39.1917],[-93.215428,39.127969]]},"properties":{}},{"type":"Feature","geometry":{"type":"LineString","coordinates":[[-93.215428,39.127969],[-93.212681,39.093497]]},"properties":{}},{"type":"Feature","geometry":{"type":"LineString","coordinates":[[-93.212681,39.093497],[-93.194828,39.077136]]},"properties":{}},{"type":"Feature","geometry":{"type":"LineString","coordinates":[[-93.194828,39.077136],[-93.1962,38.987686]]},"properties":{}},{"type":"Feature","geometry":{"type":"LineString","coordinates":[[-93.1962,38.987686],[-93.208561,38.968908]]},"properties":{}},{"type":"Feature","geometry":{"type":"LineString","coordinates":[[-93.208561,38.968908],[-93.217486,38.835736]]},"properties":{}},{"type":"Feature","geometry":{"type":"LineString","coordinates":[[-93.217486,38.835736],[-93.226414,38.809147]]},"properties":{}},{"type":"Feature","geometry":{"type":"LineString","coordinates":[[-93.226414,38.809147],[-93.226414,38.728469]]},"properties":{}},{"type":"Feature","geometry":{"type":"LineString","coordinates":[[-93.574542,40.432247],[-93.580722,40.401039]]},"properties":{}},{"type":"Feature","geometry":{"type":"LineString","coordinates":[[-93.226414,38.728469],[-93.250444,38.717381]]},"properties":{}},{"type":"Feature","geometry":{"type":"LineString","coordinates":[[-93.250444,38.717381],[-93.251819,38.6618]]},"properties":{}},{"type":"Feature","geometry":{"type":"LineString","coordinates":[[-93.251819,38.6618],[-93.268297,38.634075]]},"properties":{}},{"type":"Feature","geometry":{"type":"LineString","coordinates":[[-93.268297,38.634075],[-93.274478,38.465942]]},"properties":{}},{"type":"Feature","geometry":{"type":"LineString","coordinates":[[-93.274478,38.465942],[-93.328036,38.411244]]},"properties":{}},{"type":"Feature","geometry":{"type":"LineString","coordinates":[[-93.328036,38.411244],[-93.33765,38.375886]]},"properties":{}},{"type":"Feature","geometry":{"type":"LineString","coordinates":[[-93.33765,38.375886],[-93.341083,38.309806]]},"properties":{}},{"type":"Feature","geometry":{"type":"LineString","coordinates":[[-93.341083,38.309806],[-93.36855,38.260383]]},"properties":{}},{"type":"Feature","geometry":{"type":"LineString","coordinates":[[-93.36855,38.260383],[-93.344517,38.212544]]},"properties":{}},{"type":"Feature","geometry":{"type":"LineString","coordinates":[[-93.344517,38.212544],[-93.325289,38.203533]]},"properties":{}},{"type":"Feature","geometry":{"type":"LineString","coordinates":[[-93.580722,40.401039],[-93.556003,40.360397]]},"properties":{}},{"type":"Feature","geometry":{"type":"LineString","coordinates":[[-93.325289,38.203533],[-93.318422,38.174011]]},"properties":{}},{"type":"Feature","geometry":{"type":"LineString","coordinates":[[-93.318422,38.174011],[-93.274478,38.116933]]},"properties":{}},{"type":"Feature","geometry":{"type":"LineString","coordinates":[[-93.274478,38.116933],[-93.283406,38.065217]]},"properties":{}},{"type":"Feature","geometry":{"type":"LineString","coordinates":[[-93.283406,38.065217],[-93.205128,37.988031]]},"properties":{}},{"type":"Feature","geometry":{"type":"LineString","coordinates":[[-93.205128,37.988031],[-93.207872,37.9216]]},"properties":{}},{"type":"Feature","geometry":{"type":"LineString","coordinates":[[-93.207872,37.9216],[-93.179033,37.895217]]},"properties":{}},{"type":"Feature","geometry":{"type":"LineString","coordinates":[[-93.179033,37.895217],[-93.180408,37.867739]]},"properties":{}},{"type":"Feature","geometry":{"type":"LineString","coordinates":[[-93.180408,37.867739],[-93.130969,37.734978]]},"properties":{}},{"type":"Feature","geometry":{"type":"LineString","coordinates":[[-93.130969,37.734978],[-93.102131,37.692228]]},"properties":{}},{"type":"Feature","geometry":{"type":"LineString","coordinates":[[-93.102131,37.692228],[-93.104189,37.623897]]},"properties":{}},{"type":"Feature","geometry":{"type":"LineString","coordinates":[[-93.556003,40.360397],[-93.595828,40.2097]]},"properties":{}},{"type":"Feature","geometry":{"type":"LineString","coordinates":[[-93.595828,40.2097],[-93.602694,40.102431]]},"properties":{}},{"type":"Feature","geometry":{"type":"LineString","coordinates":[[-93.602694,40.102431],[-93.578661,40.061086]]},"properties":{}},{"type":"Feature","geometry":{"type":"LineString","coordinates":[[-93.578661,40.061086],[-93.577975,39.992889]]},"properties":{}},{"type":"Feature","geometry":{"type":"LineString","coordinates":[[-93.577975,39.992889],[-93.540211,39.993572]]},"properties":{}},{"type":"Feature","geometry":{"type":"LineString","coordinates":[[-94.416756,39.281069],[-94.244406,39.342322]]},"properties":{}},{"type":"Feature","geometry":{"type":"LineString","coordinates":[[-94.116692,39.997119],[-94.12905,40.029356]]},"properties":{}},{"type":"Feature","geometry":{"type":"LineString","coordinates":[[-94.12905,40.029356],[-94.127678,40.054747]]},"properties":{}},{"type":"Feature","geometry":{"type":"LineString","coordinates":[[-94.127678,40.054747],[-94.10845,40.0775]]},"properties":{}},{"type":"Feature","geometry":{"type":"LineString","coordinates":[[-94.10845,40.0775],[-94.107764,40.135428]]},"properties":{}},{"type":"Feature","geometry":{"type":"LineString","coordinates":[[-94.107764,40.135428],[-94.084419,40.157106]]},"properties":{}},{"type":"Feature","geometry":{"type":"LineString","coordinates":[[-94.084419,40.157106],[-94.085106,40.197658]]},"properties":{}},{"type":"Feature","geometry":{"type":"LineString","coordinates":[[-94.085106,40.197658],[-94.063133,40.237139]]},"properties":{}},{"type":"Feature","geometry":{"type":"LineString","coordinates":[[-94.063133,40.237139],[-94.061758,40.248303]]},"properties":{}},{"type":"Feature","geometry":{"type":"LineString","coordinates":[[-94.061758,40.248303],[-94.027428,40.254225]]},"properties":{}},{"type":"Feature","geometry":{"type":"LineString","coordinates":[[-94.027428,40.254225],[-94.026739,40.306033]]},"properties":{}},{"type":"Feature","geometry":{"type":"LineString","coordinates":[[-94.244406,39.342322],[-94.229986,39.380706]]},"properties":{}},{"type":"Feature","geometry":{"type":"LineString","coordinates":[[-94.026739,40.306033],[-94.011633,40.372658]]},"properties":{}},{"type":"Feature","geometry":{"type":"LineString","coordinates":[[-94.011633,40.372658],[-93.988975,40.472136]]},"properties":{}},{"type":"Feature","geometry":{"type":"LineString","coordinates":[[-93.988975,40.472136],[-93.993781,40.515633]]},"properties":{}},{"type":"Feature","geometry":{"type":"LineString","coordinates":[[-93.993781,40.515633],[-93.965628,40.531447]]},"properties":{}},{"type":"Feature","geometry":{"type":"LineString","coordinates":[[-93.965628,40.531447],[-93.965628,40.575428]]},"properties":{}},{"type":"Feature","geometry":{"type":"LineString","coordinates":[[-93.965628,40.575428],[-93.93885,40.576106]]},"properties":{}},{"type":"Feature","geometry":{"type":"LineString","coordinates":[[-93.93885,40.576106],[-93.940222,40.624228]]},"properties":{}},{"type":"Feature","geometry":{"type":"LineString","coordinates":[[-94.229986,39.380706],[-94.2293,39.448236]]},"properties":{}},{"type":"Feature","geometry":{"type":"LineString","coordinates":[[-94.2293,39.448236],[-94.237539,39.471722]]},"properties":{}},{"type":"Feature","geometry":{"type":"LineString","coordinates":[[-94.237539,39.471722],[-94.234794,39.771028]]},"properties":{}},{"type":"Feature","geometry":{"type":"LineString","coordinates":[[-94.234794,39.771028],[-94.183981,39.852414]]},"properties":{}},{"type":"Feature","geometry":{"type":"LineString","coordinates":[[-94.183981,39.852414],[-94.10845,39.884667]]},"properties":{}},{"type":"Feature","geometry":{"type":"LineString","coordinates":[[-94.10845,39.884667],[-94.116003,39.90695]]},"properties":{}},{"type":"Feature","geometry":{"type":"LineString","coordinates":[[-94.116003,39.90695],[-94.116692,39.997119]]},"properties":{}},{"type":"Feature","geometry":{"type":"LineString","coordinates":[[-94.713797,38.973572],[-94.70075,38.914989]]},"properties":{}},{"type":"Feature","geometry":{"type":"LineString","coordinates":[[-94.707617,38.206261],[-94.693883,38.163247]]},"properties":{}},{"type":"Feature","geometry":{"type":"LineString","coordinates":[[-94.693883,38.163247],[-94.713797,38.133708]]},"properties":{}},{"type":"Feature","geometry":{"type":"LineString","coordinates":[[-94.713797,38.133708],[-94.703497,37.973611]]},"properties":{}},{"type":"Feature","geometry":{"type":"LineString","coordinates":[[-94.703497,37.973611],[-94.702122,37.8553]]},"properties":{}},{"type":"Feature","geometry":{"type":"LineString","coordinates":[[-94.702122,37.8553],[-94.703497,37.840825]]},"properties":{}},{"type":"Feature","geometry":{"type":"LineString","coordinates":[[-94.703497,37.840825],[-94.705556,37.769375]]},"properties":{}},{"type":"Feature","geometry":{"type":"LineString","coordinates":[[-94.705556,37.769375],[-94.703603,37.652678]]},"properties":{}},{"type":"Feature","geometry":{"type":"LineString","coordinates":[[-94.70075,38.914989],[-94.677403,38.898583]]},"properties":{}},{"type":"Feature","geometry":{"type":"LineString","coordinates":[[-94.677403,38.898583],[-94.675344,38.698228]]},"properties":{}},{"type":"Feature","geometry":{"type":"LineString","coordinates":[[-94.675344,38.698228],[-94.693883,38.637272]]},"properties":{}},{"type":"Feature","geometry":{"type":"LineString","coordinates":[[-94.693883,38.637272],[-94.695256,38.570358]]},"properties":{}},{"type":"Feature","geometry":{"type":"LineString","coordinates":[[-94.695256,38.570358],[-94.684269,38.539911]]},"properties":{}},{"type":"Feature","geometry":{"type":"LineString","coordinates":[[-94.684269,38.539911],[-94.687703,38.361167]]},"properties":{}},{"type":"Feature","geometry":{"type":"LineString","coordinates":[[-94.687703,38.361167],[-94.667792,38.274592]]},"properties":{}},{"type":"Feature","geometry":{"type":"LineString","coordinates":[[-94.667792,38.274592],[-94.707617,38.206261]]},"properties":{}},{"type":"Feature","geometry":{"type":"LineString","coordinates":[[-94.857283,39.886033],[-94.860356,39.957567]]},"properties":{}},{"type":"Feature","geometry":{"type":"LineString","coordinates":[[-94.860356,39.957567],[-94.879925,39.986719]]},"properties":{}},{"type":"Feature","geometry":{"type":"LineString","coordinates":[[-94.879925,39.986719],[-94.877864,40.047089]]},"properties":{}},{"type":"Feature","geometry":{"type":"LineString","coordinates":[[-94.877864,40.047089],[-94.869281,40.060967]]},"properties":{}},{"type":"Feature","geometry":{"type":"LineString","coordinates":[[-94.869281,40.060967],[-94.866192,40.272425]]},"properties":{}},{"type":"Feature","geometry":{"type":"LineString","coordinates":[[-94.866192,40.272425],[-94.875461,40.282064]]},"properties":{}},{"type":"Feature","geometry":{"type":"LineString","coordinates":[[-94.875461,40.282064],[-94.873744,40.312647]]},"properties":{}},{"type":"Feature","geometry":{"type":"LineString","coordinates":[[-94.873744,40.312647],[-94.852803,40.334322]]},"properties":{}},{"type":"Feature","geometry":{"type":"LineString","coordinates":[[-94.852803,40.334322],[-94.849711,40.370636]]},"properties":{}},{"type":"Feature","geometry":{"type":"LineString","coordinates":[[-95.605733,40.145425],[-95.599553,40.046306]]},"properties":{}},{"type":"Feature","geometry":{"type":"LineString","coordinates":[[-95.305669,39.557772],[-95.129203,39.558511]]},"properties":{}},{"type":"Feature","geometry":{"type":"LineString","coordinates":[[-95.129203,39.558511],[-95.130575,39.489339]]},"properties":{}},{"type":"Feature","geometry":{"type":"LineString","coordinates":[[-95.130575,39.489339],[-95.094869,39.468353]]},"properties":{}},{"type":"Feature","geometry":{"type":"LineString","coordinates":[[-95.094869,39.468353],[-95.052297,39.369369]]},"properties":{}},{"type":"Feature","geometry":{"type":"LineString","coordinates":[[-95.052297,39.369369],[-94.967839,39.348347]]},"properties":{}},{"type":"Feature","geometry":{"type":"LineString","coordinates":[[-94.967839,39.348347],[-94.950675,39.328378]]},"properties":{}},{"type":"Feature","geometry":{"type":"LineString","coordinates":[[-94.950675,39.328378],[-94.915656,39.327528]]},"properties":{}},{"type":"Feature","geometry":{"type":"LineString","coordinates":[[-94.915656,39.327528],[-94.899175,39.275669]]},"properties":{}},{"type":"Feature","geometry":{"type":"LineString","coordinates":[[-94.899175,39.275669],[-94.901236,39.122633]]},"properties":{}},{"type":"Feature","geometry":{"type":"LineString","coordinates":[[-94.901236,39.122633],[-94.881322,39.102067]]},"properties":{}},{"type":"Feature","geometry":{"type":"LineString","coordinates":[[-95.599553,40.046306],[-95.595433,39.989672]]},"properties":{}},{"type":"Feature","geometry":{"type":"LineString","coordinates":[[-94.881322,39.102067],[-94.881111,39.0975]]},"properties":{}},{"type":"Feature","geometry":{"type":"LineString","coordinates":[[-95.595433,39.989672],[-95.526769,39.955153]]},"properties":{}},{"type":"Feature","geometry":{"type":"LineString","coordinates":[[-95.526769,39.955153],[-95.526769,39.667797]]},"properties":{}},{"type":"Feature","geometry":{"type":"LineString","coordinates":[[-95.526769,39.667797],[-95.420339,39.667481]]},"properties":{}},{"type":"Feature","geometry":{"type":"LineString","coordinates":[[-95.420339,39.667481],[-95.355794,39.648131]]},"properties":{}},{"type":"Feature","geometry":{"type":"LineString","coordinates":[[-95.355794,39.648131],[-95.339314,39.602331]]},"properties":{}},{"type":"Feature","geometry":{"type":"LineString","coordinates":[[-95.339314,39.602331],[-95.307042,39.574497]]},"properties":{}},{"type":"Feature","geometry":{"type":"LineString","coordinates":[[-95.307042,39.574497],[-95.305669,39.557772]]},"properties":{}},{"type":"Feature","geometry":{"type":"LineString","coordinates":[[-95.830172,40.106878],[-95.821839,40.021903]]},"properties":{}},{"type":"Feature","geometry":{"type":"LineString","coordinates":[[-95.719564,39.097103],[-95.730517,39.087136]]},"properties":{}},{"type":"Feature","geometry":{"type":"LineString","coordinates":[[-95.730517,39.087136],[-95.731203,39.067572]]},"properties":{}},{"type":"Feature","geometry":{"type":"LineString","coordinates":[[-95.821839,40.021903],[-95.788194,39.991028]]},"properties":{}},{"type":"Feature","geometry":{"type":"LineString","coordinates":[[-95.788194,39.991028],[-95.781328,39.8743]]},"properties":{}},{"type":"Feature","geometry":{"type":"LineString","coordinates":[[-95.781328,39.8743],[-95.731203,39.84125]]},"properties":{}},{"type":"Feature","geometry":{"type":"LineString","coordinates":[[-95.731203,39.84125],[-95.732575,39.567394]]},"properties":{}},{"type":"Feature","geometry":{"type":"LineString","coordinates":[[-95.732575,39.567394],[-95.748369,39.549556]]},"properties":{}},{"type":"Feature","geometry":{"type":"LineString","coordinates":[[-95.748369,39.549556],[-95.747681,39.409267]]},"properties":{}},{"type":"Feature","geometry":{"type":"LineString","coordinates":[[-95.747681,39.409267],[-95.719528,39.330864]]},"properties":{}},{"type":"Feature","geometry":{"type":"LineString","coordinates":[[-95.719528,39.330864],[-95.719564,39.097103]]},"properties":{}},{"type":"Feature","geometry":{"type":"LineString","coordinates":[[-95.702364,39.000861],[-95.702364,38.968664]]},"properties":{}},{"type":"Feature","geometry":{"type":"LineString","coordinates":[[-95.725708,38.484789],[-95.728456,38.298364]]},"properties":{}},{"type":"Feature","geometry":{"type":"LineString","coordinates":[[-95.728456,38.298364],[-95.737381,38.284514]]},"properties":{}},{"type":"Feature","geometry":{"type":"LineString","coordinates":[[-95.737381,38.284514],[-95.738756,38.09195]]},"properties":{}},{"type":"Feature","geometry":{"type":"LineString","coordinates":[[-95.738756,38.09195],[-95.738069,37.802589]]},"properties":{}},{"type":"Feature","geometry":{"type":"LineString","coordinates":[[-95.738069,37.802589],[-95.705797,37.782675]]},"properties":{}},{"type":"Feature","geometry":{"type":"LineString","coordinates":[[-95.702364,38.968664],[-95.677956,38.945331]]},"properties":{}},{"type":"Feature","geometry":{"type":"LineString","coordinates":[[-95.677956,38.945331],[-95.683822,38.898481]]},"properties":{}},{"type":"Feature","geometry":{"type":"LineString","coordinates":[[-95.683822,38.898481],[-95.683136,38.780444]]},"properties":{}},{"type":"Feature","geometry":{"type":"LineString","coordinates":[[-95.683136,38.780444],[-95.686569,38.765081]]},"properties":{}},{"type":"Feature","geometry":{"type":"LineString","coordinates":[[-95.686569,38.765081],[-95.683136,38.597092]]},"properties":{}},{"type":"Feature","geometry":{"type":"LineString","coordinates":[[-95.683136,38.597092],[-95.69275,38.579539]]},"properties":{}},{"type":"Feature","geometry":{"type":"LineString","coordinates":[[-95.69275,38.579539],[-95.696869,38.499139]]},"properties":{}},{"type":"Feature","geometry":{"type":"LineString","coordinates":[[-95.696869,38.499139],[-95.725708,38.484789]]},"properties":{}},{"type":"Feature","geometry":{"type":"LineString","coordinates":[[-96.651967,40.045317],[-96.656772,39.920833]]},"properties":{}},{"type":"Feature","geometry":{"type":"LineString","coordinates":[[-96.656772,39.920833],[-96.667072,39.911036]]},"properties":{}},{"type":"Feature","geometry":{"type":"LineString","coordinates":[[-96.667072,39.911036],[-96.666386,39.842361]]},"properties":{}},{"type":"Feature","geometry":{"type":"LineString","coordinates":[[-96.666386,39.842361],[-96.645786,39.842444]]},"properties":{}},{"type":"Feature","geometry":{"type":"LineString","coordinates":[[-96.645786,39.842444],[-96.645786,39.708597]]},"properties":{}},{"type":"Feature","geometry":{"type":"LineString","coordinates":[[-96.645786,39.708597],[-96.635489,39.688733]]},"properties":{}},{"type":"Feature","geometry":{"type":"LineString","coordinates":[[-96.635489,39.688733],[-96.649219,39.682075]]},"properties":{}},{"type":"Feature","geometry":{"type":"LineString","coordinates":[[-96.649219,39.682075],[-96.720631,39.683342]]},"properties":{}},{"type":"Feature","geometry":{"type":"LineString","coordinates":[[-96.720631,39.683342],[-96.751111,39.690278]]},"properties":{}}]}