{"type":"FeatureCollection","features":[{"type":"Feature","geometry":{"type":"LineString","coordinates":[[0.0,0.0],[0.0,0.0]]},"properties":{}},{"type":"Feature","geometry":{"type":"LineString","coordinates":[[-92.3557106,37.9658383],[-92.3565283,37.9664858]]},"properties":{}},{"type":"Feature","geometry":{"type":"LineString","coordinates":[[-92.3554242,37.9659356],[-92.3564058,37.9667125]]},"properties":{}},{"type":"Feature","geometry":{"type":"LineString","coordinates":[[-92.3552197,37.9660975],[-92.3562014,37.9668744]]},"properties":{}},{"type":"Feature","geometry":{"type":"LineString","coordinates":[[-92.3550969,37.9663239],[-92.355915,37.9669714]]},"properties":{}},{"type":"Feature","geometry":{"type":"LineString","coordinates":[[-92.3553014,37.9668097],[-92.3553628,37.9668531],[-92.3554336,37.9668931],[-92.3555139,37.9669275],[-92.3556031,37.9669553],[-92.3556994,37.9669744],[-92.3558014,37.9669833],[-92.3559061,37.9669811],[-92.3560106,37.9669672],[-92.3561117,37.9669417],[-92.3562064,37.9669056],[-92.3562925,37.96686],[-92.3563678,37.9668072],[-92.3564314,37.9667492],[-92.3564831,37.9666881],[-92.3565231,37.9666256],[-92.3565519,37.9665633],[-92.3565717,37.9665011],[-92.3565828,37.9664339],[-92.3565844,37.9663628],[-92.3565742,37.9662883],[-92.3565514,37.9662128],[-92.356515,37.9661375],[-92.3564644,37.9660656],[-92.3564011,37.9659986],[-92.3563261,37.9659392],[-92.3562414,37.9658889],[-92.3561503,37.9658492],[-92.3560556,37.9658203],[-92.35596,37.9658019],[-92.3558661,37.9657942],[-92.3557761,37.9657953],[-92.3556914,37.9658042],[-92.3556128,37.9658197],[-92.3555342,37.9658425],[-92.3554553,37.9658742],[-92.3553778,37.965915],[-92.3553047,37.9659656],[-92.3552381,37.966025],[-92.3551806,37.9660931],[-92.3551347,37.9661683],[-92.3551025,37.9662483],[-92.355085,37.9663308],[-92.3550819,37.9664139],[-92.3550933,37.9664944],[-92.3551175,37.9665708],[-92.3551525,37.9666417],[-92.3551964,37.966705],[-92.3552467,37.9667611],[-92.3553014,37.9668097]]},"properties":{}},{"type":"Feature","geometry":{"type":"LineString","coordinates":[[-93.3832486,37.2274728],[-93.3840672,37.2281131]]},"properties":{}},{"type":"Feature","geometry":{"type":"LineString","coordinates":[[-93.3829664,37.2275725],[-93.3839489,37.2283408]]},"properties":{}},{"type":"Feature","geometry":{"type":"LineString","coordinates":[[-93.3827664,37.2277361],[-93.3837486,37.2285044]]},"properties":{}},{"type":"Feature","geometry":{"type":"LineString","coordinates":[[-93.3826481,37.2279639],[-93.3834667,37.2286042]]},"properties":{}},{"type":"Feature","geometry":{"type":"LineString","coordinates":[[-93.3828572,37.2284475],[-93.3829183,37.2284906],[-93.3829889,37.2285297],[-93.3830689,37.2285636],[-93.3831575,37.2285908],[-93.3832533,37.2286089],[-93.3833544,37.2286169],[-93.3834581,37.2286139],[-93.3835614,37.2285989],[-93.3836611,37.2285725],[-93.3837544,37.2285356],[-93.3838389,37.2284892],[-93.3839128,37.2284358],[-93.383975,37.2283772],[-93.3840253,37.2283156],[-93.3840639,37.2282528],[-93.3840917,37.2281903],[-93.3841103,37.2281278],[-93.3841206,37.2280608],[-93.3841208,37.2279894],[-93.38411,37.2279153],[-93.3840864,37.2278397],[-93.3840492,37.227765],[-93.3839983,37.2276933],[-93.3839344,37.2276269],[-93.3838592,37.2275683],[-93.383775,37.2275186],[-93.3836842,37.2274797],[-93.38359,37.2274517],[-93.383495,37.2274342],[-93.3834019,37.2274272],[-93.3833128,37.2274292],[-93.3832292,37.2274389],[-93.3831517,37.227455],[-93.3830742,37.2274786],[-93.3829964,37.2275108],[-93.3829203,37.2275525],[-93.3828483,37.2276033],[-93.3827833,37.2276636],[-93.3827275,37.2277322],[-93.3826831,37.2278078],[-93.3826525,37.2278881],[-93.3826361,37.2279708],[-93.3826342,37.2280536],[-93.3826467,37.2281344],[-93.3826717,37.2282106],[-93.3827072,37.2282808],[-93.3827514,37.2283439],[-93.3828022,37.2283997],[-93.3828572,37.2284475]]},"properties":{}},{"type":"Feature","geometry":{"type":"LineString","coordinates":[[-92.1162667,38.6980606],[-92.1170906,38.6987094]]},"properties":{}},{"type":"Feature","geometry":{"type":"LineString","coordinates":[[-92.1159772,38.6981569],[-92.1169658,38.6989358]]},"properties":{}},{"type":"Feature","geometry":{"type":"LineString","coordinates":[[-92.11577,38.6983183],[-92.1167589,38.6990972]]},"properties":{}},{"type":"Feature","geometry":{"type":"LineString","coordinates":[[-92.1156456,38.6985447],[-92.1164694,38.6991939]]},"properties":{}},{"type":"Feature","geometry":{"type":"LineString","coordinates":[[-92.1158503,38.6990306],[-92.1159119,38.6990742],[-92.1159833,38.6991142],[-92.1160644,38.6991492],[-92.1161544,38.6991769],[-92.1162519,38.6991964],[-92.1163547,38.6992056],[-92.1164606,38.6992033],[-92.1165661,38.6991897],[-92.1166683,38.6991642],[-92.1167642,38.6991283],[-92.1168511,38.6990831],[-92.1169275,38.6990306],[-92.1169919,38.6989725],[-92.1170442,38.6989114],[-92.1170847,38.6988489],[-92.1171142,38.6987869],[-92.1171342,38.6987247],[-92.1171458,38.6986578],[-92.1171475,38.6985864],[-92.1171375,38.6985122],[-92.1171147,38.6984364],[-92.1170781,38.6983614],[-92.1170275,38.6982892],[-92.1169636,38.6982219],[-92.1168881,38.6981625],[-92.1168028,38.6981122],[-92.1167108,38.6980719],[-92.1166153,38.6980431],[-92.1165186,38.6980247],[-92.1164239,38.6980164],[-92.1163331,38.6980175],[-92.1162475,38.6980264],[-92.1161681,38.6980417],[-92.1160886,38.6980644],[-92.1160086,38.6980958],[-92.1159303,38.6981364],[-92.1158561,38.6981867],[-92.1157886,38.6982461],[-92.1157306,38.6983142],[-92.1156842,38.6983892],[-92.1156514,38.6984692],[-92.1156331,38.6985517],[-92.11563,38.6986344],[-92.1156411,38.6987153],[-92.1156653,38.6987917],[-92.1157003,38.6988622],[-92.1157444,38.6989261],[-92.1157953,38.6989822],[-92.1158503,38.6990306]]},"properties":{}},{"type":"Feature","geometry":{"type":"LineString","coordinates":[[-93.4029211,37.3612406],[-93.4041536,37.3625278],[-93.4044422,37.3626669],[-93.4063728,37.3630325],[-93.4080511,37.3628986],[-93.4090017,37.3624764],[-93.4099644,37.3619339],[-93.410825,37.3609019],[-93.4111028,37.3581414],[-93.4103092,37.3570033],[-93.4097561,37.3564844],[-93.4075733,37.3556197],[-93.4050775,37.3548556],[-93.4033458,37.3540197],[-93.4028169,37.3532608],[-93.4026856,37.3515611],[-93.4031433,37.3500203],[-93.4039917,37.3491081],[-93.4047919,37.3486764],[-93.4054294,37.3483547],[-93.4062175,37.3480431],[-93.4079075,37.3477889],[-93.4088097,37.3478469],[-93.4096875,37.3481447],[-93.4108419,37.3487019],[-93.4115453,37.3492303],[-93.4125011,37.3502581]]},"properties":{}},{"type":"Feature","geometry":{"type":"LineString","coordinates":[[-93.3808656,37.3593394],[-93.3813942,37.3600983],[-93.3826747,37.3609058],[-93.3835528,37.3612039],[-93.3860728,37.3617283],[-93.386975,37.3617864],[-93.3888036,37.3616625],[-93.3903436,37.3613989],[-93.3906564,37.3612983],[-93.3917694,37.3607658],[-93.3928947,37.3601133],[-93.394905,37.3581889],[-93.3958503,37.3563167],[-93.3961167,37.3536761],[-93.3959611,37.3522164],[-93.3954686,37.3510978],[-93.3946633,37.3500794],[-93.3939964,37.3491908],[-93.3929025,37.3480333],[-93.3917483,37.3474761],[-93.3905942,37.3469186],[-93.3895658,37.3466108],[-93.3868597,37.3464367],[-93.3853322,37.34658],[-93.3840808,37.3469828],[-93.3826672,37.3474958],[-93.3817047,37.3480378],[-93.3800556,37.3493814],[-93.3790444,37.3504036],[-93.3786711,37.3511042],[-93.3784769,37.3530247],[-93.3847917,37.3534311]]},"properties":{}},{"type":"Feature","geometry":{"type":"LineString","coordinates":[[-93.3722642,37.3531075],[-93.3636942,37.352555]]},"properties":{}},{"type":"Feature","geometry":{"type":"LineString","coordinates":[[-93.3624653,37.3602072],[-93.3714869,37.3607892],[-93.3730289,37.3455461]]},"properties":{}},{"type":"Feature","geometry":{"type":"LineString","coordinates":[[-93.3379714,37.3509586],[-93.3301711,37.3509156],[-93.3268017,37.3557503],[-93.330655,37.361175],[-93.3373092,37.3612119],[-93.3412561,37.3558306],[-93.3379714,37.3509586],[-93.3379967,37.3480283],[-93.3301967,37.347985],[-93.3301711,37.3509156]]},"properties":{}},{"type":"Feature","geometry":{"type":"LineString","coordinates":[[-93.3268017,37.3557503],[-93.3234611,37.3572883],[-93.3274297,37.3626222],[-93.330655,37.361175]]},"properties":{}},{"type":"Feature","geometry":{"type":"LineString","coordinates":[[-93.3373092,37.3612119],[-93.3405089,37.3626947],[-93.3445697,37.3574053],[-93.3412561,37.3558306]]},"properties":{}},{"type":"Feature","geometry":{"type":"LineString","coordinates":[[-93.3303147,37.3607153],[-93.3284664,37.3621703]]},"properties":{}},{"type":"Feature","geometry":{"type":"LineString","coordinates":[[-93.3299747,37.3602556],[-93.3272028,37.3623464]]},"properties":{}},{"type":"Feature","geometry":{"type":"LineString","coordinates":[[-93.3296353,37.3597042],[-93.3268625,37.3618864]]},"properties":{}},{"type":"Feature","geometry":{"type":"LineString","coordinates":[[-93.329295,37.3592442],[-93.3265225,37.3614267]]},"properties":{}},{"type":"Feature","geometry":{"type":"LineString","coordinates":[[-93.3289558,37.3586931],[-93.3261831,37.3608753]]},"properties":{}},{"type":"Feature","geometry":{"type":"LineString","coordinates":[[-93.3286156,37.3582331],[-93.3258431,37.3604156]]},"properties":{}},{"type":"Feature","geometry":{"type":"LineString","coordinates":[[-93.3281608,37.3577728],[-93.3253881,37.359955]]},"properties":{}},{"type":"Feature","geometry":{"type":"LineString","coordinates":[[-93.3278214,37.3572214],[-93.3250486,37.3594036]]},"properties":{}},{"type":"Feature","geometry":{"type":"LineString","coordinates":[[-93.3274811,37.3567614],[-93.3247086,37.3589439]]},"properties":{}},{"type":"Feature","geometry":{"type":"LineString","coordinates":[[-93.3271419,37.35621],[-93.3243686,37.3584842]]},"properties":{}},{"type":"Feature","geometry":{"type":"LineString","coordinates":[[-93.3268017,37.3557503],[-93.3240283,37.3580242]]},"properties":{}},{"type":"Feature","geometry":{"type":"LineString","coordinates":[[-93.3244978,37.3568364],[-93.3235744,37.3574722]]},"properties":{}},{"type":"Feature","geometry":{"type":"LineString","coordinates":[[-93.3407406,37.3624214],[-93.3403942,37.3626942]]},"properties":{}},{"type":"Feature","geometry":{"type":"LineString","coordinates":[[-93.3421339,37.3605058],[-93.3398228,37.3624164]]},"properties":{}},{"type":"Feature","geometry":{"type":"LineString","coordinates":[[-93.3436417,37.3585908],[-93.3392522,37.3620469]]},"properties":{}},{"type":"Feature","geometry":{"type":"LineString","coordinates":[[-93.3443411,37.3573125],[-93.3385664,37.3617683]]},"properties":{}},{"type":"Feature","geometry":{"type":"LineString","coordinates":[[-93.343655,37.3570342],[-93.337995,37.3614906]]},"properties":{}},{"type":"Feature","geometry":{"type":"LineString","coordinates":[[-93.3430847,37.3566647],[-93.3373092,37.3612119]]},"properties":{}},{"type":"Feature","geometry":{"type":"LineString","coordinates":[[-93.3425133,37.3563867],[-93.3385861,37.3594789]]},"properties":{}},{"type":"Feature","geometry":{"type":"LineString","coordinates":[[-93.3418275,37.3561083],[-93.3398639,37.3576544]]},"properties":{}},{"type":"Feature","geometry":{"type":"LineString","coordinates":[[-93.3379744,37.3505922],[-93.3375125,37.3509561]]},"properties":{}},{"type":"Feature","geometry":{"type":"LineString","coordinates":[[-93.3379808,37.3498597],[-93.3365947,37.3509511]]},"properties":{}},{"type":"Feature","geometry":{"type":"LineString","coordinates":[[-93.3379881,37.3490356],[-93.3355625,37.3509453]]},"properties":{}},{"type":"Feature","geometry":{"type":"LineString","coordinates":[[-93.3379942,37.3483031],[-93.3346447,37.3509403]]},"properties":{}},{"type":"Feature","geometry":{"type":"LineString","coordinates":[[-93.3373083,37.3480244],[-93.3336125,37.3509344]]},"properties":{}},{"type":"Feature","geometry":{"type":"LineString","coordinates":[[-93.3363908,37.3480194],[-93.3326947,37.3509294]]},"properties":{}},{"type":"Feature","geometry":{"type":"LineString","coordinates":[[-93.3353583,37.3480136],[-93.3316622,37.3509236]]},"properties":{}},{"type":"Feature","geometry":{"type":"LineString","coordinates":[[-93.3344408,37.3480086],[-93.3307447,37.3509186]]},"properties":{}},{"type":"Feature","geometry":{"type":"LineString","coordinates":[[-93.3334083,37.3480028],[-93.3301742,37.3505492]]},"properties":{}},{"type":"Feature","geometry":{"type":"LineString","coordinates":[[-93.3324908,37.3479978],[-93.3301806,37.3498167]]},"properties":{}},{"type":"Feature","geometry":{"type":"LineString","coordinates":[[-93.3314583,37.3479919],[-93.3301878,37.3489925]]},"properties":{}},{"type":"Feature","geometry":{"type":"LineString","coordinates":[[-93.3305408,37.3479869],[-93.3301942,37.3482597]]},"properties":{}},{"type":"Feature","geometry":{"type":"LineString","coordinates":[[-94.2143394,39.0871431],[-94.2044578,39.1019144],[-94.1978564,39.0862178]]},"properties":{}},{"type":"Feature","geometry":{"type":"LineString","coordinates":[[-94.2111119,39.0919097],[-94.20002,39.0912872]]},"properties":{}},{"type":"Feature","geometry":{"type":"LineString","coordinates":[[-94.1913867,39.0858542],[-94.1899744,39.1011008],[-94.1739803,39.0848739],[-94.1725644,39.1001203]]},"properties":{}},{"type":"Feature","geometry":{"type":"LineString","coordinates":[[-94.1681269,39.0845436],[-94.1533058,39.0990328]]},"properties":{}},{"type":"Feature","geometry":{"type":"LineString","coordinates":[[-94.1662475,39.0997639],[-94.1541097,39.0837514]]},"properties":{}},{"type":"Feature","geometry":{"type":"LineString","coordinates":[[-94.1328167,39.0904061],[-94.1248292,39.0904161],[-94.1214322,39.0952719],[-94.1254369,39.1006678],[-94.1322508,39.1006594],[-94.1362336,39.0952533],[-94.1328167,39.0904061],[-94.1328106,39.0874769],[-94.1248233,39.0874869],[-94.1248292,39.0904161]]},"properties":{}},{"type":"Feature","geometry":{"type":"LineString","coordinates":[[-94.1214322,39.0952719],[-94.1180286,39.0968319],[-94.1221506,39.1021364],[-94.1254369,39.1006678]]},"properties":{}},{"type":"Feature","geometry":{"type":"LineString","coordinates":[[-94.1322508,39.1006594],[-94.1355436,39.1021197],[-94.1396436,39.096805],[-94.1362336,39.0952533]]},"properties":{}},{"type":"Feature","geometry":{"type":"LineString","coordinates":[[-94.1250836,39.1002106],[-94.1232069,39.1016775]]},"properties":{}},{"type":"Feature","geometry":{"type":"LineString","coordinates":[[-94.1247303,39.0997533],[-94.121915,39.1018622]]},"properties":{}},{"type":"Feature","geometry":{"type":"LineString","coordinates":[[-94.1243769,39.0992044],[-94.1215617,39.1014047]]},"properties":{}},{"type":"Feature","geometry":{"type":"LineString","coordinates":[[-94.1240236,39.0987472],[-94.1212083,39.1009475]]},"properties":{}},{"type":"Feature","geometry":{"type":"LineString","coordinates":[[-94.12367,39.0981983],[-94.1208547,39.1003989]]},"properties":{}},{"type":"Feature","geometry":{"type":"LineString","coordinates":[[-94.1233167,39.0977411],[-94.1205014,39.0999414]]},"properties":{}},{"type":"Feature","geometry":{"type":"LineString","coordinates":[[-94.1228458,39.0972842],[-94.1200306,39.0994844]]},"properties":{}},{"type":"Feature","geometry":{"type":"LineString","coordinates":[[-94.1224922,39.0967353],[-94.1196772,39.0989356]]},"properties":{}},{"type":"Feature","geometry":{"type":"LineString","coordinates":[[-94.1221392,39.0962781],[-94.1193239,39.0984783]]},"properties":{}},{"type":"Feature","geometry":{"type":"LineString","coordinates":[[-94.1217856,39.0957292],[-94.1189706,39.0980208]]},"properties":{}},{"type":"Feature","geometry":{"type":"LineString","coordinates":[[-94.1214322,39.0952719],[-94.1186172,39.0975636]]},"properties":{}},{"type":"Feature","geometry":{"type":"LineString","coordinates":[[-94.119085,39.0963731],[-94.1181464,39.097015]]},"properties":{}},{"type":"Feature","geometry":{"type":"LineString","coordinates":[[-94.1357778,39.1018447],[-94.1354261,39.10212]]},"properties":{}},{"type":"Feature","geometry":{"type":"LineString","coordinates":[[-94.1371836,39.0999206],[-94.1348381,39.1018461]]},"properties":{}},{"type":"Feature","geometry":{"type":"LineString","coordinates":[[-94.1387064,39.0979964],[-94.1342497,39.1014806]]},"properties":{}},{"type":"Feature","geometry":{"type":"LineString","coordinates":[[-94.1394086,39.0967139],[-94.1335444,39.1012069]]},"properties":{}},{"type":"Feature","geometry":{"type":"LineString","coordinates":[[-94.1387031,39.0964403],[-94.1329564,39.1009331]]},"properties":{}},{"type":"Feature","geometry":{"type":"LineString","coordinates":[[-94.138115,39.0960747],[-94.1322508,39.1006594]]},"properties":{}},{"type":"Feature","geometry":{"type":"LineString","coordinates":[[-94.1375269,39.0958008],[-94.1335394,39.0989183]]},"properties":{}},{"type":"Feature","geometry":{"type":"LineString","coordinates":[[-94.1368217,39.0955272],[-94.1348278,39.0970861]]},"properties":{}},{"type":"Feature","geometry":{"type":"LineString","coordinates":[[-94.1328158,39.09004],[-94.1323469,39.0904069]]},"properties":{}},{"type":"Feature","geometry":{"type":"LineString","coordinates":[[-94.1328144,39.0893078],[-94.1314072,39.0904081]]},"properties":{}},{"type":"Feature","geometry":{"type":"LineString","coordinates":[[-94.1328125,39.0884839],[-94.13035,39.0904094]]},"properties":{}},{"type":"Feature","geometry":{"type":"LineString","coordinates":[[-94.1328111,39.0877517],[-94.1294103,39.0904106]]},"properties":{}},{"type":"Feature","geometry":{"type":"LineString","coordinates":[[-94.1321058,39.0874778],[-94.1283531,39.0904119]]},"properties":{}},{"type":"Feature","geometry":{"type":"LineString","coordinates":[[-94.1311661,39.0874792],[-94.1274133,39.0904131]]},"properties":{}},{"type":"Feature","geometry":{"type":"LineString","coordinates":[[-94.1301089,39.0874803],[-94.1263561,39.0904142]]},"properties":{}},{"type":"Feature","geometry":{"type":"LineString","coordinates":[[-94.1291692,39.0874817],[-94.1254164,39.0904156]]},"properties":{}},{"type":"Feature","geometry":{"type":"LineString","coordinates":[[-94.1281122,39.0874828],[-94.1248286,39.09005]]},"properties":{}},{"type":"Feature","geometry":{"type":"LineString","coordinates":[[-94.1271725,39.0874842],[-94.1248269,39.0893178]]},"properties":{}},{"type":"Feature","geometry":{"type":"LineString","coordinates":[[-94.1261153,39.0874853],[-94.1248253,39.0884939]]},"properties":{}},{"type":"Feature","geometry":{"type":"LineString","coordinates":[[-94.1251758,39.0874864],[-94.1248239,39.0877614]]},"properties":{}},{"type":"Feature","geometry":{"type":"LineString","coordinates":[[-92.9595803,37.0160694],[-92.95796,37.0313064],[-92.9513758,37.0308561],[-92.9496056,37.0304931],[-92.9488958,37.0300819],[-92.9477881,37.0291603],[-92.9461328,37.0277178],[-92.9451019,37.0260761],[-92.9449306,37.0248558],[-92.9453522,37.0208967],[-92.9457664,37.0198372],[-92.9468175,37.0184592],[-92.9479542,37.0176911],[-92.9491164,37.0166828],[-92.9507019,37.0159456],[-92.9525356,37.0157083],[-92.9535958,37.01566],[-92.9595803,37.0160694]]},"properties":{}},{"type":"Feature","geometry":{"type":"LineString","coordinates":[[-92.9239103,37.0269192],[-92.9244319,37.02768],[-92.9257017,37.0284922],[-92.9265739,37.0287939],[-92.9290794,37.0293283],[-92.9299772,37.02939],[-92.9317983,37.0292733],[-92.9333333,37.0290158],[-92.9336453,37.0289164],[-92.9347567,37.0283883],[-92.9358808,37.0277403],[-92.9378939,37.0258239],[-92.9388469,37.0239556],[-92.9391281,37.0213161],[-92.9389822,37.0198558],[-92.9384989,37.0187353],[-92.9377036,37.0177139],[-92.937045,37.0168228],[-92.9359633,37.0156608],[-92.9348175,37.0150989],[-92.9336719,37.0145369],[-92.9326503,37.0142253],[-92.9299572,37.0140406],[-92.9284356,37.0141778],[-92.9271875,37.0145756],[-92.9257769,37.0150831],[-92.9248153,37.0156211],[-92.9231656,37.0169581],[-92.9221525,37.0179761],[-92.9217764,37.0186756],[-92.9215714,37.020595],[-92.9278553,37.0210264]]},"properties":{}},{"type":"Feature","geometry":{"type":"LineString","coordinates":[[-92.9161936,37.0130953],[-92.9145647,37.0283317],[-92.9079808,37.0278789],[-92.9062108,37.0275153],[-92.9055014,37.0271039],[-92.9043942,37.0261819],[-92.90274,37.0247386],[-92.90171,37.0230967],[-92.9015392,37.0218764],[-92.9019631,37.0179172],[-92.9023781,37.0168581],[-92.9034297,37.0154803],[-92.9045669,37.0147125],[-92.9057297,37.013705],[-92.9073156,37.0129681],[-92.9091494,37.0127317],[-92.9102094,37.0126836],[-92.9161936,37.0130953]]},"properties":{}},{"type":"Feature","geometry":{"type":"LineString","coordinates":[[-92.8808731,37.0185022],[-92.8731081,37.0184283],[-92.8697242,37.0232497],[-92.8735269,37.0286894],[-92.8801511,37.0287525],[-92.8841133,37.0233867],[-92.8808731,37.0185022],[-92.8809164,37.0155719],[-92.8731514,37.0154981],[-92.8731081,37.0184283]]},"properties":{}},{"type":"Feature","geometry":{"type":"LineString","coordinates":[[-92.8697242,37.0232497],[-92.8663892,37.0247747],[-92.8703072,37.0301239],[-92.8735269,37.0286894]]},"properties":{}},{"type":"Feature","geometry":{"type":"LineString","coordinates":[[-92.8801511,37.0287525],[-92.8833272,37.0302478],[-92.8874025,37.0249744],[-92.8841133,37.0233867]]},"properties":{}},{"type":"Feature","geometry":{"type":"LineString","coordinates":[[-92.8731911,37.0282283],[-92.8713419,37.0296758]]},"properties":{}},{"type":"Feature","geometry":{"type":"LineString","coordinates":[[-92.8728553,37.0277672],[-92.8700828,37.0298472]]},"properties":{}},{"type":"Feature","geometry":{"type":"LineString","coordinates":[[-92.8725208,37.0272144],[-92.8697469,37.0293858]]},"properties":{}},{"type":"Feature","geometry":{"type":"LineString","coordinates":[[-92.872185,37.0267533],[-92.8694114,37.028925]]},"properties":{}},{"type":"Feature","geometry":{"type":"LineString","coordinates":[[-92.8718506,37.0262008],[-92.8690767,37.0283722]]},"properties":{}},{"type":"Feature","geometry":{"type":"LineString","coordinates":[[-92.8715147,37.0257397],[-92.8687411,37.0279111]]},"properties":{}},{"type":"Feature","geometry":{"type":"LineString","coordinates":[[-92.8710647,37.0252775],[-92.8682911,37.0274489]]},"properties":{}},{"type":"Feature","geometry":{"type":"LineString","coordinates":[[-92.8707303,37.0247247],[-92.8679567,37.0268961]]},"properties":{}},{"type":"Feature","geometry":{"type":"LineString","coordinates":[[-92.8703944,37.0242636],[-92.8676208,37.026435]]},"properties":{}},{"type":"Feature","geometry":{"type":"LineString","coordinates":[[-92.87006,37.0237108],[-92.867285,37.0259739]]},"properties":{}},{"type":"Feature","geometry":{"type":"LineString","coordinates":[[-92.8697242,37.0232497],[-92.8669492,37.0255128]]},"properties":{}},{"type":"Feature","geometry":{"type":"LineString","coordinates":[[-92.8674239,37.0243267],[-92.8665006,37.0249589]]},"properties":{}},{"type":"Feature","geometry":{"type":"LineString","coordinates":[[-92.8835597,37.0299753],[-92.8832131,37.0302467]]},"properties":{}},{"type":"Feature","geometry":{"type":"LineString","coordinates":[[-92.8849586,37.0280653],[-92.8826461,37.0299667]]},"properties":{}},{"type":"Feature","geometry":{"type":"LineString","coordinates":[[-92.8864714,37.0261561],[-92.8820806,37.029595]]},"properties":{}},{"type":"Feature","geometry":{"type":"LineString","coordinates":[[-92.8871756,37.0248808],[-92.8813992,37.0293136]]},"properties":{}},{"type":"Feature","geometry":{"type":"LineString","coordinates":[[-92.8864942,37.0245994],[-92.8808322,37.0290336]]},"properties":{}},{"type":"Feature","geometry":{"type":"LineString","coordinates":[[-92.8859286,37.0242278],[-92.8801511,37.0287525]]},"properties":{}},{"type":"Feature","geometry":{"type":"LineString","coordinates":[[-92.8853617,37.0239478],[-92.8814331,37.0270244]]},"properties":{}},{"type":"Feature","geometry":{"type":"LineString","coordinates":[[-92.8846806,37.0236667],[-92.8827161,37.025205]]},"properties":{}},{"type":"Feature","geometry":{"type":"LineString","coordinates":[[-92.8808786,37.0181358],[-92.8804164,37.0184978]]},"properties":{}},{"type":"Feature","geometry":{"type":"LineString","coordinates":[[-92.8808894,37.0174033],[-92.8795028,37.0184892]]},"properties":{}},{"type":"Feature","geometry":{"type":"LineString","coordinates":[[-92.8809014,37.0165792],[-92.878475,37.0184794]]},"properties":{}},{"type":"Feature","geometry":{"type":"LineString","coordinates":[[-92.8809122,37.0158467],[-92.8775614,37.0184706]]},"properties":{}},{"type":"Feature","geometry":{"type":"LineString","coordinates":[[-92.8802311,37.0155653],[-92.8765339,37.0184608]]},"properties":{}},{"type":"Feature","geometry":{"type":"LineString","coordinates":[[-92.8793175,37.0155567],[-92.8756203,37.0184522]]},"properties":{}},{"type":"Feature","geometry":{"type":"LineString","coordinates":[[-92.87829,37.0155469],[-92.8745925,37.0184425]]},"properties":{}},{"type":"Feature","geometry":{"type":"LineString","coordinates":[[-92.8773764,37.0155383],[-92.8736789,37.0184336]]},"properties":{}},{"type":"Feature","geometry":{"type":"LineString","coordinates":[[-92.8763486,37.0155286],[-92.8731133,37.0180619]]},"properties":{}},{"type":"Feature","geometry":{"type":"LineString","coordinates":[[-92.8754353,37.01552],[-92.8731242,37.0173294]]},"properties":{}},{"type":"Feature","geometry":{"type":"LineString","coordinates":[[-92.8744075,37.01551],[-92.8731364,37.0165053]]},"properties":{}},{"type":"Feature","geometry":{"type":"LineString","coordinates":[[-92.8734939,37.0155014],[-92.8731475,37.0157728]]},"properties":{}},{"type":"Feature","geometry":{"type":"LineString","coordinates":[[-91.8744772,37.5842517],[-91.8674972,37.5990764],[-91.8630317,37.5833661],[-91.8558986,37.5981786],[-91.8521886,37.5825261]]},"properties":{}},{"type":"Feature","geometry":{"type":"LineString","coordinates":[[-91.8460144,37.5820472],[-91.8358658,37.596625],[-91.8299014,37.5807964]]},"properties":{}},{"type":"Feature","geometry":{"type":"LineString","coordinates":[[-91.8427017,37.5867508],[-91.8318586,37.5859089]]},"properties":{}},{"type":"Feature","geometry":{"type":"LineString","coordinates":[[-91.8235767,37.5803047],[-91.8217078,37.595525],[-91.8141769,37.5949392],[-91.8136039,37.5946525],[-91.8123075,37.5940675],[-91.8110994,37.5927636],[-91.8106442,37.5915183],[-91.8108211,37.5900803],[-91.8115708,37.5889286],[-91.8130736,37.5878358],[-91.8144878,37.5874619],[-91.8151197,37.5872692],[-91.8226497,37.587855]]},"properties":{}},{"type":"Feature","geometry":{"type":"LineString","coordinates":[[-91.7926428,37.585845],[-91.7848197,37.5856983],[-91.7813394,37.5904878],[-91.7850911,37.5959631],[-91.7917647,37.5960881],[-91.7958361,37.5907597],[-91.7926428,37.585845],[-91.7927294,37.5829153],[-91.7849067,37.5827686],[-91.7848197,37.5856983]]},"properties":{}},{"type":"Feature","geometry":{"type":"LineString","coordinates":[[-91.7813394,37.5904878],[-91.7779567,37.5919814],[-91.7818258,37.5973672],[-91.7850911,37.5959631]]},"properties":{}},{"type":"Feature","geometry":{"type":"LineString","coordinates":[[-91.7917647,37.5960881],[-91.7949431,37.5976131],[-91.7991267,37.5923783],[-91.7958361,37.5907597]]},"properties":{}},{"type":"Feature","geometry":{"type":"LineString","coordinates":[[-91.7847594,37.5954986],[-91.782875,37.5969289]]},"properties":{}},{"type":"Feature","geometry":{"type":"LineString","coordinates":[[-91.7844278,37.5950344],[-91.7816039,37.5970883]]},"properties":{}},{"type":"Feature","geometry":{"type":"LineString","coordinates":[[-91.7840989,37.5944786],[-91.7812725,37.5966239]]},"properties":{}},{"type":"Feature","geometry":{"type":"LineString","coordinates":[[-91.7837675,37.5940144],[-91.7809408,37.5961597]]},"properties":{}},{"type":"Feature","geometry":{"type":"LineString","coordinates":[[-91.7834386,37.5934586],[-91.7806119,37.5956039]]},"properties":{}},{"type":"Feature","geometry":{"type":"LineString","coordinates":[[-91.7831069,37.5929944],[-91.7802803,37.5951397]]},"properties":{}},{"type":"Feature","geometry":{"type":"LineString","coordinates":[[-91.7826603,37.5925281],[-91.7798336,37.5946733]]},"properties":{}},{"type":"Feature","geometry":{"type":"LineString","coordinates":[[-91.7823314,37.5919722],[-91.779505,37.5941175]]},"properties":{}},{"type":"Feature","geometry":{"type":"LineString","coordinates":[[-91.782,37.5915081],[-91.7791733,37.5936533]]},"properties":{}},{"type":"Feature","geometry":{"type":"LineString","coordinates":[[-91.7816711,37.5909522],[-91.7788417,37.5931889]]},"properties":{}},{"type":"Feature","geometry":{"type":"LineString","coordinates":[[-91.7813394,37.5904878],[-91.7785103,37.5927247]]},"properties":{}},{"type":"Feature","geometry":{"type":"LineString","coordinates":[[-91.7790058,37.5915433],[-91.7780664,37.5921667]]},"properties":{}},{"type":"Feature","geometry":{"type":"LineString","coordinates":[[-91.7951814,37.5973428],[-91.7948281,37.5976108]]},"properties":{}},{"type":"Feature","geometry":{"type":"LineString","coordinates":[[-91.7966186,37.5954458],[-91.7942608,37.5973256]]},"properties":{}},{"type":"Feature","geometry":{"type":"LineString","coordinates":[[-91.7981711,37.5935514],[-91.7936964,37.5969486]]},"properties":{}},{"type":"Feature","geometry":{"type":"LineString","coordinates":[[-91.7988992,37.5922825],[-91.7930139,37.5966611]]},"properties":{}},{"type":"Feature","geometry":{"type":"LineString","coordinates":[[-91.7982169,37.591995],[-91.7924469,37.5963756]]},"properties":{}},{"type":"Feature","geometry":{"type":"LineString","coordinates":[[-91.7976525,37.5916181],[-91.7917647,37.5960881]]},"properties":{}},{"type":"Feature","geometry":{"type":"LineString","coordinates":[[-91.7970853,37.5913325],[-91.7930817,37.5943722]]},"properties":{}},{"type":"Feature","geometry":{"type":"LineString","coordinates":[[-91.7964031,37.591045],[-91.7944014,37.5925647]]},"properties":{}},{"type":"Feature","geometry":{"type":"LineString","coordinates":[[-91.7926536,37.5854786],[-91.7921828,37.5858364]]},"properties":{}},{"type":"Feature","geometry":{"type":"LineString","coordinates":[[-91.7926753,37.5847464],[-91.7912622,37.5858192]]},"properties":{}},{"type":"Feature","geometry":{"type":"LineString","coordinates":[[-91.7926997,37.5839225],[-91.7902269,37.5857997]]},"properties":{}},{"type":"Feature","geometry":{"type":"LineString","coordinates":[[-91.7927214,37.58319],[-91.7893067,37.5857825]]},"properties":{}},{"type":"Feature","geometry":{"type":"LineString","coordinates":[[-91.7920392,37.5829025],[-91.7882711,37.5857631]]},"properties":{}},{"type":"Feature","geometry":{"type":"LineString","coordinates":[[-91.7911189,37.5828853],[-91.7873508,37.5857458]]},"properties":{}},{"type":"Feature","geometry":{"type":"LineString","coordinates":[[-91.7900836,37.5828658],[-91.7863156,37.5857264]]},"properties":{}},{"type":"Feature","geometry":{"type":"LineString","coordinates":[[-91.7891631,37.5828486],[-91.785395,37.5857092]]},"properties":{}},{"type":"Feature","geometry":{"type":"LineString","coordinates":[[-91.7881278,37.5828292],[-91.7848306,37.5853322]]},"properties":{}},{"type":"Feature","geometry":{"type":"LineString","coordinates":[[-91.7872075,37.5828119],[-91.7848525,37.5845997]]},"properties":{}},{"type":"Feature","geometry":{"type":"LineString","coordinates":[[-91.7861722,37.5827925],[-91.7848769,37.5837758]]},"properties":{}},{"type":"Feature","geometry":{"type":"LineString","coordinates":[[-91.7852517,37.5827753],[-91.7848986,37.5830433]]},"properties":{}},{"type":"Feature","geometry":{"type":"LineString","coordinates":[[-94.5725264,38.2635406],[-94.5712128,38.2787964],[-94.5648125,38.2784539],[-94.5634408,38.2783803],[-94.5624364,38.2776025],[-94.5617469,38.2767208],[-94.5617883,38.2762403],[-94.5619956,38.2738378],[-94.5621789,38.2734856],[-94.5627189,38.2725492],[-94.5643464,38.2714294],[-94.5628847,38.2706272],[-94.5621539,38.2702258],[-94.5614439,38.2695844],[-94.56108,38.2684789],[-94.5613492,38.2653556],[-94.5618789,38.2645392],[-94.5630075,38.2638756],[-94.5638108,38.2634358],[-94.5646036,38.2631164],[-94.5725264,38.2635406]]},"properties":{}},{"type":"Feature","geometry":{"type":"LineString","coordinates":[[-94.5718128,38.2718292],[-94.5643464,38.2714294]]},"properties":{}},{"type":"Feature","geometry":{"type":"LineString","coordinates":[[-94.5538403,38.2778656],[-94.5548878,38.2657331],[-94.5547872,38.2651244],[-94.5538244,38.2638658],[-94.553125,38.2631042],[-94.5519475,38.2625583],[-94.5502819,38.2623481],[-94.5478444,38.2622172],[-94.5464628,38.2622636],[-94.5445825,38.2627661],[-94.5434433,38.2635497],[-94.5427717,38.2642375],[-94.5423733,38.2653022],[-94.5413447,38.2771944]]},"properties":{}},{"type":"Feature","geometry":{"type":"LineString","coordinates":[[-94.5362656,38.2615947],[-94.5297633,38.2765714],[-94.5246867,38.2609708],[-94.51803,38.2759386],[-94.5137175,38.2603789]]},"properties":{}},{"type":"Feature","geometry":{"type":"LineString","coordinates":[[-94.4921642,38.2670594],[-94.4842664,38.2670933],[-94.4809314,38.2719608],[-94.4849178,38.2773464],[-94.491655,38.2773175],[-94.4955664,38.2718978],[-94.4921642,38.2670594],[-94.4921436,38.2641292],[-94.4842461,38.2641633],[-94.4842664,38.2670933]]},"properties":{}},{"type":"Feature","geometry":{"type":"LineString","coordinates":[[-94.4809314,38.2719608],[-94.4775736,38.2735317],[-94.4816753,38.2788253],[-94.4849178,38.2773464]]},"properties":{}},{"type":"Feature","geometry":{"type":"LineString","coordinates":[[-94.491655,38.2773175],[-94.4949178,38.2787683],[-94.4989458,38.2734397],[-94.4955664,38.2718978]]},"properties":{}},{"type":"Feature","geometry":{"type":"LineString","coordinates":[[-94.4845661,38.27689],[-94.4827175,38.2783631]]},"properties":{}},{"type":"Feature","geometry":{"type":"LineString","coordinates":[[-94.4842144,38.2764336],[-94.4814411,38.2785517]]},"properties":{}},{"type":"Feature","geometry":{"type":"LineString","coordinates":[[-94.4838622,38.2758858],[-94.4810894,38.2780953]]},"properties":{}},{"type":"Feature","geometry":{"type":"LineString","coordinates":[[-94.4835106,38.2754294],[-94.4807378,38.2776389]]},"properties":{}},{"type":"Feature","geometry":{"type":"LineString","coordinates":[[-94.4831583,38.2748814],[-94.4803856,38.2770911]]},"properties":{}},{"type":"Feature","geometry":{"type":"LineString","coordinates":[[-94.4828067,38.2744253],[-94.4800339,38.2766347]]},"properties":{}},{"type":"Feature","geometry":{"type":"LineString","coordinates":[[-94.4823389,38.2739694],[-94.4795661,38.2761786]]},"properties":{}},{"type":"Feature","geometry":{"type":"LineString","coordinates":[[-94.4819867,38.2734214],[-94.4792139,38.2756308]]},"properties":{}},{"type":"Feature","geometry":{"type":"LineString","coordinates":[[-94.481635,38.272965],[-94.4788625,38.2751744]]},"properties":{}},{"type":"Feature","geometry":{"type":"LineString","coordinates":[[-94.4812828,38.2724172],[-94.4785108,38.2747181]]},"properties":{}},{"type":"Feature","geometry":{"type":"LineString","coordinates":[[-94.4809314,38.2719608],[-94.4781592,38.2742617]]},"properties":{}},{"type":"Feature","geometry":{"type":"LineString","coordinates":[[-94.4786158,38.2730694],[-94.4776908,38.2737142]]},"properties":{}},{"type":"Feature","geometry":{"type":"LineString","coordinates":[[-94.4951481,38.2784925],[-94.4948014,38.2787689]]},"properties":{}},{"type":"Feature","geometry":{"type":"LineString","coordinates":[[-94.4965283,38.2765636],[-94.4942189,38.2784967]]},"properties":{}},{"type":"Feature","geometry":{"type":"LineString","coordinates":[[-94.498025,38.2746342],[-94.4936353,38.2781328]]},"properties":{}},{"type":"Feature","geometry":{"type":"LineString","coordinates":[[-94.4987128,38.2733492],[-94.4929364,38.2778611]]},"properties":{}},{"type":"Feature","geometry":{"type":"LineString","coordinates":[[-94.4980139,38.2730775],[-94.4923539,38.2775889]]},"properties":{}},{"type":"Feature","geometry":{"type":"LineString","coordinates":[[-94.4974306,38.2727136],[-94.491655,38.2773175]]},"properties":{}},{"type":"Feature","geometry":{"type":"LineString","coordinates":[[-94.4968478,38.2724417],[-94.4929206,38.2755719]]},"properties":{}},{"type":"Feature","geometry":{"type":"LineString","coordinates":[[-94.4961492,38.27217],[-94.4941853,38.2737353]]},"properties":{}},{"type":"Feature","geometry":{"type":"LineString","coordinates":[[-94.4921614,38.2666931],[-94.4916994,38.2670614]]},"properties":{}},{"type":"Feature","geometry":{"type":"LineString","coordinates":[[-94.4921564,38.2659606],[-94.4907703,38.2670653]]},"properties":{}},{"type":"Feature","geometry":{"type":"LineString","coordinates":[[-94.4921506,38.2651364],[-94.489725,38.26707]]},"properties":{}},{"type":"Feature","geometry":{"type":"LineString","coordinates":[[-94.4921456,38.2644039],[-94.4887958,38.2670739]]},"properties":{}},{"type":"Feature","geometry":{"type":"LineString","coordinates":[[-94.4914469,38.2641322],[-94.4877506,38.2670783]]},"properties":{}},{"type":"Feature","geometry":{"type":"LineString","coordinates":[[-94.4905178,38.2641364],[-94.4868214,38.2670825]]},"properties":{}},{"type":"Feature","geometry":{"type":"LineString","coordinates":[[-94.4894725,38.2641408],[-94.4857761,38.2670869]]},"properties":{}},{"type":"Feature","geometry":{"type":"LineString","coordinates":[[-94.4885433,38.2641447],[-94.4848469,38.2670908]]},"properties":{}},{"type":"Feature","geometry":{"type":"LineString","coordinates":[[-94.4874981,38.2641492],[-94.4842639,38.2667272]]},"properties":{}},{"type":"Feature","geometry":{"type":"LineString","coordinates":[[-94.4865689,38.2641533],[-94.4842589,38.2659947]]},"properties":{}},{"type":"Feature","geometry":{"type":"LineString","coordinates":[[-94.4855236,38.2641578],[-94.4842531,38.2651706]]},"properties":{}},{"type":"Feature","geometry":{"type":"LineString","coordinates":[[-94.4845947,38.2641617],[-94.4842481,38.2644381]]},"properties":{}},{"type":"Feature","geometry":{"type":"LineString","coordinates":[[-95.6304239,39.1430247],[-95.6193131,39.1425331]]},"properties":{}},{"type":"Feature","geometry":{"type":"LineString","coordinates":[[-95.6250228,39.1427858],[-95.6261364,39.1275244]]},"properties":{}},{"type":"Feature","geometry":{"type":"LineString","coordinates":[[-95.6018758,39.1417592],[-95.6046536,39.1418828],[-95.6060511,39.1418242],[-95.6089078,39.1408661],[-95.6116806,39.1389397],[-95.6127206,39.1374183],[-95.6133242,39.1355164],[-95.6134383,39.1339542],[-95.6132353,39.1324983],[-95.6125781,39.1309019],[-95.6110217,39.1289042],[-95.6104483,39.1282758],[-95.6092669,39.1275],[-95.6066969,39.1266625],[-95.6034572,39.1265186],[-95.6018967,39.1266903],[-95.6003186,39.1271022],[-95.5993667,39.1274217],[-95.5977533,39.1283144],[-95.5962589,39.1296947],[-95.5957256,39.1306353],[-95.5951306,39.1324172],[-95.5949189,39.1353014],[-95.5960958,39.1382469],[-95.5969511,39.1392497],[-95.5979694,39.1401389],[-95.5990056,39.1407878],[-95.5993056,39.1409217],[-95.6018758,39.1417592]]},"properties":{}},{"type":"Feature","geometry":{"type":"LineString","coordinates":[[-95.5892636,39.1258867],[-95.5881422,39.1411481],[-95.5804269,39.1408039],[-95.5798272,39.1405358],[-95.5784739,39.1399933],[-95.5771736,39.1387297],[-95.576645,39.1375003],[-95.5767511,39.1360583],[-95.5774569,39.1348844],[-95.5789339,39.1337447],[-95.5803581,39.1333261],[-95.5809928,39.1331133],[-95.5887075,39.1334572]]},"properties":{}},{"type":"Feature","geometry":{"type":"LineString","coordinates":[[-95.5530536,39.1320261],[-95.5450628,39.1321311],[-95.5417594,39.1370267],[-95.5458719,39.1423742],[-95.5526886,39.1422847],[-95.5565672,39.1368319],[-95.5530536,39.1320261],[-95.5529903,39.1290975],[-95.5449994,39.1292022],[-95.5450628,39.1321311]]},"properties":{}},{"type":"Feature","geometry":{"type":"LineString","coordinates":[[-95.5417594,39.1370267],[-95.5383847,39.1386269],[-95.5426125,39.1438817],[-95.5458719,39.1423742]]},"properties":{}},{"type":"Feature","geometry":{"type":"LineString","coordinates":[[-95.5526886,39.1422847],[-95.5560114,39.1437056],[-95.5600092,39.1383431],[-95.5565672,39.1368319]]},"properties":{}},{"type":"Feature","geometry":{"type":"LineString","coordinates":[[-95.5455094,39.1419211],[-95.5436606,39.1434103]]},"properties":{}},{"type":"Feature","geometry":{"type":"LineString","coordinates":[[-95.5451469,39.1414683],[-95.5423717,39.1436103]]},"properties":{}},{"type":"Feature","geometry":{"type":"LineString","coordinates":[[-95.5447825,39.1409236],[-95.5420092,39.1431572]]},"properties":{}},{"type":"Feature","geometry":{"type":"LineString","coordinates":[[-95.54442,39.1404706],[-95.5416467,39.1427042]]},"properties":{}},{"type":"Feature","geometry":{"type":"LineString","coordinates":[[-95.5440556,39.1399261],[-95.5412822,39.1421597]]},"properties":{}},{"type":"Feature","geometry":{"type":"LineString","coordinates":[[-95.5436931,39.1394731],[-95.5409197,39.1417067]]},"properties":{}},{"type":"Feature","geometry":{"type":"LineString","coordinates":[[-95.5432131,39.1390217],[-95.5404397,39.1412553]]},"properties":{}},{"type":"Feature","geometry":{"type":"LineString","coordinates":[[-95.5428486,39.1384772],[-95.5400753,39.1407106]]},"properties":{}},{"type":"Feature","geometry":{"type":"LineString","coordinates":[[-95.5424861,39.1380242],[-95.5397128,39.1402575]]},"properties":{}},{"type":"Feature","geometry":{"type":"LineString","coordinates":[[-95.5421217,39.1374797],[-95.5393506,39.1398044]]},"properties":{}},{"type":"Feature","geometry":{"type":"LineString","coordinates":[[-95.5417594,39.1370267],[-95.5389881,39.1393517]]},"properties":{}},{"type":"Feature","geometry":{"type":"LineString","coordinates":[[-95.5394325,39.1381556],[-95.5385061,39.1388086]]},"properties":{}},{"type":"Feature","geometry":{"type":"LineString","coordinates":[[-95.5562406,39.1434281],[-95.5558939,39.1437072]]},"properties":{}},{"type":"Feature","geometry":{"type":"LineString","coordinates":[[-95.5576089,39.1414872],[-95.5553003,39.1434403]]},"properties":{}},{"type":"Feature","geometry":{"type":"LineString","coordinates":[[-95.559095,39.1395453],[-95.5547044,39.1430819]]},"properties":{}},{"type":"Feature","geometry":{"type":"LineString","coordinates":[[-95.5597722,39.1382544],[-95.5539933,39.1428167]]},"properties":{}},{"type":"Feature","geometry":{"type":"LineString","coordinates":[[-95.5590611,39.1379892],[-95.5533997,39.14255]]},"properties":{}},{"type":"Feature","geometry":{"type":"LineString","coordinates":[[-95.5584656,39.1376308],[-95.5526886,39.1422847]]},"properties":{}},{"type":"Feature","geometry":{"type":"LineString","coordinates":[[-95.5578719,39.1373642],[-95.5539436,39.1405286]]},"properties":{}},{"type":"Feature","geometry":{"type":"LineString","coordinates":[[-95.5571608,39.1370989],[-95.5551967,39.1386811]]},"properties":{}},{"type":"Feature","geometry":{"type":"LineString","coordinates":[[-95.5530458,39.13166],[-95.5525836,39.1320325]]},"properties":{}},{"type":"Feature","geometry":{"type":"LineString","coordinates":[[-95.55303,39.1309278],[-95.5516436,39.1320447]]},"properties":{}},{"type":"Feature","geometry":{"type":"LineString","coordinates":[[-95.5530119,39.1301042],[-95.5505858,39.1320586]]},"properties":{}},{"type":"Feature","geometry":{"type":"LineString","coordinates":[[-95.5529961,39.1293719],[-95.5496458,39.1320711]]},"properties":{}},{"type":"Feature","geometry":{"type":"LineString","coordinates":[[-95.552285,39.1291067],[-95.5485881,39.132085]]},"properties":{}},{"type":"Feature","geometry":{"type":"LineString","coordinates":[[-95.551345,39.1291192],[-95.5476481,39.1320972]]},"properties":{}},{"type":"Feature","geometry":{"type":"LineString","coordinates":[[-95.5502875,39.1291331],[-95.5465903,39.1321111]]},"properties":{}},{"type":"Feature","geometry":{"type":"LineString","coordinates":[[-95.5493472,39.1291453],[-95.5456503,39.1321233]]},"properties":{}},{"type":"Feature","geometry":{"type":"LineString","coordinates":[[-95.5482897,39.1291592],[-95.5450547,39.131765]]},"properties":{}},{"type":"Feature","geometry":{"type":"LineString","coordinates":[[-95.5473497,39.1291714],[-95.5450389,39.1310328]]},"properties":{}},{"type":"Feature","geometry":{"type":"LineString","coordinates":[[-95.5462919,39.1291856],[-95.5450211,39.1302092]]},"properties":{}},{"type":"Feature","geometry":{"type":"LineString","coordinates":[[-95.5453519,39.1291978],[-95.5450056,39.1294769]]},"properties":{}},{"type":"Feature","geometry":{"type":"LineString","coordinates":[[-94.7410072,39.2802478],[-94.7329989,39.2802983],[-94.7296339,39.2851706],[-94.7336947,39.2905456],[-94.7405261,39.2905025],[-94.7444736,39.2850769],[-94.7410072,39.2802478],[-94.7409764,39.2773189],[-94.7329683,39.2773694],[-94.7329989,39.2802983]]},"properties":{}},{"type":"Feature","geometry":{"type":"LineString","coordinates":[[-94.7296339,39.2851706],[-94.7262344,39.2867481],[-94.7304119,39.2920308],[-94.7336947,39.2905456]]},"properties":{}},{"type":"Feature","geometry":{"type":"LineString","coordinates":[[-94.7405261,39.2905025],[-94.7438397,39.2919458],[-94.7479058,39.2866108],[-94.7444736,39.2850769]]},"properties":{}},{"type":"Feature","geometry":{"type":"LineString","coordinates":[[-94.7333367,39.2900903],[-94.7314672,39.2915664]]},"properties":{}},{"type":"Feature","geometry":{"type":"LineString","coordinates":[[-94.7329783,39.2896347],[-94.7301733,39.2917578]]},"properties":{}},{"type":"Feature","geometry":{"type":"LineString","coordinates":[[-94.7326194,39.2890878],[-94.7298153,39.2913022]]},"properties":{}},{"type":"Feature","geometry":{"type":"LineString","coordinates":[[-94.7322611,39.2886325],[-94.7294572,39.2908469]]},"properties":{}},{"type":"Feature","geometry":{"type":"LineString","coordinates":[[-94.7319022,39.2880856],[-94.7290983,39.2903]]},"properties":{}},{"type":"Feature","geometry":{"type":"LineString","coordinates":[[-94.7315442,39.28763],[-94.72874,39.2898444]]},"properties":{}},{"type":"Feature","geometry":{"type":"LineString","coordinates":[[-94.7310683,39.2871756],[-94.7282642,39.2893897]]},"properties":{}},{"type":"Feature","geometry":{"type":"LineString","coordinates":[[-94.7307092,39.2866286],[-94.7279053,39.2888428]]},"properties":{}},{"type":"Feature","geometry":{"type":"LineString","coordinates":[[-94.7303511,39.2861731],[-94.7275472,39.2883875]]},"properties":{}},{"type":"Feature","geometry":{"type":"LineString","coordinates":[[-94.7299919,39.2856261],[-94.7271889,39.2879319]]},"properties":{}},{"type":"Feature","geometry":{"type":"LineString","coordinates":[[-94.7296339,39.2851706],[-94.7268308,39.2874767]]},"properties":{}},{"type":"Feature","geometry":{"type":"LineString","coordinates":[[-94.7272897,39.2862836],[-94.7263542,39.2869303]]},"properties":{}},{"type":"Feature","geometry":{"type":"LineString","coordinates":[[-94.7440722,39.2916697],[-94.7437219,39.2919467]]},"properties":{}},{"type":"Feature","geometry":{"type":"LineString","coordinates":[[-94.7454653,39.2897386],[-94.74313,39.2916758]]},"properties":{}},{"type":"Feature","geometry":{"type":"LineString","coordinates":[[-94.7469761,39.2878069],[-94.7425372,39.2913133]]},"properties":{}},{"type":"Feature","geometry":{"type":"LineString","coordinates":[[-94.7476692,39.2865208],[-94.7418275,39.2910433]]},"properties":{}},{"type":"Feature","geometry":{"type":"LineString","coordinates":[[-94.7469597,39.2862508],[-94.7412358,39.2907725]]},"properties":{}},{"type":"Feature","geometry":{"type":"LineString","coordinates":[[-94.7463669,39.2858886],[-94.7405261,39.2905025]]},"properties":{}},{"type":"Feature","geometry":{"type":"LineString","coordinates":[[-94.745775,39.2856178],[-94.7418033,39.2887553]]},"properties":{}},{"type":"Feature","geometry":{"type":"LineString","coordinates":[[-94.7450656,39.2853478],[-94.7430797,39.2869164]]},"properties":{}},{"type":"Feature","geometry":{"type":"LineString","coordinates":[[-94.7410033,39.2798817],[-94.7405361,39.2802506]]},"properties":{}},{"type":"Feature","geometry":{"type":"LineString","coordinates":[[-94.7409956,39.2791494],[-94.7395939,39.2802567]]},"properties":{}},{"type":"Feature","geometry":{"type":"LineString","coordinates":[[-94.7409869,39.2783256],[-94.7385342,39.2802633]]},"properties":{}},{"type":"Feature","geometry":{"type":"LineString","coordinates":[[-94.7409792,39.2775933],[-94.7375919,39.2802692]]},"properties":{}},{"type":"Feature","geometry":{"type":"LineString","coordinates":[[-94.7402697,39.2773233],[-94.7365319,39.2802761]]},"properties":{}},{"type":"Feature","geometry":{"type":"LineString","coordinates":[[-94.7393278,39.2773292],[-94.73559,39.2802819]]},"properties":{}},{"type":"Feature","geometry":{"type":"LineString","coordinates":[[-94.7382678,39.2773361],[-94.73453,39.2802886]]},"properties":{}},{"type":"Feature","geometry":{"type":"LineString","coordinates":[[-94.7373256,39.2773419],[-94.7335878,39.2802947]]},"properties":{}},{"type":"Feature","geometry":{"type":"LineString","coordinates":[[-94.7362658,39.2773486],[-94.732995,39.2799322]]},"properties":{}},{"type":"Feature","geometry":{"type":"LineString","coordinates":[[-94.7353236,39.2773544],[-94.7329875,39.2792]]},"properties":{}},{"type":"Feature","geometry":{"type":"LineString","coordinates":[[-94.7342639,39.2773614],[-94.7329789,39.2783761]]},"properties":{}},{"type":"Feature","geometry":{"type":"LineString","coordinates":[[-94.7333217,39.2773672],[-94.7329714,39.2776439]]},"properties":{}},{"type":"Feature","geometry":{"type":"LineString","coordinates":[[-94.8170636,39.2764792],[-94.8105231,39.2914633],[-94.8053206,39.2758806],[-94.7986228,39.2908564],[-94.7941956,39.2753122]]},"properties":{}},{"type":"Feature","geometry":{"type":"LineString","coordinates":[[-94.7736478,39.2888547],[-94.7745342,39.2893825],[-94.7755956,39.2896781],[-94.7793047,39.2898683],[-94.7807158,39.2896992],[-94.7811897,39.2896031],[-94.7835994,39.2886408],[-94.7850922,39.2875111],[-94.7856575,39.2863339],[-94.7869225,39.2842275],[-94.7871564,39.2814656],[-94.7869594,39.2801286],[-94.7865875,39.2790239],[-94.7860711,39.2777914],[-94.7846378,39.2763914],[-94.7818039,39.27504],[-94.7798258,39.2745769],[-94.7781261,39.2744897],[-94.7759325,39.2747392],[-94.7751294,39.2750597],[-94.7744908,39.2752683]]},"properties":{}},{"type":"Feature","geometry":{"type":"LineString","coordinates":[[-94.7682375,39.2739825],[-94.7669414,39.2892342]]},"properties":{}},{"type":"Feature","geometry":{"type":"LineString","coordinates":[[-92.2060522,39.1215578],[-92.2078642,39.1064578]]},"properties":{}},{"type":"Feature","geometry":{"type":"LineString","coordinates":[[-92.1929753,39.1206047],[-92.19479,39.105505]]},"properties":{}},{"type":"Feature","geometry":{"type":"LineString","coordinates":[[-92.2069008,39.1144872],[-92.193825,39.1135342]]},"properties":{}},{"type":"Feature","geometry":{"type":"LineString","coordinates":[[-92.1866533,39.1202644],[-92.1884836,39.1050447],[-92.1809469,39.1044944]]},"properties":{}},{"type":"Feature","geometry":{"type":"LineString","coordinates":[[-92.1728078,39.1192531],[-92.1672583,39.1034936],[-92.1583472,39.118195]]},"properties":{}},{"type":"Feature","geometry":{"type":"LineString","coordinates":[[-92.1323439,39.1085853],[-92.1243558,39.1084614],[-92.120825,39.1132589],[-92.1246808,39.1187208],[-92.1314953,39.1188264],[-92.1356272,39.1134886],[-92.1323439,39.1085853],[-92.1324186,39.1056567],[-92.1244308,39.1055328],[-92.1243558,39.1084614]]},"properties":{}},{"type":"Feature","geometry":{"type":"LineString","coordinates":[[-92.120825,39.1132589],[-92.1173781,39.1147617],[-92.1213539,39.1201339],[-92.1246808,39.1187208]]},"properties":{}},{"type":"Feature","geometry":{"type":"LineString","coordinates":[[-92.1314953,39.1188264],[-92.1347475,39.1203417],[-92.1389944,39.1150969],[-92.1356272,39.1134886]]},"properties":{}},{"type":"Feature","geometry":{"type":"LineString","coordinates":[[-92.1243403,39.1182578],[-92.1224231,39.1196928]]},"properties":{}},{"type":"Feature","geometry":{"type":"LineString","coordinates":[[-92.1239994,39.1177947],[-92.1211258,39.1198558]]},"properties":{}},{"type":"Feature","geometry":{"type":"LineString","coordinates":[[-92.1236611,39.11724],[-92.1207853,39.1193928]]},"properties":{}},{"type":"Feature","geometry":{"type":"LineString","coordinates":[[-92.1233203,39.1167769],[-92.1204444,39.1189297]]},"properties":{}},{"type":"Feature","geometry":{"type":"LineString","coordinates":[[-92.1229819,39.1162225],[-92.1201061,39.118375]]},"properties":{}},{"type":"Feature","geometry":{"type":"LineString","coordinates":[[-92.1226414,39.1157592],[-92.1197653,39.1179119]]},"properties":{}},{"type":"Feature","geometry":{"type":"LineString","coordinates":[[-92.1221831,39.1152944],[-92.1193072,39.1174469]]},"properties":{}},{"type":"Feature","geometry":{"type":"LineString","coordinates":[[-92.1218447,39.1147397],[-92.1189689,39.1168925]]},"properties":{}},{"type":"Feature","geometry":{"type":"LineString","coordinates":[[-92.1215039,39.1142767],[-92.1186281,39.1164292]]},"properties":{}},{"type":"Feature","geometry":{"type":"LineString","coordinates":[[-92.1211656,39.1137222],[-92.1182875,39.1159661]]},"properties":{}},{"type":"Feature","geometry":{"type":"LineString","coordinates":[[-92.120825,39.1132589],[-92.1179467,39.1155031]]},"properties":{}},{"type":"Feature","geometry":{"type":"LineString","coordinates":[[-92.1184472,39.1143206],[-92.1174908,39.1149467]]},"properties":{}},{"type":"Feature","geometry":{"type":"LineString","coordinates":[[-92.1349894,39.1200708],[-92.13463,39.1203397]]},"properties":{}},{"type":"Feature","geometry":{"type":"LineString","coordinates":[[-92.1364483,39.1181706],[-92.1340494,39.1200561]]},"properties":{}},{"type":"Feature","geometry":{"type":"LineString","coordinates":[[-92.1380244,39.1162722],[-92.1334714,39.1196811]]},"properties":{}},{"type":"Feature","geometry":{"type":"LineString","coordinates":[[-92.1387617,39.1150017],[-92.1327736,39.1193956]]},"properties":{}},{"type":"Feature","geometry":{"type":"LineString","coordinates":[[-92.1380639,39.1147164],[-92.1321931,39.1191119]]},"properties":{}},{"type":"Feature","geometry":{"type":"LineString","coordinates":[[-92.1374858,39.1143411],[-92.1314953,39.1188264]]},"properties":{}},{"type":"Feature","geometry":{"type":"LineString","coordinates":[[-92.1369053,39.1140575],[-92.1328319,39.1171075]]},"properties":{}},{"type":"Feature","geometry":{"type":"LineString","coordinates":[[-92.1362075,39.1137722],[-92.1341708,39.1152972]]},"properties":{}},{"type":"Feature","geometry":{"type":"LineString","coordinates":[[-92.1323533,39.1082192],[-92.1318739,39.1085781]]},"properties":{}},{"type":"Feature","geometry":{"type":"LineString","coordinates":[[-92.1323719,39.1074869],[-92.1309342,39.1085633]]},"properties":{}},{"type":"Feature","geometry":{"type":"LineString","coordinates":[[-92.1323928,39.1066633],[-92.1298769,39.1085469]]},"properties":{}},{"type":"Feature","geometry":{"type":"LineString","coordinates":[[-92.1324117,39.1059311],[-92.1289372,39.1085325]]},"properties":{}},{"type":"Feature","geometry":{"type":"LineString","coordinates":[[-92.1317136,39.1056458],[-92.12788,39.1085161]]},"properties":{}},{"type":"Feature","geometry":{"type":"LineString","coordinates":[[-92.1307739,39.1056311],[-92.1269403,39.1085017]]},"properties":{}},{"type":"Feature","geometry":{"type":"LineString","coordinates":[[-92.1297169,39.1056147],[-92.1258831,39.1084853]]},"properties":{}},{"type":"Feature","geometry":{"type":"LineString","coordinates":[[-92.1287772,39.1056003],[-92.1249433,39.1084706]]},"properties":{}},{"type":"Feature","geometry":{"type":"LineString","coordinates":[[-92.12772,39.1055839],[-92.1243653,39.1080953]]},"properties":{}},{"type":"Feature","geometry":{"type":"LineString","coordinates":[[-92.1267803,39.1055692],[-92.1243842,39.1073631]]},"properties":{}},{"type":"Feature","geometry":{"type":"LineString","coordinates":[[-92.1257231,39.1055528],[-92.1244053,39.1065394]]},"properties":{}},{"type":"Feature","geometry":{"type":"LineString","coordinates":[[-92.1247833,39.1055383],[-92.1244239,39.1058072]]},"properties":{}},{"type":"Feature","geometry":{"type":"LineString","coordinates":[[-92.6672894,40.1274853],[-92.6655333,40.1427014]]},"properties":{}},{"type":"Feature","geometry":{"type":"LineString","coordinates":[[-92.6526819,40.1340986],[-92.6465308,40.1260719]]},"properties":{}},{"type":"Feature","geometry":{"type":"LineString","coordinates":[[-92.6591731,40.1269331],[-92.6574156,40.1421492],[-92.6496097,40.1416178],[-92.6490131,40.1413356],[-92.6476636,40.1407606],[-92.6463972,40.1394667],[-92.6459114,40.1382261],[-92.6460778,40.1367883],[-92.6468406,40.1356328],[-92.6483842,40.1345306],[-92.6498444,40.1341469],[-92.6504964,40.1339497],[-92.6583014,40.1344811]]},"properties":{}},{"type":"Feature","geometry":{"type":"LineString","coordinates":[[-92.6383697,40.1408514],[-92.6401317,40.1256356]]},"properties":{}},{"type":"Feature","geometry":{"type":"LineString","coordinates":[[-92.6276122,40.1399964],[-92.6392578,40.1331836],[-92.6292067,40.12489]]},"properties":{}},{"type":"Feature","geometry":{"type":"LineString","coordinates":[[-92.5958708,40.1300728],[-92.5877678,40.12998],[-92.5842175,40.1347878],[-92.5881642,40.1402308],[-92.5950764,40.14031],[-92.5992325,40.1349597],[-92.5958708,40.1300728],[-92.5959275,40.1271458],[-92.587825,40.1270531],[-92.5877678,40.12998]]},"properties":{}},{"type":"Feature","geometry":{"type":"LineString","coordinates":[[-92.5842175,40.1347878],[-92.5807311,40.1363031],[-92.5847986,40.1416561],[-92.5881642,40.1402308]]},"properties":{}},{"type":"Feature","geometry":{"type":"LineString","coordinates":[[-92.5950764,40.14031],[-92.598385,40.1418117],[-92.6026586,40.1365542],[-92.5992325,40.1349597]]},"properties":{}},{"type":"Feature","geometry":{"type":"LineString","coordinates":[[-92.5878156,40.1397694],[-92.58588,40.1412111]]},"properties":{}},{"type":"Feature","geometry":{"type":"LineString","coordinates":[[-92.5874669,40.1393081],[-92.5845656,40.1413789]]},"properties":{}},{"type":"Feature","geometry":{"type":"LineString","coordinates":[[-92.58712,40.1387553],[-92.5842169,40.1409175]]},"properties":{}},{"type":"Feature","geometry":{"type":"LineString","coordinates":[[-92.5867714,40.1382936],[-92.5838683,40.1404561]]},"properties":{}},{"type":"Feature","geometry":{"type":"LineString","coordinates":[[-92.5864244,40.1377408],[-92.5835217,40.1399031]]},"properties":{}},{"type":"Feature","geometry":{"type":"LineString","coordinates":[[-92.5860761,40.1372794],[-92.5831731,40.1394417]]},"properties":{}},{"type":"Feature","geometry":{"type":"LineString","coordinates":[[-92.5856083,40.1368167],[-92.5827053,40.1389789]]},"properties":{}},{"type":"Feature","geometry":{"type":"LineString","coordinates":[[-92.5852614,40.1362636],[-92.5823583,40.1384258]]},"properties":{}},{"type":"Feature","geometry":{"type":"LineString","coordinates":[[-92.5849128,40.1358022],[-92.5820097,40.1379644]]},"properties":{}},{"type":"Feature","geometry":{"type":"LineString","coordinates":[[-92.5845661,40.1352494],[-92.5816614,40.1375031]]},"properties":{}},{"type":"Feature","geometry":{"type":"LineString","coordinates":[[-92.5842175,40.1347878],[-92.5813128,40.1370417]]},"properties":{}},{"type":"Feature","geometry":{"type":"LineString","coordinates":[[-92.5818128,40.1358581],[-92.5808469,40.1364872]]},"properties":{}},{"type":"Feature","geometry":{"type":"LineString","coordinates":[[-92.5986286,40.14154],[-92.5982658,40.1418103]]},"properties":{}},{"type":"Feature","geometry":{"type":"LineString","coordinates":[[-92.6000958,40.1396356],[-92.5976753,40.1415292]]},"properties":{}},{"type":"Feature","geometry":{"type":"LineString","coordinates":[[-92.6016822,40.1377322],[-92.5970864,40.1411564]]},"properties":{}},{"type":"Feature","geometry":{"type":"LineString","coordinates":[[-92.6024219,40.1364597],[-92.5963767,40.1408739]]},"properties":{}},{"type":"Feature","geometry":{"type":"LineString","coordinates":[[-92.6017122,40.1361772],[-92.5957861,40.1405925]]},"properties":{}},{"type":"Feature","geometry":{"type":"LineString","coordinates":[[-92.6011233,40.1358047],[-92.5950764,40.14031]]},"properties":{}},{"type":"Feature","geometry":{"type":"LineString","coordinates":[[-92.6005328,40.1355236],[-92.5964208,40.1385872]]},"properties":{}},{"type":"Feature","geometry":{"type":"LineString","coordinates":[[-92.5998231,40.1352411],[-92.5977672,40.1367728]]},"properties":{}},{"type":"Feature","geometry":{"type":"LineString","coordinates":[[-92.5958778,40.1297069],[-92.5953942,40.1300672]]},"properties":{}},{"type":"Feature","geometry":{"type":"LineString","coordinates":[[-92.5958919,40.128975],[-92.5944408,40.1300564]]},"properties":{}},{"type":"Feature","geometry":{"type":"LineString","coordinates":[[-92.5959078,40.1281519],[-92.5933683,40.1300442]]},"properties":{}},{"type":"Feature","geometry":{"type":"LineString","coordinates":[[-92.5959222,40.1274203],[-92.592415,40.1300331]]},"properties":{}},{"type":"Feature","geometry":{"type":"LineString","coordinates":[[-92.5952125,40.1271375],[-92.5913428,40.1300208]]},"properties":{}},{"type":"Feature","geometry":{"type":"LineString","coordinates":[[-92.5942592,40.1271267],[-92.5903894,40.13001]]},"properties":{}},{"type":"Feature","geometry":{"type":"LineString","coordinates":[[-92.5931869,40.1271144],[-92.5893169,40.1299978]]},"properties":{}},{"type":"Feature","geometry":{"type":"LineString","coordinates":[[-92.5922336,40.1271036],[-92.5883636,40.1299867]]},"properties":{}},{"type":"Feature","geometry":{"type":"LineString","coordinates":[[-92.5911614,40.1270911],[-92.587775,40.1296142]]},"properties":{}},{"type":"Feature","geometry":{"type":"LineString","coordinates":[[-92.5902081,40.1270803],[-92.5877892,40.1288822]]},"properties":{}},{"type":"Feature","geometry":{"type":"LineString","coordinates":[[-92.5891356,40.1270681],[-92.5878053,40.1280592]]},"properties":{}},{"type":"Feature","geometry":{"type":"LineString","coordinates":[[-92.5881825,40.1270569],[-92.5878194,40.1273275]]},"properties":{}},{"type":"Feature","geometry":{"type":"LineString","coordinates":[[-94.0537553,40.6038289],[-94.0552322,40.5886011],[-94.0475256,40.5881667]]},"properties":{}},{"type":"Feature","geometry":{"type":"LineString","coordinates":[[-94.0410769,40.5878025],[-94.0342483,40.6027281],[-94.0291239,40.5871269],[-94.0221353,40.6020428],[-94.0178003,40.5864856]]},"properties":{}},{"type":"Feature","geometry":{"type":"LineString","coordinates":[[-94.0111947,40.5861111],[-94.0097081,40.6013386],[-93.9934231,40.5851017],[-93.9919328,40.6003289]]},"properties":{}},{"type":"Feature","geometry":{"type":"LineString","coordinates":[[-93.9716622,40.5917506],[-93.9635058,40.5917497],[-93.9600261,40.5965953],[-93.9641033,40.6019908],[-93.9710614,40.6019914],[-93.9751406,40.5965969],[-93.9716622,40.5917506],[-93.9716628,40.5888244],[-93.9635067,40.5888236],[-93.9635058,40.5917497]]},"properties":{}},{"type":"Feature","geometry":{"type":"LineString","coordinates":[[-93.9600261,40.5965953],[-93.9565467,40.5981492],[-93.9607439,40.6034533],[-93.9641033,40.6019908]]},"properties":{}},{"type":"Feature","geometry":{"type":"LineString","coordinates":[[-93.9710614,40.6019914],[-93.9744203,40.6034547],[-93.9786192,40.5981514],[-93.9751406,40.5965969]]},"properties":{}},{"type":"Feature","geometry":{"type":"LineString","coordinates":[[-93.9637436,40.6015336],[-93.9618236,40.6029964]]},"properties":{}},{"type":"Feature","geometry":{"type":"LineString","coordinates":[[-93.9633836,40.6010764],[-93.9605039,40.6031789]]},"properties":{}},{"type":"Feature","geometry":{"type":"LineString","coordinates":[[-93.9630239,40.6005275],[-93.9601442,40.6027217]]},"properties":{}},{"type":"Feature","geometry":{"type":"LineString","coordinates":[[-93.9626642,40.6000703],[-93.9597844,40.6022644]]},"properties":{}},{"type":"Feature","geometry":{"type":"LineString","coordinates":[[-93.9623044,40.5995217],[-93.9594247,40.6017158]]},"properties":{}},{"type":"Feature","geometry":{"type":"LineString","coordinates":[[-93.9619447,40.5990644],[-93.959065,40.6012586]]},"properties":{}},{"type":"Feature","geometry":{"type":"LineString","coordinates":[[-93.961465,40.5986072],[-93.9585853,40.6008011]]},"properties":{}},{"type":"Feature","geometry":{"type":"LineString","coordinates":[[-93.9611053,40.5980586],[-93.9582256,40.6002525]]},"properties":{}},{"type":"Feature","geometry":{"type":"LineString","coordinates":[[-93.9607456,40.5976014],[-93.9578658,40.5997953]]},"properties":{}},{"type":"Feature","geometry":{"type":"LineString","coordinates":[[-93.9603858,40.5970525],[-93.9575061,40.5993381]]},"properties":{}},{"type":"Feature","geometry":{"type":"LineString","coordinates":[[-93.9600261,40.5965953],[-93.9571464,40.5988808]]},"properties":{}},{"type":"Feature","geometry":{"type":"LineString","coordinates":[[-93.9576267,40.5976922],[-93.9566667,40.5983319]]},"properties":{}},{"type":"Feature","geometry":{"type":"LineString","coordinates":[[-93.9746603,40.6031803],[-93.9743003,40.6034547]]},"properties":{}},{"type":"Feature","geometry":{"type":"LineString","coordinates":[[-93.9761,40.6012603],[-93.9737006,40.6031803]]},"properties":{}},{"type":"Feature","geometry":{"type":"LineString","coordinates":[[-93.9776594,40.59934],[-93.9731006,40.6028144]]},"properties":{}},{"type":"Feature","geometry":{"type":"LineString","coordinates":[[-93.9783792,40.59806],[-93.9723808,40.6025403]]},"properties":{}},{"type":"Feature","geometry":{"type":"LineString","coordinates":[[-93.9776594,40.5977856],[-93.9717811,40.6022658]]},"properties":{}},{"type":"Feature","geometry":{"type":"LineString","coordinates":[[-93.9770597,40.5974197],[-93.9710614,40.6019914]]},"properties":{}},{"type":"Feature","geometry":{"type":"LineString","coordinates":[[-93.97646,40.5971456],[-93.9723811,40.6002542]]},"properties":{}},{"type":"Feature","geometry":{"type":"LineString","coordinates":[[-93.9757403,40.5968711],[-93.9737008,40.5984256]]},"properties":{}},{"type":"Feature","geometry":{"type":"LineString","coordinates":[[-93.9716622,40.5913847],[-93.9711825,40.5917506]]},"properties":{}},{"type":"Feature","geometry":{"type":"LineString","coordinates":[[-93.9716625,40.5906533],[-93.9702231,40.5917503]]},"properties":{}},{"type":"Feature","geometry":{"type":"LineString","coordinates":[[-93.9716625,40.5898303],[-93.9691433,40.5917503]]},"properties":{}},{"type":"Feature","geometry":{"type":"LineString","coordinates":[[-93.9716628,40.5890989],[-93.9681839,40.5917503]]},"properties":{}},{"type":"Feature","geometry":{"type":"LineString","coordinates":[[-93.9709431,40.5888244],[-93.9671044,40.59175]]},"properties":{}},{"type":"Feature","geometry":{"type":"LineString","coordinates":[[-93.9699833,40.5888242],[-93.9661447,40.59175]]},"properties":{}},{"type":"Feature","geometry":{"type":"LineString","coordinates":[[-93.9689039,40.5888242],[-93.9650653,40.5917497]]},"properties":{}},{"type":"Feature","geometry":{"type":"LineString","coordinates":[[-93.9679444,40.5888242],[-93.9641056,40.5917497]]},"properties":{}},{"type":"Feature","geometry":{"type":"LineString","coordinates":[[-93.966865,40.5888239],[-93.9635058,40.5913839]]},"properties":{}},{"type":"Feature","geometry":{"type":"LineString","coordinates":[[-93.9659053,40.5888239],[-93.9635061,40.5906522]]},"properties":{}},{"type":"Feature","geometry":{"type":"LineString","coordinates":[[-93.9648258,40.5888239],[-93.9635064,40.5898294]]},"properties":{}},{"type":"Feature","geometry":{"type":"LineString","coordinates":[[-93.9638664,40.5888236],[-93.9635064,40.5890978]]},"properties":{}},{"type":"Feature","geometry":{"type":"LineString","coordinates":[[-91.0478269,38.6955008],[-91.0391197,38.6947769]]},"properties":{}},{"type":"Feature","geometry":{"type":"LineString","coordinates":[[-91.0376236,38.7024006],[-91.0467903,38.7031628],[-91.0488472,38.6879589]]},"properties":{}},{"type":"Feature","geometry":{"type":"LineString","coordinates":[[-91.0318183,38.7019175],[-91.0208192,38.7010017]]},"properties":{}},{"type":"Feature","geometry":{"type":"LineString","coordinates":[[-91.0264714,38.7014725],[-91.0285328,38.6862689]]},"properties":{}},{"type":"Feature","geometry":{"type":"LineString","coordinates":[[-91.0134864,38.7003906],[-91.0030986,38.6995239],[-91.003245,38.6984464],[-91.0166033,38.6853961],[-91.0166194,38.6852764],[-91.0045539,38.6842697]]},"properties":{}},{"type":"Feature","geometry":{"type":"LineString","coordinates":[[-90.9753428,38.6894303],[-90.9674033,38.6892289],[-90.9638167,38.6939928],[-90.9675636,38.6994925],[-90.9743364,38.6996644],[-90.9785289,38.6943658],[-90.9753428,38.6894303],[-90.9754633,38.6865019],[-90.9675242,38.6863008],[-90.9674033,38.6892289]]},"properties":{}},{"type":"Feature","geometry":{"type":"LineString","coordinates":[[-90.9638167,38.6939928],[-90.9603661,38.6954625],[-90.9642333,38.7008736],[-90.9675636,38.6994925]]},"properties":{}},{"type":"Feature","geometry":{"type":"LineString","coordinates":[[-90.9743364,38.6996644],[-90.9775458,38.7012111],[-90.9818511,38.6960069],[-90.9785289,38.6943658]]},"properties":{}},{"type":"Feature","geometry":{"type":"LineString","coordinates":[[-90.9672322,38.6990261],[-90.9653033,38.7004428]]},"properties":{}},{"type":"Feature","geometry":{"type":"LineString","coordinates":[[-90.9669008,38.6985597],[-90.9640111,38.7005933]]},"properties":{}},{"type":"Feature","geometry":{"type":"LineString","coordinates":[[-90.9665731,38.6980019],[-90.9636797,38.7001269]]},"properties":{}},{"type":"Feature","geometry":{"type":"LineString","coordinates":[[-90.9662417,38.6975353],[-90.9633483,38.6996603]]},"properties":{}},{"type":"Feature","geometry":{"type":"LineString","coordinates":[[-90.9659142,38.6969775],[-90.9630208,38.6991025]]},"properties":{}},{"type":"Feature","geometry":{"type":"LineString","coordinates":[[-90.9655828,38.6965111],[-90.9626894,38.6986361]]},"properties":{}},{"type":"Feature","geometry":{"type":"LineString","coordinates":[[-90.9651347,38.6960417],[-90.9622414,38.6981667]]},"properties":{}},{"type":"Feature","geometry":{"type":"LineString","coordinates":[[-90.9648069,38.6954836],[-90.9619136,38.6976086]]},"properties":{}},{"type":"Feature","geometry":{"type":"LineString","coordinates":[[-90.9644756,38.6950172],[-90.9615825,38.6971422]]},"properties":{}},{"type":"Feature","geometry":{"type":"LineString","coordinates":[[-90.9641481,38.6944594],[-90.9612511,38.6966758]]},"properties":{}},{"type":"Feature","geometry":{"type":"LineString","coordinates":[[-90.9638167,38.6939928],[-90.9609197,38.6962094]]},"properties":{}},{"type":"Feature","geometry":{"type":"LineString","coordinates":[[-90.9614361,38.6950317],[-90.9604753,38.6956483]]},"properties":{}},{"type":"Feature","geometry":{"type":"LineString","coordinates":[[-90.9777906,38.7009425],[-90.9774289,38.7012083]]},"properties":{}},{"type":"Feature","geometry":{"type":"LineString","coordinates":[[-90.9792711,38.6990564],[-90.9768564,38.7009189]]},"properties":{}},{"type":"Feature","geometry":{"type":"LineString","coordinates":[[-90.9808681,38.6971731],[-90.9762875,38.7005381]]},"properties":{}},{"type":"Feature","geometry":{"type":"LineString","coordinates":[[-90.9816214,38.6959097],[-90.9755983,38.7002458]]},"properties":{}},{"type":"Feature","geometry":{"type":"LineString","coordinates":[[-90.9809322,38.6956175],[-90.9750258,38.6999567]]},"properties":{}},{"type":"Feature","geometry":{"type":"LineString","coordinates":[[-90.9803633,38.6952367],[-90.9743364,38.6996644]]},"properties":{}},{"type":"Feature","geometry":{"type":"LineString","coordinates":[[-90.9797908,38.6949472],[-90.9756925,38.6979581]]},"properties":{}},{"type":"Feature","geometry":{"type":"LineString","coordinates":[[-90.9791014,38.694655],[-90.9770525,38.6961606]]},"properties":{}},{"type":"Feature","geometry":{"type":"LineString","coordinates":[[-90.9753578,38.6890642],[-90.9748756,38.6894183]]},"properties":{}},{"type":"Feature","geometry":{"type":"LineString","coordinates":[[-90.9753881,38.6883322],[-90.9739417,38.6893947]]},"properties":{}},{"type":"Feature","geometry":{"type":"LineString","coordinates":[[-90.9754219,38.6875086],[-90.9728908,38.6893681]]},"properties":{}},{"type":"Feature","geometry":{"type":"LineString","coordinates":[[-90.9754519,38.6867764],[-90.9719567,38.6893444]]},"properties":{}},{"type":"Feature","geometry":{"type":"LineString","coordinates":[[-90.9747628,38.6864842],[-90.9709058,38.6893178]]},"properties":{}},{"type":"Feature","geometry":{"type":"LineString","coordinates":[[-90.9738289,38.6864606],[-90.9699719,38.6892942]]},"properties":{}},{"type":"Feature","geometry":{"type":"LineString","coordinates":[[-90.9727781,38.6864339],[-90.9689211,38.6892675]]},"properties":{}},{"type":"Feature","geometry":{"type":"LineString","coordinates":[[-90.9718442,38.6864103],[-90.9679869,38.6892439]]},"properties":{}},{"type":"Feature","geometry":{"type":"LineString","coordinates":[[-90.9707933,38.6863836],[-90.9674183,38.6888631]]},"properties":{}},{"type":"Feature","geometry":{"type":"LineString","coordinates":[[-90.9698592,38.68636],[-90.9674486,38.6881308]]},"properties":{}},{"type":"Feature","geometry":{"type":"LineString","coordinates":[[-90.9688086,38.6863333],[-90.9674828,38.6873072]]},"properties":{}},{"type":"Feature","geometry":{"type":"LineString","coordinates":[[-90.9678744,38.6863097],[-90.9675131,38.6865753]]},"properties":{}},{"type":"Feature","geometry":{"type":"LineString","coordinates":[[-89.9994892,38.7489378],[-89.9884964,38.7479264]]},"properties":{}},{"type":"Feature","geometry":{"type":"LineString","coordinates":[[-89.9941453,38.7484464],[-89.9964222,38.7332617]]},"properties":{}},{"type":"Feature","geometry":{"type":"LineString","coordinates":[[-89.9712442,38.7463375],[-89.9739922,38.7465908],[-89.9753842,38.7465981],[-89.9782939,38.745775],[-89.9811947,38.7439817],[-89.9823439,38.7425117],[-89.9830892,38.7406408],[-89.9833225,38.7390867],[-89.9832325,38.7376236],[-89.9827025,38.7359992],[-89.9813106,38.7339314],[-89.9807897,38.7332775],[-89.9796764,38.7324478],[-89.9771892,38.7314911],[-89.9739839,38.7311958],[-89.9724214,38.7312942],[-89.9708233,38.7316317],[-89.9698536,38.7319058],[-89.9681833,38.7327217],[-89.9665939,38.7340297],[-89.9659922,38.7349439],[-89.9652647,38.736695],[-89.9648331,38.7395644],[-89.9657756,38.7425606],[-89.9665478,38.7436014],[-89.9674906,38.7445369],[-89.9684694,38.7452333],[-89.9687567,38.7453808],[-89.9712442,38.7463375]]},"properties":{}},{"type":"Feature","geometry":{"type":"LineString","coordinates":[[-89.9576569,38.7450844],[-89.9525144,38.7350333],[-89.9446808,38.7438861]]},"properties":{}},{"type":"Feature","geometry":{"type":"LineString","coordinates":[[-89.9525144,38.7350333],[-89.9533603,38.7294142]]},"properties":{}},{"type":"Feature","geometry":{"type":"LineString","coordinates":[[-89.9228325,38.7342733],[-89.9148917,38.7340017],[-89.9112342,38.7387333],[-89.9149036,38.7442658],[-89.9216778,38.7444975],[-89.9259492,38.7392367],[-89.9228325,38.7342733],[-89.9229956,38.7313461],[-89.915055,38.7310747],[-89.9148917,38.7340017]]},"properties":{}},{"type":"Feature","geometry":{"type":"LineString","coordinates":[[-89.9112342,38.7387333],[-89.9077606,38.7401722],[-89.9115517,38.7456172],[-89.9149036,38.7442658]]},"properties":{}},{"type":"Feature","geometry":{"type":"LineString","coordinates":[[-89.9216778,38.7444975],[-89.9248667,38.7460728],[-89.9292497,38.7409072],[-89.9259492,38.7392367]]},"properties":{}},{"type":"Feature","geometry":{"type":"LineString","coordinates":[[-89.9145789,38.7437964],[-89.9126283,38.7451961]]},"properties":{}},{"type":"Feature","geometry":{"type":"LineString","coordinates":[[-89.9142539,38.7433272],[-89.9113336,38.745335]]},"properties":{}},{"type":"Feature","geometry":{"type":"LineString","coordinates":[[-89.9139342,38.7427664],[-89.9110086,38.7448656]]},"properties":{}},{"type":"Feature","geometry":{"type":"LineString","coordinates":[[-89.9136094,38.7422969],[-89.9106839,38.7443961]]},"properties":{}},{"type":"Feature","geometry":{"type":"LineString","coordinates":[[-89.9132897,38.7417361],[-89.9103642,38.7438356]]},"properties":{}},{"type":"Feature","geometry":{"type":"LineString","coordinates":[[-89.912965,38.7412669],[-89.9100392,38.7433661]]},"properties":{}},{"type":"Feature","geometry":{"type":"LineString","coordinates":[[-89.9125233,38.7407936],[-89.9095978,38.7428928]]},"properties":{}},{"type":"Feature","geometry":{"type":"LineString","coordinates":[[-89.9122036,38.7402328],[-89.9092781,38.7423319]]},"properties":{}},{"type":"Feature","geometry":{"type":"LineString","coordinates":[[-89.9118789,38.7397633],[-89.9089531,38.7418625]]},"properties":{}},{"type":"Feature","geometry":{"type":"LineString","coordinates":[[-89.9115592,38.7392025],[-89.9086283,38.7413933]]},"properties":{}},{"type":"Feature","geometry":{"type":"LineString","coordinates":[[-89.9112342,38.7387333],[-89.9083036,38.7409239]]},"properties":{}},{"type":"Feature","geometry":{"type":"LineString","coordinates":[[-89.9088372,38.7397508],[-89.9078672,38.7403592]]},"properties":{}},{"type":"Feature","geometry":{"type":"LineString","coordinates":[[-89.9251156,38.7458064],[-89.9247497,38.7460689]]},"properties":{}},{"type":"Feature","geometry":{"type":"LineString","coordinates":[[-89.9266239,38.7439333],[-89.9241811,38.7457744]]},"properties":{}},{"type":"Feature","geometry":{"type":"LineString","coordinates":[[-89.9282492,38.7420644],[-89.9236175,38.7453886]]},"properties":{}},{"type":"Feature","geometry":{"type":"LineString","coordinates":[[-89.9290211,38.7408078],[-89.9229319,38.7450903]]},"properties":{}},{"type":"Feature","geometry":{"type":"LineString","coordinates":[[-89.9283356,38.7405094],[-89.9223633,38.7447958]]},"properties":{}},{"type":"Feature","geometry":{"type":"LineString","coordinates":[[-89.9277719,38.7401236],[-89.9216778,38.7444975]]},"properties":{}},{"type":"Feature","geometry":{"type":"LineString","coordinates":[[-89.9272033,38.7398294],[-89.9230594,38.7428036]]},"properties":{}},{"type":"Feature","geometry":{"type":"LineString","coordinates":[[-89.9265181,38.7395311],[-89.9244458,38.7410181]]},"properties":{}},{"type":"Feature","geometry":{"type":"LineString","coordinates":[[-89.9228528,38.7339072],[-89.9223653,38.7342572]]},"properties":{}},{"type":"Feature","geometry":{"type":"LineString","coordinates":[[-89.9228936,38.7331756],[-89.9214311,38.7342253]]},"properties":{}},{"type":"Feature","geometry":{"type":"LineString","coordinates":[[-89.9229394,38.7323522],[-89.9203803,38.7341894]]},"properties":{}},{"type":"Feature","geometry":{"type":"LineString","coordinates":[[-89.9229803,38.7316206],[-89.9194458,38.7341575]]},"properties":{}},{"type":"Feature","geometry":{"type":"LineString","coordinates":[[-89.922295,38.7313222],[-89.918395,38.7341214]]},"properties":{}},{"type":"Feature","geometry":{"type":"LineString","coordinates":[[-89.9213606,38.7312903],[-89.9174606,38.7340894]]},"properties":{}},{"type":"Feature","geometry":{"type":"LineString","coordinates":[[-89.9203097,38.7312544],[-89.9164097,38.7340536]]},"properties":{}},{"type":"Feature","geometry":{"type":"LineString","coordinates":[[-89.9193756,38.7312225],[-89.9154756,38.7340217]]},"properties":{}},{"type":"Feature","geometry":{"type":"LineString","coordinates":[[-89.9183244,38.7311864],[-89.9149119,38.7336356]]},"properties":{}},{"type":"Feature","geometry":{"type":"LineString","coordinates":[[-89.9173903,38.7311544],[-89.9149528,38.7329039]]},"properties":{}},{"type":"Feature","geometry":{"type":"LineString","coordinates":[[-89.9163394,38.7311186],[-89.9149986,38.7320808]]},"properties":{}},{"type":"Feature","geometry":{"type":"LineString","coordinates":[[-89.9154053,38.7310867],[-89.9150394,38.7313492]]},"properties":{}},{"type":"Feature","geometry":{"type":"LineString","coordinates":[[-90.5482133,38.8674547],[-90.5494203,38.8687708],[-90.5497092,38.8689172],[-90.5516647,38.8693297],[-90.5533822,38.8692372],[-90.5543686,38.8688383],[-90.5553719,38.8683203],[-90.5562903,38.86731],[-90.5566822,38.8645583],[-90.5559175,38.8634017],[-90.5553733,38.8628697],[-90.5531803,38.8619522],[-90.5506642,38.8611275],[-90.5489303,38.8602497],[-90.5484206,38.8594786],[-90.5483531,38.8577769],[-90.5488808,38.8562483],[-90.5497822,38.8553578],[-90.5506153,38.8549458],[-90.5512786,38.8546403],[-90.5520947,38.8543481],[-90.5538289,38.8541356],[-90.5547469,38.8542156],[-90.5556308,38.8545347],[-90.5567867,38.85512],[-90.5574836,38.855665],[-90.5584186,38.8567153]]},"properties":{}},{"type":"Feature","geometry":{"type":"LineString","coordinates":[[-90.54034,38.8683433],[-90.5293219,38.8673822]]},"properties":{}},{"type":"Feature","geometry":{"type":"LineString","coordinates":[[-90.5349839,38.8678761],[-90.5371517,38.8526825]]},"properties":{}},{"type":"Feature","geometry":{"type":"LineString","coordinates":[[-90.5228947,38.8668211],[-90.5250647,38.8516275],[-90.5175683,38.8509728]]},"properties":{}},{"type":"Feature","geometry":{"type":"LineString","coordinates":[[-90.4865794,38.8558089],[-90.4786233,38.855575],[-90.4749967,38.8603236],[-90.4787153,38.8658386],[-90.4855022,38.8660381],[-90.48974,38.8607572],[-90.4865794,38.8558089],[-90.4867203,38.8528814],[-90.4787644,38.8526475],[-90.4786233,38.855575]]},"properties":{}},{"type":"Feature","geometry":{"type":"LineString","coordinates":[[-90.4749967,38.8603236],[-90.4715283,38.8617789],[-90.4753681,38.8672058],[-90.4787153,38.8658386]]},"properties":{}},{"type":"Feature","geometry":{"type":"LineString","coordinates":[[-90.4855022,38.8660381],[-90.4887083,38.8675981],[-90.4930586,38.8624119],[-90.48974,38.8607572]]},"properties":{}},{"type":"Feature","geometry":{"type":"LineString","coordinates":[[-90.4783861,38.8653708],[-90.4764433,38.8667794]]},"properties":{}},{"type":"Feature","geometry":{"type":"LineString","coordinates":[[-90.4780572,38.8649031],[-90.4751472,38.8669244]]},"properties":{}},{"type":"Feature","geometry":{"type":"LineString","coordinates":[[-90.4777325,38.8643439],[-90.4748183,38.8664567]]},"properties":{}},{"type":"Feature","geometry":{"type":"LineString","coordinates":[[-90.4774036,38.8638761],[-90.4744892,38.8659889]]},"properties":{}},{"type":"Feature","geometry":{"type":"LineString","coordinates":[[-90.4770789,38.8633167],[-90.4741647,38.8654297]]},"properties":{}},{"type":"Feature","geometry":{"type":"LineString","coordinates":[[-90.47675,38.8628489],[-90.4738358,38.8649619]]},"properties":{}},{"type":"Feature","geometry":{"type":"LineString","coordinates":[[-90.4763039,38.8623778],[-90.4733897,38.8644906]]},"properties":{}},{"type":"Feature","geometry":{"type":"LineString","coordinates":[[-90.4759792,38.8618186],[-90.473065,38.8639314]]},"properties":{}},{"type":"Feature","geometry":{"type":"LineString","coordinates":[[-90.4756503,38.8613508],[-90.4727361,38.8634636]]},"properties":{}},{"type":"Feature","geometry":{"type":"LineString","coordinates":[[-90.4753258,38.8607914],[-90.4724072,38.8629958]]},"properties":{}},{"type":"Feature","geometry":{"type":"LineString","coordinates":[[-90.4749967,38.8603236],[-90.4720781,38.8625281]]},"properties":{}},{"type":"Feature","geometry":{"type":"LineString","coordinates":[[-90.4726036,38.8613525],[-90.4716367,38.8619653]]},"properties":{}},{"type":"Feature","geometry":{"type":"LineString","coordinates":[[-90.4889558,38.8673303],[-90.4885914,38.8675944]]},"properties":{}},{"type":"Feature","geometry":{"type":"LineString","coordinates":[[-90.4904522,38.8654506],[-90.4880194,38.8673031]]},"properties":{}},{"type":"Feature","geometry":{"type":"LineString","coordinates":[[-90.4920656,38.8635739],[-90.4874519,38.8669197]]},"properties":{}},{"type":"Feature","geometry":{"type":"LineString","coordinates":[[-90.4928292,38.8623136],[-90.4867631,38.8666247]]},"properties":{}},{"type":"Feature","geometry":{"type":"LineString","coordinates":[[-90.4921403,38.8620186],[-90.4861911,38.8663331]]},"properties":{}},{"type":"Feature","geometry":{"type":"LineString","coordinates":[[-90.4915725,38.8616356],[-90.4855022,38.8660381]]},"properties":{}},{"type":"Feature","geometry":{"type":"LineString","coordinates":[[-90.4910008,38.8613439],[-90.4868731,38.8643375]]},"properties":{}},{"type":"Feature","geometry":{"type":"LineString","coordinates":[[-90.4903119,38.8610489],[-90.4882481,38.8625458]]},"properties":{}},{"type":"Feature","geometry":{"type":"LineString","coordinates":[[-90.4865972,38.8554431],[-90.4861117,38.8557953]]},"properties":{}},{"type":"Feature","geometry":{"type":"LineString","coordinates":[[-90.4866322,38.8547111],[-90.4851756,38.8557678]]},"properties":{}},{"type":"Feature","geometry":{"type":"LineString","coordinates":[[-90.4866719,38.8538878],[-90.4841225,38.8557367]]},"properties":{}},{"type":"Feature","geometry":{"type":"LineString","coordinates":[[-90.4867069,38.8531558],[-90.4831867,38.8557092]]},"properties":{}},{"type":"Feature","geometry":{"type":"LineString","coordinates":[[-90.4860183,38.8528608],[-90.4821336,38.8556783]]},"properties":{}},{"type":"Feature","geometry":{"type":"LineString","coordinates":[[-90.4850822,38.8528333],[-90.4811975,38.8556508]]},"properties":{}},{"type":"Feature","geometry":{"type":"LineString","coordinates":[[-90.4840292,38.8528022],[-90.4801444,38.8556197]]},"properties":{}},{"type":"Feature","geometry":{"type":"LineString","coordinates":[[-90.4830933,38.8527747],[-90.4792083,38.8555922]]},"properties":{}},{"type":"Feature","geometry":{"type":"LineString","coordinates":[[-90.4820403,38.8527439],[-90.4786411,38.8552092]]},"properties":{}},{"type":"Feature","geometry":{"type":"LineString","coordinates":[[-90.4811044,38.8527164],[-90.4786764,38.8544772]]},"properties":{}},{"type":"Feature","geometry":{"type":"LineString","coordinates":[[-90.4800514,38.8526853],[-90.4787158,38.8536539]]},"properties":{}},{"type":"Feature","geometry":{"type":"LineString","coordinates":[[-90.4791153,38.8526578],[-90.4787511,38.8529219]]},"properties":{}},{"type":"Feature","geometry":{"type":"LineString","coordinates":[[-89.7408986,39.8467261],[-89.7421075,39.8480494],[-89.7423989,39.8481975],[-89.7443767,39.8486225],[-89.7461183,39.8485411],[-89.7471225,39.8481492],[-89.7481453,39.8476378],[-89.7490872,39.8466342],[-89.7495142,39.8438867],[-89.7487514,39.8427256],[-89.7482056,39.8421906],[-89.7459925,39.8412592],[-89.7434511,39.8404186],[-89.7417031,39.8395303],[-89.7411944,39.8387561],[-89.7411447,39.8370553],[-89.7416958,39.8355308],[-89.7426192,39.8346469],[-89.7434683,39.8342406],[-89.7441436,39.8339394],[-89.7449742,39.8336528],[-89.7467342,39.8334517],[-89.7476639,39.8335375],[-89.7485564,39.8338622],[-89.7497217,39.8344544],[-89.7504222,39.8350039],[-89.7513586,39.8360597]]},"properties":{}},{"type":"Feature","geometry":{"type":"LineString","coordinates":[[-89.7352686,39.8323922],[-89.7329083,39.8475628],[-89.72516,39.8468464],[-89.7245772,39.84655],[-89.7232569,39.8459431],[-89.7220483,39.8446194],[-89.7216144,39.8433678],[-89.7218378,39.8419342],[-89.7226436,39.8407972],[-89.7242242,39.8397317],[-89.7256933,39.8393831],[-89.7263503,39.8392014],[-89.7340978,39.8399178]]},"properties":{}},{"type":"Feature","geometry":{"type":"LineString","coordinates":[[-89.7169861,39.8307006],[-89.7146222,39.8458708]]},"properties":{}},{"type":"Feature","geometry":{"type":"LineString","coordinates":[[-89.6820528,39.8348681],[-89.6739911,39.8345806],[-89.6702619,39.8393019],[-89.6739689,39.8448386],[-89.6808461,39.8450839],[-89.6852008,39.8398347],[-89.6820528,39.8348681],[-89.6822281,39.8319433],[-89.6741667,39.8316558],[-89.6739911,39.8345806]]},"properties":{}},{"type":"Feature","geometry":{"type":"LineString","coordinates":[[-89.6702619,39.8393019],[-89.66673,39.8407328],[-89.6705611,39.8461822],[-89.6739689,39.8448386]]},"properties":{}},{"type":"Feature","geometry":{"type":"LineString","coordinates":[[-89.6808461,39.8450839],[-89.6840786,39.8466644],[-89.6885461,39.8415108],[-89.6852008,39.8398347]]},"properties":{}},{"type":"Feature","geometry":{"type":"LineString","coordinates":[[-89.6736408,39.8443689],[-89.6716556,39.8457633]]},"properties":{}},{"type":"Feature","geometry":{"type":"LineString","coordinates":[[-89.6733125,39.8438992],[-89.6703403,39.8458997]]},"properties":{}},{"type":"Feature","geometry":{"type":"LineString","coordinates":[[-89.6729897,39.8433381],[-89.6700122,39.84543]]},"properties":{}},{"type":"Feature","geometry":{"type":"LineString","coordinates":[[-89.6726614,39.8428683],[-89.6696839,39.8449603]]},"properties":{}},{"type":"Feature","geometry":{"type":"LineString","coordinates":[[-89.6723386,39.8423072],[-89.6693611,39.8443992]]},"properties":{}},{"type":"Feature","geometry":{"type":"LineString","coordinates":[[-89.6720106,39.8418375],[-89.6690331,39.8439294]]},"properties":{}},{"type":"Feature","geometry":{"type":"LineString","coordinates":[[-89.6715636,39.8413636],[-89.6685861,39.8434556]]},"properties":{}},{"type":"Feature","geometry":{"type":"LineString","coordinates":[[-89.6712408,39.8408025],[-89.6682633,39.8428944]]},"properties":{}},{"type":"Feature","geometry":{"type":"LineString","coordinates":[[-89.6709128,39.8403328],[-89.6679353,39.8424247]]},"properties":{}},{"type":"Feature","geometry":{"type":"LineString","coordinates":[[-89.67059,39.8397717],[-89.6676069,39.841955]]},"properties":{}},{"type":"Feature","geometry":{"type":"LineString","coordinates":[[-89.6702619,39.8393019],[-89.6672789,39.8414853]]},"properties":{}},{"type":"Feature","geometry":{"type":"LineString","coordinates":[[-89.6678244,39.8403139],[-89.6668375,39.84092]]},"properties":{}},{"type":"Feature","geometry":{"type":"LineString","coordinates":[[-89.6843322,39.8463986],[-89.68396,39.8466603]]},"properties":{}},{"type":"Feature","geometry":{"type":"LineString","coordinates":[[-89.68587,39.84453],[-89.6833836,39.846365]]},"properties":{}},{"type":"Feature","geometry":{"type":"LineString","coordinates":[[-89.6875264,39.8426656],[-89.6828125,39.8459783]]},"properties":{}},{"type":"Feature","geometry":{"type":"LineString","coordinates":[[-89.6883144,39.8414111],[-89.6821175,39.8456786]]},"properties":{}},{"type":"Feature","geometry":{"type":"LineString","coordinates":[[-89.6876194,39.8411117],[-89.6815411,39.8453833]]},"properties":{}},{"type":"Feature","geometry":{"type":"LineString","coordinates":[[-89.6870486,39.840725],[-89.6808461,39.8450839]]},"properties":{}},{"type":"Feature","geometry":{"type":"LineString","coordinates":[[-89.6864722,39.8404297],[-89.6822547,39.8433936]]},"properties":{}},{"type":"Feature","geometry":{"type":"LineString","coordinates":[[-89.6857772,39.84013],[-89.6836683,39.8416122]]},"properties":{}},{"type":"Feature","geometry":{"type":"LineString","coordinates":[[-89.6820747,39.8345025],[-89.6815786,39.8348511]]},"properties":{}},{"type":"Feature","geometry":{"type":"LineString","coordinates":[[-89.6821186,39.8337714],[-89.6806303,39.8348175]]},"properties":{}},{"type":"Feature","geometry":{"type":"LineString","coordinates":[[-89.6821678,39.8329486],[-89.6795631,39.8347794]]},"properties":{}},{"type":"Feature","geometry":{"type":"LineString","coordinates":[[-89.6822117,39.8322175],[-89.6786147,39.8347456]]},"properties":{}},{"type":"Feature","geometry":{"type":"LineString","coordinates":[[-89.6815169,39.8319181],[-89.6775478,39.8347075]]},"properties":{}},{"type":"Feature","geometry":{"type":"LineString","coordinates":[[-89.6805683,39.8318842],[-89.6765992,39.8346736]]},"properties":{}},{"type":"Feature","geometry":{"type":"LineString","coordinates":[[-89.6795014,39.8318461],[-89.6755322,39.8346356]]},"properties":{}},{"type":"Feature","geometry":{"type":"LineString","coordinates":[[-89.6785531,39.8318122],[-89.6745839,39.8346017]]},"properties":{}},{"type":"Feature","geometry":{"type":"LineString","coordinates":[[-89.6774861,39.8317742],[-89.6740131,39.834215]]},"properties":{}},{"type":"Feature","geometry":{"type":"LineString","coordinates":[[-89.6765378,39.8317406],[-89.6740569,39.8334839]]},"properties":{}},{"type":"Feature","geometry":{"type":"LineString","coordinates":[[-89.6754708,39.8317025],[-89.6741064,39.8326611]]},"properties":{}},{"type":"Feature","geometry":{"type":"LineString","coordinates":[[-89.6745225,39.8316686],[-89.6741503,39.83193]]},"properties":{}},{"type":"Feature","geometry":{"type":"LineString","coordinates":[[-91.3557961,39.8564886],[-91.3574044,39.8444008],[-91.3573286,39.8437903],[-91.3564011,39.8425075],[-91.3557203,39.8417281],[-91.3545419,39.8411511],[-91.35285,39.8408964],[-91.3503661,39.8406997],[-91.3489528,39.8407089],[-91.3470103,39.84116],[-91.3458119,39.8419117],[-91.345095,39.8425808],[-91.3446411,39.8436333],[-91.3430628,39.8554814]]},"properties":{}},{"type":"Feature","geometry":{"type":"LineString","coordinates":[[-91.3385669,39.8397658],[-91.3365408,39.8549653]]},"properties":{}},{"type":"Feature","geometry":{"type":"LineString","coordinates":[[-91.3304942,39.8391261],[-91.3284664,39.8543253],[-91.3129519,39.8377342],[-91.3109203,39.8529331]]},"properties":{}},{"type":"Feature","geometry":{"type":"LineString","coordinates":[[-91.2831389,39.8429503],[-91.2750708,39.8427697],[-91.2714472,39.84754],[-91.2752778,39.8530264],[-91.2821603,39.8531803],[-91.2863975,39.8478744],[-91.2831389,39.8429503],[-91.2832489,39.8400236],[-91.2751814,39.8398431],[-91.2750708,39.8427697]]},"properties":{}},{"type":"Feature","geometry":{"type":"LineString","coordinates":[[-91.2714472,39.84754],[-91.2679475,39.8490175],[-91.2719,39.8544153],[-91.2752778,39.8530264]]},"properties":{}},{"type":"Feature","geometry":{"type":"LineString","coordinates":[[-91.2821603,39.8531803],[-91.2854278,39.8547181],[-91.28978,39.8495061],[-91.2863975,39.8478744]]},"properties":{}},{"type":"Feature","geometry":{"type":"LineString","coordinates":[[-91.2749392,39.8525611],[-91.2729853,39.8539819]]},"properties":{}},{"type":"Feature","geometry":{"type":"LineString","coordinates":[[-91.2746003,39.8520958],[-91.2716731,39.8541356]]},"properties":{}},{"type":"Feature","geometry":{"type":"LineString","coordinates":[[-91.274265,39.8515392],[-91.2713344,39.8536703]]},"properties":{}},{"type":"Feature","geometry":{"type":"LineString","coordinates":[[-91.2739264,39.8510739],[-91.2709956,39.853205]]},"properties":{}},{"type":"Feature","geometry":{"type":"LineString","coordinates":[[-91.2735911,39.8505172],[-91.2706603,39.8526483]]},"properties":{}},{"type":"Feature","geometry":{"type":"LineString","coordinates":[[-91.2732522,39.8500519],[-91.2703217,39.8521831]]},"properties":{}},{"type":"Feature","geometry":{"type":"LineString","coordinates":[[-91.272795,39.8495839],[-91.2698644,39.851715]]},"properties":{}},{"type":"Feature","geometry":{"type":"LineString","coordinates":[[-91.2724597,39.8490272],[-91.2695292,39.8511583]]},"properties":{}},{"type":"Feature","geometry":{"type":"LineString","coordinates":[[-91.2721211,39.8485619],[-91.2691903,39.8506931]]},"properties":{}},{"type":"Feature","geometry":{"type":"LineString","coordinates":[[-91.2717858,39.8480053],[-91.2688517,39.8502278]]},"properties":{}},{"type":"Feature","geometry":{"type":"LineString","coordinates":[[-91.2714472,39.84754],[-91.2685131,39.8497625]]},"properties":{}},{"type":"Feature","geometry":{"type":"LineString","coordinates":[[-91.2690325,39.8485842],[-91.2680592,39.8492031]]},"properties":{}},{"type":"Feature","geometry":{"type":"LineString","coordinates":[[-91.2856756,39.8544489],[-91.2853092,39.8547153]]},"properties":{}},{"type":"Feature","geometry":{"type":"LineString","coordinates":[[-91.2871717,39.85256],[-91.2847261,39.8544278]]},"properties":{}},{"type":"Feature","geometry":{"type":"LineString","coordinates":[[-91.2887864,39.8506739],[-91.2841467,39.8540486]]},"properties":{}},{"type":"Feature","geometry":{"type":"LineString","coordinates":[[-91.2895464,39.8494092],[-91.283445,39.8537583]]},"properties":{}},{"type":"Feature","geometry":{"type":"LineString","coordinates":[[-91.2888447,39.8491192],[-91.2828619,39.8534706]]},"properties":{}},{"type":"Feature","geometry":{"type":"LineString","coordinates":[[-91.288265,39.84874],[-91.2821603,39.8531803]]},"properties":{}},{"type":"Feature","geometry":{"type":"LineString","coordinates":[[-91.2876819,39.8484525],[-91.2835308,39.8514719]]},"properties":{}},{"type":"Feature","geometry":{"type":"LineString","coordinates":[[-91.2869806,39.8481619],[-91.284905,39.8496719]]},"properties":{}},{"type":"Feature","geometry":{"type":"LineString","coordinates":[[-91.2831525,39.8425844],[-91.2826642,39.8429397]]},"properties":{}},{"type":"Feature","geometry":{"type":"LineString","coordinates":[[-91.28318,39.8418528],[-91.281715,39.8429186]]},"properties":{}},{"type":"Feature","geometry":{"type":"LineString","coordinates":[[-91.2832111,39.8410297],[-91.2806472,39.8428947]]},"properties":{}},{"type":"Feature","geometry":{"type":"LineString","coordinates":[[-91.2832386,39.8402981],[-91.2796981,39.8428733]]},"properties":{}},{"type":"Feature","geometry":{"type":"LineString","coordinates":[[-91.2825369,39.8400078],[-91.2786303,39.8428494]]},"properties":{}},{"type":"Feature","geometry":{"type":"LineString","coordinates":[[-91.2815878,39.8399867],[-91.2776811,39.8428283]]},"properties":{}},{"type":"Feature","geometry":{"type":"LineString","coordinates":[[-91.2805203,39.8399628],[-91.2766133,39.8428044]]},"properties":{}},{"type":"Feature","geometry":{"type":"LineString","coordinates":[[-91.2795711,39.8399414],[-91.2756642,39.8427831]]},"properties":{}},{"type":"Feature","geometry":{"type":"LineString","coordinates":[[-91.2785033,39.8399175],[-91.2750847,39.8424039]]},"properties":{}},{"type":"Feature","geometry":{"type":"LineString","coordinates":[[-91.2775542,39.8398964],[-91.2751122,39.8416722]]},"properties":{}},{"type":"Feature","geometry":{"type":"LineString","coordinates":[[-91.2764864,39.8398722],[-91.2751433,39.8408492]]},"properties":{}},{"type":"Feature","geometry":{"type":"LineString","coordinates":[[-91.2755372,39.8398511],[-91.2751708,39.8401175]]},"properties":{}},{"type":"Feature","geometry":{"type":"LineString","coordinates":[[-90.3175769,37.6755444],[-90.3089975,37.6747653]]},"properties":{}},{"type":"Feature","geometry":{"type":"LineString","coordinates":[[-90.3074447,37.6823808],[-90.3164767,37.6832011],[-90.31866,37.6680072]]},"properties":{}},{"type":"Feature","geometry":{"type":"LineString","coordinates":[[-90.3040614,37.6666811],[-90.2935961,37.6811217],[-90.2879583,37.6652161]]},"properties":{}},{"type":"Feature","geometry":{"type":"LineString","coordinates":[[-90.3006464,37.6713397],[-90.28981,37.6703539]]},"properties":{}},{"type":"Feature","geometry":{"type":"LineString","coordinates":[[-90.2816378,37.6646406],[-90.2743294,37.6793672],[-90.2702006,37.6635981],[-90.2627397,37.6783103],[-90.2593658,37.6626092]]},"properties":{}},{"type":"Feature","geometry":{"type":"LineString","coordinates":[[-90.2382228,37.6685942],[-90.230395,37.6683436],[-90.2268106,37.6730861],[-90.2304508,37.6786103],[-90.2371283,37.6788239],[-90.2413156,37.6735506],[-90.2382228,37.6685942],[-90.2383708,37.6656661],[-90.2305436,37.6654153],[-90.230395,37.6683436]]},"properties":{}},{"type":"Feature","geometry":{"type":"LineString","coordinates":[[-90.2268106,37.6730861],[-90.2233933,37.6745344],[-90.2271531,37.6799708],[-90.2304508,37.6786103]]},"properties":{}},{"type":"Feature","geometry":{"type":"LineString","coordinates":[[-90.2371283,37.6788239],[-90.2402778,37.6803911],[-90.2445756,37.6752128],[-90.2413156,37.6735506]]},"properties":{}},{"type":"Feature","geometry":{"type":"LineString","coordinates":[[-90.2301286,37.6781417],[-90.2282122,37.6795467]]},"properties":{}},{"type":"Feature","geometry":{"type":"LineString","coordinates":[[-90.2298064,37.6776731],[-90.2269367,37.6796889]]},"properties":{}},{"type":"Feature","geometry":{"type":"LineString","coordinates":[[-90.2294892,37.6771131],[-90.2266144,37.6792203]]},"properties":{}},{"type":"Feature","geometry":{"type":"LineString","coordinates":[[-90.2291669,37.6766444],[-90.2262922,37.6787519]]},"properties":{}},{"type":"Feature","geometry":{"type":"LineString","coordinates":[[-90.2288494,37.6760842],[-90.225975,37.6781917]]},"properties":{}},{"type":"Feature","geometry":{"type":"LineString","coordinates":[[-90.2285272,37.6756158],[-90.2256528,37.6777231]]},"properties":{}},{"type":"Feature","geometry":{"type":"LineString","coordinates":[[-90.22809,37.6751433],[-90.2252156,37.6772508]]},"properties":{}},{"type":"Feature","geometry":{"type":"LineString","coordinates":[[-90.2277725,37.6745833],[-90.2248981,37.6766908]]},"properties":{}},{"type":"Feature","geometry":{"type":"LineString","coordinates":[[-90.2274503,37.6741147],[-90.2245758,37.6762222]]},"properties":{}},{"type":"Feature","geometry":{"type":"LineString","coordinates":[[-90.2271328,37.6735547],[-90.2242536,37.6757536]]},"properties":{}},{"type":"Feature","geometry":{"type":"LineString","coordinates":[[-90.2268106,37.6730861],[-90.2239317,37.675285]]},"properties":{}},{"type":"Feature","geometry":{"type":"LineString","coordinates":[[-90.2244525,37.6741103],[-90.2234992,37.6747211]]},"properties":{}},{"type":"Feature","geometry":{"type":"LineString","coordinates":[[-90.2405219,37.6801239],[-90.2401628,37.6803875]]},"properties":{}},{"type":"Feature","geometry":{"type":"LineString","coordinates":[[-90.2420008,37.6782464],[-90.2396008,37.6800944]]},"properties":{}},{"type":"Feature","geometry":{"type":"LineString","coordinates":[[-90.2435944,37.6763728],[-90.2390439,37.67971]]},"properties":{}},{"type":"Feature","geometry":{"type":"LineString","coordinates":[[-90.24435,37.6751139],[-90.2383669,37.6794136]]},"properties":{}},{"type":"Feature","geometry":{"type":"LineString","coordinates":[[-90.2436731,37.6748172],[-90.2378053,37.6791206]]},"properties":{}},{"type":"Feature","geometry":{"type":"LineString","coordinates":[[-90.2431161,37.6744328],[-90.2371283,37.6788239]]},"properties":{}},{"type":"Feature","geometry":{"type":"LineString","coordinates":[[-90.2425542,37.67414],[-90.2384828,37.6771258]]},"properties":{}},{"type":"Feature","geometry":{"type":"LineString","coordinates":[[-90.2418775,37.6738433],[-90.2398417,37.6753364]]},"properties":{}},{"type":"Feature","geometry":{"type":"LineString","coordinates":[[-90.2382411,37.6682281],[-90.2377622,37.6685794]]},"properties":{}},{"type":"Feature","geometry":{"type":"LineString","coordinates":[[-90.2382783,37.6674961],[-90.2368414,37.66855]]},"properties":{}},{"type":"Feature","geometry":{"type":"LineString","coordinates":[[-90.23832,37.6666725],[-90.2358053,37.6685167]]},"properties":{}},{"type":"Feature","geometry":{"type":"LineString","coordinates":[[-90.2383569,37.6659406],[-90.2348844,37.6684872]]},"properties":{}},{"type":"Feature","geometry":{"type":"LineString","coordinates":[[-90.2376803,37.6656439],[-90.2338483,37.6684542]]},"properties":{}},{"type":"Feature","geometry":{"type":"LineString","coordinates":[[-90.2367594,37.6656144],[-90.2329275,37.6684247]]},"properties":{}},{"type":"Feature","geometry":{"type":"LineString","coordinates":[[-90.2357233,37.6655814],[-90.2318917,37.6683914]]},"properties":{}},{"type":"Feature","geometry":{"type":"LineString","coordinates":[[-90.2348025,37.6655519],[-90.2309706,37.6683619]]},"properties":{}},{"type":"Feature","geometry":{"type":"LineString","coordinates":[[-90.2337667,37.6655186],[-90.2304136,37.6679775]]},"properties":{}},{"type":"Feature","geometry":{"type":"LineString","coordinates":[[-90.2328458,37.6654892],[-90.2304508,37.6672456]]},"properties":{}},{"type":"Feature","geometry":{"type":"LineString","coordinates":[[-90.2318097,37.6654561],[-90.2304925,37.6664219]]},"properties":{}},{"type":"Feature","geometry":{"type":"LineString","coordinates":[[-90.2308889,37.6654264],[-90.2305297,37.66569]]},"properties":{}},{"type":"Feature","geometry":{"type":"LineString","coordinates":[[-89.2259114,38.4291325],[-89.235175,38.4300497],[-89.2376011,38.4148786],[-89.2281878,38.4139467]]},"properties":{}},{"type":"Feature","geometry":{"type":"LineString","coordinates":[[-89.2363978,38.4224044],[-89.2274389,38.4215175]]},"properties":{}},{"type":"Feature","geometry":{"type":"LineString","coordinates":[[-89.2224183,38.413375],[-89.2199892,38.4285456],[-89.2052625,38.4116736],[-89.20283,38.4268439]]},"properties":{}},{"type":"Feature","geometry":{"type":"LineString","coordinates":[[-89.1966042,38.4262256],[-89.1990381,38.4110556],[-89.1915994,38.4103167]]},"properties":{}},{"type":"Feature","geometry":{"type":"LineString","coordinates":[[-89.1632808,38.4151611],[-89.1553778,38.4148386],[-89.1516875,38.4195475],[-89.1552833,38.4251039],[-89.1620253,38.4253789],[-89.1663325,38.4201447],[-89.1632808,38.4151611],[-89.1634736,38.412235],[-89.1555708,38.4119125],[-89.1553778,38.4148386]]},"properties":{}},{"type":"Feature","geometry":{"type":"LineString","coordinates":[[-89.1516875,38.4195475],[-89.1482139,38.4209642],[-89.1519319,38.4264339],[-89.1552833,38.4251039]]},"properties":{}},{"type":"Feature","geometry":{"type":"LineString","coordinates":[[-89.1620253,38.4253789],[-89.1651836,38.4269744],[-89.1696011,38.4218367],[-89.1663325,38.4201447]]},"properties":{}},{"type":"Feature","geometry":{"type":"LineString","coordinates":[[-89.1549647,38.4246325],[-89.1530083,38.4260194]]},"properties":{}},{"type":"Feature","geometry":{"type":"LineString","coordinates":[[-89.1546461,38.4241608],[-89.1517178,38.4261503]]},"properties":{}},{"type":"Feature","geometry":{"type":"LineString","coordinates":[[-89.1543336,38.4235981],[-89.1513992,38.4256786]]},"properties":{}},{"type":"Feature","geometry":{"type":"LineString","coordinates":[[-89.1540153,38.4231267],[-89.1510806,38.4252072]]},"properties":{}},{"type":"Feature","geometry":{"type":"LineString","coordinates":[[-89.1537028,38.4225636],[-89.1507681,38.4246444]]},"properties":{}},{"type":"Feature","geometry":{"type":"LineString","coordinates":[[-89.1533842,38.4220922],[-89.1504497,38.4241728]]},"properties":{}},{"type":"Feature","geometry":{"type":"LineString","coordinates":[[-89.1529494,38.4216161],[-89.1500147,38.4236967]]},"properties":{}},{"type":"Feature","geometry":{"type":"LineString","coordinates":[[-89.1526369,38.4210531],[-89.1497025,38.4231339]]},"properties":{}},{"type":"Feature","geometry":{"type":"LineString","coordinates":[[-89.1523183,38.4205817],[-89.1493839,38.4226622]]},"properties":{}},{"type":"Feature","geometry":{"type":"LineString","coordinates":[[-89.1520058,38.4200189],[-89.1490653,38.4221908]]},"properties":{}},{"type":"Feature","geometry":{"type":"LineString","coordinates":[[-89.1516875,38.4195475],[-89.1487469,38.4217194]]},"properties":{}},{"type":"Feature","geometry":{"type":"LineString","coordinates":[[-89.1492903,38.4205497],[-89.1483183,38.4211517]]},"properties":{}},{"type":"Feature","geometry":{"type":"LineString","coordinates":[[-89.1654342,38.4267097],[-89.1650675,38.4269697]]},"properties":{}},{"type":"Feature","geometry":{"type":"LineString","coordinates":[[-89.1669556,38.4248464],[-89.1645042,38.4266719]]},"properties":{}},{"type":"Feature","geometry":{"type":"LineString","coordinates":[[-89.1685931,38.4229875],[-89.1639472,38.4262825]]},"properties":{}},{"type":"Feature","geometry":{"type":"LineString","coordinates":[[-89.1693744,38.4217358],[-89.1632678,38.4259797]]},"properties":{}},{"type":"Feature","geometry":{"type":"LineString","coordinates":[[-89.1686953,38.4214331],[-89.1627047,38.4256817]]},"properties":{}},{"type":"Feature","geometry":{"type":"LineString","coordinates":[[-89.1681381,38.4210436],[-89.1620253,38.4253789]]},"properties":{}},{"type":"Feature","geometry":{"type":"LineString","coordinates":[[-89.167575,38.4207456],[-89.1634183,38.4236936]]},"properties":{}},{"type":"Feature","geometry":{"type":"LineString","coordinates":[[-89.1668956,38.4204428],[-89.1648172,38.4219169]]},"properties":{}},{"type":"Feature","geometry":{"type":"LineString","coordinates":[[-89.163305,38.4147953],[-89.1628161,38.4151422]]},"properties":{}},{"type":"Feature","geometry":{"type":"LineString","coordinates":[[-89.1633531,38.4140639],[-89.1618861,38.4151042]]},"properties":{}},{"type":"Feature","geometry":{"type":"LineString","coordinates":[[-89.1634075,38.4132408],[-89.1608403,38.4150617]]},"properties":{}},{"type":"Feature","geometry":{"type":"LineString","coordinates":[[-89.1634556,38.4125092],[-89.1599106,38.4150236]]},"properties":{}},{"type":"Feature","geometry":{"type":"LineString","coordinates":[[-89.1627764,38.4122067],[-89.1588644,38.4149811]]},"properties":{}},{"type":"Feature","geometry":{"type":"LineString","coordinates":[[-89.1618467,38.4121686],[-89.1579347,38.4149431]]},"properties":{}},{"type":"Feature","geometry":{"type":"LineString","coordinates":[[-89.1608006,38.4121261],[-89.1568886,38.4149003]]},"properties":{}},{"type":"Feature","geometry":{"type":"LineString","coordinates":[[-89.1598708,38.4120881],[-89.1559589,38.4148625]]},"properties":{}},{"type":"Feature","geometry":{"type":"LineString","coordinates":[[-89.1588247,38.4120453],[-89.1554019,38.4144728]]},"properties":{}},{"type":"Feature","geometry":{"type":"LineString","coordinates":[[-89.157895,38.4120075],[-89.15545,38.4137414]]},"properties":{}},{"type":"Feature","geometry":{"type":"LineString","coordinates":[[-89.1568492,38.4119647],[-89.1555044,38.4129183]]},"properties":{}},{"type":"Feature","geometry":{"type":"LineString","coordinates":[[-89.1559194,38.4119269],[-89.1555525,38.4121869]]},"properties":{}},{"type":"Feature","geometry":{"type":"LineString","coordinates":[[-91.0361219,36.1040328],[-91.02601,36.1185328],[-91.0203386,36.1026664]]},"properties":{}},{"type":"Feature","geometry":{"type":"LineString","coordinates":[[-91.0328217,36.1087108],[-91.0222006,36.1077914]]},"properties":{}},{"type":"Feature","geometry":{"type":"LineString","coordinates":[[-91.00784,36.10921],[-91.0021958,36.1010931]]},"properties":{}},{"type":"Feature","geometry":{"type":"LineString","coordinates":[[-91.0141433,36.1021294],[-91.0121419,36.1173314],[-91.0047653,36.1166917],[-91.0042069,36.1164011],[-91.0029422,36.1158072],[-91.0017722,36.114495],[-91.00134,36.1132467],[-91.0015294,36.1118103],[-91.0022772,36.1106644],[-91.0037625,36.1095828],[-91.0051533,36.1092192],[-91.005775,36.1090308],[-91.0131506,36.1096706]]},"properties":{}},{"type":"Feature","geometry":{"type":"LineString","coordinates":[[-90.9801028,36.1124911],[-90.9805981,36.1132608],[-90.9818308,36.1140944],[-90.9826842,36.1144106],[-90.9851447,36.1149878],[-90.9860297,36.1150647],[-90.9878317,36.1149792],[-90.9893542,36.1147483],[-90.989665,36.1146542],[-90.9907767,36.1141456],[-90.9919042,36.1135169],[-90.9939428,36.1116358],[-90.9949331,36.1097847],[-90.9952803,36.1071514],[-90.9951747,36.1056894],[-90.9947269,36.1045608],[-90.9939681,36.1035264],[-90.9933411,36.1026244],[-90.9923033,36.1014447],[-90.9911864,36.1008633],[-90.9900697,36.1002819],[-90.9890689,36.0999531],[-90.9864139,36.0997222],[-90.9849075,36.0998333],[-90.9836642,36.1002094],[-90.9822578,36.1006925],[-90.9812939,36.1012142],[-90.9796292,36.1025222],[-90.9786019,36.1035225],[-90.9782119,36.104215],[-90.9779589,36.10613],[-90.9841542,36.1066689]]},"properties":{}},{"type":"Feature","geometry":{"type":"LineString","coordinates":[[-90.9577286,36.1051256],[-90.9500611,36.1049231],[-90.9465961,36.1096864],[-90.9502133,36.1151864],[-90.9567544,36.1153592],[-90.9608047,36.1100614],[-90.9577286,36.1051256],[-90.9578458,36.1021972],[-90.9501786,36.101995],[-90.9500611,36.1049231]]},"properties":{}},{"type":"Feature","geometry":{"type":"LineString","coordinates":[[-90.9465961,36.1096864],[-90.9432633,36.1111553],[-90.9469969,36.1165669],[-90.9502133,36.1151864]]},"properties":{}},{"type":"Feature","geometry":{"type":"LineString","coordinates":[[-90.9567544,36.1153592],[-90.9598536,36.1169064],[-90.9640131,36.1117031],[-90.9608047,36.1100614]]},"properties":{}},{"type":"Feature","geometry":{"type":"LineString","coordinates":[[-90.9498936,36.11472],[-90.9480303,36.1161364]]},"properties":{}},{"type":"Feature","geometry":{"type":"LineString","coordinates":[[-90.9495736,36.1142536],[-90.9467825,36.1162867]]},"properties":{}},{"type":"Feature","geometry":{"type":"LineString","coordinates":[[-90.9492572,36.1136956],[-90.9464625,36.11582]]},"properties":{}},{"type":"Feature","geometry":{"type":"LineString","coordinates":[[-90.9489372,36.1132292],[-90.9461425,36.1153536]]},"properties":{}},{"type":"Feature","geometry":{"type":"LineString","coordinates":[[-90.9486211,36.1126711],[-90.9458264,36.1147956]]},"properties":{}},{"type":"Feature","geometry":{"type":"LineString","coordinates":[[-90.9483011,36.1122047],[-90.9455064,36.1143292]]},"properties":{}},{"type":"Feature","geometry":{"type":"LineString","coordinates":[[-90.9478683,36.1117353],[-90.9450736,36.1138597]]},"properties":{}},{"type":"Feature","geometry":{"type":"LineString","coordinates":[[-90.9475522,36.1111772],[-90.9447575,36.1133017]]},"properties":{}},{"type":"Feature","geometry":{"type":"LineString","coordinates":[[-90.9472322,36.1107108],[-90.9444375,36.1128353]]},"properties":{}},{"type":"Feature","geometry":{"type":"LineString","coordinates":[[-90.9469161,36.1101528],[-90.9441175,36.1123689]]},"properties":{}},{"type":"Feature","geometry":{"type":"LineString","coordinates":[[-90.9465961,36.1096864],[-90.9437978,36.1119022]]},"properties":{}},{"type":"Feature","geometry":{"type":"LineString","coordinates":[[-90.9442967,36.1107247],[-90.9433686,36.1113414]]},"properties":{}},{"type":"Feature","geometry":{"type":"LineString","coordinates":[[-90.9600903,36.1166378],[-90.9597408,36.1169036]]},"properties":{}},{"type":"Feature","geometry":{"type":"LineString","coordinates":[[-90.9615203,36.1147519],[-90.9591881,36.1166142]]},"properties":{}},{"type":"Feature","geometry":{"type":"LineString","coordinates":[[-90.9630633,36.1128689],[-90.9586386,36.1162333]]},"properties":{}},{"type":"Feature","geometry":{"type":"LineString","coordinates":[[-90.9637911,36.1116056],[-90.9579731,36.1159408]]},"properties":{}},{"type":"Feature","geometry":{"type":"LineString","coordinates":[[-90.9631253,36.1113133],[-90.95742,36.1156514]]},"properties":{}},{"type":"Feature","geometry":{"type":"LineString","coordinates":[[-90.9625761,36.1109325],[-90.9567544,36.1153592]]},"properties":{}},{"type":"Feature","geometry":{"type":"LineString","coordinates":[[-90.9620233,36.1106431],[-90.9580647,36.1136533]]},"properties":{}},{"type":"Feature","geometry":{"type":"LineString","coordinates":[[-90.9613578,36.1103508],[-90.9593783,36.1118558]]},"properties":{}},{"type":"Feature","geometry":{"type":"LineString","coordinates":[[-90.9577433,36.1047594],[-90.9572778,36.1051136]]},"properties":{}},{"type":"Feature","geometry":{"type":"LineString","coordinates":[[-90.9577728,36.1040275],[-90.9563756,36.1050897]]},"properties":{}},{"type":"Feature","geometry":{"type":"LineString","coordinates":[[-90.9578056,36.1032039],[-90.9553608,36.1050631]]},"properties":{}},{"type":"Feature","geometry":{"type":"LineString","coordinates":[[-90.957835,36.1024719],[-90.9544586,36.1050392]]},"properties":{}},{"type":"Feature","geometry":{"type":"LineString","coordinates":[[-90.9571694,36.1021794],[-90.9534439,36.1050125]]},"properties":{}},{"type":"Feature","geometry":{"type":"LineString","coordinates":[[-90.9562672,36.1021558],[-90.9525417,36.1049886]]},"properties":{}},{"type":"Feature","geometry":{"type":"LineString","coordinates":[[-90.9552525,36.1021289],[-90.9515269,36.1049619]]},"properties":{}},{"type":"Feature","geometry":{"type":"LineString","coordinates":[[-90.9543506,36.1021053],[-90.9506247,36.1049381]]},"properties":{}},{"type":"Feature","geometry":{"type":"LineString","coordinates":[[-90.9533356,36.1020783],[-90.9500756,36.1045569]]},"properties":{}},{"type":"Feature","geometry":{"type":"LineString","coordinates":[[-90.9524336,36.1020544],[-90.950105,36.103825]]},"properties":{}},{"type":"Feature","geometry":{"type":"LineString","coordinates":[[-90.9514189,36.1020278],[-90.9501381,36.1030014]]},"properties":{}},{"type":"Feature","geometry":{"type":"LineString","coordinates":[[-90.9505169,36.1020039],[-90.9501675,36.1022694]]},"properties":{}},{"type":"Feature","geometry":{"type":"LineString","coordinates":[[-94.1927581,36.2452953],[-94.1867558,36.2373433]]},"properties":{}},{"type":"Feature","geometry":{"type":"LineString","coordinates":[[-94.1987622,36.2380392],[-94.1974167,36.2532897],[-94.1900036,36.2528603],[-94.1894319,36.2525856],[-94.18814,36.2520281],[-94.1869119,36.2507497],[-94.186425,36.2495147],[-94.1865525,36.2480736],[-94.1872514,36.2469072],[-94.1886917,36.2457839],[-94.1900683,36.2453808],[-94.1906825,36.245175],[-94.1980947,36.2456044]]},"properties":{}},{"type":"Feature","geometry":{"type":"LineString","coordinates":[[-94.1784397,36.2521894],[-94.1683583,36.2516036],[-94.1684542,36.2505228],[-94.1808161,36.2371194],[-94.1808267,36.2369994],[-94.1691169,36.2363189]]},"properties":{}},{"type":"Feature","geometry":{"type":"LineString","coordinates":[[-94.1498911,36.2498042],[-94.1507378,36.2503364],[-94.1517542,36.2506369],[-94.1553122,36.2508442],[-94.1566678,36.2506819],[-94.1571231,36.2505878],[-94.1594428,36.2496364],[-94.1608836,36.2485133],[-94.161435,36.2473383],[-94.1626644,36.2452375],[-94.1629094,36.2424756],[-94.16273,36.2411375],[-94.1623811,36.2400308],[-94.1618947,36.2387956],[-94.1605297,36.2373883],[-94.15782,36.2360236],[-94.155925,36.2355511],[-94.1542947,36.2354561],[-94.1521875,36.2356953],[-94.1514144,36.2360125],[-94.1508003,36.2362181]]},"properties":{}},{"type":"Feature","geometry":{"type":"LineString","coordinates":[[-94.1252222,36.2414056],[-94.1175367,36.241415],[-94.1142675,36.2462714],[-94.1181206,36.2516689],[-94.1246767,36.2516606],[-94.1285094,36.2462539],[-94.1252222,36.2414056],[-94.1252167,36.2384756],[-94.1175311,36.2384853],[-94.1175367,36.241415]]},"properties":{}},{"type":"Feature","geometry":{"type":"LineString","coordinates":[[-94.1142675,36.2462714],[-94.1109922,36.2478317],[-94.1149581,36.2531375],[-94.1181206,36.2516689]]},"properties":{}},{"type":"Feature","geometry":{"type":"LineString","coordinates":[[-94.1246767,36.2516606],[-94.1278447,36.2531217],[-94.1317906,36.2478061],[-94.1285094,36.2462539]]},"properties":{}},{"type":"Feature","geometry":{"type":"LineString","coordinates":[[-94.1177806,36.2512114],[-94.1159744,36.2526783]]},"properties":{}},{"type":"Feature","geometry":{"type":"LineString","coordinates":[[-94.1174406,36.2507542],[-94.1147314,36.2528631]]},"properties":{}},{"type":"Feature","geometry":{"type":"LineString","coordinates":[[-94.1171006,36.250205],[-94.1143914,36.2524056]]},"properties":{}},{"type":"Feature","geometry":{"type":"LineString","coordinates":[[-94.1167606,36.2497478],[-94.1140517,36.2519483]]},"properties":{}},{"type":"Feature","geometry":{"type":"LineString","coordinates":[[-94.1164203,36.2491989],[-94.1137114,36.2513994]]},"properties":{}},{"type":"Feature","geometry":{"type":"LineString","coordinates":[[-94.1160806,36.2487414],[-94.1133714,36.2509419]]},"properties":{}},{"type":"Feature","geometry":{"type":"LineString","coordinates":[[-94.1156275,36.2482842],[-94.1129186,36.2504847]]},"properties":{}},{"type":"Feature","geometry":{"type":"LineString","coordinates":[[-94.1152875,36.2477353],[-94.1125786,36.2499358]]},"properties":{}},{"type":"Feature","geometry":{"type":"LineString","coordinates":[[-94.1149475,36.2472778],[-94.1122386,36.2494783]]},"properties":{}},{"type":"Feature","geometry":{"type":"LineString","coordinates":[[-94.1146075,36.2467289],[-94.1118986,36.2490208]]},"properties":{}},{"type":"Feature","geometry":{"type":"LineString","coordinates":[[-94.1142675,36.2462714],[-94.1115589,36.2485636]]},"properties":{}},{"type":"Feature","geometry":{"type":"LineString","coordinates":[[-94.1120089,36.2473728],[-94.1111056,36.2480147]]},"properties":{}},{"type":"Feature","geometry":{"type":"LineString","coordinates":[[-94.1280703,36.2528467],[-94.1277317,36.2531217]]},"properties":{}},{"type":"Feature","geometry":{"type":"LineString","coordinates":[[-94.1294231,36.2509222],[-94.1271658,36.2528478]]},"properties":{}},{"type":"Feature","geometry":{"type":"LineString","coordinates":[[-94.1308886,36.2489975],[-94.1266,36.2524822]]},"properties":{}},{"type":"Feature","geometry":{"type":"LineString","coordinates":[[-94.1315642,36.2477147],[-94.1259214,36.2522083]]},"properties":{}},{"type":"Feature","geometry":{"type":"LineString","coordinates":[[-94.1308856,36.2474411],[-94.1253556,36.2519344]]},"properties":{}},{"type":"Feature","geometry":{"type":"LineString","coordinates":[[-94.1303197,36.2470756],[-94.1246767,36.2516606]]},"properties":{}},{"type":"Feature","geometry":{"type":"LineString","coordinates":[[-94.1297539,36.2468017],[-94.1259169,36.2499194]]},"properties":{}},{"type":"Feature","geometry":{"type":"LineString","coordinates":[[-94.1290753,36.2465278],[-94.1271567,36.2480867]]},"properties":{}},{"type":"Feature","geometry":{"type":"LineString","coordinates":[[-94.1252214,36.2410394],[-94.12477,36.2414061]]},"properties":{}},{"type":"Feature","geometry":{"type":"LineString","coordinates":[[-94.12522,36.2403069],[-94.1238658,36.2414072]]},"properties":{}},{"type":"Feature","geometry":{"type":"LineString","coordinates":[[-94.1252186,36.2394828],[-94.1228486,36.2414086]]},"properties":{}},{"type":"Feature","geometry":{"type":"LineString","coordinates":[[-94.1252172,36.2387503],[-94.1219444,36.2414097]]},"properties":{}},{"type":"Feature","geometry":{"type":"LineString","coordinates":[[-94.1245383,36.2384767],[-94.1209272,36.2414108]]},"properties":{}},{"type":"Feature","geometry":{"type":"LineString","coordinates":[[-94.1236342,36.2384778],[-94.1200231,36.2414119]]},"properties":{}},{"type":"Feature","geometry":{"type":"LineString","coordinates":[[-94.1226172,36.2384789],[-94.1190058,36.2414133]]},"properties":{}},{"type":"Feature","geometry":{"type":"LineString","coordinates":[[-94.1217131,36.23848],[-94.1181017,36.2414144]]},"properties":{}},{"type":"Feature","geometry":{"type":"LineString","coordinates":[[-94.1206958,36.2384814],[-94.1175358,36.2410489]]},"properties":{}},{"type":"Feature","geometry":{"type":"LineString","coordinates":[[-94.1197917,36.2384825],[-94.1175344,36.2403164]]},"properties":{}},{"type":"Feature","geometry":{"type":"LineString","coordinates":[[-94.1187744,36.2384836],[-94.1175331,36.2394922]]},"properties":{}},{"type":"Feature","geometry":{"type":"LineString","coordinates":[[-94.1178703,36.2384847],[-94.1175317,36.2387597]]},"properties":{}},{"type":"Feature","geometry":{"type":"LineString","coordinates":[[-95.2768722,37.1632253],[-95.2795756,37.1633547],[-95.2809364,37.1632992],[-95.2837206,37.1623469],[-95.2864261,37.1604256],[-95.2874439,37.1589061],[-95.2880381,37.1570047],[-95.2881544,37.1554419],[-95.2879619,37.1539853],[-95.2873278,37.1523867],[-95.2858194,37.1503847],[-95.2852639,37.1497547],[-95.2841164,37.1489761],[-95.2816175,37.1481328],[-95.2784644,37.1479817],[-95.2769447,37.1481503],[-95.2754072,37.1485589],[-95.2744794,37.1488764],[-95.2729058,37.1497661],[-95.2714464,37.1511436],[-95.2709239,37.1520836],[-95.2703386,37.153865],[-95.2701225,37.1567497],[-95.2712581,37.1596992],[-95.2720872,37.1607039],[-95.2730756,37.1615958],[-95.2740817,37.1622472],[-95.2743731,37.1623817],[-95.2768722,37.1632253]]},"properties":{}},{"type":"Feature","geometry":{"type":"LineString","coordinates":[[-95.2552131,37.1606172],[-95.2564744,37.1618844],[-95.2567658,37.1620189],[-95.2587,37.1623533],[-95.26037,37.1621922],[-95.2613072,37.1617547],[-95.2622533,37.1611969],[-95.2630856,37.1601514],[-95.2632928,37.1573867],[-95.2624728,37.1562617],[-95.2619081,37.1557519],[-95.2597097,37.1549228],[-95.2572019,37.1541989],[-95.2554542,37.1533911],[-95.2549078,37.1526411],[-95.2547336,37.1509439],[-95.2551514,37.1493958],[-95.2559744,37.1484703],[-95.2567611,37.1480256],[-95.2573889,37.1476939],[-95.2581667,37.1473694],[-95.2598453,37.1470883],[-95.2607464,37.1471314],[-95.2616292,37.1474153],[-95.2627944,37.1479536],[-95.2635092,37.1484706],[-95.2644881,37.1494825]]},"properties":{}},{"type":"Feature","geometry":{"type":"LineString","coordinates":[[-95.2475867,37.1618183],[-95.2436292,37.1463075],[-95.2361731,37.1612683],[-95.2320678,37.1457497],[-95.2253603,37.1607458]]},"properties":{}},{"type":"Feature","geometry":{"type":"LineString","coordinates":[[-95.2074461,37.1524519],[-95.1996669,37.1525339],[-95.1964289,37.1574219],[-95.2004072,37.1627836],[-95.2070431,37.1627136],[-95.2108436,37.15727],[-95.2074461,37.1524519],[-95.2073978,37.1495219],[-95.1996192,37.1496036],[-95.1996669,37.1525339]]},"properties":{}},{"type":"Feature","geometry":{"type":"LineString","coordinates":[[-95.1964289,37.1574219],[-95.1931364,37.1590131],[-95.1972275,37.1642822],[-95.2004072,37.1627836]]},"properties":{}},{"type":"Feature","geometry":{"type":"LineString","coordinates":[[-95.2070431,37.1627136],[-95.2102708,37.164145],[-95.2141872,37.1587917],[-95.2108436,37.15727]]},"properties":{}},{"type":"Feature","geometry":{"type":"LineString","coordinates":[[-95.2000564,37.1623294],[-95.1982497,37.1638136]]},"properties":{}},{"type":"Feature","geometry":{"type":"LineString","coordinates":[[-95.1997056,37.161875],[-95.1969942,37.16401]]},"properties":{}},{"type":"Feature","geometry":{"type":"LineString","coordinates":[[-95.1993533,37.1613294],[-95.1966433,37.1635558]]},"properties":{}},{"type":"Feature","geometry":{"type":"LineString","coordinates":[[-95.1990028,37.160875],[-95.1962928,37.1631014]]},"properties":{}},{"type":"Feature","geometry":{"type":"LineString","coordinates":[[-95.1986506,37.1603292],[-95.1959406,37.1625556]]},"properties":{}},{"type":"Feature","geometry":{"type":"LineString","coordinates":[[-95.1982997,37.159875],[-95.1955897,37.1621014]]},"properties":{}},{"type":"Feature","geometry":{"type":"LineString","coordinates":[[-95.1978347,37.1594219],[-95.1951247,37.1616483]]},"properties":{}},{"type":"Feature","geometry":{"type":"LineString","coordinates":[[-95.1974825,37.1588761],[-95.1947725,37.1611025]]},"properties":{}},{"type":"Feature","geometry":{"type":"LineString","coordinates":[[-95.1971317,37.1584219],[-95.1944217,37.1606483]]},"properties":{}},{"type":"Feature","geometry":{"type":"LineString","coordinates":[[-95.1967794,37.1578761],[-95.1940711,37.1601939]]},"properties":{}},{"type":"Feature","geometry":{"type":"LineString","coordinates":[[-95.1964289,37.1574219],[-95.1937203,37.1597397]]},"properties":{}},{"type":"Feature","geometry":{"type":"LineString","coordinates":[[-95.1941586,37.1585447],[-95.1932539,37.159195]]},"properties":{}},{"type":"Feature","geometry":{"type":"LineString","coordinates":[[-95.210495,37.1638678],[-95.2101564,37.1641461]]},"properties":{}},{"type":"Feature","geometry":{"type":"LineString","coordinates":[[-95.2118361,37.1619303],[-95.2095797,37.1638775]]},"properties":{}},{"type":"Feature","geometry":{"type":"LineString","coordinates":[[-95.2132917,37.1599917],[-95.2090017,37.1635172]]},"properties":{}},{"type":"Feature","geometry":{"type":"LineString","coordinates":[[-95.2139569,37.1587025],[-95.2083106,37.1632497]]},"properties":{}},{"type":"Feature","geometry":{"type":"LineString","coordinates":[[-95.2132658,37.158435],[-95.2077342,37.1629811]]},"properties":{}},{"type":"Feature","geometry":{"type":"LineString","coordinates":[[-95.2126878,37.1580747],[-95.2070431,37.1627136]]},"properties":{}},{"type":"Feature","geometry":{"type":"LineString","coordinates":[[-95.2121114,37.1578061],[-95.2082728,37.1609606]]},"properties":{}},{"type":"Feature","geometry":{"type":"LineString","coordinates":[[-95.2114203,37.1575386],[-95.2095011,37.1591158]]},"properties":{}},{"type":"Feature","geometry":{"type":"LineString","coordinates":[[-95.20744,37.1520858],[-95.2069883,37.1524569]]},"properties":{}},{"type":"Feature","geometry":{"type":"LineString","coordinates":[[-95.2074278,37.1513533],[-95.2060733,37.1524667]]},"properties":{}},{"type":"Feature","geometry":{"type":"LineString","coordinates":[[-95.2074144,37.1505292],[-95.2050436,37.1524775]]},"properties":{}},{"type":"Feature","geometry":{"type":"LineString","coordinates":[[-95.2074022,37.1497967],[-95.2041286,37.1524869]]},"properties":{}},{"type":"Feature","geometry":{"type":"LineString","coordinates":[[-95.2067114,37.1495292],[-95.2030989,37.1524978]]},"properties":{}},{"type":"Feature","geometry":{"type":"LineString","coordinates":[[-95.2057961,37.1495389],[-95.2021839,37.1525075]]},"properties":{}},{"type":"Feature","geometry":{"type":"LineString","coordinates":[[-95.2047667,37.1495497],[-95.2011542,37.1525183]]},"properties":{}},{"type":"Feature","geometry":{"type":"LineString","coordinates":[[-95.2038517,37.1495592],[-95.2002389,37.1525281]]},"properties":{}},{"type":"Feature","geometry":{"type":"LineString","coordinates":[[-95.2028219,37.14957],[-95.1996611,37.1521675]]},"properties":{}},{"type":"Feature","geometry":{"type":"LineString","coordinates":[[-95.2019069,37.1495797],[-95.1996489,37.151435]]},"properties":{}},{"type":"Feature","geometry":{"type":"LineString","coordinates":[[-95.2008775,37.1495906],[-95.1996356,37.1506108]]},"properties":{}},{"type":"Feature","geometry":{"type":"LineString","coordinates":[[-95.1999622,37.1496003],[-95.1996236,37.1498783]]},"properties":{}},{"type":"Feature","geometry":{"type":"LineString","coordinates":[[-97.5480056,37.7394697],[-97.5473233,37.7547525]]},"properties":{}},{"type":"Feature","geometry":{"type":"LineString","coordinates":[[-97.526895,37.7534528],[-97.5277828,37.75396],[-97.5288328,37.7542306],[-97.5324703,37.7543336],[-97.533845,37.7541314],[-97.5343053,37.7540239],[-97.5366272,37.753005],[-97.538045,37.7518403],[-97.5385536,37.7506497],[-97.5397114,37.7485136],[-97.5398353,37.7457458],[-97.5395914,37.7444136],[-97.5391853,37.7433178],[-97.5386328,37.7420972],[-97.5371767,37.7407308],[-97.5343517,37.7394461],[-97.5323978,37.7390294],[-97.5307311,37.7389822],[-97.5285933,37.7392831],[-97.5278194,37.7396228],[-97.5272025,37.7398461]]},"properties":{}},{"type":"Feature","geometry":{"type":"LineString","coordinates":[[-97.5203453,37.7539903],[-97.5094331,37.75368]]},"properties":{}},{"type":"Feature","geometry":{"type":"LineString","coordinates":[[-97.5150406,37.7538394],[-97.5157294,37.7385567]]},"properties":{}},{"type":"Feature","geometry":{"type":"LineString","coordinates":[[-97.5875069,37.7401258],[-97.5796714,37.7403669],[-97.5765658,37.7453194],[-97.5807472,37.7505981],[-97.5874314,37.7503922],[-97.5910858,37.7448728],[-97.5875069,37.7401258],[-97.5873639,37.7371975],[-97.5795286,37.7374386],[-97.5796714,37.7403669]]},"properties":{}},{"type":"Feature","geometry":{"type":"LineString","coordinates":[[-97.5765658,37.7453194],[-97.5732994,37.7469778],[-97.5775917,37.7521614],[-97.5807472,37.7505981]]},"properties":{}},{"type":"Feature","geometry":{"type":"LineString","coordinates":[[-97.5874314,37.7503922],[-97.59073,37.7517569],[-97.5945039,37.7463253],[-97.5910858,37.7448728]]},"properties":{}},{"type":"Feature","geometry":{"type":"LineString","coordinates":[[-97.5803792,37.7501511],[-97.5786064,37.7516719]]},"properties":{}},{"type":"Feature","geometry":{"type":"LineString","coordinates":[[-97.5800111,37.7497042],[-97.5773478,37.7518939]]},"properties":{}},{"type":"Feature","geometry":{"type":"LineString","coordinates":[[-97.5796386,37.7491658],[-97.5769797,37.7514469]]},"properties":{}},{"type":"Feature","geometry":{"type":"LineString","coordinates":[[-97.5792706,37.7487189],[-97.5766117,37.751]]},"properties":{}},{"type":"Feature","geometry":{"type":"LineString","coordinates":[[-97.5788981,37.7481806],[-97.5762392,37.7504617]]},"properties":{}},{"type":"Feature","geometry":{"type":"LineString","coordinates":[[-97.57853,37.7477336],[-97.5758711,37.7500147]]},"properties":{}},{"type":"Feature","geometry":{"type":"LineString","coordinates":[[-97.5780467,37.7472903],[-97.5753878,37.7495714]]},"properties":{}},{"type":"Feature","geometry":{"type":"LineString","coordinates":[[-97.5776742,37.7467517],[-97.5750153,37.7490328]]},"properties":{}},{"type":"Feature","geometry":{"type":"LineString","coordinates":[[-97.5773061,37.7463047],[-97.5746472,37.7485858]]},"properties":{}},{"type":"Feature","geometry":{"type":"LineString","coordinates":[[-97.5769339,37.7457664],[-97.5742794,37.7481389]]},"properties":{}},{"type":"Feature","geometry":{"type":"LineString","coordinates":[[-97.5765658,37.7453194],[-97.5739114,37.7476919]]},"properties":{}},{"type":"Feature","geometry":{"type":"LineString","coordinates":[[-97.5743144,37.7464883],[-97.5734236,37.7471572]]},"properties":{}},{"type":"Feature","geometry":{"type":"LineString","coordinates":[[-97.5909469,37.7514753],[-97.5906147,37.7517606]]},"properties":{}},{"type":"Feature","geometry":{"type":"LineString","coordinates":[[-97.5922358,37.7495111],[-97.590025,37.7515039]]},"properties":{}},{"type":"Feature","geometry":{"type":"LineString","coordinates":[[-97.59364,37.7475431],[-97.5894308,37.7511556]]},"properties":{}},{"type":"Feature","geometry":{"type":"LineString","coordinates":[[-97.5942689,37.7462408],[-97.5887261,37.7509022]]},"properties":{}},{"type":"Feature","geometry":{"type":"LineString","coordinates":[[-97.5935639,37.7459875],[-97.5881364,37.7506456]]},"properties":{}},{"type":"Feature","geometry":{"type":"LineString","coordinates":[[-97.5929697,37.7456394],[-97.5874314,37.7503922]]},"properties":{}},{"type":"Feature","geometry":{"type":"LineString","coordinates":[[-97.5923803,37.7453825],[-97.5886142,37.7486147]]},"properties":{}},{"type":"Feature","geometry":{"type":"LineString","coordinates":[[-97.5916753,37.7451294],[-97.5897925,37.7467456]]},"properties":{}},{"type":"Feature","geometry":{"type":"LineString","coordinates":[[-97.5874892,37.7397597],[-97.5870461,37.74014]]},"properties":{}},{"type":"Feature","geometry":{"type":"LineString","coordinates":[[-97.5874533,37.7390278],[-97.5861242,37.7401683]]},"properties":{}},{"type":"Feature","geometry":{"type":"LineString","coordinates":[[-97.5874131,37.7382042],[-97.5850872,37.7402003]]},"properties":{}},{"type":"Feature","geometry":{"type":"LineString","coordinates":[[-97.5873775,37.7374719],[-97.5841653,37.7402286]]},"properties":{}},{"type":"Feature","geometry":{"type":"LineString","coordinates":[[-97.5866725,37.7372189],[-97.5831283,37.7402606]]},"properties":{}},{"type":"Feature","geometry":{"type":"LineString","coordinates":[[-97.5857508,37.7372472],[-97.5822064,37.7402889]]},"properties":{}},{"type":"Feature","geometry":{"type":"LineString","coordinates":[[-97.5847139,37.7372792],[-97.5811692,37.7403208]]},"properties":{}},{"type":"Feature","geometry":{"type":"LineString","coordinates":[[-97.5837919,37.7373075],[-97.5802475,37.7403492]]},"properties":{}},{"type":"Feature","geometry":{"type":"LineString","coordinates":[[-97.582755,37.7373394],[-97.5796536,37.7400008]]},"properties":{}},{"type":"Feature","geometry":{"type":"LineString","coordinates":[[-97.5818331,37.7373678],[-97.5796178,37.7392686]]},"properties":{}},{"type":"Feature","geometry":{"type":"LineString","coordinates":[[-97.5807961,37.7373997],[-97.5795775,37.7384453]]},"properties":{}},{"type":"Feature","geometry":{"type":"LineString","coordinates":[[-97.5798742,37.7374281],[-97.5795419,37.7377131]]},"properties":{}},{"type":"Feature","geometry":{"type":"LineString","coordinates":[[-96.2103975,38.2963183],[-96.2197053,38.2966861],[-96.2206756,38.2814144],[-96.2112172,38.2810406]]},"properties":{}},{"type":"Feature","geometry":{"type":"LineString","coordinates":[[-96.2201944,38.2889903],[-96.2111928,38.2886344]]},"properties":{}},{"type":"Feature","geometry":{"type":"LineString","coordinates":[[-96.2054203,38.2808111],[-96.1992586,38.2958775],[-96.1938261,38.2803514],[-96.1875097,38.2954111],[-96.1828425,38.279915]]},"properties":{}},{"type":"Feature","geometry":{"type":"LineString","coordinates":[[-96.1764353,38.2796597],[-96.1754556,38.2949314],[-96.1678264,38.2946272],[-96.1672317,38.2943622],[-96.1658894,38.2938264],[-96.1645933,38.2925692],[-96.1640606,38.2913422],[-96.1641533,38.2898992],[-96.1648408,38.2887211],[-96.1662914,38.2875736],[-96.1676953,38.2871472],[-96.1683211,38.2869311],[-96.1759492,38.2872353]]},"properties":{}},{"type":"Feature","geometry":{"type":"LineString","coordinates":[[-96.1419125,38.2860611],[-96.1340147,38.2862053],[-96.1307889,38.2911186],[-96.1348969,38.2964478],[-96.1416342,38.2963244],[-96.1454242,38.2908511],[-96.1419125,38.2860611],[-96.1418261,38.2831317],[-96.1339289,38.2832761],[-96.1340147,38.2862053]]},"properties":{}},{"type":"Feature","geometry":{"type":"LineString","coordinates":[[-96.1307889,38.2911186],[-96.1274661,38.2927361],[-96.1316872,38.2979717],[-96.1348969,38.2964478]]},"properties":{}},{"type":"Feature","geometry":{"type":"LineString","coordinates":[[-96.1416342,38.2963244],[-96.14493,38.2977294],[-96.1488386,38.2923456],[-96.1454242,38.2908511]]},"properties":{}},{"type":"Feature","geometry":{"type":"LineString","coordinates":[[-96.134535,38.2959964],[-96.1327194,38.297495]]},"properties":{}},{"type":"Feature","geometry":{"type":"LineString","coordinates":[[-96.1341731,38.295545],[-96.1314469,38.2977014]]},"properties":{}},{"type":"Feature","geometry":{"type":"LineString","coordinates":[[-96.1338083,38.2950019],[-96.131085,38.29725]]},"properties":{}},{"type":"Feature","geometry":{"type":"LineString","coordinates":[[-96.1334464,38.2945506],[-96.1307231,38.2967986]]},"properties":{}},{"type":"Feature","geometry":{"type":"LineString","coordinates":[[-96.1330819,38.2940078],[-96.1303586,38.2962556]]},"properties":{}},{"type":"Feature","geometry":{"type":"LineString","coordinates":[[-96.13272,38.2935564],[-96.1299967,38.2958042]]},"properties":{}},{"type":"Feature","geometry":{"type":"LineString","coordinates":[[-96.1322419,38.2931072],[-96.1295186,38.295355]]},"properties":{}},{"type":"Feature","geometry":{"type":"LineString","coordinates":[[-96.1318772,38.2925642],[-96.1291539,38.2948122]]},"properties":{}},{"type":"Feature","geometry":{"type":"LineString","coordinates":[[-96.1315153,38.2921128],[-96.1287922,38.2943608]]},"properties":{}},{"type":"Feature","geometry":{"type":"LineString","coordinates":[[-96.1311508,38.29157],[-96.1284303,38.2939094]]},"properties":{}},{"type":"Feature","geometry":{"type":"LineString","coordinates":[[-96.1307889,38.2911186],[-96.1280683,38.2934581]]},"properties":{}},{"type":"Feature","geometry":{"type":"LineString","coordinates":[[-96.1284981,38.2922594],[-96.1275875,38.2929172]]},"properties":{}},{"type":"Feature","geometry":{"type":"LineString","coordinates":[[-96.1451542,38.2974506],[-96.1448136,38.2977317]]},"properties":{}},{"type":"Feature","geometry":{"type":"LineString","coordinates":[[-96.1464911,38.2955028],[-96.1442247,38.2974678]]},"properties":{}},{"type":"Feature","geometry":{"type":"LineString","coordinates":[[-96.1479444,38.2935525],[-96.1436331,38.2971122]]},"properties":{}},{"type":"Feature","geometry":{"type":"LineString","coordinates":[[-96.1486033,38.2922581],[-96.1429281,38.2968503]]},"properties":{}},{"type":"Feature","geometry":{"type":"LineString","coordinates":[[-96.1478983,38.2919964],[-96.1423392,38.2965864]]},"properties":{}},{"type":"Feature","geometry":{"type":"LineString","coordinates":[[-96.1473069,38.2916408],[-96.1416342,38.2963244]]},"properties":{}},{"type":"Feature","geometry":{"type":"LineString","coordinates":[[-96.1467181,38.2913769],[-96.1428606,38.2945617]]},"properties":{}},{"type":"Feature","geometry":{"type":"LineString","coordinates":[[-96.1460131,38.291115],[-96.1440842,38.2927075]]},"properties":{}},{"type":"Feature","geometry":{"type":"LineString","coordinates":[[-96.1419019,38.2856947],[-96.1414481,38.2860694]]},"properties":{}},{"type":"Feature","geometry":{"type":"LineString","coordinates":[[-96.1418803,38.2849625],[-96.1405189,38.2860867]]},"properties":{}},{"type":"Feature","geometry":{"type":"LineString","coordinates":[[-96.1418558,38.2841386],[-96.1394736,38.2861056]]},"properties":{}},{"type":"Feature","geometry":{"type":"LineString","coordinates":[[-96.1418344,38.2834064],[-96.1385444,38.2861228]]},"properties":{}},{"type":"Feature","geometry":{"type":"LineString","coordinates":[[-96.1411294,38.2831444],[-96.1374992,38.2861419]]},"properties":{}},{"type":"Feature","geometry":{"type":"LineString","coordinates":[[-96.1402003,38.2831614],[-96.13657,38.2861589]]},"properties":{}},{"type":"Feature","geometry":{"type":"LineString","coordinates":[[-96.139155,38.2831806],[-96.1355247,38.2861778]]},"properties":{}},{"type":"Feature","geometry":{"type":"LineString","coordinates":[[-96.1382258,38.2831975],[-96.1345956,38.2861947]]},"properties":{}},{"type":"Feature","geometry":{"type":"LineString","coordinates":[[-96.1371806,38.2832167],[-96.1340042,38.2858392]]},"properties":{}},{"type":"Feature","geometry":{"type":"LineString","coordinates":[[-96.1362517,38.2832336],[-96.1339825,38.2851069]]},"properties":{}},{"type":"Feature","geometry":{"type":"LineString","coordinates":[[-96.1352064,38.2832528],[-96.1339583,38.2842831]]},"properties":{}},{"type":"Feature","geometry":{"type":"LineString","coordinates":[[-96.1342772,38.2832697],[-96.1339369,38.2835506]]},"properties":{}},{"type":"Feature","geometry":{"type":"LineString","coordinates":[[-96.2913544,40.1905992],[-96.2903553,40.2058547],[-96.2825219,40.2055531],[-96.2819111,40.2052886],[-96.2805328,40.2047536],[-96.2792014,40.2034981],[-96.2786536,40.2022725],[-96.2787483,40.2008311],[-96.2794539,40.1996542],[-96.2809425,40.1985072],[-96.2823839,40.1980811],[-96.2830264,40.197865],[-96.2908589,40.1981669]]},"properties":{}},{"type":"Feature","geometry":{"type":"LineString","coordinates":[[-96.2718686,40.2051417],[-96.2675461,40.18968],[-96.2599622,40.2046808],[-96.2554856,40.1892125],[-96.2486825,40.2042431]]},"properties":{}},{"type":"Feature","geometry":{"type":"LineString","coordinates":[[-96.2325461,40.203615],[-96.2421025,40.2039872],[-96.2431119,40.1887317],[-96.2334011,40.1883533]]},"properties":{}},{"type":"Feature","geometry":{"type":"LineString","coordinates":[[-96.2426114,40.1962994],[-96.2333692,40.1959394]]},"properties":{}},{"type":"Feature","geometry":{"type":"LineString","coordinates":[[-96.2101761,40.1952864],[-96.2020672,40.1954353],[-96.1987597,40.200345],[-96.2029825,40.2056661],[-96.2099,40.2055392],[-96.2137861,40.2000694],[-96.2101761,40.1952864],[-96.2100847,40.1923603],[-96.2019761,40.1925089],[-96.2020672,40.1954353]]},"properties":{}},{"type":"Feature","geometry":{"type":"LineString","coordinates":[[-96.1987597,40.200345],[-96.1953497,40.2019628],[-96.1996886,40.2071903],[-96.2029825,40.2056661]]},"properties":{}},{"type":"Feature","geometry":{"type":"LineString","coordinates":[[-96.2099,40.2055392],[-96.2132853,40.2069408],[-96.2172931,40.2015603],[-96.2137861,40.2000694]]},"properties":{}},{"type":"Feature","geometry":{"type":"LineString","coordinates":[[-96.2026106,40.2052153],[-96.2007478,40.2067136]]},"properties":{}},{"type":"Feature","geometry":{"type":"LineString","coordinates":[[-96.2022386,40.2047647],[-96.1994417,40.2069203]]},"properties":{}},{"type":"Feature","geometry":{"type":"LineString","coordinates":[[-96.2018636,40.2042228],[-96.1990697,40.2064697]]},"properties":{}},{"type":"Feature","geometry":{"type":"LineString","coordinates":[[-96.2014917,40.2037719],[-96.1986975,40.2060189]]},"properties":{}},{"type":"Feature","geometry":{"type":"LineString","coordinates":[[-96.2011167,40.2032297],[-96.1983228,40.2054769]]},"properties":{}},{"type":"Feature","geometry":{"type":"LineString","coordinates":[[-96.2007447,40.2027792],[-96.1979508,40.2050261]]},"properties":{}},{"type":"Feature","geometry":{"type":"LineString","coordinates":[[-96.2002533,40.2023306],[-96.1974594,40.2045778]]},"properties":{}},{"type":"Feature","geometry":{"type":"LineString","coordinates":[[-96.1998786,40.2017886],[-96.1970847,40.2040356]]},"properties":{}},{"type":"Feature","geometry":{"type":"LineString","coordinates":[[-96.1995067,40.2013378],[-96.1967125,40.203585]]},"properties":{}},{"type":"Feature","geometry":{"type":"LineString","coordinates":[[-96.1991317,40.2007958],[-96.1963406,40.2031342]]},"properties":{}},{"type":"Feature","geometry":{"type":"LineString","coordinates":[[-96.1987597,40.200345],[-96.1959686,40.2026836]]},"properties":{}},{"type":"Feature","geometry":{"type":"LineString","coordinates":[[-96.1964086,40.2014861],[-96.1954744,40.2021436]]},"properties":{}},{"type":"Feature","geometry":{"type":"LineString","coordinates":[[-96.2135153,40.2066622],[-96.2131658,40.2069431]]},"properties":{}},{"type":"Feature","geometry":{"type":"LineString","coordinates":[[-96.2148861,40.2047156],[-96.2125611,40.2066797]]},"properties":{}},{"type":"Feature","geometry":{"type":"LineString","coordinates":[[-96.2163764,40.2027664],[-96.2119533,40.2063247]]},"properties":{}},{"type":"Feature","geometry":{"type":"LineString","coordinates":[[-96.2170517,40.2014731],[-96.2112292,40.2060636]]},"properties":{}},{"type":"Feature","geometry":{"type":"LineString","coordinates":[[-96.2163278,40.2012119],[-96.2106242,40.2058003]]},"properties":{}},{"type":"Feature","geometry":{"type":"LineString","coordinates":[[-96.21572,40.2008572],[-96.2099,40.2055392]]},"properties":{}},{"type":"Feature","geometry":{"type":"LineString","coordinates":[[-96.215115,40.2005939],[-96.2111575,40.2037775]]},"properties":{}},{"type":"Feature","geometry":{"type":"LineString","coordinates":[[-96.2143908,40.2003328],[-96.2124122,40.2019244]]},"properties":{}},{"type":"Feature","geometry":{"type":"LineString","coordinates":[[-96.2101647,40.1949206],[-96.2096992,40.1952953]]},"properties":{}},{"type":"Feature","geometry":{"type":"LineString","coordinates":[[-96.2101417,40.1941892],[-96.208745,40.1953128]]},"properties":{}},{"type":"Feature","geometry":{"type":"LineString","coordinates":[[-96.2101161,40.1933661],[-96.2076719,40.1953325]]},"properties":{}},{"type":"Feature","geometry":{"type":"LineString","coordinates":[[-96.2100931,40.1926344],[-96.2067178,40.19535]]},"properties":{}},{"type":"Feature","geometry":{"type":"LineString","coordinates":[[-96.2093692,40.1923733],[-96.2056447,40.1953697]]},"properties":{}},{"type":"Feature","geometry":{"type":"LineString","coordinates":[[-96.2084153,40.1923908],[-96.2046908,40.1953872]]},"properties":{}},{"type":"Feature","geometry":{"type":"LineString","coordinates":[[-96.2073419,40.1924106],[-96.2036175,40.1954067]]},"properties":{}},{"type":"Feature","geometry":{"type":"LineString","coordinates":[[-96.2063881,40.1924281],[-96.2026636,40.1954242]]},"properties":{}},{"type":"Feature","geometry":{"type":"LineString","coordinates":[[-96.205315,40.1924478],[-96.2020558,40.1950694]]},"properties":{}},{"type":"Feature","geometry":{"type":"LineString","coordinates":[[-96.2043611,40.1924653],[-96.2020331,40.1943378]]},"properties":{}},{"type":"Feature","geometry":{"type":"LineString","coordinates":[[-96.2032878,40.192485],[-96.2020075,40.1935147]]},"properties":{}},{"type":"Feature","geometry":{"type":"LineString","coordinates":[[-96.2023339,40.1925025],[-96.2019847,40.1927833]]},"properties":{}},{"type":"Feature","geometry":{"type":"LineString","coordinates":[[-94.9924175,39.9648708],[-94.9937222,39.9661403],[-94.9940242,39.9662758],[-94.9960325,39.9666156],[-94.9977689,39.9664597],[-94.9987447,39.9660253],[-94.9997306,39.9654711],[-95.0006003,39.9644289],[-95.0008292,39.9616675],[-94.9999825,39.9605411],[-94.9993983,39.9600303],[-94.9971181,39.959195],[-94.9945156,39.9584644],[-94.9927033,39.9576522],[-94.9921389,39.9569014],[-94.9919664,39.9552053],[-94.9924081,39.9536597],[-94.9932678,39.9527378],[-94.9940875,39.9522958],[-94.9947414,39.9519664],[-94.9955511,39.9516444],[-94.9972969,39.9513686],[-94.9982328,39.9514144],[-94.9991489,39.9517006],[-95.0003569,39.9522422],[-95.0010972,39.9527606],[-95.0021097,39.9537747]]},"properties":{}},{"type":"Feature","geometry":{"type":"LineString","coordinates":[[-94.9844869,39.9660478],[-94.9732533,39.9654947]]},"properties":{}},{"type":"Feature","geometry":{"type":"LineString","coordinates":[[-94.9790261,39.9657792],[-94.9802942,39.9505325]]},"properties":{}},{"type":"Feature","geometry":{"type":"LineString","coordinates":[[-94.9590556,39.9647939],[-94.9601275,39.9519483],[-94.9603436,39.9512358],[-94.9611836,39.9505539],[-94.9621697,39.95],[-94.9628136,39.9497906],[-94.9637594,39.9497169],[-94.9653194,39.9497939],[-94.9662453,39.94996],[-94.9675792,39.9508697],[-94.9678611,39.9512453]]},"properties":{}},{"type":"Feature","geometry":{"type":"LineString","coordinates":[[-94.9291978,39.9555492],[-94.9211142,39.9556125],[-94.9177303,39.9604881],[-94.9218436,39.9658542],[-94.9287392,39.9658003],[-94.9327097,39.9603708],[-94.9291978,39.9555492],[-94.9291592,39.9526217],[-94.9210758,39.952685],[-94.9211142,39.9556125]]},"properties":{}},{"type":"Feature","geometry":{"type":"LineString","coordinates":[[-94.9177303,39.9604881],[-94.9143031,39.9620697],[-94.9185336,39.9673436],[-94.9218436,39.9658542]]},"properties":{}},{"type":"Feature","geometry":{"type":"LineString","coordinates":[[-94.9287392,39.9658003],[-94.9320878,39.9672378],[-94.9361781,39.9618989],[-94.9327097,39.9603708]]},"properties":{}},{"type":"Feature","geometry":{"type":"LineString","coordinates":[[-94.9214808,39.9653994],[-94.9195978,39.9668781]]},"properties":{}},{"type":"Feature","geometry":{"type":"LineString","coordinates":[[-94.9211181,39.9649447],[-94.9182922,39.9670711]]},"properties":{}},{"type":"Feature","geometry":{"type":"LineString","coordinates":[[-94.9207542,39.9643986],[-94.9179297,39.9666164]]},"properties":{}},{"type":"Feature","geometry":{"type":"LineString","coordinates":[[-94.9203914,39.9639439],[-94.9175669,39.9661617]]},"properties":{}},{"type":"Feature","geometry":{"type":"LineString","coordinates":[[-94.9200275,39.9633978],[-94.9172031,39.9656156]]},"properties":{}},{"type":"Feature","geometry":{"type":"LineString","coordinates":[[-94.919665,39.9629433],[-94.9168403,39.9651608]]},"properties":{}},{"type":"Feature","geometry":{"type":"LineString","coordinates":[[-94.9191833,39.9624894],[-94.9163589,39.9647072]]},"properties":{}},{"type":"Feature","geometry":{"type":"LineString","coordinates":[[-94.9188194,39.9619433],[-94.915995,39.9641611]]},"properties":{}},{"type":"Feature","geometry":{"type":"LineString","coordinates":[[-94.9184569,39.9614886],[-94.9156322,39.9637064]]},"properties":{}},{"type":"Feature","geometry":{"type":"LineString","coordinates":[[-94.9180931,39.9609425],[-94.9152697,39.9632517]]},"properties":{}},{"type":"Feature","geometry":{"type":"LineString","coordinates":[[-94.9177303,39.9604881],[-94.9149069,39.9627972]]},"properties":{}},{"type":"Feature","geometry":{"type":"LineString","coordinates":[[-94.9153669,39.9616042],[-94.9144244,39.9622519]]},"properties":{}},{"type":"Feature","geometry":{"type":"LineString","coordinates":[[-94.9323219,39.9669614],[-94.9319689,39.9672386]]},"properties":{}},{"type":"Feature","geometry":{"type":"LineString","coordinates":[[-94.9337231,39.9650289],[-94.9313708,39.9669689]]},"properties":{}},{"type":"Feature","geometry":{"type":"LineString","coordinates":[[-94.9352431,39.9630956],[-94.9307714,39.9666075]]},"properties":{}},{"type":"Feature","geometry":{"type":"LineString","coordinates":[[-94.9359392,39.9618092],[-94.9300544,39.9663389]]},"properties":{}},{"type":"Feature","geometry":{"type":"LineString","coordinates":[[-94.9352222,39.9615403],[-94.9294564,39.9660689]]},"properties":{}},{"type":"Feature","geometry":{"type":"LineString","coordinates":[[-94.9346231,39.9611792],[-94.9287392,39.9658003]]},"properties":{}},{"type":"Feature","geometry":{"type":"LineString","coordinates":[[-94.9340247,39.9609094],[-94.9300242,39.9640517]]},"properties":{}},{"type":"Feature","geometry":{"type":"LineString","coordinates":[[-94.9333078,39.9606406],[-94.9313075,39.9622117]]},"properties":{}},{"type":"Feature","geometry":{"type":"LineString","coordinates":[[-94.9291931,39.9551833],[-94.9287225,39.9555531]]},"properties":{}},{"type":"Feature","geometry":{"type":"LineString","coordinates":[[-94.9291833,39.9544514],[-94.9277714,39.9555606]]},"properties":{}},{"type":"Feature","geometry":{"type":"LineString","coordinates":[[-94.9291725,39.9536281],[-94.9267014,39.9555689]]},"properties":{}},{"type":"Feature","geometry":{"type":"LineString","coordinates":[[-94.9291628,39.9528961],[-94.9257506,39.9555764]]},"properties":{}},{"type":"Feature","geometry":{"type":"LineString","coordinates":[[-94.9284458,39.9526272],[-94.9246806,39.9555847]]},"properties":{}},{"type":"Feature","geometry":{"type":"LineString","coordinates":[[-94.927495,39.9526347],[-94.9237294,39.9555919]]},"properties":{}},{"type":"Feature","geometry":{"type":"LineString","coordinates":[[-94.926425,39.9526433],[-94.9226597,39.9556006]]},"properties":{}},{"type":"Feature","geometry":{"type":"LineString","coordinates":[[-94.9254742,39.9526506],[-94.9217086,39.9556078]]},"properties":{}},{"type":"Feature","geometry":{"type":"LineString","coordinates":[[-94.9244042,39.9526589],[-94.9211094,39.9552467]]},"properties":{}},{"type":"Feature","geometry":{"type":"LineString","coordinates":[[-94.9234533,39.9526664],[-94.9211,39.9545147]]},"properties":{}},{"type":"Feature","geometry":{"type":"LineString","coordinates":[[-94.9223833,39.9526747],[-94.9210892,39.9536914]]},"properties":{}},{"type":"Feature","geometry":{"type":"LineString","coordinates":[[-94.9214325,39.9526822],[-94.9210794,39.9529594]]},"properties":{}},{"type":"Feature","geometry":{"type":"LineString","coordinates":[[-95.6926181,41.1757847],[-95.6954761,41.1759078],[-95.6969139,41.1758492],[-95.6998531,41.1748922],[-95.7027056,41.1729686],[-95.7037753,41.17145],[-95.7043958,41.1695511],[-95.7045131,41.1679917],[-95.7043039,41.1665383],[-95.7036272,41.1649447],[-95.7020253,41.1629503],[-95.7014356,41.1623233],[-95.7002197,41.1615489],[-95.6975753,41.1607133],[-95.6942417,41.16057],[-95.6926364,41.1607414],[-95.6910128,41.1611531],[-95.6900333,41.1614719],[-95.6883736,41.1623633],[-95.6868364,41.1637414],[-95.6862878,41.1646806],[-95.6856758,41.1664594],[-95.6854586,41.1693386],[-95.6866703,41.1722794],[-95.6875506,41.17328],[-95.6885986,41.1741678],[-95.6896647,41.1748153],[-95.6899733,41.1749489],[-95.6926181,41.1757847]]},"properties":{}},{"type":"Feature","geometry":{"type":"LineString","coordinates":[[-95.6784875,41.1751764],[-95.6720189,41.1596122],[-95.6635631,41.1745317]]},"properties":{}},{"type":"Feature","geometry":{"type":"LineString","coordinates":[[-95.6517622,41.1663181],[-95.6451933,41.1584503]]},"properties":{}},{"type":"Feature","geometry":{"type":"LineString","coordinates":[[-95.6580503,41.1590081],[-95.656895,41.1742433],[-95.6489567,41.1738992],[-95.6483397,41.1736317],[-95.6469472,41.1730897],[-95.6456097,41.1718283],[-95.6450658,41.1706011],[-95.6451753,41.1691614],[-95.6459014,41.1679894],[-95.6474214,41.1668519],[-95.6488867,41.1664339],[-95.6495397,41.1662217],[-95.6574772,41.1665656]]},"properties":{}},{"type":"Feature","geometry":{"type":"LineString","coordinates":[[-95.7408467,41.1621119],[-95.7326256,41.1622292],[-95.72924,41.1671217],[-95.7334853,41.1724536],[-95.7404986,41.1723536],[-95.7444744,41.1669042],[-95.7408467,41.1621119],[-95.7407736,41.1591883],[-95.7325528,41.1593056],[-95.7326256,41.1622292]]},"properties":{}},{"type":"Feature","geometry":{"type":"LineString","coordinates":[[-95.72924,41.1671217],[-95.7257722,41.1687244],[-95.7301361,41.1739636],[-95.7334853,41.1724536]]},"properties":{}},{"type":"Feature","geometry":{"type":"LineString","coordinates":[[-95.7404986,41.1723536],[-95.7439208,41.1737669],[-95.7480197,41.1684069],[-95.7444744,41.1669042]]},"properties":{}},{"type":"Feature","geometry":{"type":"LineString","coordinates":[[-95.7331111,41.1720019],[-95.7312131,41.1734914]]},"properties":{}},{"type":"Feature","geometry":{"type":"LineString","coordinates":[[-95.7327369,41.1715503],[-95.7298875,41.1736931]]},"properties":{}},{"type":"Feature","geometry":{"type":"LineString","coordinates":[[-95.7323606,41.1710072],[-95.7295133,41.1732414]]},"properties":{}},{"type":"Feature","geometry":{"type":"LineString","coordinates":[[-95.7319864,41.1705556],[-95.7291392,41.1727897]]},"properties":{}},{"type":"Feature","geometry":{"type":"LineString","coordinates":[[-95.73161,41.1700128],[-95.7287628,41.1722467]]},"properties":{}},{"type":"Feature","geometry":{"type":"LineString","coordinates":[[-95.7312361,41.1695608],[-95.7283886,41.171795]]},"properties":{}},{"type":"Feature","geometry":{"type":"LineString","coordinates":[[-95.7307411,41.1691111],[-95.7278936,41.171345]]},"properties":{}},{"type":"Feature","geometry":{"type":"LineString","coordinates":[[-95.7303644,41.1685681],[-95.7275172,41.1708019]]},"properties":{}},{"type":"Feature","geometry":{"type":"LineString","coordinates":[[-95.7299906,41.1681164],[-95.7271431,41.1703503]]},"properties":{}},{"type":"Feature","geometry":{"type":"LineString","coordinates":[[-95.7296142,41.1675733],[-95.7267692,41.1698986]]},"properties":{}},{"type":"Feature","geometry":{"type":"LineString","coordinates":[[-95.72924,41.1671217],[-95.726395,41.1694469]]},"properties":{}},{"type":"Feature","geometry":{"type":"LineString","coordinates":[[-95.7268492,41.1682522],[-95.7258978,41.1689056]]},"properties":{}},{"type":"Feature","geometry":{"type":"LineString","coordinates":[[-95.7441558,41.1734894],[-95.7438,41.1737686]]},"properties":{}},{"type":"Feature","geometry":{"type":"LineString","coordinates":[[-95.7455586,41.17155],[-95.7431886,41.1735033]]},"properties":{}},{"type":"Feature","geometry":{"type":"LineString","coordinates":[[-95.7470822,41.1696086],[-95.7425747,41.1731464]]},"properties":{}},{"type":"Feature","geometry":{"type":"LineString","coordinates":[[-95.7477756,41.1683192],[-95.7418425,41.1728828]]},"properties":{}},{"type":"Feature","geometry":{"type":"LineString","coordinates":[[-95.7470433,41.1680556],[-95.7412308,41.1726172]]},"properties":{}},{"type":"Feature","geometry":{"type":"LineString","coordinates":[[-95.7464294,41.1676986],[-95.7404986,41.1723536]]},"properties":{}},{"type":"Feature","geometry":{"type":"LineString","coordinates":[[-95.7458181,41.1674333],[-95.741785,41.1705986]]},"properties":{}},{"type":"Feature","geometry":{"type":"LineString","coordinates":[[-95.7450858,41.1671697],[-95.7430692,41.1687522]]},"properties":{}},{"type":"Feature","geometry":{"type":"LineString","coordinates":[[-95.7408375,41.1617464],[-95.7403631,41.1621189]]},"properties":{}},{"type":"Feature","geometry":{"type":"LineString","coordinates":[[-95.7408192,41.1610156],[-95.7393961,41.1621328]]},"properties":{}},{"type":"Feature","geometry":{"type":"LineString","coordinates":[[-95.7407986,41.1601933],[-95.7383078,41.1621483]]},"properties":{}},{"type":"Feature","geometry":{"type":"LineString","coordinates":[[-95.7407806,41.1594622],[-95.7373408,41.1621619]]},"properties":{}},{"type":"Feature","geometry":{"type":"LineString","coordinates":[[-95.7400483,41.1591986],[-95.7362525,41.1621775]]},"properties":{}},{"type":"Feature","geometry":{"type":"LineString","coordinates":[[-95.7390811,41.1592125],[-95.7352853,41.1621914]]},"properties":{}},{"type":"Feature","geometry":{"type":"LineString","coordinates":[[-95.7379931,41.1592281],[-95.7341972,41.1622069]]},"properties":{}},{"type":"Feature","geometry":{"type":"LineString","coordinates":[[-95.7370258,41.1592417],[-95.7332303,41.1622206]]},"properties":{}},{"type":"Feature","geometry":{"type":"LineString","coordinates":[[-95.7359378,41.1592572],[-95.7326167,41.1618639]]},"properties":{}},{"type":"Feature","geometry":{"type":"LineString","coordinates":[[-95.7349706,41.1592711],[-95.7325983,41.1611328]]},"properties":{}},{"type":"Feature","geometry":{"type":"LineString","coordinates":[[-95.7338825,41.1592867],[-95.7325778,41.1603106]]},"properties":{}},{"type":"Feature","geometry":{"type":"LineString","coordinates":[[-95.7329156,41.1593003],[-95.7325597,41.1595797]]},"properties":{}},{"type":"Feature","geometry":{"type":"LineString","coordinates":[[-93.7367347,41.4296853],[-93.73517,41.444895],[-93.7281667,41.4444867],[-93.7262814,41.4441358],[-93.7255228,41.44373],[-93.7243358,41.4428175],[-93.7225617,41.4413886],[-93.7214489,41.4397575],[-93.7212542,41.4385414],[-93.7216617,41.4345892],[-93.7220911,41.43353],[-93.7231939,41.4321486],[-93.7243944,41.4313753],[-93.7256194,41.4303625],[-93.7272969,41.4296169],[-93.7292436,41.4293692],[-93.7303697,41.4293142],[-93.7367347,41.4296853]]},"properties":{}},{"type":"Feature","geometry":{"type":"LineString","coordinates":[[-93.7054086,41.4415908],[-93.7067172,41.4428725],[-93.7070233,41.4430108],[-93.7090675,41.4433714],[-93.7108431,41.4432342],[-93.7118475,41.4428108],[-93.7128642,41.4422681],[-93.7137711,41.4412367],[-93.7140556,41.4384822],[-93.7132119,41.4373486],[-93.7126247,41.4368322],[-93.7103119,41.4359742],[-93.7076683,41.4352172],[-93.7058328,41.4343869],[-93.7052706,41.4336311],[-93.7051256,41.4319358],[-93.7056047,41.4303975],[-93.7064994,41.4294861],[-93.7073444,41.4290536],[-93.7080181,41.4287314],[-93.7088508,41.4284189],[-93.7106383,41.4281619],[-93.7115931,41.4282178],[-93.7125231,41.4285131],[-93.7137464,41.4290667],[-93.7144928,41.4295922],[-93.7155078,41.4306153]]},"properties":{}},{"type":"Feature","geometry":{"type":"LineString","coordinates":[[-93.6988633,41.4274728],[-93.6918786,41.4423647],[-93.6867703,41.4267636],[-93.6796239,41.4416456],[-93.6753142,41.4260906]]},"properties":{}},{"type":"Feature","geometry":{"type":"LineString","coordinates":[[-93.6527061,41.4326269],[-93.6444519,41.4326047],[-93.6409083,41.4374369],[-93.64501,41.4428378],[-93.6520514,41.4428567],[-93.6562042,41.4374778],[-93.6527061,41.4326269],[-93.65272,41.4297036],[-93.6444658,41.4296814],[-93.6444519,41.4326047]]},"properties":{}},{"type":"Feature","geometry":{"type":"LineString","coordinates":[[-93.6409083,41.4374369],[-93.6373803,41.43898],[-93.6416036,41.4442903],[-93.64501,41.4428378]]},"properties":{}},{"type":"Feature","geometry":{"type":"LineString","coordinates":[[-93.6520514,41.4428567],[-93.6554439,41.4443272],[-93.6597175,41.43904],[-93.6562042,41.4374778]]},"properties":{}},{"type":"Feature","geometry":{"type":"LineString","coordinates":[[-93.6446478,41.44238],[-93.6426983,41.4438364]]},"properties":{}},{"type":"Feature","geometry":{"type":"LineString","coordinates":[[-93.6442858,41.4419222],[-93.6413619,41.4440156]]},"properties":{}},{"type":"Feature","geometry":{"type":"LineString","coordinates":[[-93.6439242,41.4413733],[-93.641,41.4435578]]},"properties":{}},{"type":"Feature","geometry":{"type":"LineString","coordinates":[[-93.6435622,41.4409156],[-93.6406381,41.4431]]},"properties":{}},{"type":"Feature","geometry":{"type":"LineString","coordinates":[[-93.6432008,41.4403664],[-93.6402764,41.4425508]]},"properties":{}},{"type":"Feature","geometry":{"type":"LineString","coordinates":[[-93.6428386,41.4399086],[-93.6399144,41.4420931]]},"properties":{}},{"type":"Feature","geometry":{"type":"LineString","coordinates":[[-93.6423553,41.4394506],[-93.6394311,41.441635]]},"properties":{}},{"type":"Feature","geometry":{"type":"LineString","coordinates":[[-93.6419939,41.4389014],[-93.6390694,41.4410858]]},"properties":{}},{"type":"Feature","geometry":{"type":"LineString","coordinates":[[-93.6416317,41.4384436],[-93.6387075,41.4406281]]},"properties":{}},{"type":"Feature","geometry":{"type":"LineString","coordinates":[[-93.6412703,41.4378947],[-93.6383456,41.4401703]]},"properties":{}},{"type":"Feature","geometry":{"type":"LineString","coordinates":[[-93.6409083,41.4374369],[-93.6379836,41.4397125]]},"properties":{}},{"type":"Feature","geometry":{"type":"LineString","coordinates":[[-93.638475,41.4385264],[-93.6375008,41.4391631]]},"properties":{}},{"type":"Feature","geometry":{"type":"LineString","coordinates":[[-93.6556881,41.4440539],[-93.6553225,41.4443269]]},"properties":{}},{"type":"Feature","geometry":{"type":"LineString","coordinates":[[-93.6571539,41.4421392],[-93.6547169,41.4440514]]},"properties":{}},{"type":"Feature","geometry":{"type":"LineString","coordinates":[[-93.6587408,41.440225],[-93.6541114,41.4436844]]},"properties":{}},{"type":"Feature","geometry":{"type":"LineString","coordinates":[[-93.659475,41.4389481],[-93.6533842,41.4434083]]},"properties":{}},{"type":"Feature","geometry":{"type":"LineString","coordinates":[[-93.6587481,41.4386719],[-93.6527786,41.4431328]]},"properties":{}},{"type":"Feature","geometry":{"type":"LineString","coordinates":[[-93.6581428,41.438305],[-93.6520514,41.4428567]]},"properties":{}},{"type":"Feature","geometry":{"type":"LineString","coordinates":[[-93.6575369,41.4380294],[-93.653395,41.4411244]]},"properties":{}},{"type":"Feature","geometry":{"type":"LineString","coordinates":[[-93.6568097,41.4377536],[-93.6547389,41.4393011]]},"properties":{}},{"type":"Feature","geometry":{"type":"LineString","coordinates":[[-93.6527081,41.4322614],[-93.6522206,41.4326256]]},"properties":{}},{"type":"Feature","geometry":{"type":"LineString","coordinates":[[-93.6527114,41.4315306],[-93.6512494,41.4326231]]},"properties":{}},{"type":"Feature","geometry":{"type":"LineString","coordinates":[[-93.6527153,41.4307086],[-93.6501572,41.43262]]},"properties":{}},{"type":"Feature","geometry":{"type":"LineString","coordinates":[[-93.6527186,41.4299778],[-93.6491861,41.4326175]]},"properties":{}},{"type":"Feature","geometry":{"type":"LineString","coordinates":[[-93.6519917,41.4297017],[-93.6480936,41.4326144]]},"properties":{}},{"type":"Feature","geometry":{"type":"LineString","coordinates":[[-93.6510206,41.4296992],[-93.6471225,41.4326119]]},"properties":{}},{"type":"Feature","geometry":{"type":"LineString","coordinates":[[-93.6499281,41.4296961],[-93.64603,41.4326089]]},"properties":{}},{"type":"Feature","geometry":{"type":"LineString","coordinates":[[-93.6489569,41.4296936],[-93.6450589,41.4326064]]},"properties":{}},{"type":"Feature","geometry":{"type":"LineString","coordinates":[[-93.6478647,41.4296906],[-93.6444536,41.4322394]]},"properties":{}},{"type":"Feature","geometry":{"type":"LineString","coordinates":[[-93.6468936,41.4296881],[-93.6444572,41.4315086]]},"properties":{}},{"type":"Feature","geometry":{"type":"LineString","coordinates":[[-93.6458011,41.429685],[-93.6444611,41.4306864]]},"properties":{}},{"type":"Feature","geometry":{"type":"LineString","coordinates":[[-93.64483,41.4296825],[-93.6444647,41.4299556]]},"properties":{}},{"type":"Feature","geometry":{"type":"LineString","coordinates":[[-91.0054828,40.7170933],[-91.0033642,40.7322756],[-90.9967639,40.7317422],[-90.9953494,40.7316278],[-90.9943497,40.7308217],[-90.9936808,40.7299214],[-90.9937478,40.7294433],[-90.9940817,40.7270522],[-90.9942889,40.7267064],[-90.9948939,40.7257881],[-90.9966322,40.7247197],[-90.9951611,40.7238756],[-90.9944256,40.7234533],[-90.9937233,40.7227922],[-90.9934025,40.7216781],[-90.9938367,40.71857],[-90.9944247,40.7177714],[-90.9956247,40.7171428],[-90.9964772,40.7167283],[-90.9973128,40.7164331],[-91.0054828,40.7170933]]},"properties":{}},{"type":"Feature","geometry":{"type":"LineString","coordinates":[[-91.0043319,40.7253419],[-90.9966322,40.7247197]]},"properties":{}},{"type":"Feature","geometry":{"type":"LineString","coordinates":[[-90.9808625,40.7227186],[-90.9748461,40.7146147]]},"properties":{}},{"type":"Feature","geometry":{"type":"LineString","coordinates":[[-90.9875719,40.7156453],[-90.9854494,40.7308272],[-90.9775922,40.7301911],[-90.9769972,40.7299011],[-90.97565,40.7293083],[-90.9744031,40.7279983],[-90.9739419,40.7267522],[-90.9741425,40.7253175],[-90.9749386,40.7241731],[-90.97652,40.7230922],[-90.9780008,40.7227286],[-90.9786628,40.7225406],[-90.9865192,40.7231764]]},"properties":{}},{"type":"Feature","geometry":{"type":"LineString","coordinates":[[-90.9662783,40.7292742],[-90.968405,40.7140928],[-90.9607069,40.7134683]]},"properties":{}},{"type":"Feature","geometry":{"type":"LineString","coordinates":[[-90.9301878,40.7185497],[-90.9220211,40.7183458],[-90.9183286,40.7231017],[-90.9221792,40.728595],[-90.9291461,40.7287692],[-90.9334619,40.7234797],[-90.9301878,40.7185497],[-90.9303136,40.7156258],[-90.9221472,40.7154217],[-90.9220211,40.7183458]]},"properties":{}},{"type":"Feature","geometry":{"type":"LineString","coordinates":[[-90.9183286,40.7231017],[-90.9147783,40.7245678],[-90.9187528,40.7299728],[-90.9221792,40.728595]]},"properties":{}},{"type":"Feature","geometry":{"type":"LineString","coordinates":[[-90.9291461,40.7287692],[-90.9324464,40.730315],[-90.9368783,40.7251197],[-90.9334619,40.7234797]]},"properties":{}},{"type":"Feature","geometry":{"type":"LineString","coordinates":[[-90.9218386,40.7281292],[-90.9198536,40.7295431]]},"properties":{}},{"type":"Feature","geometry":{"type":"LineString","coordinates":[[-90.9214981,40.7276633],[-90.9185244,40.7296928]]},"properties":{}},{"type":"Feature","geometry":{"type":"LineString","coordinates":[[-90.9211614,40.7271061],[-90.9181839,40.7292269]]},"properties":{}},{"type":"Feature","geometry":{"type":"LineString","coordinates":[[-90.9208208,40.72664],[-90.9178433,40.7287611]]},"properties":{}},{"type":"Feature","geometry":{"type":"LineString","coordinates":[[-90.9204842,40.7260828],[-90.9175067,40.7282036]]},"properties":{}},{"type":"Feature","geometry":{"type":"LineString","coordinates":[[-90.9201436,40.7256169],[-90.9171661,40.7277378]]},"properties":{}},{"type":"Feature","geometry":{"type":"LineString","coordinates":[[-90.9196831,40.7251481],[-90.9167056,40.7272689]]},"properties":{}},{"type":"Feature","geometry":{"type":"LineString","coordinates":[[-90.9193464,40.7245908],[-90.9163689,40.7267117]]},"properties":{}},{"type":"Feature","geometry":{"type":"LineString","coordinates":[[-90.9190058,40.7241247],[-90.9160283,40.7262456]]},"properties":{}},{"type":"Feature","geometry":{"type":"LineString","coordinates":[[-90.9186692,40.7235675],[-90.9156878,40.7257797]]},"properties":{}},{"type":"Feature","geometry":{"type":"LineString","coordinates":[[-90.9183286,40.7231017],[-90.9153472,40.7253139]]},"properties":{}},{"type":"Feature","geometry":{"type":"LineString","coordinates":[[-90.9158792,40.7241381],[-90.9148906,40.7247536]]},"properties":{}},{"type":"Feature","geometry":{"type":"LineString","coordinates":[[-90.9326983,40.7300469],[-90.9323261,40.7303119]]},"properties":{}},{"type":"Feature","geometry":{"type":"LineString","coordinates":[[-90.9342225,40.7281639],[-90.9317375,40.7300228]]},"properties":{}},{"type":"Feature","geometry":{"type":"LineString","coordinates":[[-90.9358664,40.7262839],[-90.9311525,40.7296425]]},"properties":{}},{"type":"Feature","geometry":{"type":"LineString","coordinates":[[-90.9366419,40.7250225],[-90.9304436,40.7293503]]},"properties":{}},{"type":"Feature","geometry":{"type":"LineString","coordinates":[[-90.9359333,40.7247303],[-90.929855,40.7290611]]},"properties":{}},{"type":"Feature","geometry":{"type":"LineString","coordinates":[[-90.9353483,40.72435],[-90.9291461,40.7287692]]},"properties":{}},{"type":"Feature","geometry":{"type":"LineString","coordinates":[[-90.9347597,40.7240608],[-90.9305422,40.7270658]]},"properties":{}},{"type":"Feature","geometry":{"type":"LineString","coordinates":[[-90.9340508,40.7237689],[-90.9319419,40.7252714]]},"properties":{}},{"type":"Feature","geometry":{"type":"LineString","coordinates":[[-90.9302033,40.7181842],[-90.9297072,40.7185378]]},"properties":{}},{"type":"Feature","geometry":{"type":"LineString","coordinates":[[-90.930235,40.7174533],[-90.9287464,40.7185139]]},"properties":{}},{"type":"Feature","geometry":{"type":"LineString","coordinates":[[-90.9302703,40.7166308],[-90.9276656,40.7184869]]},"properties":{}},{"type":"Feature","geometry":{"type":"LineString","coordinates":[[-90.9303019,40.7158997],[-90.9267047,40.7184628]]},"properties":{}},{"type":"Feature","geometry":{"type":"LineString","coordinates":[[-90.9295931,40.7156078],[-90.9256239,40.7184358]]},"properties":{}},{"type":"Feature","geometry":{"type":"LineString","coordinates":[[-90.9286322,40.7155836],[-90.9246631,40.7184119]]},"properties":{}},{"type":"Feature","geometry":{"type":"LineString","coordinates":[[-90.9275514,40.7155567],[-90.9235822,40.7183847]]},"properties":{}},{"type":"Feature","geometry":{"type":"LineString","coordinates":[[-90.9265908,40.7155328],[-90.9226214,40.7183608]]},"properties":{}},{"type":"Feature","geometry":{"type":"LineString","coordinates":[[-90.92551,40.7155058],[-90.9220367,40.7179803]]},"properties":{}},{"type":"Feature","geometry":{"type":"LineString","coordinates":[[-90.9245492,40.7154817],[-90.9220683,40.7172492]]},"properties":{}},{"type":"Feature","geometry":{"type":"LineString","coordinates":[[-90.9234683,40.7154547],[-90.9221039,40.7164269]]},"properties":{}},{"type":"Feature","geometry":{"type":"LineString","coordinates":[[-90.9225075,40.7154308],[-90.9221356,40.7156958]]},"properties":{}},{"type":"Feature","geometry":{"type":"LineString","coordinates":[[-91.6996678,41.5124178],[-91.6976733,41.5275978]]},"properties":{}},{"type":"Feature","geometry":{"type":"LineString","coordinates":[[-91.67811,41.5261442],[-91.6809728,41.5263572],[-91.68242,41.5263439],[-91.6854244,41.5254811],[-91.6883956,41.52365],[-91.6895542,41.5221672],[-91.6902828,41.5202903],[-91.6904872,41.5187364],[-91.6903578,41.5172783],[-91.6897669,41.5156656],[-91.6882692,41.5136231],[-91.6877117,41.5129783],[-91.6865339,41.5121667],[-91.683925,41.5112486],[-91.6805856,41.5110003],[-91.6789642,41.5111208],[-91.6773108,41.5114808],[-91.6763097,41.5117683],[-91.6745936,41.5126061],[-91.6729733,41.5139339],[-91.6723703,41.5148547],[-91.6716569,41.5166119],[-91.6712789,41.5194806],[-91.6723322,41.5224556],[-91.6731606,41.5234828],[-91.6741636,41.5244022],[-91.6751981,41.5250828],[-91.6755006,41.5252258],[-91.67811,41.5261442]]},"properties":{}},{"type":"Feature","geometry":{"type":"LineString","coordinates":[[-91.6639547,41.5250906],[-91.6605503,41.5095083],[-91.6518675,41.5241894],[-91.6483069,41.508595],[-91.6404167,41.5233347]]},"properties":{}},{"type":"Feature","geometry":{"type":"LineString","coordinates":[[-91.6175494,41.5140581],[-91.6092883,41.5139],[-91.6056006,41.5186722],[-91.6095489,41.5241389],[-91.6165964,41.5242736],[-91.6209094,41.518965],[-91.6175494,41.5140581],[-91.6176483,41.5111358],[-91.6093872,41.5109781],[-91.6092883,41.5139]]},"properties":{}},{"type":"Feature","geometry":{"type":"LineString","coordinates":[[-91.6056006,41.5186722],[-91.6020244,41.5201569],[-91.6060972,41.5255347],[-91.6095489,41.5241389]]},"properties":{}},{"type":"Feature","geometry":{"type":"LineString","coordinates":[[-91.6165964,41.5242736],[-91.6199492,41.5257994],[-91.6243806,41.5205842],[-91.6209094,41.518965]]},"properties":{}},{"type":"Feature","geometry":{"type":"LineString","coordinates":[[-91.6092,41.5236753],[-91.6072061,41.5250992]]},"properties":{}},{"type":"Feature","geometry":{"type":"LineString","coordinates":[[-91.6088508,41.5232117],[-91.6058633,41.5252561]]},"properties":{}},{"type":"Feature","geometry":{"type":"LineString","coordinates":[[-91.608505,41.5226569],[-91.6055144,41.5247925]]},"properties":{}},{"type":"Feature","geometry":{"type":"LineString","coordinates":[[-91.6081558,41.5221933],[-91.6051653,41.5243289]]},"properties":{}},{"type":"Feature","geometry":{"type":"LineString","coordinates":[[-91.60781,41.5216383],[-91.6048194,41.5237742]]},"properties":{}},{"type":"Feature","geometry":{"type":"LineString","coordinates":[[-91.6074608,41.521175],[-91.6044706,41.5233106]]},"properties":{}},{"type":"Feature","geometry":{"type":"LineString","coordinates":[[-91.6069906,41.5207092],[-91.604,41.5228447]]},"properties":{}},{"type":"Feature","geometry":{"type":"LineString","coordinates":[[-91.6066444,41.5201542],[-91.6036542,41.5222897]]},"properties":{}},{"type":"Feature","geometry":{"type":"LineString","coordinates":[[-91.6062956,41.5196906],[-91.603305,41.5218261]]},"properties":{}},{"type":"Feature","geometry":{"type":"LineString","coordinates":[[-91.6059497,41.5191358],[-91.6029561,41.5213625]]},"properties":{}},{"type":"Feature","geometry":{"type":"LineString","coordinates":[[-91.6056006,41.5186722],[-91.6026072,41.5208989]]},"properties":{}},{"type":"Feature","geometry":{"type":"LineString","coordinates":[[-91.6031333,41.5197214],[-91.6021397,41.5203419]]},"properties":{}},{"type":"Feature","geometry":{"type":"LineString","coordinates":[[-91.6202017,41.5255303],[-91.6198278,41.5257972]]},"properties":{}},{"type":"Feature","geometry":{"type":"LineString","coordinates":[[-91.6217244,41.5236403],[-91.6192294,41.5255117]]},"properties":{}},{"type":"Feature","geometry":{"type":"LineString","coordinates":[[-91.6233686,41.5217528],[-91.6186342,41.5251347]]},"properties":{}},{"type":"Feature","geometry":{"type":"LineString","coordinates":[[-91.6241406,41.5204883],[-91.6179144,41.5248469]]},"properties":{}},{"type":"Feature","geometry":{"type":"LineString","coordinates":[[-91.6234208,41.5202006],[-91.6173161,41.5245614]]},"properties":{}},{"type":"Feature","geometry":{"type":"LineString","coordinates":[[-91.6228258,41.5198236],[-91.6165964,41.5242736]]},"properties":{}},{"type":"Feature","geometry":{"type":"LineString","coordinates":[[-91.6222275,41.5195383],[-91.6179917,41.5225642]]},"properties":{}},{"type":"Feature","geometry":{"type":"LineString","coordinates":[[-91.6215078,41.5192503],[-91.6193897,41.5207633]]},"properties":{}},{"type":"Feature","geometry":{"type":"LineString","coordinates":[[-91.6175619,41.5136928],[-91.6170636,41.5140486]]},"properties":{}},{"type":"Feature","geometry":{"type":"LineString","coordinates":[[-91.6175864,41.5129622],[-91.6160917,41.5140303]]},"properties":{}},{"type":"Feature","geometry":{"type":"LineString","coordinates":[[-91.6176142,41.5121403],[-91.6149981,41.5140092]]},"properties":{}},{"type":"Feature","geometry":{"type":"LineString","coordinates":[[-91.6176389,41.51141],[-91.6140264,41.5139908]]},"properties":{}},{"type":"Feature","geometry":{"type":"LineString","coordinates":[[-91.6169192,41.5111219],[-91.6129328,41.5139697]]},"properties":{}},{"type":"Feature","geometry":{"type":"LineString","coordinates":[[-91.6159475,41.5111033],[-91.6119611,41.5139511]]},"properties":{}},{"type":"Feature","geometry":{"type":"LineString","coordinates":[[-91.6148542,41.5110825],[-91.6108675,41.5139303]]},"properties":{}},{"type":"Feature","geometry":{"type":"LineString","coordinates":[[-91.6138822,41.5110639],[-91.6098956,41.5139117]]},"properties":{}},{"type":"Feature","geometry":{"type":"LineString","coordinates":[[-91.6127889,41.5110431],[-91.6093006,41.5135347]]},"properties":{}},{"type":"Feature","geometry":{"type":"LineString","coordinates":[[-91.6118169,41.5110244],[-91.6093253,41.5128042]]},"properties":{}},{"type":"Feature","geometry":{"type":"LineString","coordinates":[[-91.6107236,41.5110036],[-91.6093533,41.5119825]]},"properties":{}},{"type":"Feature","geometry":{"type":"LineString","coordinates":[[-91.6097517,41.510985],[-91.6093781,41.5112519]]},"properties":{}},{"type":"Feature","geometry":{"type":"LineString","coordinates":[[-89.8716039,40.6744264],[-89.8692497,40.6895889],[-89.8614072,40.6888831],[-89.8608172,40.6885878],[-89.8594797,40.6879831],[-89.8582539,40.6866619],[-89.8578119,40.6854117],[-89.8580347,40.6839789],[-89.8588478,40.6828417],[-89.8604447,40.6817747],[-89.8619303,40.6814244],[-89.8625947,40.6812419],[-89.8704361,40.6819481]]},"properties":{}},{"type":"Feature","geometry":{"type":"LineString","coordinates":[[-89.8531003,40.6727597],[-89.8507422,40.6879219]]},"properties":{}},{"type":"Feature","geometry":{"type":"LineString","coordinates":[[-89.8451033,40.6720386],[-89.8341178,40.6864222],[-89.8283261,40.6705242]]},"properties":{}},{"type":"Feature","geometry":{"type":"LineString","coordinates":[[-89.8415192,40.6766789],[-89.8302289,40.6756597]]},"properties":{}},{"type":"Feature","geometry":{"type":"LineString","coordinates":[[-89.7971242,40.6752286],[-89.7889664,40.6749489],[-89.7852006,40.6796706],[-89.7889606,40.6851994],[-89.7959197,40.6854381],[-89.8003175,40.6801886],[-89.7971242,40.6752286],[-89.7972967,40.6723058],[-89.7891392,40.6720261],[-89.7889664,40.6749489]]},"properties":{}},{"type":"Feature","geometry":{"type":"LineString","coordinates":[[-89.7852006,40.6796706],[-89.7816292,40.6811036],[-89.7855144,40.6865456],[-89.7889606,40.6851994]]},"properties":{}},{"type":"Feature","geometry":{"type":"LineString","coordinates":[[-89.7959197,40.6854381],[-89.7991931,40.6870144],[-89.8037053,40.6818606],[-89.8003175,40.6801886]]},"properties":{}},{"type":"Feature","geometry":{"type":"LineString","coordinates":[[-89.7886275,40.6847303],[-89.7866214,40.6861258]]},"properties":{}},{"type":"Feature","geometry":{"type":"LineString","coordinates":[[-89.7882947,40.6842614],[-89.7852906,40.6862633]]},"properties":{}},{"type":"Feature","geometry":{"type":"LineString","coordinates":[[-89.7879672,40.6837011],[-89.7849578,40.6857942]]},"properties":{}},{"type":"Feature","geometry":{"type":"LineString","coordinates":[[-89.7876344,40.6832319],[-89.784625,40.6853253]]},"properties":{}},{"type":"Feature","geometry":{"type":"LineString","coordinates":[[-89.7873069,40.6826717],[-89.7842975,40.6847647]]},"properties":{}},{"type":"Feature","geometry":{"type":"LineString","coordinates":[[-89.7869739,40.6822025],[-89.7839644,40.6842958]]},"properties":{}},{"type":"Feature","geometry":{"type":"LineString","coordinates":[[-89.7865211,40.6817294],[-89.7835117,40.6838225]]},"properties":{}},{"type":"Feature","geometry":{"type":"LineString","coordinates":[[-89.7861936,40.6811689],[-89.7831842,40.6832622]]},"properties":{}},{"type":"Feature","geometry":{"type":"LineString","coordinates":[[-89.7858608,40.6807],[-89.7828514,40.6827931]]},"properties":{}},{"type":"Feature","geometry":{"type":"LineString","coordinates":[[-89.7855333,40.6801394],[-89.7825186,40.6823242]]},"properties":{}},{"type":"Feature","geometry":{"type":"LineString","coordinates":[[-89.7852006,40.6796706],[-89.7821856,40.681855]]},"properties":{}},{"type":"Feature","geometry":{"type":"LineString","coordinates":[[-89.7827358,40.6806842],[-89.7817383,40.6812906]]},"properties":{}},{"type":"Feature","geometry":{"type":"LineString","coordinates":[[-89.7994492,40.6867486],[-89.7990731,40.6870103]]},"properties":{}},{"type":"Feature","geometry":{"type":"LineString","coordinates":[[-89.8010022,40.6848797],[-89.7984892,40.6867158]]},"properties":{}},{"type":"Feature","geometry":{"type":"LineString","coordinates":[[-89.8026753,40.683015],[-89.7979108,40.68633]]},"properties":{}},{"type":"Feature","geometry":{"type":"LineString","coordinates":[[-89.8034706,40.6817608],[-89.7972072,40.6860311]]},"properties":{}},{"type":"Feature","geometry":{"type":"LineString","coordinates":[[-89.8027669,40.6814622],[-89.7966233,40.6857367]]},"properties":{}},{"type":"Feature","geometry":{"type":"LineString","coordinates":[[-89.8021886,40.6810764],[-89.7959197,40.6854381]]},"properties":{}},{"type":"Feature","geometry":{"type":"LineString","coordinates":[[-89.8016047,40.6807819],[-89.7973422,40.6837478]]},"properties":{}},{"type":"Feature","geometry":{"type":"LineString","coordinates":[[-89.8009011,40.6804833],[-89.7987697,40.6819661]]},"properties":{}},{"type":"Feature","geometry":{"type":"LineString","coordinates":[[-89.7971456,40.6748633],[-89.7966442,40.6752122]]},"properties":{}},{"type":"Feature","geometry":{"type":"LineString","coordinates":[[-89.7971889,40.6741325],[-89.7956844,40.6751794]]},"properties":{}},{"type":"Feature","geometry":{"type":"LineString","coordinates":[[-89.7972375,40.6733106],[-89.7946047,40.6751422]]},"properties":{}},{"type":"Feature","geometry":{"type":"LineString","coordinates":[[-89.7972806,40.6725797],[-89.793645,40.6751094]]},"properties":{}},{"type":"Feature","geometry":{"type":"LineString","coordinates":[[-89.7965769,40.6722811],[-89.7925653,40.6750725]]},"properties":{}},{"type":"Feature","geometry":{"type":"LineString","coordinates":[[-89.7956172,40.6722483],[-89.7916056,40.6750394]]},"properties":{}},{"type":"Feature","geometry":{"type":"LineString","coordinates":[[-89.7945375,40.6722114],[-89.7905258,40.6750025]]},"properties":{}},{"type":"Feature","geometry":{"type":"LineString","coordinates":[[-89.7935778,40.6721783],[-89.7895661,40.6749697]]},"properties":{}},{"type":"Feature","geometry":{"type":"LineString","coordinates":[[-89.7924983,40.6721414],[-89.7889878,40.6745836]]},"properties":{}},{"type":"Feature","geometry":{"type":"LineString","coordinates":[[-89.7915386,40.6721086],[-89.7890311,40.6738531]]},"properties":{}},{"type":"Feature","geometry":{"type":"LineString","coordinates":[[-89.7904589,40.6720714],[-89.7890797,40.6730308]]},"properties":{}},{"type":"Feature","geometry":{"type":"LineString","coordinates":[[-89.7894992,40.6720386],[-89.7891231,40.6723003]]},"properties":{}},{"type":"Feature","geometry":{"type":"LineString","coordinates":[[-89.6697261,41.1543389],[-89.6673167,41.1694903],[-89.6606858,41.1688878],[-89.659265,41.1687586],[-89.6582739,41.1679425],[-89.6576175,41.1670356],[-89.6576933,41.1665583],[-89.6580731,41.1641725],[-89.6582881,41.1638289],[-89.6589136,41.1629175],[-89.6606819,41.1618681],[-89.6592172,41.1610086],[-89.658485,41.1605792],[-89.6577906,41.1599108],[-89.6574881,41.1587942],[-89.6579817,41.1556922],[-89.6585881,41.1549003],[-89.6598069,41.1542847],[-89.6606722,41.1538794],[-89.6615183,41.1535933],[-89.6697261,41.1543389]]},"properties":{}},{"type":"Feature","geometry":{"type":"LineString","coordinates":[[-89.6684172,41.1625708],[-89.6606819,41.1618681]]},"properties":{}},{"type":"Feature","geometry":{"type":"LineString","coordinates":[[-89.6517322,41.1527033],[-89.6493189,41.1678542],[-89.6423725,41.1672219],[-89.6405161,41.1668108],[-89.6397839,41.1663811],[-89.6386542,41.1654311],[-89.6369692,41.1639464],[-89.6359536,41.1622806],[-89.6358283,41.1610586],[-89.6364561,41.1571219],[-89.6369431,41.1560769],[-89.6381183,41.1547317],[-89.6393564,41.1539972],[-89.6406325,41.1530242],[-89.6423439,41.1523331],[-89.644295,41.1521475],[-89.6454189,41.1521289],[-89.6517322,41.1527033]]},"properties":{}},{"type":"Feature","geometry":{"type":"LineString","coordinates":[[-89.6296989,41.1583217],[-89.6207019,41.1575011]]},"properties":{}},{"type":"Feature","geometry":{"type":"LineString","coordinates":[[-89.6190086,41.1650928],[-89.6284803,41.1659564],[-89.6308983,41.1508061]]},"properties":{}},{"type":"Feature","geometry":{"type":"LineString","coordinates":[[-89.5922792,41.1548775],[-89.5840667,41.1545842],[-89.5802614,41.1592969],[-89.5840308,41.1648292],[-89.5910367,41.1650794],[-89.5954797,41.1598403],[-89.5922792,41.1548775],[-89.5924614,41.1519564],[-89.5842492,41.1516633],[-89.5840667,41.1545842]]},"properties":{}},{"type":"Feature","geometry":{"type":"LineString","coordinates":[[-89.5802614,41.1592969],[-89.5766614,41.1607233],[-89.5805572,41.1661689],[-89.5840308,41.1648292]]},"properties":{}},{"type":"Feature","geometry":{"type":"LineString","coordinates":[[-89.5910367,41.1650794],[-89.5943278,41.1666606],[-89.5988858,41.1615167],[-89.5954797,41.1598403]]},"properties":{}},{"type":"Feature","geometry":{"type":"LineString","coordinates":[[-89.5836972,41.16436],[-89.5816731,41.1657514]]},"properties":{}},{"type":"Feature","geometry":{"type":"LineString","coordinates":[[-89.5833633,41.1638906],[-89.5803328,41.1658864]]},"properties":{}},{"type":"Feature","geometry":{"type":"LineString","coordinates":[[-89.5830353,41.16333],[-89.5799992,41.1654169]]},"properties":{}},{"type":"Feature","geometry":{"type":"LineString","coordinates":[[-89.5827014,41.1628606],[-89.5796653,41.1649478]]},"properties":{}},{"type":"Feature","geometry":{"type":"LineString","coordinates":[[-89.5823733,41.1623],[-89.5793372,41.1643869]]},"properties":{}},{"type":"Feature","geometry":{"type":"LineString","coordinates":[[-89.5820394,41.1618306],[-89.5790033,41.1639178]]},"properties":{}},{"type":"Feature","geometry":{"type":"LineString","coordinates":[[-89.581585,41.1613569],[-89.5785489,41.1634439]]},"properties":{}},{"type":"Feature","geometry":{"type":"LineString","coordinates":[[-89.5812569,41.1607964],[-89.5782208,41.1628833]]},"properties":{}},{"type":"Feature","geometry":{"type":"LineString","coordinates":[[-89.5809231,41.1603269],[-89.5778869,41.1624139]]},"properties":{}},{"type":"Feature","geometry":{"type":"LineString","coordinates":[[-89.580595,41.1597664],[-89.5775533,41.1619447]]},"properties":{}},{"type":"Feature","geometry":{"type":"LineString","coordinates":[[-89.5802614,41.1592969],[-89.5772197,41.1614753]]},"properties":{}},{"type":"Feature","geometry":{"type":"LineString","coordinates":[[-89.5777769,41.1603058],[-89.5767708,41.1609103]]},"properties":{}},{"type":"Feature","geometry":{"type":"LineString","coordinates":[[-89.5945864,41.1663953],[-89.5942069,41.1666561]]},"properties":{}},{"type":"Feature","geometry":{"type":"LineString","coordinates":[[-89.5961556,41.16453],[-89.5936203,41.1663608]]},"properties":{}},{"type":"Feature","geometry":{"type":"LineString","coordinates":[[-89.5978456,41.1626692],[-89.5930389,41.1659742]]},"properties":{}},{"type":"Feature","geometry":{"type":"LineString","coordinates":[[-89.59865,41.1614169],[-89.5923314,41.1656744]]},"properties":{}},{"type":"Feature","geometry":{"type":"LineString","coordinates":[[-89.5979422,41.1611172],[-89.5917444,41.1653792]]},"properties":{}},{"type":"Feature","geometry":{"type":"LineString","coordinates":[[-89.5973611,41.1607306],[-89.5910367,41.1650794]]},"properties":{}},{"type":"Feature","geometry":{"type":"LineString","coordinates":[[-89.5967742,41.1604353],[-89.5924739,41.1633925]]},"properties":{}},{"type":"Feature","geometry":{"type":"LineString","coordinates":[[-89.5960667,41.1601356],[-89.5939164,41.1616142]]},"properties":{}},{"type":"Feature","geometry":{"type":"LineString","coordinates":[[-89.5923019,41.1545122],[-89.5917961,41.1548603]]},"properties":{}},{"type":"Feature","geometry":{"type":"LineString","coordinates":[[-89.5923475,41.1537819],[-89.5908297,41.1548258]]},"properties":{}},{"type":"Feature","geometry":{"type":"LineString","coordinates":[[-89.5923989,41.1529606],[-89.5897428,41.1547869]]},"properties":{}},{"type":"Feature","geometry":{"type":"LineString","coordinates":[[-89.5924444,41.1522303],[-89.5887767,41.1547525]]},"properties":{}},{"type":"Feature","geometry":{"type":"LineString","coordinates":[[-89.5917369,41.1519306],[-89.5876897,41.1547136]]},"properties":{}},{"type":"Feature","geometry":{"type":"LineString","coordinates":[[-89.5907708,41.1518961],[-89.5867236,41.1546792]]},"properties":{}},{"type":"Feature","geometry":{"type":"LineString","coordinates":[[-89.5896839,41.1518572],[-89.5856367,41.1546403]]},"properties":{}},{"type":"Feature","geometry":{"type":"LineString","coordinates":[[-89.5887178,41.1518228],[-89.5846706,41.1546058]]},"properties":{}},{"type":"Feature","geometry":{"type":"LineString","coordinates":[[-89.5876308,41.1517839],[-89.5840894,41.1542192]]},"properties":{}},{"type":"Feature","geometry":{"type":"LineString","coordinates":[[-89.5866647,41.1517494],[-89.584135,41.1534889]]},"properties":{}},{"type":"Feature","geometry":{"type":"LineString","coordinates":[[-89.5855778,41.1517106],[-89.5841864,41.1526672]]},"properties":{}},{"type":"Feature","geometry":{"type":"LineString","coordinates":[[-89.5846117,41.1516761],[-89.5842322,41.1519369]]},"properties":{}},{"type":"Feature","geometry":{"type":"LineString","coordinates":[[-90.7276633,41.3151939],[-90.7200839,41.3299189],[-90.7156244,41.3142042],[-90.7078839,41.3289153],[-90.7042197,41.3132656]]},"properties":{}},{"type":"Feature","geometry":{"type":"LineString","coordinates":[[-90.6944172,41.3278061],[-90.6836442,41.3269178],[-90.6838,41.3258431],[-90.6977081,41.31285],[-90.6977253,41.3127306],[-90.6852122,41.3116986]]},"properties":{}},{"type":"Feature","geometry":{"type":"LineString","coordinates":[[-90.6769903,41.3263686],[-90.6715908,41.3105739],[-90.6620986,41.3251381]]},"properties":{}},{"type":"Feature","geometry":{"type":"LineString","coordinates":[[-90.6425775,41.3160353],[-90.6343422,41.3158122],[-90.6305992,41.3205564],[-90.63446,41.326055],[-90.6414853,41.3262453],[-90.6458597,41.3209697],[-90.6425775,41.3160353],[-90.6427167,41.3131136],[-90.6344817,41.3128906],[-90.6343422,41.3158122]]},"properties":{}},{"type":"Feature","geometry":{"type":"LineString","coordinates":[[-90.6305992,41.3205564],[-90.6270125,41.3220131],[-90.6309986,41.3274239],[-90.63446,41.326055]]},"properties":{}},{"type":"Feature","geometry":{"type":"LineString","coordinates":[[-90.6414853,41.3262453],[-90.6448072,41.3277981],[-90.6492983,41.3226167],[-90.6458597,41.3209697]]},"properties":{}},{"type":"Feature","geometry":{"type":"LineString","coordinates":[[-90.6341183,41.3255886],[-90.6321106,41.3269969]]},"properties":{}},{"type":"Feature","geometry":{"type":"LineString","coordinates":[[-90.6337767,41.3251222],[-90.6307694,41.3271436]]},"properties":{}},{"type":"Feature","geometry":{"type":"LineString","coordinates":[[-90.6334394,41.3245647],[-90.6304281,41.3266772]]},"properties":{}},{"type":"Feature","geometry":{"type":"LineString","coordinates":[[-90.6330981,41.3240983],[-90.6300864,41.3262108]]},"properties":{}},{"type":"Feature","geometry":{"type":"LineString","coordinates":[[-90.6327608,41.3235406],[-90.6297492,41.3256531]]},"properties":{}},{"type":"Feature","geometry":{"type":"LineString","coordinates":[[-90.6324192,41.3230742],[-90.6294075,41.3251867]]},"properties":{}},{"type":"Feature","geometry":{"type":"LineString","coordinates":[[-90.6319567,41.3226044],[-90.628945,41.3247169]]},"properties":{}},{"type":"Feature","geometry":{"type":"LineString","coordinates":[[-90.6316194,41.3220469],[-90.6286078,41.3241592]]},"properties":{}},{"type":"Feature","geometry":{"type":"LineString","coordinates":[[-90.6312778,41.3215803],[-90.6282661,41.3236928]]},"properties":{}},{"type":"Feature","geometry":{"type":"LineString","coordinates":[[-90.6309406,41.3210228],[-90.6279247,41.3232264]]},"properties":{}},{"type":"Feature","geometry":{"type":"LineString","coordinates":[[-90.6305992,41.3205564],[-90.6275831,41.32276]]},"properties":{}},{"type":"Feature","geometry":{"type":"LineString","coordinates":[[-90.6281244,41.3215861],[-90.627125,41.3221989]]},"properties":{}},{"type":"Feature","geometry":{"type":"LineString","coordinates":[[-90.6450625,41.3275306],[-90.6446861,41.3277947]]},"properties":{}},{"type":"Feature","geometry":{"type":"LineString","coordinates":[[-90.6466072,41.3256525],[-90.6440936,41.3275044]]},"properties":{}},{"type":"Feature","geometry":{"type":"LineString","coordinates":[[-90.6482731,41.3237775],[-90.6435053,41.3271228]]},"properties":{}},{"type":"Feature","geometry":{"type":"LineString","coordinates":[[-90.6490606,41.3225189],[-90.6427917,41.3268292]]},"properties":{}},{"type":"Feature","geometry":{"type":"LineString","coordinates":[[-90.6483467,41.3222253],[-90.6421989,41.3265389]]},"properties":{}},{"type":"Feature","geometry":{"type":"LineString","coordinates":[[-90.6477586,41.3218436],[-90.6414853,41.3262453]]},"properties":{}},{"type":"Feature","geometry":{"type":"LineString","coordinates":[[-90.6471658,41.3215536],[-90.6429003,41.3245467]]},"properties":{}},{"type":"Feature","geometry":{"type":"LineString","coordinates":[[-90.6464522,41.32126],[-90.6443194,41.3227564]]},"properties":{}},{"type":"Feature","geometry":{"type":"LineString","coordinates":[[-90.642595,41.3156703],[-90.6420933,41.3160222]]},"properties":{}},{"type":"Feature","geometry":{"type":"LineString","coordinates":[[-90.6426297,41.3149397],[-90.6411244,41.3159961]]},"properties":{}},{"type":"Feature","geometry":{"type":"LineString","coordinates":[[-90.6426689,41.3141178],[-90.6400344,41.3159667]]},"properties":{}},{"type":"Feature","geometry":{"type":"LineString","coordinates":[[-90.6427036,41.3133875],[-90.6390656,41.3159403]]},"properties":{}},{"type":"Feature","geometry":{"type":"LineString","coordinates":[[-90.64199,41.3130939],[-90.6379756,41.3159108]]},"properties":{}},{"type":"Feature","geometry":{"type":"LineString","coordinates":[[-90.6410211,41.3130678],[-90.6370067,41.3158844]]},"properties":{}},{"type":"Feature","geometry":{"type":"LineString","coordinates":[[-90.6399314,41.3130381],[-90.6359167,41.315855]]},"properties":{}},{"type":"Feature","geometry":{"type":"LineString","coordinates":[[-90.6389625,41.3130119],[-90.6349478,41.3158286]]},"properties":{}},{"type":"Feature","geometry":{"type":"LineString","coordinates":[[-90.6378725,41.3129825],[-90.6343597,41.3154472]]},"properties":{}},{"type":"Feature","geometry":{"type":"LineString","coordinates":[[-90.6369039,41.3129561],[-90.6343947,41.3147167]]},"properties":{}},{"type":"Feature","geometry":{"type":"LineString","coordinates":[[-90.6358139,41.3129267],[-90.6344339,41.313895]]},"properties":{}},{"type":"Feature","geometry":{"type":"LineString","coordinates":[[-90.634845,41.3129003],[-90.6344686,41.3131644]]},"properties":{}},{"type":"Feature","geometry":{"type":"LineString","coordinates":[[-90.5552664,41.7161644],[-90.5561517,41.7167211],[-90.5572314,41.7170525],[-90.5610544,41.7173694],[-90.5625233,41.7172494],[-90.5630189,41.7171697],[-90.5655669,41.7162936],[-90.5671767,41.7152189],[-90.5678306,41.714065],[-90.5692625,41.7120092],[-90.5696675,41.7092639],[-90.5695428,41.7079247],[-90.5692233,41.7068108],[-90.5687625,41.7055647],[-90.5673633,41.7041197],[-90.5645136,41.7026756],[-90.5624961,41.7021458],[-90.5607442,41.7020006],[-90.5584617,41.7021739],[-90.5576125,41.7024658],[-90.5569403,41.7026517]]},"properties":{}},{"type":"Feature","geometry":{"type":"LineString","coordinates":[[-90.5483111,41.7163122],[-90.5429078,41.7005203],[-90.5333383,41.7150686]]},"properties":{}},{"type":"Feature","geometry":{"type":"LineString","coordinates":[[-90.5290533,41.6993686],[-90.5180475,41.7137964],[-90.5120144,41.69795]]},"properties":{}},{"type":"Feature","geometry":{"type":"LineString","coordinates":[[-90.5254619,41.7040233],[-90.5139958,41.7030686]]},"properties":{}},{"type":"Feature","geometry":{"type":"LineString","coordinates":[[-90.4876958,41.7036822],[-90.4794156,41.7034489],[-90.4756408,41.7081858],[-90.4795108,41.7136867],[-90.486575,41.7138858],[-90.4909853,41.7086181],[-90.4876958,41.7036822],[-90.4878422,41.7007619],[-90.4795622,41.7005286],[-90.4794156,41.7034489]]},"properties":{}},{"type":"Feature","geometry":{"type":"LineString","coordinates":[[-90.4756408,41.7081858],[-90.4720311,41.7096372],[-90.4760275,41.7150506],[-90.4795108,41.7136867]]},"properties":{}},{"type":"Feature","geometry":{"type":"LineString","coordinates":[[-90.486575,41.7138858],[-90.4899119,41.7154417],[-90.4944394,41.7102686],[-90.4909853,41.7086181]]},"properties":{}},{"type":"Feature","geometry":{"type":"LineString","coordinates":[[-90.4791686,41.7132203],[-90.4771464,41.7146253]]},"properties":{}},{"type":"Feature","geometry":{"type":"LineString","coordinates":[[-90.4788261,41.7127536],[-90.4757975,41.71477]]},"properties":{}},{"type":"Feature","geometry":{"type":"LineString","coordinates":[[-90.4784883,41.7121958],[-90.4754553,41.7143033]]},"properties":{}},{"type":"Feature","geometry":{"type":"LineString","coordinates":[[-90.4781458,41.7117292],[-90.4751128,41.7138367]]},"properties":{}},{"type":"Feature","geometry":{"type":"LineString","coordinates":[[-90.4778081,41.7111714],[-90.474775,41.7132789]]},"properties":{}},{"type":"Feature","geometry":{"type":"LineString","coordinates":[[-90.4774656,41.7107047],[-90.4744325,41.7128122]]},"properties":{}},{"type":"Feature","geometry":{"type":"LineString","coordinates":[[-90.4770014,41.7102347],[-90.4739683,41.7123422]]},"properties":{}},{"type":"Feature","geometry":{"type":"LineString","coordinates":[[-90.4766633,41.7096769],[-90.4736306,41.7117844]]},"properties":{}},{"type":"Feature","geometry":{"type":"LineString","coordinates":[[-90.4763211,41.7092103],[-90.4732881,41.7113178]]},"properties":{}},{"type":"Feature","geometry":{"type":"LineString","coordinates":[[-90.4759833,41.7086525],[-90.4729456,41.7108511]]},"properties":{}},{"type":"Feature","geometry":{"type":"LineString","coordinates":[[-90.4756408,41.7081858],[-90.4726033,41.7103847]]},"properties":{}},{"type":"Feature","geometry":{"type":"LineString","coordinates":[[-90.47315,41.7092119],[-90.4721436,41.7098233]]},"properties":{}},{"type":"Feature","geometry":{"type":"LineString","coordinates":[[-90.4901692,41.715175],[-90.48979,41.7154383]]},"properties":{}},{"type":"Feature","geometry":{"type":"LineString","coordinates":[[-90.4917267,41.7132994],[-90.489195,41.7151475]]},"properties":{}},{"type":"Feature","geometry":{"type":"LineString","coordinates":[[-90.4934058,41.7114278],[-90.4886042,41.7147653]]},"properties":{}},{"type":"Feature","geometry":{"type":"LineString","coordinates":[[-90.4942006,41.7101706],[-90.4878872,41.7144708]]},"properties":{}},{"type":"Feature","geometry":{"type":"LineString","coordinates":[[-90.4934833,41.7098764],[-90.4872919,41.71418]]},"properties":{}},{"type":"Feature","geometry":{"type":"LineString","coordinates":[[-90.4928928,41.7094942],[-90.486575,41.7138858]]},"properties":{}},{"type":"Feature","geometry":{"type":"LineString","coordinates":[[-90.4922975,41.7092033],[-90.4880014,41.7121894]]},"properties":{}},{"type":"Feature","geometry":{"type":"LineString","coordinates":[[-90.4915806,41.7089089],[-90.4894325,41.7104022]]},"properties":{}},{"type":"Feature","geometry":{"type":"LineString","coordinates":[[-90.4877142,41.7033172],[-90.4872089,41.7036683]]},"properties":{}},{"type":"Feature","geometry":{"type":"LineString","coordinates":[[-90.4877508,41.7025869],[-90.4862347,41.7036411]]},"properties":{}},{"type":"Feature","geometry":{"type":"LineString","coordinates":[[-90.4877919,41.7017658],[-90.4851386,41.7036103]]},"properties":{}},{"type":"Feature","geometry":{"type":"LineString","coordinates":[[-90.4878286,41.7010356],[-90.4841644,41.7035828]]},"properties":{}},{"type":"Feature","geometry":{"type":"LineString","coordinates":[[-90.4871117,41.7007414],[-90.4830686,41.7035519]]},"properties":{}},{"type":"Feature","geometry":{"type":"LineString","coordinates":[[-90.4861375,41.7007139],[-90.4820944,41.7035244]]},"properties":{}},{"type":"Feature","geometry":{"type":"LineString","coordinates":[[-90.4850417,41.7006831],[-90.4809983,41.7034936]]},"properties":{}},{"type":"Feature","geometry":{"type":"LineString","coordinates":[[-90.4840675,41.7006556],[-90.4800242,41.7034661]]},"properties":{}},{"type":"Feature","geometry":{"type":"LineString","coordinates":[[-90.4829717,41.7006247],[-90.4794339,41.7030839]]},"properties":{}},{"type":"Feature","geometry":{"type":"LineString","coordinates":[[-90.4819975,41.7005972],[-90.4794703,41.7023539]]},"properties":{}},{"type":"Feature","geometry":{"type":"LineString","coordinates":[[-90.4809014,41.7005664],[-90.4795117,41.7015325]]},"properties":{}},{"type":"Feature","geometry":{"type":"LineString","coordinates":[[-90.4799275,41.7005389],[-90.4795483,41.7008025]]},"properties":{}},{"type":"Feature","geometry":{"type":"LineString","coordinates":[[-88.9410108,39.7329033],[-88.9299856,39.7472156],[-88.9244728,39.7312617]]},"properties":{}},{"type":"Feature","geometry":{"type":"LineString","coordinates":[[-88.9374142,39.7375203],[-88.9262853,39.7364156]]},"properties":{}},{"type":"Feature","geometry":{"type":"LineString","coordinates":[[-88.9184453,39.7306628],[-88.9024694,39.7444806]]},"properties":{}},{"type":"Feature","geometry":{"type":"LineString","coordinates":[[-88.9154542,39.7457719],[-88.9043811,39.7292642]]},"properties":{}},{"type":"Feature","geometry":{"type":"LineString","coordinates":[[-88.8832672,39.7418403],[-88.8841147,39.7424103],[-88.8851569,39.7427567],[-88.8888667,39.7431264],[-88.8902978,39.7430261],[-88.8907814,39.7429531],[-88.8932794,39.74211],[-88.89487,39.7410553],[-88.8955331,39.7399081],[-88.8969739,39.7378681],[-88.8974322,39.7351233],[-88.8973422,39.73378],[-88.8970581,39.73266],[-88.8966392,39.731405],[-88.8953131,39.7299386],[-88.8925761,39.7284528],[-88.8906267,39.7278947],[-88.8889269,39.7277253],[-88.8867033,39.7278675],[-88.8858708,39.7281486],[-88.8852128,39.7283256]]},"properties":{}},{"type":"Feature","geometry":{"type":"LineString","coordinates":[[-88.8608242,39.7327031],[-88.8527775,39.7323606],[-88.8489997,39.7370567],[-88.8526381,39.7426186],[-88.8595025,39.7429108],[-88.8639108,39.7376914],[-88.8608242,39.7327031],[-88.8610328,39.7297794],[-88.8529864,39.7294369],[-88.8527775,39.7323606]]},"properties":{}},{"type":"Feature","geometry":{"type":"LineString","coordinates":[[-88.8489997,39.7370567],[-88.8454567,39.7384636],[-88.84922,39.7439394],[-88.8526381,39.7426186]]},"properties":{}},{"type":"Feature","geometry":{"type":"LineString","coordinates":[[-88.8595025,39.7429108],[-88.8627122,39.7445136],[-88.8672319,39.7393903],[-88.8639108,39.7376914]]},"properties":{}},{"type":"Feature","geometry":{"type":"LineString","coordinates":[[-88.8523158,39.7421467],[-88.8503178,39.7435281]]},"properties":{}},{"type":"Feature","geometry":{"type":"LineString","coordinates":[[-88.8519933,39.7416747],[-88.8490028,39.7436553]]},"properties":{}},{"type":"Feature","geometry":{"type":"LineString","coordinates":[[-88.8516775,39.7411114],[-88.8486803,39.7431833]]},"properties":{}},{"type":"Feature","geometry":{"type":"LineString","coordinates":[[-88.851355,39.7406394],[-88.8483581,39.7427114]]},"properties":{}},{"type":"Feature","geometry":{"type":"LineString","coordinates":[[-88.8510392,39.7400761],[-88.8480422,39.7421481]]},"properties":{}},{"type":"Feature","geometry":{"type":"LineString","coordinates":[[-88.8507169,39.7396042],[-88.8477197,39.7416761]]},"properties":{}},{"type":"Feature","geometry":{"type":"LineString","coordinates":[[-88.8502761,39.7391272],[-88.8472792,39.7411989]]},"properties":{}},{"type":"Feature","geometry":{"type":"LineString","coordinates":[[-88.8499603,39.7385639],[-88.8469633,39.7406356]]},"properties":{}},{"type":"Feature","geometry":{"type":"LineString","coordinates":[[-88.8496381,39.7380919],[-88.8466408,39.7401636]]},"properties":{}},{"type":"Feature","geometry":{"type":"LineString","coordinates":[[-88.8493222,39.7375286],[-88.8463186,39.7396917]]},"properties":{}},{"type":"Feature","geometry":{"type":"LineString","coordinates":[[-88.8489997,39.7370567],[-88.8459961,39.7392197]]},"properties":{}},{"type":"Feature","geometry":{"type":"LineString","coordinates":[[-88.8465544,39.7380522],[-88.8455619,39.7386514]]},"properties":{}},{"type":"Feature","geometry":{"type":"LineString","coordinates":[[-88.8629683,39.7442494],[-88.8625936,39.7445083]]},"properties":{}},{"type":"Feature","geometry":{"type":"LineString","coordinates":[[-88.8645253,39.7423911],[-88.8620214,39.7442092]]},"properties":{}},{"type":"Feature","geometry":{"type":"LineString","coordinates":[[-88.8662006,39.7405378],[-88.8614558,39.7438186]]},"properties":{}},{"type":"Feature","geometry":{"type":"LineString","coordinates":[[-88.8670019,39.7392889],[-88.8607653,39.7435144]]},"properties":{}},{"type":"Feature","geometry":{"type":"LineString","coordinates":[[-88.8663114,39.7389844],[-88.8601931,39.743215]]},"properties":{}},{"type":"Feature","geometry":{"type":"LineString","coordinates":[[-88.8657456,39.7385939],[-88.8595025,39.7429108]]},"properties":{}},{"type":"Feature","geometry":{"type":"LineString","coordinates":[[-88.8651733,39.7382947],[-88.8609283,39.7412303]]},"properties":{}},{"type":"Feature","geometry":{"type":"LineString","coordinates":[[-88.8644828,39.7379906],[-88.8623603,39.7394583]]},"properties":{}},{"type":"Feature","geometry":{"type":"LineString","coordinates":[[-88.8608503,39.7323375],[-88.8603508,39.7326828]]},"properties":{}},{"type":"Feature","geometry":{"type":"LineString","coordinates":[[-88.8609025,39.7316067],[-88.8594042,39.7326425]]},"properties":{}},{"type":"Feature","geometry":{"type":"LineString","coordinates":[[-88.8609611,39.7307844],[-88.8583392,39.7325972]]},"properties":{}},{"type":"Feature","geometry":{"type":"LineString","coordinates":[[-88.8610131,39.7300533],[-88.8573925,39.7325569]]},"properties":{}},{"type":"Feature","geometry":{"type":"LineString","coordinates":[[-88.8603228,39.7297492],[-88.8563275,39.7325117]]},"properties":{}},{"type":"Feature","geometry":{"type":"LineString","coordinates":[[-88.8593761,39.7297089],[-88.8553808,39.7324714]]},"properties":{}},{"type":"Feature","geometry":{"type":"LineString","coordinates":[[-88.8583111,39.7296636],[-88.8543158,39.7324261]]},"properties":{}},{"type":"Feature","geometry":{"type":"LineString","coordinates":[[-88.8573644,39.7296233],[-88.8533692,39.7323858]]},"properties":{}},{"type":"Feature","geometry":{"type":"LineString","coordinates":[[-88.8562994,39.7295781],[-88.8528036,39.731995]]},"properties":{}},{"type":"Feature","geometry":{"type":"LineString","coordinates":[[-88.8553528,39.7295378],[-88.8528558,39.7312642]]},"properties":{}},{"type":"Feature","geometry":{"type":"LineString","coordinates":[[-88.8542881,39.7294922],[-88.8529147,39.7304419]]},"properties":{}},{"type":"Feature","geometry":{"type":"LineString","coordinates":[[-88.8533414,39.7294519],[-88.8529667,39.7297111]]},"properties":{}},{"type":"Feature","geometry":{"type":"LineString","coordinates":[[-88.3421022,40.0431583],[-88.3429492,40.0437317],[-88.3439931,40.0440825],[-88.3477158,40.0444681],[-88.3491536,40.0443742],[-88.34964,40.0443031],[-88.3521547,40.0434711],[-88.3537594,40.0424233],[-88.3544336,40.0412794],[-88.3558953,40.0392458],[-88.3563756,40.0365039],[-88.356295,40.0351603],[-88.3560178,40.0340392],[-88.3556061,40.0327828],[-88.354285,40.0313111],[-88.3515472,40.0298139],[-88.3495939,40.0292475],[-88.3478878,40.0290708],[-88.3456542,40.0292036],[-88.3448161,40.0294808],[-88.3441539,40.029655]]},"properties":{}},{"type":"Feature","geometry":{"type":"LineString","coordinates":[[-88.3379631,40.0280425],[-88.3300336,40.0426358],[-88.3261778,40.0268206],[-88.3180908,40.0413967],[-88.3150131,40.0256617]]},"properties":{}},{"type":"Feature","geometry":{"type":"LineString","coordinates":[[-88.3085006,40.024985],[-88.3058383,40.0401242]]},"properties":{}},{"type":"Feature","geometry":{"type":"LineString","coordinates":[[-88.2804925,40.0297253],[-88.2724153,40.0293442],[-88.2685839,40.0340211],[-88.2721922,40.0395992],[-88.2790825,40.0399242],[-88.2835514,40.0347272],[-88.2804925,40.0297253],[-88.2807256,40.0268033],[-88.2726489,40.0264222],[-88.2724153,40.0293442]]},"properties":{}},{"type":"Feature","geometry":{"type":"LineString","coordinates":[[-88.2685839,40.0340211],[-88.2650147,40.0354106],[-88.2687492,40.0409031],[-88.2721922,40.0395992]]},"properties":{}},{"type":"Feature","geometry":{"type":"LineString","coordinates":[[-88.2790825,40.0399242],[-88.2822925,40.0415419],[-88.2868725,40.0364417],[-88.2835514,40.0347272]]},"properties":{}},{"type":"Feature","geometry":{"type":"LineString","coordinates":[[-88.2718722,40.0391258],[-88.2698547,40.0404969]]},"properties":{}},{"type":"Feature","geometry":{"type":"LineString","coordinates":[[-88.2715525,40.0386522],[-88.2685333,40.0406178]]},"properties":{}},{"type":"Feature","geometry":{"type":"LineString","coordinates":[[-88.2712397,40.0380878],[-88.2682136,40.0401444]]},"properties":{}},{"type":"Feature","geometry":{"type":"LineString","coordinates":[[-88.27092,40.0376142],[-88.2678936,40.0396711]]},"properties":{}},{"type":"Feature","geometry":{"type":"LineString","coordinates":[[-88.2706072,40.0370494],[-88.2675811,40.0391064]]},"properties":{}},{"type":"Feature","geometry":{"type":"LineString","coordinates":[[-88.2702875,40.0365761],[-88.2672611,40.0386331]]},"properties":{}},{"type":"Feature","geometry":{"type":"LineString","coordinates":[[-88.2698486,40.0360972],[-88.2668225,40.0381539]]},"properties":{}},{"type":"Feature","geometry":{"type":"LineString","coordinates":[[-88.2695361,40.0355325],[-88.26651,40.0375892]]},"properties":{}},{"type":"Feature","geometry":{"type":"LineString","coordinates":[[-88.2692164,40.0350592],[-88.26619,40.0371158]]},"properties":{}},{"type":"Feature","geometry":{"type":"LineString","coordinates":[[-88.2689036,40.0344944],[-88.2658703,40.0366425]]},"properties":{}},{"type":"Feature","geometry":{"type":"LineString","coordinates":[[-88.2685839,40.0340211],[-88.2655503,40.0361692]]},"properties":{}},{"type":"Feature","geometry":{"type":"LineString","coordinates":[[-88.2661206,40.0350044],[-88.2651189,40.0355989]]},"properties":{}},{"type":"Feature","geometry":{"type":"LineString","coordinates":[[-88.2825519,40.0412792],[-88.2821736,40.0415364]]},"properties":{}},{"type":"Feature","geometry":{"type":"LineString","coordinates":[[-88.2841303,40.0394289],[-88.2816014,40.0412344]]},"properties":{}},{"type":"Feature","geometry":{"type":"LineString","coordinates":[[-88.2858278,40.0375842],[-88.2810367,40.0408411]]},"properties":{}},{"type":"Feature","geometry":{"type":"LineString","coordinates":[[-88.2866422,40.0363392],[-88.2803456,40.0405336]]},"properties":{}},{"type":"Feature","geometry":{"type":"LineString","coordinates":[[-88.2859514,40.0360317],[-88.2797736,40.0402317]]},"properties":{}},{"type":"Feature","geometry":{"type":"LineString","coordinates":[[-88.2853867,40.0356386],[-88.2790825,40.0399242]]},"properties":{}},{"type":"Feature","geometry":{"type":"LineString","coordinates":[[-88.2848144,40.0353367],[-88.2805278,40.0382508]]},"properties":{}},{"type":"Feature","geometry":{"type":"LineString","coordinates":[[-88.2841236,40.0350292],[-88.2819803,40.0364861]]},"properties":{}},{"type":"Feature","geometry":{"type":"LineString","coordinates":[[-88.2805217,40.02936],[-88.2800175,40.0297028]]},"properties":{}},{"type":"Feature","geometry":{"type":"LineString","coordinates":[[-88.28058,40.0286294],[-88.2790672,40.0296581]]},"properties":{}},{"type":"Feature","geometry":{"type":"LineString","coordinates":[[-88.2806456,40.0278078],[-88.2779981,40.0296075]]},"properties":{}},{"type":"Feature","geometry":{"type":"LineString","coordinates":[[-88.2807039,40.0270772],[-88.2770478,40.0295628]]},"properties":{}},{"type":"Feature","geometry":{"type":"LineString","coordinates":[[-88.2800131,40.0267697],[-88.2759789,40.0295125]]},"properties":{}},{"type":"Feature","geometry":{"type":"LineString","coordinates":[[-88.2790628,40.0267247],[-88.2750286,40.0294675]]},"properties":{}},{"type":"Feature","geometry":{"type":"LineString","coordinates":[[-88.2779936,40.0266744],[-88.2739594,40.0294169]]},"properties":{}},{"type":"Feature","geometry":{"type":"LineString","coordinates":[[-88.2770436,40.0266297],[-88.2730092,40.0293722]]},"properties":{}},{"type":"Feature","geometry":{"type":"LineString","coordinates":[[-88.2759744,40.0265792],[-88.2724444,40.0289789]]},"properties":{}},{"type":"Feature","geometry":{"type":"LineString","coordinates":[[-88.2750244,40.0265344],[-88.2725031,40.0282483]]},"properties":{}},{"type":"Feature","geometry":{"type":"LineString","coordinates":[[-88.2739553,40.0264839],[-88.2725686,40.0274267]]},"properties":{}},{"type":"Feature","geometry":{"type":"LineString","coordinates":[[-88.2730053,40.0264392],[-88.2726269,40.0266961]]},"properties":{}},{"type":"Feature","geometry":{"type":"LineString","coordinates":[[-87.8432028,37.9243389],[-87.8405008,37.9394808],[-87.8329739,37.9386378],[-87.8324142,37.9383319],[-87.8311444,37.9377033],[-87.8300028,37.9363592],[-87.8296136,37.9350994],[-87.8298692,37.9336689],[-87.8306842,37.9325442],[-87.8322517,37.9315036],[-87.8336917,37.9311786],[-87.8343364,37.9310075],[-87.8418628,37.9318503]]},"properties":{}},{"type":"Feature","geometry":{"type":"LineString","coordinates":[[-87.8258942,37.9224],[-87.8100925,37.9360728]]},"properties":{}},{"type":"Feature","geometry":{"type":"LineString","coordinates":[[-87.8227372,37.9374908],[-87.8121983,37.9208642]]},"properties":{}},{"type":"Feature","geometry":{"type":"LineString","coordinates":[[-87.8037706,37.9353631],[-87.7992558,37.9194111],[-87.7896214,37.9337739]]},"properties":{}},{"type":"Feature","geometry":{"type":"LineString","coordinates":[[-87.7667325,37.923545],[-87.7588889,37.9231292],[-87.7551344,37.9277944],[-87.7586006,37.9333933],[-87.7652917,37.9337478],[-87.7696689,37.9285647],[-87.7667325,37.923545],[-87.7669792,37.9206211],[-87.7591361,37.9202056],[-87.7588889,37.9231292]]},"properties":{}},{"type":"Feature","geometry":{"type":"LineString","coordinates":[[-87.7551344,37.9277944],[-87.7516578,37.92917],[-87.7552469,37.9346839],[-87.7586006,37.9333933]]},"properties":{}},{"type":"Feature","geometry":{"type":"LineString","coordinates":[[-87.7652917,37.9337478],[-87.7683983,37.9353808],[-87.7728833,37.9302953],[-87.7696689,37.9285647]]},"properties":{}},{"type":"Feature","geometry":{"type":"LineString","coordinates":[[-87.7582933,37.9329181],[-87.7563239,37.9342819]]},"properties":{}},{"type":"Feature","geometry":{"type":"LineString","coordinates":[[-87.7579858,37.9324428],[-87.7550394,37.9343975]]},"properties":{}},{"type":"Feature","geometry":{"type":"LineString","coordinates":[[-87.7576861,37.9318764],[-87.7547319,37.9339222]]},"properties":{}},{"type":"Feature","geometry":{"type":"LineString","coordinates":[[-87.7573786,37.9314011],[-87.7544244,37.9334469]]},"properties":{}},{"type":"Feature","geometry":{"type":"LineString","coordinates":[[-87.7570789,37.9308344],[-87.7541247,37.9328806]]},"properties":{}},{"type":"Feature","geometry":{"type":"LineString","coordinates":[[-87.7567714,37.9303592],[-87.7538175,37.9324053]]},"properties":{}},{"type":"Feature","geometry":{"type":"LineString","coordinates":[[-87.7563486,37.9298781],[-87.7533947,37.9319239]]},"properties":{}},{"type":"Feature","geometry":{"type":"LineString","coordinates":[[-87.7560489,37.9293114],[-87.753095,37.9313572]]},"properties":{}},{"type":"Feature","geometry":{"type":"LineString","coordinates":[[-87.7557414,37.9288361],[-87.7527875,37.9308822]]},"properties":{}},{"type":"Feature","geometry":{"type":"LineString","coordinates":[[-87.7554419,37.9282697],[-87.75248,37.9304069]]},"properties":{}},{"type":"Feature","geometry":{"type":"LineString","coordinates":[[-87.7551344,37.9277944],[-87.7521728,37.9299317]]},"properties":{}},{"type":"Feature","geometry":{"type":"LineString","coordinates":[[-87.7527347,37.9287683],[-87.7517578,37.9293589]]},"properties":{}},{"type":"Feature","geometry":{"type":"LineString","coordinates":[[-87.7686522,37.9351192],[-87.7682831,37.9353747]]},"properties":{}},{"type":"Feature","geometry":{"type":"LineString","coordinates":[[-87.7701986,37.9332736],[-87.7677294,37.9350703]]},"properties":{}},{"type":"Feature","geometry":{"type":"LineString","coordinates":[[-87.77186,37.9314342],[-87.7671833,37.9346742]]},"properties":{}},{"type":"Feature","geometry":{"type":"LineString","coordinates":[[-87.7726603,37.9301917],[-87.7665144,37.9343633]]},"properties":{}},{"type":"Feature","geometry":{"type":"LineString","coordinates":[[-87.7719911,37.9298808],[-87.7659606,37.9340586]]},"properties":{}},{"type":"Feature","geometry":{"type":"LineString","coordinates":[[-87.7714453,37.9294847],[-87.7652917,37.9337478]]},"properties":{}},{"type":"Feature","geometry":{"type":"LineString","coordinates":[[-87.7708917,37.9291803],[-87.7667072,37.9320792]]},"properties":{}},{"type":"Feature","geometry":{"type":"LineString","coordinates":[[-87.7702225,37.9288694],[-87.7681306,37.9303189]]},"properties":{}},{"type":"Feature","geometry":{"type":"LineString","coordinates":[[-87.7667633,37.9231794],[-87.7662711,37.9235206]]},"properties":{}},{"type":"Feature","geometry":{"type":"LineString","coordinates":[[-87.766825,37.9224486],[-87.7653483,37.9234717]]},"properties":{}},{"type":"Feature","geometry":{"type":"LineString","coordinates":[[-87.7668944,37.9216261],[-87.7643103,37.9234167]]},"properties":{}},{"type":"Feature","geometry":{"type":"LineString","coordinates":[[-87.7669561,37.9208953],[-87.7633875,37.9233678]]},"properties":{}},{"type":"Feature","geometry":{"type":"LineString","coordinates":[[-87.7662872,37.9205844],[-87.7623494,37.9233128]]},"properties":{}},{"type":"Feature","geometry":{"type":"LineString","coordinates":[[-87.7653644,37.9205356],[-87.7614267,37.9232639]]},"properties":{}},{"type":"Feature","geometry":{"type":"LineString","coordinates":[[-87.7643264,37.9204806],[-87.7603883,37.9232089]]},"properties":{}},{"type":"Feature","geometry":{"type":"LineString","coordinates":[[-87.7634036,37.9204317],[-87.7594658,37.92316]]},"properties":{}},{"type":"Feature","geometry":{"type":"LineString","coordinates":[[-87.7623656,37.9203767],[-87.75892,37.9227639]]},"properties":{}},{"type":"Feature","geometry":{"type":"LineString","coordinates":[[-87.7614428,37.9203278],[-87.7589817,37.9220328]]},"properties":{}},{"type":"Feature","geometry":{"type":"LineString","coordinates":[[-87.7604047,37.9202728],[-87.7590511,37.9212106]]},"properties":{}},{"type":"Feature","geometry":{"type":"LineString","coordinates":[[-87.7594822,37.9202239],[-87.7591131,37.9204794]]},"properties":{}},{"type":"Feature","geometry":{"type":"LineString","coordinates":[[-88.5560047,38.9153244],[-88.5534242,38.9304786],[-88.5470078,38.9298117],[-88.5456331,38.9296689],[-88.5446858,38.9288417],[-88.5440642,38.9279269],[-88.5441456,38.9274497],[-88.5445522,38.9250633],[-88.5447661,38.9247211],[-88.5453869,38.9238142],[-88.5471181,38.9227797],[-88.5457125,38.921905],[-88.5450097,38.9214678],[-88.5443475,38.9207917],[-88.5440725,38.91967],[-88.5446011,38.9165678],[-88.5452017,38.91578],[-88.5463928,38.9151753],[-88.5472378,38.9147775],[-88.5480625,38.9144989],[-88.5560047,38.9153244]]},"properties":{}},{"type":"Feature","geometry":{"type":"LineString","coordinates":[[-88.5546028,38.9235578],[-88.5471181,38.9227797]]},"properties":{}},{"type":"Feature","geometry":{"type":"LineString","coordinates":[[-88.5385931,38.9135139],[-88.5360092,38.9286678]]},"properties":{}},{"type":"Feature","geometry":{"type":"LineString","coordinates":[[-88.5306514,38.9126872],[-88.5280656,38.9278408],[-88.52165,38.9271725],[-88.5202753,38.9270292],[-88.5193283,38.9262019],[-88.5187072,38.9252872],[-88.5187889,38.92481],[-88.5191964,38.9224236],[-88.5194103,38.9220814],[-88.5200314,38.9211747],[-88.5217625,38.9201408],[-88.5203575,38.9192656],[-88.5196547,38.9188281],[-88.5189931,38.9181519],[-88.5187183,38.9170303],[-88.5192481,38.9139281],[-88.5198489,38.9131406],[-88.52104,38.9125361],[-88.5218853,38.9121383],[-88.52271,38.91186],[-88.5306514,38.9126872]]},"properties":{}},{"type":"Feature","geometry":{"type":"LineString","coordinates":[[-88.5292467,38.9209203],[-88.5217625,38.9201408]]},"properties":{}},{"type":"Feature","geometry":{"type":"LineString","coordinates":[[-88.4861608,38.91552],[-88.4782064,38.9151525],[-88.4744469,38.9198389],[-88.4780158,38.9254147],[-88.4848014,38.9257283],[-88.4891869,38.92052],[-88.4861608,38.91552],[-88.4863822,38.9125956],[-88.4784281,38.9122281],[-88.4782064,38.9151525]]},"properties":{}},{"type":"Feature","geometry":{"type":"LineString","coordinates":[[-88.4744469,38.9198389],[-88.4709367,38.9212356],[-88.4746292,38.9267256],[-88.4780158,38.9254147]]},"properties":{}},{"type":"Feature","geometry":{"type":"LineString","coordinates":[[-88.4848014,38.9257283],[-88.4879667,38.9273419],[-88.4924622,38.9222303],[-88.4891869,38.92052]]},"properties":{}},{"type":"Feature","geometry":{"type":"LineString","coordinates":[[-88.4776994,38.9249417],[-88.4757167,38.9263172]]},"properties":{}},{"type":"Feature","geometry":{"type":"LineString","coordinates":[[-88.4773831,38.9244683],[-88.4744161,38.9264406]]},"properties":{}},{"type":"Feature","geometry":{"type":"LineString","coordinates":[[-88.4770739,38.9239039],[-88.4740997,38.9259672]]},"properties":{}},{"type":"Feature","geometry":{"type":"LineString","coordinates":[[-88.4767575,38.9234308],[-88.4737833,38.9254942]]},"properties":{}},{"type":"Feature","geometry":{"type":"LineString","coordinates":[[-88.4764481,38.9228661],[-88.4734739,38.9249294]]},"properties":{}},{"type":"Feature","geometry":{"type":"LineString","coordinates":[[-88.4761317,38.9223931],[-88.4731578,38.9244564]]},"properties":{}},{"type":"Feature","geometry":{"type":"LineString","coordinates":[[-88.4756983,38.9219144],[-88.4727244,38.9239778]]},"properties":{}},{"type":"Feature","geometry":{"type":"LineString","coordinates":[[-88.4753889,38.9213497],[-88.472415,38.9234133]]},"properties":{}},{"type":"Feature","geometry":{"type":"LineString","coordinates":[[-88.4750728,38.9208767],[-88.4720986,38.92294]]},"properties":{}},{"type":"Feature","geometry":{"type":"LineString","coordinates":[[-88.4747633,38.9203122],[-88.4717825,38.9224669]]},"properties":{}},{"type":"Feature","geometry":{"type":"LineString","coordinates":[[-88.4744469,38.9198389],[-88.4714661,38.9219936]]},"properties":{}},{"type":"Feature","geometry":{"type":"LineString","coordinates":[[-88.4720242,38.9208272],[-88.4710397,38.9214236]]},"properties":{}},{"type":"Feature","geometry":{"type":"LineString","coordinates":[[-88.4882214,38.9270783],[-88.4878497,38.9273364]]},"properties":{}},{"type":"Feature","geometry":{"type":"LineString","coordinates":[[-88.4897706,38.9252242],[-88.4872853,38.9270353]]},"properties":{}},{"type":"Feature","geometry":{"type":"LineString","coordinates":[[-88.4914364,38.923375],[-88.4867281,38.9266428]]},"properties":{}},{"type":"Feature","geometry":{"type":"LineString","coordinates":[[-88.492235,38.9221281],[-88.4860469,38.9263361]]},"properties":{}},{"type":"Feature","geometry":{"type":"LineString","coordinates":[[-88.4915539,38.9218214],[-88.4854825,38.926035]]},"properties":{}},{"type":"Feature","geometry":{"type":"LineString","coordinates":[[-88.4909967,38.9214289],[-88.4848014,38.9257283]]},"properties":{}},{"type":"Feature","geometry":{"type":"LineString","coordinates":[[-88.4904322,38.9211278],[-88.4862197,38.9240514]]},"properties":{}},{"type":"Feature","geometry":{"type":"LineString","coordinates":[[-88.4897511,38.9208214],[-88.487645,38.9222831]]},"properties":{}},{"type":"Feature","geometry":{"type":"LineString","coordinates":[[-88.4861886,38.9151544],[-88.4856931,38.9154983]]},"properties":{}},{"type":"Feature","geometry":{"type":"LineString","coordinates":[[-88.4862439,38.9144233],[-88.4847572,38.9154553]]},"properties":{}},{"type":"Feature","geometry":{"type":"LineString","coordinates":[[-88.4863061,38.9136008],[-88.4837044,38.9154064]]},"properties":{}},{"type":"Feature","geometry":{"type":"LineString","coordinates":[[-88.4863614,38.9128697],[-88.4827686,38.9153633]]},"properties":{}},{"type":"Feature","geometry":{"type":"LineString","coordinates":[[-88.4856803,38.9125631],[-88.4817158,38.9153147]]},"properties":{}},{"type":"Feature","geometry":{"type":"LineString","coordinates":[[-88.4847444,38.91252],[-88.48078,38.9152714]]},"properties":{}},{"type":"Feature","geometry":{"type":"LineString","coordinates":[[-88.4836917,38.9124714],[-88.4797272,38.9152228]]},"properties":{}},{"type":"Feature","geometry":{"type":"LineString","coordinates":[[-88.4827561,38.9124281],[-88.4787914,38.9151794]]},"properties":{}},{"type":"Feature","geometry":{"type":"LineString","coordinates":[[-88.4817033,38.9123794],[-88.4782342,38.9147869]]},"properties":{}},{"type":"Feature","geometry":{"type":"LineString","coordinates":[[-88.4807675,38.9123361],[-88.4782897,38.9140558]]},"properties":{}},{"type":"Feature","geometry":{"type":"LineString","coordinates":[[-88.4797147,38.9122875],[-88.4783519,38.9132333]]},"properties":{}},{"type":"Feature","geometry":{"type":"LineString","coordinates":[[-88.4787789,38.9122442],[-88.4784072,38.9125022]]},"properties":{}},{"type":"Feature","geometry":{"type":"LineString","coordinates":[[-89.2412942,39.1040119],[-89.2363808,39.088125],[-89.2268861,39.1026022]]},"properties":{}},{"type":"Feature","geometry":{"type":"LineString","coordinates":[[-89.2204489,39.1019717],[-89.2228956,39.0868047],[-89.2153869,39.0860689]]},"properties":{}},{"type":"Feature","geometry":{"type":"LineString","coordinates":[[-89.2092575,39.0854681],[-89.1983786,39.0998075],[-89.1928619,39.0838589]]},"properties":{}},{"type":"Feature","geometry":{"type":"LineString","coordinates":[[-89.2057083,39.0900936],[-89.1946753,39.0890108]]},"properties":{}},{"type":"Feature","geometry":{"type":"LineString","coordinates":[[-89.1665706,39.0889956],[-89.1585939,39.0886736],[-89.1548694,39.0933811],[-89.1584992,39.0989358],[-89.1653036,39.0992106],[-89.1696506,39.0939781],[-89.1665706,39.0889956],[-89.1667647,39.0860703],[-89.1587886,39.0857481],[-89.1585939,39.0886736]]},"properties":{}},{"type":"Feature","geometry":{"type":"LineString","coordinates":[[-89.1548694,39.0933811],[-89.1513639,39.0947975],[-89.1551167,39.1002658],[-89.1584992,39.0989358]]},"properties":{}},{"type":"Feature","geometry":{"type":"LineString","coordinates":[[-89.1653036,39.0992106],[-89.1684914,39.1008058],[-89.1729497,39.0956692],[-89.1696506,39.0939781]]},"properties":{}},{"type":"Feature","geometry":{"type":"LineString","coordinates":[[-89.1581775,39.0984644],[-89.1562031,39.0998514]]},"properties":{}},{"type":"Feature","geometry":{"type":"LineString","coordinates":[[-89.1578561,39.0979933],[-89.1549003,39.0999819]]},"properties":{}},{"type":"Feature","geometry":{"type":"LineString","coordinates":[[-89.1575406,39.0974306],[-89.1545789,39.0995106]]},"properties":{}},{"type":"Feature","geometry":{"type":"LineString","coordinates":[[-89.1572189,39.0969592],[-89.1542572,39.0990394]]},"properties":{}},{"type":"Feature","geometry":{"type":"LineString","coordinates":[[-89.1569036,39.0963964],[-89.1539419,39.0984767]]},"properties":{}},{"type":"Feature","geometry":{"type":"LineString","coordinates":[[-89.1565819,39.0959253],[-89.1536203,39.0980053]]},"properties":{}},{"type":"Feature","geometry":{"type":"LineString","coordinates":[[-89.1561433,39.0954492],[-89.1531817,39.0975292]]},"properties":{}},{"type":"Feature","geometry":{"type":"LineString","coordinates":[[-89.1558278,39.0948864],[-89.1528661,39.0969664]]},"properties":{}},{"type":"Feature","geometry":{"type":"LineString","coordinates":[[-89.1555064,39.094415],[-89.1525447,39.0964953]]},"properties":{}},{"type":"Feature","geometry":{"type":"LineString","coordinates":[[-89.1551908,39.0938522],[-89.1522231,39.0960239]]},"properties":{}},{"type":"Feature","geometry":{"type":"LineString","coordinates":[[-89.1548694,39.0933811],[-89.1519017,39.0955525]]},"properties":{}},{"type":"Feature","geometry":{"type":"LineString","coordinates":[[-89.15245,39.0943831],[-89.1514689,39.094985]]},"properties":{}},{"type":"Feature","geometry":{"type":"LineString","coordinates":[[-89.1687442,39.1005411],[-89.1683742,39.1008011]]},"properties":{}},{"type":"Feature","geometry":{"type":"LineString","coordinates":[[-89.1702797,39.0986781],[-89.1678058,39.1005033]]},"properties":{}},{"type":"Feature","geometry":{"type":"LineString","coordinates":[[-89.1719322,39.0968197],[-89.1672433,39.1001139]]},"properties":{}},{"type":"Feature","geometry":{"type":"LineString","coordinates":[[-89.1727211,39.0955683],[-89.1665578,39.0998111]]},"properties":{}},{"type":"Feature","geometry":{"type":"LineString","coordinates":[[-89.1720353,39.0952656],[-89.1659894,39.0995133]]},"properties":{}},{"type":"Feature","geometry":{"type":"LineString","coordinates":[[-89.1714731,39.0948764],[-89.1653036,39.0992106]]},"properties":{}},{"type":"Feature","geometry":{"type":"LineString","coordinates":[[-89.1709047,39.0945783],[-89.1667094,39.0975258]]},"properties":{}},{"type":"Feature","geometry":{"type":"LineString","coordinates":[[-89.1702192,39.0942758],[-89.1681214,39.0957494]]},"properties":{}},{"type":"Feature","geometry":{"type":"LineString","coordinates":[[-89.1665947,39.08863],[-89.1661014,39.0889767]]},"properties":{}},{"type":"Feature","geometry":{"type":"LineString","coordinates":[[-89.1666433,39.0878986],[-89.1651628,39.0889389]]},"properties":{}},{"type":"Feature","geometry":{"type":"LineString","coordinates":[[-89.1666981,39.0870758],[-89.1641072,39.0888961]]},"properties":{}},{"type":"Feature","geometry":{"type":"LineString","coordinates":[[-89.1667467,39.0863444],[-89.1631686,39.0888583]]},"properties":{}},{"type":"Feature","geometry":{"type":"LineString","coordinates":[[-89.1660611,39.0860419],[-89.1621131,39.0888156]]},"properties":{}},{"type":"Feature","geometry":{"type":"LineString","coordinates":[[-89.1651228,39.0860039],[-89.1611744,39.0887778]]},"properties":{}},{"type":"Feature","geometry":{"type":"LineString","coordinates":[[-89.1640669,39.0859614],[-89.1601189,39.088735]]},"properties":{}},{"type":"Feature","geometry":{"type":"LineString","coordinates":[[-89.1631286,39.0859236],[-89.1591803,39.0886972]]},"properties":{}},{"type":"Feature","geometry":{"type":"LineString","coordinates":[[-89.1620728,39.0858808],[-89.1586183,39.0883078]]},"properties":{}},{"type":"Feature","geometry":{"type":"LineString","coordinates":[[-89.1611344,39.0858431],[-89.1586669,39.0875764]]},"properties":{}},{"type":"Feature","geometry":{"type":"LineString","coordinates":[[-89.1600789,39.0858003],[-89.1587217,39.0867536]]},"properties":{}},{"type":"Feature","geometry":{"type":"LineString","coordinates":[[-89.1591403,39.0857625],[-89.1587703,39.0860225]]},"properties":{}},{"type":"Feature","geometry":{"type":"LineString","coordinates":[[-88.9063858,37.0173325],[-88.9072019,37.0179033],[-88.9082056,37.0182506],[-88.9117794,37.0186231],[-88.9131583,37.0185239],[-88.9136244,37.0184511],[-88.9160322,37.0176092],[-88.9175658,37.0165547],[-88.9182058,37.0154072],[-88.9195964,37.0133664],[-88.9200411,37.01062],[-88.9199561,37.0092753],[-88.9196833,37.0081542],[-88.9192811,37.0068981],[-88.918005,37.0054294],[-88.9153697,37.0039406],[-88.9134922,37.0033808],[-88.9118544,37.00321],[-88.9097119,37.0033511],[-88.9089094,37.0036317],[-88.9082753,37.0038083]]},"properties":{}},{"type":"Feature","geometry":{"type":"LineString","coordinates":[[-88.9023261,37.0022167],[-88.8998667,37.0173811],[-88.8855033,37.0004606],[-88.8830408,37.0156247]]},"properties":{}},{"type":"Feature","geometry":{"type":"LineString","coordinates":[[-88.8628236,37.0114467],[-88.8633025,37.0122256],[-88.8645261,37.0130819],[-88.8653806,37.0134142],[-88.8678533,37.0140372],[-88.8687467,37.0141308],[-88.8705722,37.0140789],[-88.8721194,37.0138761],[-88.8724367,37.0137881],[-88.8735758,37.0133],[-88.8747347,37.0126925],[-88.8768514,37.0108494],[-88.8779061,37.0090169],[-88.8783331,37.00639],[-88.8782681,37.0049261],[-88.8778472,37.0037892],[-88.8771092,37.0027406],[-88.8765006,37.0018269],[-88.8754842,37.0006281],[-88.8743708,37.0000258],[-88.8732575,36.9994236],[-88.8722544,36.9990758],[-88.8695747,36.9987958],[-88.8680475,36.9988789],[-88.8667789,36.9992319],[-88.8653419,36.9996886],[-88.8643517,37.0001922],[-88.86263,37.0014692],[-88.8615619,37.0024503],[-88.8611478,37.0031356],[-88.8608369,37.0050458],[-88.8670894,37.0057]]},"properties":{}},{"type":"Feature","geometry":{"type":"LineString","coordinates":[[-88.8411375,37.0037833],[-88.8333853,37.0034394],[-88.8297444,37.0081386],[-88.8332483,37.0137053],[-88.8398614,37.0139989],[-88.8441097,37.0087761],[-88.8411375,37.0037833],[-88.8413392,37.0008575],[-88.8335872,37.0005136],[-88.8333853,37.0034394]]},"properties":{}},{"type":"Feature","geometry":{"type":"LineString","coordinates":[[-88.8297444,37.0081386],[-88.8263306,37.0095461],[-88.8299547,37.0150267],[-88.8332483,37.0137053]]},"properties":{}},{"type":"Feature","geometry":{"type":"LineString","coordinates":[[-88.8398614,37.0139989],[-88.8429531,37.0156033],[-88.8473092,37.0104769],[-88.8441097,37.0087761]]},"properties":{}},{"type":"Feature","geometry":{"type":"LineString","coordinates":[[-88.8329378,37.0132331],[-88.8310125,37.014615]]},"properties":{}},{"type":"Feature","geometry":{"type":"LineString","coordinates":[[-88.8326272,37.0127606],[-88.8297456,37.0147422]]},"properties":{}},{"type":"Feature","geometry":{"type":"LineString","coordinates":[[-88.8323231,37.0121969],[-88.829435,37.0142697]]},"properties":{}},{"type":"Feature","geometry":{"type":"LineString","coordinates":[[-88.8320128,37.0117244],[-88.8291247,37.0137975]]},"properties":{}},{"type":"Feature","geometry":{"type":"LineString","coordinates":[[-88.8317086,37.0111608],[-88.8288206,37.0132336]]},"properties":{}},{"type":"Feature","geometry":{"type":"LineString","coordinates":[[-88.8313981,37.0106883],[-88.82851,37.0127611]]},"properties":{}},{"type":"Feature","geometry":{"type":"LineString","coordinates":[[-88.8309736,37.0102108],[-88.8280856,37.0122839]]},"properties":{}},{"type":"Feature","geometry":{"type":"LineString","coordinates":[[-88.8306694,37.0096472],[-88.8277814,37.01172]]},"properties":{}},{"type":"Feature","geometry":{"type":"LineString","coordinates":[[-88.8303589,37.0091747],[-88.8274708,37.0112475]]},"properties":{}},{"type":"Feature","geometry":{"type":"LineString","coordinates":[[-88.8300547,37.0086108],[-88.8271606,37.0107753]]},"properties":{}},{"type":"Feature","geometry":{"type":"LineString","coordinates":[[-88.8297444,37.0081386],[-88.82685,37.0103028]]},"properties":{}},{"type":"Feature","geometry":{"type":"LineString","coordinates":[[-88.8273883,37.0091344],[-88.8264319,37.0097339]]},"properties":{}},{"type":"Feature","geometry":{"type":"LineString","coordinates":[[-88.8432003,37.0153392],[-88.8428392,37.0155983]]},"properties":{}},{"type":"Feature","geometry":{"type":"LineString","coordinates":[[-88.8447008,37.0134797],[-88.8422881,37.0152986]]},"properties":{}},{"type":"Feature","geometry":{"type":"LineString","coordinates":[[-88.8463153,37.011625],[-88.8417431,37.0149078]]},"properties":{}},{"type":"Feature","geometry":{"type":"LineString","coordinates":[[-88.8470875,37.0103753],[-88.8410778,37.0146031]]},"properties":{}},{"type":"Feature","geometry":{"type":"LineString","coordinates":[[-88.8464222,37.0100708],[-88.8405267,37.0143036]]},"properties":{}},{"type":"Feature","geometry":{"type":"LineString","coordinates":[[-88.8458775,37.0096797],[-88.8398614,37.0139989]]},"properties":{}},{"type":"Feature","geometry":{"type":"LineString","coordinates":[[-88.8453261,37.0093803],[-88.8412356,37.0123172]]},"properties":{}},{"type":"Feature","geometry":{"type":"LineString","coordinates":[[-88.8446611,37.0090756],[-88.8426156,37.0105442]]},"properties":{}},{"type":"Feature","geometry":{"type":"LineString","coordinates":[[-88.8411628,37.0034175],[-88.8406814,37.0037631]]},"properties":{}},{"type":"Feature","geometry":{"type":"LineString","coordinates":[[-88.8412131,37.0026861],[-88.8397694,37.0037228]]},"properties":{}},{"type":"Feature","geometry":{"type":"LineString","coordinates":[[-88.8412697,37.0018633],[-88.8387433,37.0036772]]},"properties":{}},{"type":"Feature","geometry":{"type":"LineString","coordinates":[[-88.8413203,37.0011317],[-88.8378314,37.0036367]]},"properties":{}},{"type":"Feature","geometry":{"type":"LineString","coordinates":[[-88.8406553,37.0008272],[-88.8368053,37.0035911]]},"properties":{}},{"type":"Feature","geometry":{"type":"LineString","coordinates":[[-88.8397431,37.0007867],[-88.8358933,37.0035508]]},"properties":{}},{"type":"Feature","geometry":{"type":"LineString","coordinates":[[-88.8387172,37.0007411],[-88.8348672,37.0035053]]},"properties":{}},{"type":"Feature","geometry":{"type":"LineString","coordinates":[[-88.8378053,37.0007006],[-88.8339553,37.0034647]]},"properties":{}},{"type":"Feature","geometry":{"type":"LineString","coordinates":[[-88.8367792,37.0006553],[-88.8334106,37.0030736]]},"properties":{}},{"type":"Feature","geometry":{"type":"LineString","coordinates":[[-88.8358672,37.0006147],[-88.8334608,37.0023422]]},"properties":{}},{"type":"Feature","geometry":{"type":"LineString","coordinates":[[-88.8348411,37.0005692],[-88.8335178,37.0015192]]},"properties":{}},{"type":"Feature","geometry":{"type":"LineString","coordinates":[[-88.8339292,37.0005286],[-88.8335683,37.0007878]]},"properties":{}},{"type":"Feature","geometry":{"type":"LineString","coordinates":[[-87.3278375,37.3916406],[-87.3286453,37.3922222],[-87.3296464,37.3925833],[-87.33323,37.3930044],[-87.3346178,37.3929242],[-87.3350878,37.3928578],[-87.3375253,37.3920486],[-87.3390889,37.391015],[-87.3397564,37.3898764],[-87.3411972,37.3878547],[-87.3417025,37.3851147],[-87.3416458,37.3837692],[-87.3413956,37.3826444],[-87.3410181,37.3813831],[-87.3397669,37.3798972],[-87.3371503,37.3783725],[-87.3352756,37.3777872],[-87.3336336,37.3775942],[-87.3314775,37.3777061],[-87.3306653,37.3779756],[-87.3300242,37.3781436]]},"properties":{}},{"type":"Feature","geometry":{"type":"LineString","coordinates":[[-87.3090256,37.3894275],[-87.3098333,37.3900094],[-87.3108342,37.3903708],[-87.3144175,37.3907925],[-87.3158053,37.3907122],[-87.316275,37.3906458],[-87.3187128,37.3898372],[-87.3202767,37.3888039],[-87.3209444,37.3876653],[-87.3223856,37.3856439],[-87.3228917,37.3829042],[-87.3228353,37.3815586],[-87.3225853,37.3804336],[-87.3222083,37.3791722],[-87.3209575,37.3776861],[-87.3183414,37.3761611],[-87.3164667,37.3755756],[-87.3148247,37.3753822],[-87.3126689,37.3754936],[-87.3118567,37.3757633],[-87.3112156,37.3759311]]},"properties":{}},{"type":"Feature","geometry":{"type":"LineString","coordinates":[[-87.3024736,37.3893864],[-87.2917247,37.3881197]]},"properties":{}},{"type":"Feature","geometry":{"type":"LineString","coordinates":[[-87.2972483,37.3887708],[-87.3000475,37.3736422]]},"properties":{}},{"type":"Feature","geometry":{"type":"LineString","coordinates":[[-87.2680381,37.3776467],[-87.2602553,37.3771978],[-87.2564969,37.3818469],[-87.2599,37.3874606],[-87.2665394,37.3878436],[-87.2709192,37.3826792],[-87.2680381,37.3776467],[-87.2683028,37.3747239],[-87.2605203,37.3742747],[-87.2602553,37.3771978]]},"properties":{}},{"type":"Feature","geometry":{"type":"LineString","coordinates":[[-87.2564969,37.3818469],[-87.2530367,37.3832081],[-87.2565625,37.3887369],[-87.2599,37.3874606]]},"properties":{}},{"type":"Feature","geometry":{"type":"LineString","coordinates":[[-87.2665394,37.3878436],[-87.2696122,37.38949],[-87.2740983,37.3844231],[-87.2709192,37.3826792]]},"properties":{}},{"type":"Feature","geometry":{"type":"LineString","coordinates":[[-87.2595981,37.3869842],[-87.2576342,37.3883397]]},"properties":{}},{"type":"Feature","geometry":{"type":"LineString","coordinates":[[-87.2592961,37.3865075],[-87.2563583,37.3884497]]},"properties":{}},{"type":"Feature","geometry":{"type":"LineString","coordinates":[[-87.2590025,37.3859397],[-87.2560564,37.3879733]]},"properties":{}},{"type":"Feature","geometry":{"type":"LineString","coordinates":[[-87.2587006,37.3854633],[-87.2557544,37.3874967]]},"properties":{}},{"type":"Feature","geometry":{"type":"LineString","coordinates":[[-87.2584067,37.3848953],[-87.2554608,37.3869289]]},"properties":{}},{"type":"Feature","geometry":{"type":"LineString","coordinates":[[-87.2581047,37.3844189],[-87.2551586,37.3864522]]},"properties":{}},{"type":"Feature","geometry":{"type":"LineString","coordinates":[[-87.2576883,37.3839358],[-87.2547422,37.3859692]]},"properties":{}},{"type":"Feature","geometry":{"type":"LineString","coordinates":[[-87.2573947,37.3833678],[-87.2544486,37.3854014]]},"properties":{}},{"type":"Feature","geometry":{"type":"LineString","coordinates":[[-87.2570928,37.3828914],[-87.2541467,37.3849247]]},"properties":{}},{"type":"Feature","geometry":{"type":"LineString","coordinates":[[-87.2567989,37.3823236],[-87.2538447,37.3844483]]},"properties":{}},{"type":"Feature","geometry":{"type":"LineString","coordinates":[[-87.2564969,37.3818469],[-87.2535428,37.3839717]]},"properties":{}},{"type":"Feature","geometry":{"type":"LineString","coordinates":[[-87.2541083,37.3828108],[-87.2531347,37.3833972]]},"properties":{}},{"type":"Feature","geometry":{"type":"LineString","coordinates":[[-87.2698661,37.3892292],[-87.2694978,37.3894833]]},"properties":{}},{"type":"Feature","geometry":{"type":"LineString","coordinates":[[-87.2714133,37.3873903],[-87.2689503,37.3891764]]},"properties":{}},{"type":"Feature","geometry":{"type":"LineString","coordinates":[[-87.273075,37.3855578],[-87.2684111,37.3887781]]},"properties":{}},{"type":"Feature","geometry":{"type":"LineString","coordinates":[[-87.2738775,37.3843186],[-87.2677489,37.3884644]]},"properties":{}},{"type":"Feature","geometry":{"type":"LineString","coordinates":[[-87.2732156,37.384005],[-87.2672014,37.3881572]]},"properties":{}},{"type":"Feature","geometry":{"type":"LineString","coordinates":[[-87.2726764,37.3836067],[-87.2665394,37.3878436]]},"properties":{}},{"type":"Feature","geometry":{"type":"LineString","coordinates":[[-87.2721289,37.3832997],[-87.2679558,37.3861808]]},"properties":{}},{"type":"Feature","geometry":{"type":"LineString","coordinates":[[-87.2714667,37.3829861],[-87.2693803,37.3844267]]},"properties":{}},{"type":"Feature","geometry":{"type":"LineString","coordinates":[[-87.2680711,37.3772814],[-87.2675803,37.3776203]]},"properties":{}},{"type":"Feature","geometry":{"type":"LineString","coordinates":[[-87.2681375,37.3765506],[-87.2666647,37.3775675]]},"properties":{}},{"type":"Feature","geometry":{"type":"LineString","coordinates":[[-87.2682119,37.3757286],[-87.2656347,37.3775081]]},"properties":{}},{"type":"Feature","geometry":{"type":"LineString","coordinates":[[-87.2682781,37.3749978],[-87.2647189,37.3774553]]},"properties":{}},{"type":"Feature","geometry":{"type":"LineString","coordinates":[[-87.2676161,37.3746842],[-87.2636889,37.3773958]]},"properties":{}},{"type":"Feature","geometry":{"type":"LineString","coordinates":[[-87.2667006,37.3746314],[-87.2627733,37.3773431]]},"properties":{}},{"type":"Feature","geometry":{"type":"LineString","coordinates":[[-87.2656706,37.3745719],[-87.2617431,37.3772836]]},"properties":{}},{"type":"Feature","geometry":{"type":"LineString","coordinates":[[-87.2647547,37.3745192],[-87.2608275,37.3772308]]},"properties":{}},{"type":"Feature","geometry":{"type":"LineString","coordinates":[[-87.2637247,37.3744597],[-87.2602883,37.3768322]]},"properties":{}},{"type":"Feature","geometry":{"type":"LineString","coordinates":[[-87.2628092,37.3744069],[-87.2603544,37.3761017]]},"properties":{}},{"type":"Feature","geometry":{"type":"LineString","coordinates":[[-87.2617792,37.3743475],[-87.2604292,37.3752794]]},"properties":{}},{"type":"Feature","geometry":{"type":"LineString","coordinates":[[-87.2608636,37.3742947],[-87.2604953,37.3745489]]},"properties":{}},{"type":"Feature","geometry":{"type":"LineString","coordinates":[[-89.3964475,36.0134986],[-89.3941139,36.0286686],[-89.3876436,36.0280117],[-89.3859158,36.0275936],[-89.3852358,36.0271606],[-89.3841881,36.026205],[-89.3826258,36.0247117],[-89.3816886,36.0230394],[-89.3815786,36.021815],[-89.3821856,36.0178733],[-89.3826453,36.0168281],[-89.3837481,36.0154844],[-89.3849058,36.0147528],[-89.3861006,36.0137825],[-89.3876994,36.0130956],[-89.3895189,36.0129164],[-89.3905664,36.0129017],[-89.3964475,36.0134986]]},"properties":{}},{"type":"Feature","geometry":{"type":"LineString","coordinates":[[-89.3747036,36.0266967],[-89.3698353,36.0166175],[-89.362205,36.0254253]]},"properties":{}},{"type":"Feature","geometry":{"type":"LineString","coordinates":[[-89.3698353,36.0166175],[-89.3707006,36.0110036]]},"properties":{}},{"type":"Feature","geometry":{"type":"LineString","coordinates":[[-89.3520633,36.0166278],[-89.3466094,36.0084289]]},"properties":{}},{"type":"Feature","geometry":{"type":"LineString","coordinates":[[-89.3585169,36.0096422],[-89.3561764,36.0248114],[-89.3488244,36.0240622],[-89.3482733,36.0237636],[-89.3470239,36.0231508],[-89.345885,36.0218217],[-89.3454814,36.0205672],[-89.3457028,36.0191339],[-89.3464753,36.0179994],[-89.3479831,36.01694],[-89.34938,36.0165972],[-89.350005,36.0164181],[-89.3573561,36.0171669]]},"properties":{}},{"type":"Feature","geometry":{"type":"LineString","coordinates":[[-89.3218292,36.0137117],[-89.3141764,36.0134],[-89.3106131,36.0181128],[-89.3141067,36.0236636],[-89.320635,36.0239294],[-89.3247944,36.0186906],[-89.3218292,36.0137117],[-89.3220097,36.0107858],[-89.3143572,36.0104742],[-89.3141764,36.0134]]},"properties":{}},{"type":"Feature","geometry":{"type":"LineString","coordinates":[[-89.3106131,36.0181128],[-89.3072531,36.0195342],[-89.3108644,36.0249981],[-89.3141067,36.0236636]]},"properties":{}},{"type":"Feature","geometry":{"type":"LineString","coordinates":[[-89.320635,36.0239294],[-89.3236964,36.0255208],[-89.3279625,36.0203778],[-89.3247944,36.0186906]]},"properties":{}},{"type":"Feature","geometry":{"type":"LineString","coordinates":[[-89.3137972,36.0231928],[-89.3119058,36.0245822]]},"properties":{}},{"type":"Feature","geometry":{"type":"LineString","coordinates":[[-89.3134878,36.0227217],[-89.3106564,36.0247144]]},"properties":{}},{"type":"Feature","geometry":{"type":"LineString","coordinates":[[-89.3131839,36.0221594],[-89.3103469,36.0242436]]},"properties":{}},{"type":"Feature","geometry":{"type":"LineString","coordinates":[[-89.3128744,36.0216883],[-89.3100375,36.0237728]]},"properties":{}},{"type":"Feature","geometry":{"type":"LineString","coordinates":[[-89.3125708,36.0211261],[-89.3097339,36.0232103]]},"properties":{}},{"type":"Feature","geometry":{"type":"LineString","coordinates":[[-89.3122614,36.020655],[-89.3094244,36.0227394]]},"properties":{}},{"type":"Feature","geometry":{"type":"LineString","coordinates":[[-89.3118394,36.0201794],[-89.3090025,36.0222639]]},"properties":{}},{"type":"Feature","geometry":{"type":"LineString","coordinates":[[-89.3115356,36.0196172],[-89.3086986,36.0217014]]},"properties":{}},{"type":"Feature","geometry":{"type":"LineString","coordinates":[[-89.3112264,36.0191464],[-89.3083894,36.0212306]]},"properties":{}},{"type":"Feature","geometry":{"type":"LineString","coordinates":[[-89.3109225,36.0185839],[-89.30808,36.0207594]]},"properties":{}},{"type":"Feature","geometry":{"type":"LineString","coordinates":[[-89.3106131,36.0181128],[-89.3077706,36.0202886]]},"properties":{}},{"type":"Feature","geometry":{"type":"LineString","coordinates":[[-89.3082942,36.0191183],[-89.3073544,36.0197217]]},"properties":{}},{"type":"Feature","geometry":{"type":"LineString","coordinates":[[-89.3239383,36.0252556],[-89.3235839,36.0255161]]},"properties":{}},{"type":"Feature","geometry":{"type":"LineString","coordinates":[[-89.3254075,36.0233906],[-89.3230378,36.0252189]]},"properties":{}},{"type":"Feature","geometry":{"type":"LineString","coordinates":[[-89.3269889,36.0215297],[-89.3224975,36.0248303]]},"properties":{}},{"type":"Feature","geometry":{"type":"LineString","coordinates":[[-89.3277431,36.0202772],[-89.3218392,36.0245286]]},"properties":{}},{"type":"Feature","geometry":{"type":"LineString","coordinates":[[-89.3270847,36.0199753],[-89.3212933,36.0242314]]},"properties":{}},{"type":"Feature","geometry":{"type":"LineString","coordinates":[[-89.3265444,36.0195867],[-89.320635,36.0239294]]},"properties":{}},{"type":"Feature","geometry":{"type":"LineString","coordinates":[[-89.3259986,36.0192897],[-89.3219803,36.0222428]]},"properties":{}},{"type":"Feature","geometry":{"type":"LineString","coordinates":[[-89.3253403,36.0189878],[-89.3233311,36.0204644]]},"properties":{}},{"type":"Feature","geometry":{"type":"LineString","coordinates":[[-89.3218519,36.0133461],[-89.3213792,36.0136933]]},"properties":{}},{"type":"Feature","geometry":{"type":"LineString","coordinates":[[-89.3218969,36.0126144],[-89.3204789,36.0136567]]},"properties":{}},{"type":"Feature","geometry":{"type":"LineString","coordinates":[[-89.3219478,36.0117917],[-89.3194658,36.0136156]]},"properties":{}},{"type":"Feature","geometry":{"type":"LineString","coordinates":[[-89.3219928,36.0110603],[-89.3185656,36.0135789]]},"properties":{}},{"type":"Feature","geometry":{"type":"LineString","coordinates":[[-89.3213344,36.0107583],[-89.3175528,36.0135375]]},"properties":{}},{"type":"Feature","geometry":{"type":"LineString","coordinates":[[-89.3204342,36.0107217],[-89.3166522,36.0135008]]},"properties":{}},{"type":"Feature","geometry":{"type":"LineString","coordinates":[[-89.3194214,36.0106806],[-89.3156394,36.0134597]]},"properties":{}},{"type":"Feature","geometry":{"type":"LineString","coordinates":[[-89.3185211,36.0106439],[-89.3147392,36.0134231]]},"properties":{}},{"type":"Feature","geometry":{"type":"LineString","coordinates":[[-89.3175081,36.0106025],[-89.3141989,36.0130342]]},"properties":{}},{"type":"Feature","geometry":{"type":"LineString","coordinates":[[-89.3166078,36.0105658],[-89.3142442,36.0123028]]},"properties":{}},{"type":"Feature","geometry":{"type":"LineString","coordinates":[[-89.315595,36.0105244],[-89.314295,36.01148]]},"properties":{}},{"type":"Feature","geometry":{"type":"LineString","coordinates":[[-89.3146947,36.0104878],[-89.3143403,36.0107483]]},"properties":{}},{"type":"Feature","geometry":{"type":"LineString","coordinates":[[-90.0016311,36.5502742],[-89.9943697,36.5649797],[-89.9903681,36.5492014],[-89.9829564,36.5638919],[-89.9796983,36.5481836]]},"properties":{}},{"type":"Feature","geometry":{"type":"LineString","coordinates":[[-89.9736225,36.5476039],[-89.9632436,36.5620103],[-89.9577667,36.5460892]]},"properties":{}},{"type":"Feature","geometry":{"type":"LineString","coordinates":[[-89.9702361,36.5522514],[-89.9595661,36.5512322]]},"properties":{}},{"type":"Feature","geometry":{"type":"LineString","coordinates":[[-89.9493117,36.5606786],[-89.946505,36.5450119],[-89.9380481,36.5596006],[-89.9350956,36.5439197],[-89.9273775,36.5585783]]},"properties":{}},{"type":"Feature","geometry":{"type":"LineString","coordinates":[[-89.9155428,36.550245],[-89.9078328,36.5499731],[-89.9042814,36.554705],[-89.9078436,36.5602386],[-89.9144206,36.5604708],[-89.9185683,36.5552094],[-89.9155428,36.550245],[-89.9157011,36.5473178],[-89.9079917,36.5470456],[-89.9078328,36.5499731]]},"properties":{}},{"type":"Feature","geometry":{"type":"LineString","coordinates":[[-89.9042814,36.554705],[-89.9009086,36.5561439],[-89.9045892,36.56159],[-89.9078436,36.5602386]]},"properties":{}},{"type":"Feature","geometry":{"type":"LineString","coordinates":[[-89.9144206,36.5604708],[-89.9175164,36.5620464],[-89.9217725,36.5568803],[-89.9185683,36.5552094]]},"properties":{}},{"type":"Feature","geometry":{"type":"LineString","coordinates":[[-89.9075283,36.5597692],[-89.9056344,36.5611686]]},"properties":{}},{"type":"Feature","geometry":{"type":"LineString","coordinates":[[-89.9072131,36.5592997],[-89.9043772,36.5613075]]},"properties":{}},{"type":"Feature","geometry":{"type":"LineString","coordinates":[[-89.9069025,36.5587389],[-89.9040619,36.5608381]]},"properties":{}},{"type":"Feature","geometry":{"type":"LineString","coordinates":[[-89.9065872,36.5582694],[-89.9037464,36.5603686]]},"properties":{}},{"type":"Feature","geometry":{"type":"LineString","coordinates":[[-89.9062767,36.5577086],[-89.9034361,36.5598078]]},"properties":{}},{"type":"Feature","geometry":{"type":"LineString","coordinates":[[-89.9059614,36.5572392],[-89.9031208,36.5593383]]},"properties":{}},{"type":"Feature","geometry":{"type":"LineString","coordinates":[[-89.9055328,36.5567658],[-89.9026922,36.558865]]},"properties":{}},{"type":"Feature","geometry":{"type":"LineString","coordinates":[[-89.9052225,36.5562047],[-89.9023817,36.5583042]]},"properties":{}},{"type":"Feature","geometry":{"type":"LineString","coordinates":[[-89.9049069,36.5557356],[-89.9020664,36.5578347]]},"properties":{}},{"type":"Feature","geometry":{"type":"LineString","coordinates":[[-89.9045967,36.5551744],[-89.9017511,36.5573653]]},"properties":{}},{"type":"Feature","geometry":{"type":"LineString","coordinates":[[-89.9042814,36.554705],[-89.9014358,36.5568958]]},"properties":{}},{"type":"Feature","geometry":{"type":"LineString","coordinates":[[-89.9019539,36.5557228],[-89.9010119,36.5563308]]},"properties":{}},{"type":"Feature","geometry":{"type":"LineString","coordinates":[[-89.9177581,36.56178],[-89.9174031,36.5620422]]},"properties":{}},{"type":"Feature","geometry":{"type":"LineString","coordinates":[[-89.9192228,36.5599067],[-89.9168508,36.5617481]]},"properties":{}},{"type":"Feature","geometry":{"type":"LineString","coordinates":[[-89.9208008,36.5580375],[-89.9163036,36.5613619]]},"properties":{}},{"type":"Feature","geometry":{"type":"LineString","coordinates":[[-89.9215506,36.5567808],[-89.9156383,36.5610636]]},"properties":{}},{"type":"Feature","geometry":{"type":"LineString","coordinates":[[-89.920885,36.5564825],[-89.9150861,36.5607692]]},"properties":{}},{"type":"Feature","geometry":{"type":"LineString","coordinates":[[-89.9203381,36.5560967],[-89.9144206,36.5604708]]},"properties":{}},{"type":"Feature","geometry":{"type":"LineString","coordinates":[[-89.9197858,36.5558022],[-89.9157622,36.5587767]]},"properties":{}},{"type":"Feature","geometry":{"type":"LineString","coordinates":[[-89.9191203,36.5555039],[-89.9171086,36.5569911]]},"properties":{}},{"type":"Feature","geometry":{"type":"LineString","coordinates":[[-89.9155625,36.5498792],[-89.9150892,36.5502292]]},"properties":{}},{"type":"Feature","geometry":{"type":"LineString","coordinates":[[-89.9156022,36.5491472],[-89.9141822,36.5501972]]},"properties":{}},{"type":"Feature","geometry":{"type":"LineString","coordinates":[[-89.9156467,36.5483239],[-89.9131617,36.5501611]]},"properties":{}},{"type":"Feature","geometry":{"type":"LineString","coordinates":[[-89.9156864,36.5475922],[-89.9122547,36.5501292]]},"properties":{}},{"type":"Feature","geometry":{"type":"LineString","coordinates":[[-89.9150211,36.5472936],[-89.9112342,36.5500931]]},"properties":{}},{"type":"Feature","geometry":{"type":"LineString","coordinates":[[-89.9141139,36.5472617],[-89.9103272,36.5500611]]},"properties":{}},{"type":"Feature","geometry":{"type":"LineString","coordinates":[[-89.9130936,36.5472258],[-89.9093067,36.550025]]},"properties":{}},{"type":"Feature","geometry":{"type":"LineString","coordinates":[[-89.9121867,36.5471939],[-89.9083997,36.5499931]]},"properties":{}},{"type":"Feature","geometry":{"type":"LineString","coordinates":[[-89.9111661,36.5471578],[-89.9078525,36.5496069]]},"properties":{}},{"type":"Feature","geometry":{"type":"LineString","coordinates":[[-89.9102592,36.5471256],[-89.9078925,36.5488753]]},"properties":{}},{"type":"Feature","geometry":{"type":"LineString","coordinates":[[-89.9092389,36.5470897],[-89.9079369,36.5480519]]},"properties":{}},{"type":"Feature","geometry":{"type":"LineString","coordinates":[[-89.9083317,36.5470578],[-89.9079767,36.54732]]},"properties":{}},{"type":"Feature","geometry":{"type":"LineString","coordinates":[[-89.5627994,34.7795564],[-89.5650506,34.7645147]]},"properties":{}},{"type":"Feature","geometry":{"type":"LineString","coordinates":[[-89.5505014,34.7783025],[-89.5527547,34.7632611]]},"properties":{}},{"type":"Feature","geometry":{"type":"LineString","coordinates":[[-89.5638536,34.7725131],[-89.5515567,34.7712594]]},"properties":{}},{"type":"Feature","geometry":{"type":"LineString","coordinates":[[-89.5445514,34.7778167],[-89.5468239,34.7626561],[-89.5397358,34.7619325]]},"properties":{}},{"type":"Feature","geometry":{"type":"LineString","coordinates":[[-89.5338053,34.7613267],[-89.5315306,34.7764869]]},"properties":{}},{"type":"Feature","geometry":{"type":"LineString","coordinates":[[-89.5005842,34.7654036],[-89.493055,34.7651039],[-89.4895606,34.7698189],[-89.49301,34.7753597],[-89.4994331,34.7756153],[-89.5035125,34.7703739],[-89.5005842,34.7654036],[-89.5007547,34.7624794],[-89.4932258,34.76218],[-89.493055,34.7651039]]},"properties":{}},{"type":"Feature","geometry":{"type":"LineString","coordinates":[[-89.4895606,34.7698189],[-89.4862583,34.7712442],[-89.4898239,34.7766983],[-89.49301,34.7753597]]},"properties":{}},{"type":"Feature","geometry":{"type":"LineString","coordinates":[[-89.4994331,34.7756153],[-89.5024483,34.7772006],[-89.5066333,34.7720547],[-89.5035125,34.7703739]]},"properties":{}},{"type":"Feature","geometry":{"type":"LineString","coordinates":[[-89.4927047,34.7748897],[-89.4908472,34.7762811]]},"properties":{}},{"type":"Feature","geometry":{"type":"LineString","coordinates":[[-89.4923992,34.7744194],[-89.4896183,34.7764153]]},"properties":{}},{"type":"Feature","geometry":{"type":"LineString","coordinates":[[-89.4920989,34.7738581],[-89.4893131,34.7759453]]},"properties":{}},{"type":"Feature","geometry":{"type":"LineString","coordinates":[[-89.4917936,34.7733881],[-89.4890075,34.775475]]},"properties":{}},{"type":"Feature","geometry":{"type":"LineString","coordinates":[[-89.4914933,34.7728267],[-89.4887075,34.7749136]]},"properties":{}},{"type":"Feature","geometry":{"type":"LineString","coordinates":[[-89.4911878,34.7723564],[-89.4884019,34.7744436]]},"properties":{}},{"type":"Feature","geometry":{"type":"LineString","coordinates":[[-89.4907717,34.7718819],[-89.4879858,34.7739689]]},"properties":{}},{"type":"Feature","geometry":{"type":"LineString","coordinates":[[-89.4904717,34.7713206],[-89.4876856,34.7734075]]},"properties":{}},{"type":"Feature","geometry":{"type":"LineString","coordinates":[[-89.4901661,34.7708503],[-89.4873803,34.7729375]]},"properties":{}},{"type":"Feature","geometry":{"type":"LineString","coordinates":[[-89.4898661,34.7702889],[-89.4870747,34.7724672]]},"properties":{}},{"type":"Feature","geometry":{"type":"LineString","coordinates":[[-89.4895606,34.7698189],[-89.4867692,34.7719972]]},"properties":{}},{"type":"Feature","geometry":{"type":"LineString","coordinates":[[-89.4872817,34.7708269],[-89.4863583,34.7714314]]},"properties":{}},{"type":"Feature","geometry":{"type":"LineString","coordinates":[[-89.5026858,34.7769353],[-89.5023375,34.7771961]]},"properties":{}},{"type":"Feature","geometry":{"type":"LineString","coordinates":[[-89.5041267,34.7750692],[-89.5017997,34.7769]]},"properties":{}},{"type":"Feature","geometry":{"type":"LineString","coordinates":[[-89.5056781,34.7732075],[-89.5012675,34.7765125]]},"properties":{}},{"type":"Feature","geometry":{"type":"LineString","coordinates":[[-89.5064172,34.7719547],[-89.5006189,34.7762119]]},"properties":{}},{"type":"Feature","geometry":{"type":"LineString","coordinates":[[-89.5057686,34.7716542],[-89.5000814,34.7759158]]},"properties":{}},{"type":"Feature","geometry":{"type":"LineString","coordinates":[[-89.5052364,34.7712667],[-89.4994331,34.7756153]]},"properties":{}},{"type":"Feature","geometry":{"type":"LineString","coordinates":[[-89.5046986,34.7709706],[-89.5007525,34.7739278]]},"properties":{}},{"type":"Feature","geometry":{"type":"LineString","coordinates":[[-89.5040503,34.77067],[-89.5020772,34.7721486]]},"properties":{}},{"type":"Feature","geometry":{"type":"LineString","coordinates":[[-89.5006056,34.7650381],[-89.5001414,34.7653858]]},"properties":{}},{"type":"Feature","geometry":{"type":"LineString","coordinates":[[-89.5006481,34.7643069],[-89.4992556,34.7653508]]},"properties":{}},{"type":"Feature","geometry":{"type":"LineString","coordinates":[[-89.5006961,34.7634847],[-89.4982589,34.7653111]]},"properties":{}},{"type":"Feature","geometry":{"type":"LineString","coordinates":[[-89.5007389,34.7627536],[-89.4973731,34.7652758]]},"properties":{}},{"type":"Feature","geometry":{"type":"LineString","coordinates":[[-89.5000906,34.7624531],[-89.4963767,34.7652361]]},"properties":{}},{"type":"Feature","geometry":{"type":"LineString","coordinates":[[-89.4992047,34.7624181],[-89.4954908,34.7652008]]},"properties":{}},{"type":"Feature","geometry":{"type":"LineString","coordinates":[[-89.4982083,34.7623783],[-89.4944942,34.7651614]]},"properties":{}},{"type":"Feature","geometry":{"type":"LineString","coordinates":[[-89.4973225,34.7623431],[-89.4936086,34.7651261]]},"properties":{}},{"type":"Feature","geometry":{"type":"LineString","coordinates":[[-89.4963261,34.7623033],[-89.4930764,34.7647383]]},"properties":{}},{"type":"Feature","geometry":{"type":"LineString","coordinates":[[-89.4954403,34.7622681],[-89.4931189,34.7640075]]},"properties":{}},{"type":"Feature","geometry":{"type":"LineString","coordinates":[[-89.4944439,34.7622286],[-89.4931672,34.763185]]},"properties":{}},{"type":"Feature","geometry":{"type":"LineString","coordinates":[[-89.4935581,34.7621933],[-89.4932097,34.7624542]]},"properties":{}},{"type":"Feature","geometry":{"type":"LineString","coordinates":[[-90.0681172,35.0100194],[-90.0610072,35.0247156],[-90.0570806,35.00895],[-90.0498233,35.0236314],[-90.0466247,35.0079361]]},"properties":{}},{"type":"Feature","geometry":{"type":"LineString","coordinates":[[-90.0294897,35.0216572],[-90.0383492,35.0225178],[-90.0405258,35.0073442],[-90.0315228,35.0064694]]},"properties":{}},{"type":"Feature","geometry":{"type":"LineString","coordinates":[[-90.0394461,35.0148711],[-90.0308778,35.0140389]]},"properties":{}},{"type":"Feature","geometry":{"type":"LineString","coordinates":[[-90.0260047,35.0059333],[-90.0188875,35.0206267],[-90.0149692,35.00486],[-90.0077047,35.0195383],[-90.0045147,35.0038419]]},"properties":{}},{"type":"Feature","geometry":{"type":"LineString","coordinates":[[-89.9872608,35.0102464],[-89.9797056,35.0099792],[-89.97623,35.01471],[-89.9797258,35.0202369],[-89.9861708,35.0204647],[-89.99023,35.015205],[-89.9872608,35.0102464],[-89.9874133,35.0073211],[-89.9798586,35.0070539],[-89.9797056,35.0099792]]},"properties":{}},{"type":"Feature","geometry":{"type":"LineString","coordinates":[[-89.97623,35.01471],[-89.9729264,35.0161497],[-89.9765381,35.0215894],[-89.9797258,35.0202369]]},"properties":{}},{"type":"Feature","geometry":{"type":"LineString","coordinates":[[-89.9861708,35.0204647],[-89.9892058,35.0220372],[-89.9933714,35.0168725],[-89.99023,35.015205]]},"properties":{}},{"type":"Feature","geometry":{"type":"LineString","coordinates":[[-89.9794164,35.0197681],[-89.9775619,35.0211678]]},"properties":{}},{"type":"Feature","geometry":{"type":"LineString","coordinates":[[-89.9791069,35.0192992],[-89.97633,35.0213072]]},"properties":{}},{"type":"Feature","geometry":{"type":"LineString","coordinates":[[-89.9788022,35.0187389],[-89.9760206,35.0208383]]},"properties":{}},{"type":"Feature","geometry":{"type":"LineString","coordinates":[[-89.9784928,35.01827],[-89.9757111,35.0203694]]},"properties":{}},{"type":"Feature","geometry":{"type":"LineString","coordinates":[[-89.9781881,35.0177097],[-89.9754067,35.0198092]]},"properties":{}},{"type":"Feature","geometry":{"type":"LineString","coordinates":[[-89.9778786,35.0172411],[-89.9750972,35.0193403]]},"properties":{}},{"type":"Feature","geometry":{"type":"LineString","coordinates":[[-89.9774581,35.0167681],[-89.9746767,35.0188675]]},"properties":{}},{"type":"Feature","geometry":{"type":"LineString","coordinates":[[-89.9771536,35.0162078],[-89.9743719,35.0183072]]},"properties":{}},{"type":"Feature","geometry":{"type":"LineString","coordinates":[[-89.9768442,35.0157392],[-89.9740625,35.0178383]]},"properties":{}},{"type":"Feature","geometry":{"type":"LineString","coordinates":[[-89.9765394,35.0151789],[-89.9737531,35.0173694]]},"properties":{}},{"type":"Feature","geometry":{"type":"LineString","coordinates":[[-89.97623,35.01471],[-89.9734436,35.0169006]]},"properties":{}},{"type":"Feature","geometry":{"type":"LineString","coordinates":[[-89.9739506,35.0157281],[-89.9730281,35.0163364]]},"properties":{}},{"type":"Feature","geometry":{"type":"LineString","coordinates":[[-89.9894422,35.0217708],[-89.9890947,35.0220333]]},"properties":{}},{"type":"Feature","geometry":{"type":"LineString","coordinates":[[-89.9908758,35.0198983],[-89.9885533,35.0217394]]},"properties":{}},{"type":"Feature","geometry":{"type":"LineString","coordinates":[[-89.9924206,35.0180297],[-89.9880169,35.0213542]]},"properties":{}},{"type":"Feature","geometry":{"type":"LineString","coordinates":[[-89.9931539,35.0167733],[-89.9873644,35.0210564]]},"properties":{}},{"type":"Feature","geometry":{"type":"LineString","coordinates":[[-89.9925017,35.0164756],[-89.9868231,35.0207625]]},"properties":{}},{"type":"Feature","geometry":{"type":"LineString","coordinates":[[-89.991965,35.0160903],[-89.9861708,35.0204647]]},"properties":{}},{"type":"Feature","geometry":{"type":"LineString","coordinates":[[-89.9914236,35.0157967],[-89.9874836,35.0187711]]},"properties":{}},{"type":"Feature","geometry":{"type":"LineString","coordinates":[[-89.9907714,35.0154989],[-89.9888014,35.0169861]]},"properties":{}},{"type":"Feature","geometry":{"type":"LineString","coordinates":[[-89.9872797,35.0098806],[-89.9868164,35.0102306]]},"properties":{}},{"type":"Feature","geometry":{"type":"LineString","coordinates":[[-89.9873181,35.0091494],[-89.9859275,35.0101992]]},"properties":{}},{"type":"Feature","geometry":{"type":"LineString","coordinates":[[-89.9873608,35.0083267],[-89.9849275,35.0101639]]},"properties":{}},{"type":"Feature","geometry":{"type":"LineString","coordinates":[[-89.9873989,35.0075953],[-89.9840386,35.0101325]]},"properties":{}},{"type":"Feature","geometry":{"type":"LineString","coordinates":[[-89.9867467,35.0072975],[-89.9830386,35.0100969]]},"properties":{}},{"type":"Feature","geometry":{"type":"LineString","coordinates":[[-89.9858578,35.0072661],[-89.98215,35.0100656]]},"properties":{}},{"type":"Feature","geometry":{"type":"LineString","coordinates":[[-89.9848581,35.0072308],[-89.98115,35.0100303]]},"properties":{}},{"type":"Feature","geometry":{"type":"LineString","coordinates":[[-89.9839692,35.0071994],[-89.9802611,35.0099989]]},"properties":{}},{"type":"Feature","geometry":{"type":"LineString","coordinates":[[-89.9829694,35.0071642],[-89.9797247,35.0096136]]},"properties":{}},{"type":"Feature","geometry":{"type":"LineString","coordinates":[[-89.9820806,35.0071325],[-89.9797628,35.0088822]]},"properties":{}},{"type":"Feature","geometry":{"type":"LineString","coordinates":[[-89.9810806,35.0070972],[-89.9798058,35.0080594]]},"properties":{}},{"type":"Feature","geometry":{"type":"LineString","coordinates":[[-89.9801917,35.0070658],[-89.9798442,35.0073283]]},"properties":{}},{"type":"Feature","geometry":{"type":"LineString","coordinates":[[-92.2468789,34.6855072],[-92.2485933,34.6702978],[-92.2414906,34.6697514]]},"properties":{}},{"type":"Feature","geometry":{"type":"LineString","coordinates":[[-92.2355478,34.6692936],[-92.2338308,34.6845028]]},"properties":{}},{"type":"Feature","geometry":{"type":"LineString","coordinates":[[-92.2262922,34.6839217],[-92.2158542,34.6831164]]},"properties":{}},{"type":"Feature","geometry":{"type":"LineString","coordinates":[[-92.2212181,34.6835303],[-92.2229372,34.6683214]]},"properties":{}},{"type":"Feature","geometry":{"type":"LineString","coordinates":[[-92.1844083,34.6727261],[-92.1768808,34.6726058],[-92.1735567,34.6774014],[-92.1771942,34.6828575],[-92.1836156,34.6829603],[-92.1875056,34.6776244],[-92.1844083,34.6727261],[-92.1844767,34.6697994],[-92.1769494,34.6696792],[-92.1768808,34.6726058]]},"properties":{}},{"type":"Feature","geometry":{"type":"LineString","coordinates":[[-92.1735567,34.6774014],[-92.1703097,34.6789047],[-92.17406,34.6842714],[-92.1771942,34.6828575]]},"properties":{}},{"type":"Feature","geometry":{"type":"LineString","coordinates":[[-92.1836156,34.6829603],[-92.1866814,34.6844731],[-92.19068,34.67923],[-92.1875056,34.6776244]]},"properties":{}},{"type":"Feature","geometry":{"type":"LineString","coordinates":[[-92.1768728,34.682395],[-92.1750672,34.68383]]},"properties":{}},{"type":"Feature","geometry":{"type":"LineString","coordinates":[[-92.1765514,34.6819325],[-92.173845,34.6839933]]},"properties":{}},{"type":"Feature","geometry":{"type":"LineString","coordinates":[[-92.1762322,34.6813783],[-92.1735236,34.6835308]]},"properties":{}},{"type":"Feature","geometry":{"type":"LineString","coordinates":[[-92.1759108,34.6809158],[-92.1732022,34.6830681]]},"properties":{}},{"type":"Feature","geometry":{"type":"LineString","coordinates":[[-92.1755914,34.6803617],[-92.1728828,34.6825142]]},"properties":{}},{"type":"Feature","geometry":{"type":"LineString","coordinates":[[-92.17527,34.6798992],[-92.1725614,34.6820514]]},"properties":{}},{"type":"Feature","geometry":{"type":"LineString","coordinates":[[-92.1748381,34.6794347],[-92.1721294,34.6815872]]},"properties":{}},{"type":"Feature","geometry":{"type":"LineString","coordinates":[[-92.1745189,34.6788808],[-92.1718103,34.6810331]]},"properties":{}},{"type":"Feature","geometry":{"type":"LineString","coordinates":[[-92.1741975,34.6784181],[-92.1714889,34.6805706]]},"properties":{}},{"type":"Feature","geometry":{"type":"LineString","coordinates":[[-92.1738781,34.6778642],[-92.1711675,34.6801078]]},"properties":{}},{"type":"Feature","geometry":{"type":"LineString","coordinates":[[-92.1735567,34.6774014],[-92.1708461,34.6796453]]},"properties":{}},{"type":"Feature","geometry":{"type":"LineString","coordinates":[[-92.1713169,34.6784633],[-92.1704161,34.6790894]]},"properties":{}},{"type":"Feature","geometry":{"type":"LineString","coordinates":[[-92.1869092,34.6842022],[-92.1865706,34.6844711]]},"properties":{}},{"type":"Feature","geometry":{"type":"LineString","coordinates":[[-92.1882825,34.6823028],[-92.1860236,34.6841881]]},"properties":{}},{"type":"Feature","geometry":{"type":"LineString","coordinates":[[-92.1897667,34.680405],[-92.1854783,34.6838133]]},"properties":{}},{"type":"Feature","geometry":{"type":"LineString","coordinates":[[-92.1904606,34.6791353],[-92.1848206,34.6835283]]},"properties":{}},{"type":"Feature","geometry":{"type":"LineString","coordinates":[[-92.1898028,34.6788503],[-92.1842733,34.6832453]]},"properties":{}},{"type":"Feature","geometry":{"type":"LineString","coordinates":[[-92.1892578,34.6784756],[-92.1836156,34.6829603]]},"properties":{}},{"type":"Feature","geometry":{"type":"LineString","coordinates":[[-92.1887106,34.6781925],[-92.1848739,34.6812419]]},"properties":{}},{"type":"Feature","geometry":{"type":"LineString","coordinates":[[-92.1880528,34.6779075],[-92.1861344,34.6794322]]},"properties":{}},{"type":"Feature","geometry":{"type":"LineString","coordinates":[[-92.1844169,34.6723603],[-92.1839656,34.6727189]]},"properties":{}},{"type":"Feature","geometry":{"type":"LineString","coordinates":[[-92.1844342,34.6716286],[-92.18308,34.672705]]},"properties":{}},{"type":"Feature","geometry":{"type":"LineString","coordinates":[[-92.1844533,34.6708056],[-92.1820839,34.6726889]]},"properties":{}},{"type":"Feature","geometry":{"type":"LineString","coordinates":[[-92.1844703,34.6700739],[-92.1811981,34.6726747]]},"properties":{}},{"type":"Feature","geometry":{"type":"LineString","coordinates":[[-92.1838125,34.6697889],[-92.1802019,34.6726589]]},"properties":{}},{"type":"Feature","geometry":{"type":"LineString","coordinates":[[-92.1829269,34.6697747],[-92.1793164,34.6726447]]},"properties":{}},{"type":"Feature","geometry":{"type":"LineString","coordinates":[[-92.1819308,34.6697589],[-92.17832,34.6726289]]},"properties":{}},{"type":"Feature","geometry":{"type":"LineString","coordinates":[[-92.1810453,34.6697447],[-92.1774344,34.6726147]]},"properties":{}},{"type":"Feature","geometry":{"type":"LineString","coordinates":[[-92.1800489,34.6697289],[-92.1768894,34.67224]]},"properties":{}},{"type":"Feature","geometry":{"type":"LineString","coordinates":[[-92.1791633,34.6697147],[-92.1769067,34.6715083]]},"properties":{}},{"type":"Feature","geometry":{"type":"LineString","coordinates":[[-92.1781672,34.6696986],[-92.1769261,34.6706853]]},"properties":{}},{"type":"Feature","geometry":{"type":"LineString","coordinates":[[-92.1772817,34.6696844],[-92.1769431,34.6699536]]},"properties":{}},{"type":"Feature","geometry":{"type":"LineString","coordinates":[[-94.6899836,34.671865],[-94.6887731,34.6871075],[-94.6815081,34.6867133],[-94.6809461,34.6864417],[-94.6796767,34.6858908],[-94.6784644,34.6846197],[-94.6779789,34.6833878],[-94.6780933,34.6819478],[-94.67877,34.6807792],[-94.6801731,34.6796497],[-94.6815189,34.6792408],[-94.6821189,34.6790322],[-94.6893831,34.6794261]]},"properties":{}},{"type":"Feature","geometry":{"type":"LineString","coordinates":[[-94.6576975,34.6833697],[-94.6582214,34.6841214],[-94.6594714,34.6849128],[-94.6603239,34.6852003],[-94.6627653,34.6856947],[-94.6636369,34.6857422],[-94.6653997,34.6855969],[-94.6668814,34.6853161],[-94.6671814,34.6852119],[-94.6682464,34.6846669],[-94.6693208,34.6840022],[-94.6712267,34.6820567],[-94.6721061,34.6801758],[-94.6723164,34.6775356],[-94.6721406,34.6760794],[-94.6716456,34.6749678],[-94.6708503,34.6739603],[-94.6701908,34.6730808],[-94.6691147,34.6719375],[-94.6679908,34.6713942],[-94.6668669,34.6708508],[-94.6658692,34.6705556],[-94.6632544,34.6704131],[-94.6617828,34.6705742],[-94.6605822,34.6709908],[-94.6592269,34.6715197],[-94.6583075,34.6720722],[-94.65674,34.6734333],[-94.6557819,34.6744661],[-94.6554339,34.6751703],[-94.6552806,34.6770906],[-94.6613822,34.6774231]]},"properties":{}},{"type":"Feature","geometry":{"type":"LineString","coordinates":[[-94.6383564,34.6843636],[-94.6409717,34.6845067],[-94.6422889,34.6844581],[-94.6449906,34.6835206],[-94.6476233,34.681615],[-94.64862,34.6801025],[-94.6492092,34.6782058],[-94.6493339,34.6766458],[-94.6491586,34.6751897],[-94.6485569,34.67359],[-94.6471125,34.6715825],[-94.6465794,34.6709508],[-94.6454747,34.6701672],[-94.6430631,34.6693122],[-94.6400125,34.6691456],[-94.6385406,34.6693064],[-94.6370494,34.6697069],[-94.6361492,34.6700194],[-94.6346197,34.6709],[-94.6331969,34.6722686],[-94.6326842,34.673205],[-94.6321042,34.6749814],[-94.6318733,34.6778617],[-94.63295,34.6808136],[-94.6337447,34.6818214],[-94.6346944,34.6827169],[-94.6356633,34.6833728],[-94.6359442,34.6835086],[-94.6383564,34.6843636]]},"properties":{}},{"type":"Feature","geometry":{"type":"LineString","coordinates":[[-94.6127233,34.6754497],[-94.6051944,34.6754917],[-94.6020228,34.6803575],[-94.6058314,34.6857333],[-94.6122542,34.6856975],[-94.6159744,34.6802794],[-94.6127233,34.6754497],[-94.6126994,34.6725225],[-94.6051706,34.6725644],[-94.6051944,34.6754917]]},"properties":{}},{"type":"Feature","geometry":{"type":"LineString","coordinates":[[-94.6020228,34.6803575],[-94.5988242,34.68193],[-94.6027428,34.6872139],[-94.6058314,34.6857333]]},"properties":{}},{"type":"Feature","geometry":{"type":"LineString","coordinates":[[-94.6122542,34.6856975],[-94.6153669,34.6871436],[-94.6191986,34.6818164],[-94.6159744,34.6802794]]},"properties":{}},{"type":"Feature","geometry":{"type":"LineString","coordinates":[[-94.6054956,34.6852778],[-94.6037356,34.6867511]]},"properties":{}},{"type":"Feature","geometry":{"type":"LineString","coordinates":[[-94.6051597,34.6848222],[-94.6025192,34.6869408]]},"properties":{}},{"type":"Feature","geometry":{"type":"LineString","coordinates":[[-94.6048231,34.6842753],[-94.6021831,34.6864853]]},"properties":{}},{"type":"Feature","geometry":{"type":"LineString","coordinates":[[-94.6044869,34.6838197],[-94.6018472,34.6860297]]},"properties":{}},{"type":"Feature","geometry":{"type":"LineString","coordinates":[[-94.6041503,34.6832728],[-94.6015106,34.6854828]]},"properties":{}},{"type":"Feature","geometry":{"type":"LineString","coordinates":[[-94.6038144,34.6828172],[-94.6011747,34.6850272]]},"properties":{}},{"type":"Feature","geometry":{"type":"LineString","coordinates":[[-94.6033678,34.6823625],[-94.6007281,34.6845725]]},"properties":{}},{"type":"Feature","geometry":{"type":"LineString","coordinates":[[-94.6030311,34.6818153],[-94.6003914,34.6840253]]},"properties":{}},{"type":"Feature","geometry":{"type":"LineString","coordinates":[[-94.6026953,34.68136],[-94.6000556,34.68357]]},"properties":{}},{"type":"Feature","geometry":{"type":"LineString","coordinates":[[-94.6023586,34.6808128],[-94.5997197,34.6831144]]},"properties":{}},{"type":"Feature","geometry":{"type":"LineString","coordinates":[[-94.6020228,34.6803575],[-94.5993839,34.6826589]]},"properties":{}},{"type":"Feature","geometry":{"type":"LineString","coordinates":[[-94.5998172,34.6814672],[-94.5989364,34.6821125]]},"properties":{}},{"type":"Feature","geometry":{"type":"LineString","coordinates":[[-94.6155861,34.6868678],[-94.6152561,34.6871442]]},"properties":{}},{"type":"Feature","geometry":{"type":"LineString","coordinates":[[-94.6168989,34.6849394],[-94.6147,34.6868728]]},"properties":{}},{"type":"Feature","geometry":{"type":"LineString","coordinates":[[-94.6183225,34.6830103],[-94.6141433,34.68651]]},"properties":{}},{"type":"Feature","geometry":{"type":"LineString","coordinates":[[-94.6189764,34.6817261],[-94.6134767,34.6862394]]},"properties":{}},{"type":"Feature","geometry":{"type":"LineString","coordinates":[[-94.6183097,34.6814556],[-94.6129208,34.6859681]]},"properties":{}},{"type":"Feature","geometry":{"type":"LineString","coordinates":[[-94.6177531,34.6810928],[-94.6122542,34.6856975]]},"properties":{}},{"type":"Feature","geometry":{"type":"LineString","coordinates":[[-94.6171969,34.6808214],[-94.6134578,34.6839525]]},"properties":{}},{"type":"Feature","geometry":{"type":"LineString","coordinates":[[-94.6165303,34.6805508],[-94.6146608,34.6821164]]},"properties":{}},{"type":"Feature","geometry":{"type":"LineString","coordinates":[[-94.6127206,34.6750836],[-94.6122806,34.6754519]]},"properties":{}},{"type":"Feature","geometry":{"type":"LineString","coordinates":[[-94.6127144,34.6743519],[-94.6113947,34.6754569]]},"properties":{}},{"type":"Feature","geometry":{"type":"LineString","coordinates":[[-94.6127078,34.6735286],[-94.6103983,34.6754628]]},"properties":{}},{"type":"Feature","geometry":{"type":"LineString","coordinates":[[-94.6127017,34.6727969],[-94.6095125,34.6754675]]},"properties":{}},{"type":"Feature","geometry":{"type":"LineString","coordinates":[[-94.612035,34.6725264],[-94.6085161,34.6754731]]},"properties":{}},{"type":"Feature","geometry":{"type":"LineString","coordinates":[[-94.6111494,34.6725314],[-94.6076303,34.6754781]]},"properties":{}},{"type":"Feature","geometry":{"type":"LineString","coordinates":[[-94.6101531,34.6725369],[-94.6066339,34.6754836]]},"properties":{}},{"type":"Feature","geometry":{"type":"LineString","coordinates":[[-94.6092672,34.6725417],[-94.6057481,34.6754886]]},"properties":{}},{"type":"Feature","geometry":{"type":"LineString","coordinates":[[-94.6082708,34.6725472],[-94.6051914,34.6751258]]},"properties":{}},{"type":"Feature","geometry":{"type":"LineString","coordinates":[[-94.607385,34.6725522],[-94.6051856,34.6743939]]},"properties":{}},{"type":"Feature","geometry":{"type":"LineString","coordinates":[[-94.6063886,34.6725578],[-94.6051789,34.6735708]]},"properties":{}},{"type":"Feature","geometry":{"type":"LineString","coordinates":[[-94.6055028,34.6725628],[-94.6051728,34.6728389]]},"properties":{}},{"type":"Feature","geometry":{"type":"LineString","coordinates":[[-94.3495008,35.3875475],[-94.341145,35.3870711]]},"properties":{}},{"type":"Feature","geometry":{"type":"LineString","coordinates":[[-94.3400511,35.3947289],[-94.3488478,35.3952306],[-94.3501436,35.3799847]]},"properties":{}},{"type":"Feature","geometry":{"type":"LineString","coordinates":[[-94.3264033,35.3923808],[-94.3276206,35.3936569],[-94.3279033,35.3937936],[-94.3297889,35.3941428],[-94.3314219,35.3939947],[-94.3323425,35.393565],[-94.3332733,35.393015],[-94.3340983,35.3919764],[-94.3343336,35.3892153],[-94.3335461,35.3880847],[-94.3330006,35.3875708],[-94.3308631,35.386725],[-94.3284222,35.3859822],[-94.3267244,35.3851614],[-94.3261997,35.3844078],[-94.3260497,35.3827103],[-94.3264761,35.3811664],[-94.3272908,35.3802481],[-94.3280647,35.3798097],[-94.3286817,35.3794831],[-94.3294453,35.379165],[-94.3310883,35.3788969],[-94.3319678,35.3789472],[-94.3328267,35.3792375],[-94.3339586,35.3797847],[-94.3346506,35.3803067],[-94.3355947,35.3813258]]},"properties":{}},{"type":"Feature","geometry":{"type":"LineString","coordinates":[[-94.3202417,35.3782764],[-94.3139556,35.3932367],[-94.3091019,35.3776381],[-94.3026672,35.3925892],[-94.2985489,35.3770322]]},"properties":{}},{"type":"Feature","geometry":{"type":"LineString","coordinates":[[-94.2753081,35.3834028],[-94.2677089,35.3834222],[-94.2644864,35.3882808],[-94.2683064,35.3936708],[-94.2747889,35.3936542],[-94.2785678,35.3882447],[-94.2753081,35.3834028],[-94.2752967,35.3804742],[-94.2676978,35.3804936],[-94.2677089,35.3834222]]},"properties":{}},{"type":"Feature","geometry":{"type":"LineString","coordinates":[[-94.2644864,35.3882808],[-94.2612511,35.3898447],[-94.2651825,35.3951431],[-94.2683064,35.3936708]]},"properties":{}},{"type":"Feature","geometry":{"type":"LineString","coordinates":[[-94.2747889,35.3936542],[-94.2779242,35.3951103],[-94.281815,35.3897919],[-94.2785678,35.3882447]]},"properties":{}},{"type":"Feature","geometry":{"type":"LineString","coordinates":[[-94.2679694,35.3932142],[-94.2661867,35.3946831]]},"properties":{}},{"type":"Feature","geometry":{"type":"LineString","coordinates":[[-94.2676325,35.3927575],[-94.2649581,35.3948692]]},"properties":{}},{"type":"Feature","geometry":{"type":"LineString","coordinates":[[-94.267295,35.3922092],[-94.2646211,35.3944122]]},"properties":{}},{"type":"Feature","geometry":{"type":"LineString","coordinates":[[-94.2669581,35.3917525],[-94.2642839,35.3939556]]},"properties":{}},{"type":"Feature","geometry":{"type":"LineString","coordinates":[[-94.2666208,35.3912042],[-94.2639467,35.3934072]]},"properties":{}},{"type":"Feature","geometry":{"type":"LineString","coordinates":[[-94.2662836,35.3907475],[-94.2636097,35.3929506]]},"properties":{}},{"type":"Feature","geometry":{"type":"LineString","coordinates":[[-94.265835,35.3902908],[-94.2631608,35.3924942]]},"properties":{}},{"type":"Feature","geometry":{"type":"LineString","coordinates":[[-94.2654975,35.3897425],[-94.2628236,35.3919458]]},"properties":{}},{"type":"Feature","geometry":{"type":"LineString","coordinates":[[-94.2651606,35.3892858],[-94.2624864,35.3914889]]},"properties":{}},{"type":"Feature","geometry":{"type":"LineString","coordinates":[[-94.2648233,35.3887375],[-94.2621494,35.3910322]]},"properties":{}},{"type":"Feature","geometry":{"type":"LineString","coordinates":[[-94.2644864,35.3882808],[-94.2618125,35.3905756]]},"properties":{}},{"type":"Feature","geometry":{"type":"LineString","coordinates":[[-94.2622553,35.3893847],[-94.2613633,35.3900275]]},"properties":{}},{"type":"Feature","geometry":{"type":"LineString","coordinates":[[-94.2781467,35.3948353],[-94.2778125,35.3951106]]},"properties":{}},{"type":"Feature","geometry":{"type":"LineString","coordinates":[[-94.2794803,35.3929097],[-94.2772525,35.3948375]]},"properties":{}},{"type":"Feature","geometry":{"type":"LineString","coordinates":[[-94.2809256,35.3909842],[-94.2766922,35.3944731]]},"properties":{}},{"type":"Feature","geometry":{"type":"LineString","coordinates":[[-94.2815911,35.3897011],[-94.2760206,35.3942]]},"properties":{}},{"type":"Feature","geometry":{"type":"LineString","coordinates":[[-94.2809194,35.3894283],[-94.2754606,35.3939269]]},"properties":{}},{"type":"Feature","geometry":{"type":"LineString","coordinates":[[-94.2803592,35.3890636],[-94.2747889,35.3936542]]},"properties":{}},{"type":"Feature","geometry":{"type":"LineString","coordinates":[[-94.2797994,35.3887906],[-94.2760117,35.3919122]]},"properties":{}},{"type":"Feature","geometry":{"type":"LineString","coordinates":[[-94.2791278,35.3885178],[-94.2772339,35.3900786]]},"properties":{}},{"type":"Feature","geometry":{"type":"LineString","coordinates":[[-94.2753067,35.3830367],[-94.2748611,35.3834039]]},"properties":{}},{"type":"Feature","geometry":{"type":"LineString","coordinates":[[-94.2753039,35.3823044],[-94.2739669,35.3834061]]},"properties":{}},{"type":"Feature","geometry":{"type":"LineString","coordinates":[[-94.2753006,35.3814808],[-94.2729614,35.3834086]]},"properties":{}},{"type":"Feature","geometry":{"type":"LineString","coordinates":[[-94.2752978,35.3807486],[-94.2720672,35.3834111]]},"properties":{}},{"type":"Feature","geometry":{"type":"LineString","coordinates":[[-94.2746264,35.3804758],[-94.2710617,35.3834136]]},"properties":{}},{"type":"Feature","geometry":{"type":"LineString","coordinates":[[-94.2737322,35.3804781],[-94.2701675,35.3834158]]},"properties":{}},{"type":"Feature","geometry":{"type":"LineString","coordinates":[[-94.2727267,35.3804808],[-94.2691617,35.3834183]]},"properties":{}},{"type":"Feature","geometry":{"type":"LineString","coordinates":[[-94.2718325,35.3804831],[-94.2682678,35.3834208]]},"properties":{}},{"type":"Feature","geometry":{"type":"LineString","coordinates":[[-94.2708269,35.3804856],[-94.2677075,35.3830561]]},"properties":{}},{"type":"Feature","geometry":{"type":"LineString","coordinates":[[-94.2699328,35.3804878],[-94.2677047,35.3823239]]},"properties":{}},{"type":"Feature","geometry":{"type":"LineString","coordinates":[[-94.2689272,35.3804906],[-94.2677017,35.3815003]]},"properties":{}},{"type":"Feature","geometry":{"type":"LineString","coordinates":[[-94.2680331,35.3804928],[-94.2676989,35.3807681]]},"properties":{}},{"type":"Feature","geometry":{"type":"LineString","coordinates":[[-95.7602406,34.8430694],[-95.7542931,34.8581053],[-95.7491678,34.8425792],[-95.7430722,34.8576081],[-95.7386778,34.8421136]]},"properties":{}},{"type":"Feature","geometry":{"type":"LineString","coordinates":[[-95.7315603,34.8570967],[-95.7325586,34.8418417],[-95.7254197,34.8415239]]},"properties":{}},{"type":"Feature","geometry":{"type":"LineString","coordinates":[[-95.7063983,34.8552519],[-95.7072408,34.8557717],[-95.708245,34.8560575],[-95.7117425,34.8562136],[-95.7130697,34.8560319],[-95.7135147,34.8559314],[-95.7157714,34.8549478],[-95.7171617,34.853805],[-95.7176778,34.8526233],[-95.7188394,34.8505067],[-95.7190208,34.8477439],[-95.7188161,34.8464097],[-95.71845,34.8453092],[-95.7179458,34.8440819],[-95.7165756,34.8426956],[-95.7138864,34.8413711],[-95.7120161,34.8409261],[-95.7104133,34.8408544],[-95.70835,34.8411236],[-95.7075978,34.8414517],[-95.7069994,34.8416658]]},"properties":{}},{"type":"Feature","geometry":{"type":"LineString","coordinates":[[-97.2358792,36.7361164],[-97.2351531,36.7513967],[-97.2276772,36.7511664],[-97.2270908,36.7509072],[-97.2257681,36.7503844],[-97.2244797,36.7491397],[-97.2239392,36.7479181],[-97.2240078,36.7464744],[-97.2246633,36.7452897],[-97.2260661,36.7441281],[-97.2274344,36.7436881],[-97.2280439,36.7434661],[-97.2355189,36.7436964]]},"properties":{}},{"type":"Feature","geometry":{"type":"LineString","coordinates":[[-97.2083897,36.75057],[-97.2175103,36.7508522],[-97.2182397,36.7355722],[-97.2089717,36.735285]]},"properties":{}},{"type":"Feature","geometry":{"type":"LineString","coordinates":[[-97.2178781,36.7431519],[-97.2090575,36.7428789]]},"properties":{}},{"type":"Feature","geometry":{"type":"LineString","coordinates":[[-97.1975461,36.7425214],[-97.1911831,36.7347322]]},"properties":{}},{"type":"Feature","geometry":{"type":"LineString","coordinates":[[-97.2032914,36.7351089],[-97.2025589,36.7503889],[-97.1950831,36.7501567],[-97.1944967,36.7498975],[-97.1931742,36.7493742],[-97.1918864,36.7481292],[-97.1913461,36.7469075],[-97.1914156,36.7454636],[-97.1920714,36.7442792],[-97.1934747,36.7431178],[-97.1948433,36.7426783],[-97.1954531,36.7424564],[-97.2029281,36.7426886]]},"properties":{}},{"type":"Feature","geometry":{"type":"LineString","coordinates":[[-97.1638203,36.7414172],[-97.1560878,36.74163],[-97.1529958,36.7465708],[-97.1570914,36.7518642],[-97.1636878,36.7516828],[-97.1673244,36.7461767],[-97.1638203,36.7414172],[-97.1636958,36.7384886],[-97.1559636,36.7387014],[-97.1560878,36.74163]]},"properties":{}},{"type":"Feature","geometry":{"type":"LineString","coordinates":[[-97.1529958,36.7465708],[-97.1497636,36.7482172],[-97.1539692,36.7534161],[-97.1570914,36.7518642]]},"properties":{}},{"type":"Feature","geometry":{"type":"LineString","coordinates":[[-97.1636878,36.7516828],[-97.1669344,36.7530592],[-97.1706886,36.7476414],[-97.1673244,36.7461767]]},"properties":{}},{"type":"Feature","geometry":{"type":"LineString","coordinates":[[-97.1567308,36.7514161],[-97.1549733,36.7529303]]},"properties":{}},{"type":"Feature","geometry":{"type":"LineString","coordinates":[[-97.1563703,36.7509678],[-97.15373,36.7531478]]},"properties":{}},{"type":"Feature","geometry":{"type":"LineString","coordinates":[[-97.1560058,36.7504281],[-97.1533694,36.7526994]]},"properties":{}},{"type":"Feature","geometry":{"type":"LineString","coordinates":[[-97.155645,36.74998],[-97.1530089,36.7522514]]},"properties":{}},{"type":"Feature","geometry":{"type":"LineString","coordinates":[[-97.1552806,36.7494403],[-97.1526444,36.7517117]]},"properties":{}},{"type":"Feature","geometry":{"type":"LineString","coordinates":[[-97.15492,36.7489919],[-97.1522836,36.7512633]]},"properties":{}},{"type":"Feature","geometry":{"type":"LineString","coordinates":[[-97.1544458,36.7485469],[-97.1518094,36.7508183]]},"properties":{}},{"type":"Feature","geometry":{"type":"LineString","coordinates":[[-97.1540814,36.7480072],[-97.151445,36.7502786]]},"properties":{}},{"type":"Feature","geometry":{"type":"LineString","coordinates":[[-97.1537208,36.7475589],[-97.1510844,36.7498303]]},"properties":{}},{"type":"Feature","geometry":{"type":"LineString","coordinates":[[-97.1533564,36.7470192],[-97.1507239,36.7493819]]},"properties":{}},{"type":"Feature","geometry":{"type":"LineString","coordinates":[[-97.1529958,36.7465708],[-97.1503633,36.7489339]]},"properties":{}},{"type":"Feature","geometry":{"type":"LineString","coordinates":[[-97.1507678,36.7477317],[-97.1498853,36.7483972]]},"properties":{}},{"type":"Feature","geometry":{"type":"LineString","coordinates":[[-97.16715,36.7527783],[-97.1668206,36.7530625]]},"properties":{}},{"type":"Feature","geometry":{"type":"LineString","coordinates":[[-97.1684331,36.7508189],[-97.1662403,36.7528036]]},"properties":{}},{"type":"Feature","geometry":{"type":"LineString","coordinates":[[-97.1698294,36.7488564],[-97.1656561,36.7524531]]},"properties":{}},{"type":"Feature","geometry":{"type":"LineString","coordinates":[[-97.1704572,36.7475561],[-97.1649619,36.7521975]]},"properties":{}},{"type":"Feature","geometry":{"type":"LineString","coordinates":[[-97.1697633,36.7473006],[-97.1643817,36.7519386]]},"properties":{}},{"type":"Feature","geometry":{"type":"LineString","coordinates":[[-97.1691789,36.7469503],[-97.1636878,36.7516828]]},"properties":{}},{"type":"Feature","geometry":{"type":"LineString","coordinates":[[-97.1685986,36.7466914],[-97.1648647,36.7499094]]},"properties":{}},{"type":"Feature","geometry":{"type":"LineString","coordinates":[[-97.1679047,36.7464356],[-97.1660378,36.7480447]]},"properties":{}},{"type":"Feature","geometry":{"type":"LineString","coordinates":[[-97.1638047,36.7410511],[-97.1633656,36.7414297]]},"properties":{}},{"type":"Feature","geometry":{"type":"LineString","coordinates":[[-97.1637736,36.7403189],[-97.1624558,36.7414547]]},"properties":{}},{"type":"Feature","geometry":{"type":"LineString","coordinates":[[-97.1637386,36.7394953],[-97.1614322,36.7414831]]},"properties":{}},{"type":"Feature","geometry":{"type":"LineString","coordinates":[[-97.1637075,36.7387631],[-97.1605225,36.7415081]]},"properties":{}},{"type":"Feature","geometry":{"type":"LineString","coordinates":[[-97.1630136,36.7385075],[-97.1594992,36.7415361]]},"properties":{}},{"type":"Feature","geometry":{"type":"LineString","coordinates":[[-97.1621039,36.7385325],[-97.1585894,36.7415611]]},"properties":{}},{"type":"Feature","geometry":{"type":"LineString","coordinates":[[-97.1610806,36.7385606],[-97.1575661,36.7415892]]},"properties":{}},{"type":"Feature","geometry":{"type":"LineString","coordinates":[[-97.1601708,36.7385856],[-97.1566564,36.7416142]]},"properties":{}},{"type":"Feature","geometry":{"type":"LineString","coordinates":[[-97.1591475,36.7386139],[-97.1560722,36.7412639]]},"properties":{}},{"type":"Feature","geometry":{"type":"LineString","coordinates":[[-97.1582378,36.7386389],[-97.1560411,36.7405317]]},"properties":{}},{"type":"Feature","geometry":{"type":"LineString","coordinates":[[-97.1572144,36.7386669],[-97.1560061,36.7397081]]},"properties":{}},{"type":"Feature","geometry":{"type":"LineString","coordinates":[[-97.1563047,36.7386919],[-97.1559753,36.7389758]]},"properties":{}},{"type":"Feature","geometry":{"type":"LineString","coordinates":[[-95.8615344,36.2020014],[-95.850855,36.2015417]]},"properties":{}},{"type":"Feature","geometry":{"type":"LineString","coordinates":[[-95.8563431,36.2017781],[-95.8573439,36.1865106]]},"properties":{}},{"type":"Feature","geometry":{"type":"LineString","coordinates":[[-95.8446253,36.2012728],[-95.8454231,36.1891311],[-95.8453142,36.1885236],[-95.844355,36.1872767],[-95.8436611,36.1865233],[-95.8425061,36.1859914],[-95.8408828,36.1858006],[-95.8385103,36.1856981],[-95.8371675,36.1857606],[-95.8353486,36.1862847],[-95.834255,36.1870814],[-95.8336144,36.1877769],[-95.8332467,36.1888461],[-95.8324628,36.2007472]]},"properties":{}},{"type":"Feature","geometry":{"type":"LineString","coordinates":[[-95.8262333,36.2004778],[-95.8272397,36.1852103],[-95.8199733,36.1848953]]},"properties":{}},{"type":"Feature","geometry":{"type":"LineString","coordinates":[[-95.7918028,36.1911842],[-95.7841236,36.191305],[-95.7809647,36.1962081],[-95.7849336,36.2015486],[-95.7914844,36.2014453],[-95.7951944,36.1959839],[-95.7918028,36.1911842],[-95.7917325,36.188255],[-95.7840536,36.1883758],[-95.7841236,36.191305]]},"properties":{}},{"type":"Feature","geometry":{"type":"LineString","coordinates":[[-95.7809647,36.1962081],[-95.7777267,36.1978156],[-95.7818064,36.2030628],[-95.7849336,36.2015486]]},"properties":{}},{"type":"Feature","geometry":{"type":"LineString","coordinates":[[-95.7914844,36.2014453],[-95.7946819,36.20286],[-95.7985072,36.1974883],[-95.7951944,36.1959839]]},"properties":{}},{"type":"Feature","geometry":{"type":"LineString","coordinates":[[-95.7845839,36.2010961],[-95.7828119,36.2025892]]},"properties":{}},{"type":"Feature","geometry":{"type":"LineString","coordinates":[[-95.7842342,36.2006439],[-95.7815739,36.2027919]]},"properties":{}},{"type":"Feature","geometry":{"type":"LineString","coordinates":[[-95.7838822,36.2001],[-95.7812242,36.2023394]]},"properties":{}},{"type":"Feature","geometry":{"type":"LineString","coordinates":[[-95.7835325,36.1996475],[-95.7808744,36.2018872]]},"properties":{}},{"type":"Feature","geometry":{"type":"LineString","coordinates":[[-95.7831806,36.1991036],[-95.7805225,36.2013431]]},"properties":{}},{"type":"Feature","geometry":{"type":"LineString","coordinates":[[-95.7828308,36.1986514],[-95.7801725,36.2008908]]},"properties":{}},{"type":"Feature","geometry":{"type":"LineString","coordinates":[[-95.7823681,36.1982006],[-95.77971,36.2004403]]},"properties":{}},{"type":"Feature","geometry":{"type":"LineString","coordinates":[[-95.7820161,36.1976567],[-95.7793581,36.1998961]]},"properties":{}},{"type":"Feature","geometry":{"type":"LineString","coordinates":[[-95.7816664,36.1972044],[-95.7790083,36.1994439]]},"properties":{}},{"type":"Feature","geometry":{"type":"LineString","coordinates":[[-95.7813144,36.1966606],[-95.7786586,36.1989914]]},"properties":{}},{"type":"Feature","geometry":{"type":"LineString","coordinates":[[-95.7809647,36.1962081],[-95.7783089,36.1985392]]},"properties":{}},{"type":"Feature","geometry":{"type":"LineString","coordinates":[[-95.7787322,36.1973419],[-95.7778439,36.1979969]]},"properties":{}},{"type":"Feature","geometry":{"type":"LineString","coordinates":[[-95.7949014,36.2025819],[-95.7945692,36.2028619]]},"properties":{}},{"type":"Feature","geometry":{"type":"LineString","coordinates":[[-95.7962103,36.2006381],[-95.7939978,36.2025961]]},"properties":{}},{"type":"Feature","geometry":{"type":"LineString","coordinates":[[-95.7976322,36.1986925],[-95.7934242,36.2022389]]},"properties":{}},{"type":"Feature","geometry":{"type":"LineString","coordinates":[[-95.7982789,36.1974003],[-95.79274,36.201975]]},"properties":{}},{"type":"Feature","geometry":{"type":"LineString","coordinates":[[-95.7975947,36.1971364],[-95.7921686,36.2017094]]},"properties":{}},{"type":"Feature","geometry":{"type":"LineString","coordinates":[[-95.7970214,36.1967792],[-95.7914844,36.2014453]]},"properties":{}},{"type":"Feature","geometry":{"type":"LineString","coordinates":[[-95.79645,36.1965136],[-95.792685,36.1996864]]},"properties":{}},{"type":"Feature","geometry":{"type":"LineString","coordinates":[[-95.7957658,36.1962497],[-95.7938833,36.1978361]]},"properties":{}},{"type":"Feature","geometry":{"type":"LineString","coordinates":[[-95.7917939,36.1908181],[-95.7913511,36.1911914]]},"properties":{}},{"type":"Feature","geometry":{"type":"LineString","coordinates":[[-95.7917764,36.1900858],[-95.7904478,36.1912056]]},"properties":{}},{"type":"Feature","geometry":{"type":"LineString","coordinates":[[-95.7917567,36.1892619],[-95.7894314,36.1912217]]},"properties":{}},{"type":"Feature","geometry":{"type":"LineString","coordinates":[[-95.7917392,36.1885294],[-95.7885278,36.1912358]]},"properties":{}},{"type":"Feature","geometry":{"type":"LineString","coordinates":[[-95.791055,36.1882656],[-95.7875117,36.1912519]]},"properties":{}},{"type":"Feature","geometry":{"type":"LineString","coordinates":[[-95.7901514,36.1882797],[-95.7866081,36.1912661]]},"properties":{}},{"type":"Feature","geometry":{"type":"LineString","coordinates":[[-95.7891353,36.1882958],[-95.7855917,36.1912819]]},"properties":{}},{"type":"Feature","geometry":{"type":"LineString","coordinates":[[-95.7882319,36.1883103],[-95.7846883,36.1912961]]},"properties":{}},{"type":"Feature","geometry":{"type":"LineString","coordinates":[[-95.7872156,36.1883261],[-95.784115,36.1909389]]},"properties":{}},{"type":"Feature","geometry":{"type":"LineString","coordinates":[[-95.7863122,36.1883403],[-95.7840975,36.1902067]]},"properties":{}},{"type":"Feature","geometry":{"type":"LineString","coordinates":[[-95.7852958,36.1883564],[-95.7840778,36.1893828]]},"properties":{}},{"type":"Feature","geometry":{"type":"LineString","coordinates":[[-95.7843925,36.1883706],[-95.7840603,36.1886506]]},"properties":{}}]}